Name	ScopeWizard_4	
File	C:\Users\edelio25024\Documents\Scope Project_PAPU_4.csv	
Starttime of export	134299043189600000	quinta-feira, 30 de julho de 2026	13:58:38.960
Endtime of export	134299043493469432	quinta-feira, 30 de julho de 2026	13:59:09.346


Name	ActPos	Name	ActVelo	Name	SetVelo

0	-760.00010000000009	0	-0.0015893771707648251	0	0
2	-760.00010000000009	2	-0.0013244809756373544	2	0
4	-760	4	0.0072295991943509361	4	0
6	-760.00010000000009	6	-0.0023086673454229519	6	0
8	-760.00010000000009	8	-0.0019238894545191266	8	0
10	-760.00010000000009	10	-0.0016032412120992722	10	0
12	-760	12	0.0069972989972993385	12	0
14	-760.00010000000009	14	-0.0025022508429659498	14	0
16	-760.00010000000009	16	-0.0020852090358049582	16	0
18	-760.00010000000009	18	-0.0017376741965041318	18	0
20	-760.00010000000009	20	-0.00144806183042011	20	0
22	-760	22	0.00712661514869864	22	0
24	-760	24	0.0059388459572488669	24	0
26	-760.00010000000009	26	-0.0033842950430080093	26	0
28	-760	28	0.005513087471542057	28	0
30	-760	30	0.0045942395596183811	30	0
32	-760	32	0.0038285329663486512	32	0
34	-760	34	0.003190444138623876	34	0
36	-760.00010000000009	36	-0.0056746298918621679	36	0
38	-760	38	0.0036044750974969248	38	0
40	-760.00010000000009	40	-0.0053296040928012944	40	0
42	-760	42	0.0038919965967143194	42	0
44	-760	44	0.003243330497261933	44	0
46	-760	46	0.0027027754143849445	46	0
48	-760	48	0.0022523128453207871	48	0
50	-760.00010000000009	50	-0.0064564059696147428	50	0
52	-760	52	0.0029529950327031127	52	0
54	-760.00010000000009	54	-0.0058725041467961384	54	0
56	-760	56	0.00343957988505195	56	0
58	-760.00010000000009	58	-0.0054670167698387733	58	0
60	-760.00010000000009	60	-0.0045558473081989776	60	0
62	-760.00010000000009	62	-0.0037965394234991483	62	0
64	-760.00010000000009	64	-0.003163782852915957	64	0
66	-760.00010000000009	66	-0.0026364857107632977	66	0
68	-760.00010000000009	68	-0.0021970714256360816	68	0
70	-760.00010000000009	70	-0.0018308928546967348	70	0
72	-760.00010000000009	72	-0.0015257440455806123	72	0
74	-760	74	0.0070618799693982215	74	0
76	-760	76	0.0058848999744985182	76	0
78	-760.00010000000009	78	-0.0034292500286332997	78	0
80	-760	80	0.0054756249835209818	80	0
82	-760	82	0.0045630208196008187	82	0
84	-760.00010000000009	84	-0.00453081599104805	84	0
86	-760.00010000000009	86	-0.0037756799925400416	86	0
88	-760.00010000000009	88	-0.0031463999937833679	88	0
90	-760.00010000000009	90	-0.0026219999948194732	90	0
92	-760.00010000000009	92	-0.0021849999956828946	92	0
94	-760	94	0.006512500010979653	94	0
96	-760	96	0.0054270833424830446	96	0
98	-760.00010000000009	98	-0.0038107638886461948	98	0
100	-760.00010000000009	100	-0.0031756365738718293	100	0
102	-760.00010000000009	102	-0.002646363811559858	102	0
104	-760	104	0.0061280301644155172	104	0
106	-760.00010000000009	106	-0.003226641537035801	106	0
108	-760.00010000000009	108	-0.0026888679475298343	108	0
110	-760	110	0.0060926100511072036	110	0
112	-760.00010000000009	112	-0.0032561582981260623	112	0
114	-760	114	0.0056198680922770134	114	0
116	-760.00010000000009	116	-0.0036501099304845543	116	0
118	-760	118	0.0052915750653116031	118	0
120	-760.00010000000009	120	-0.0039236874529557288	120	0
122	-760.00010000000009	122	-0.003269739544129774	122	0
124	-760	124	0.00560855038727392	124	0
126	-760	126	0.0046737919893949332	126	0
128	-760	128	0.0038948266578291112	128	0
130	-760	130	0.0032456888815242594	130	0
132	-760.00010000000009	132	-0.005628592606111849	132	0
134	-760.00010000000009	134	-0.0046904938384265413	134	0
136	-760	136	0.0044245884753599477	136	0
138	-760	138	0.0036871570627999566	138	0
140	-760	140	0.0030726308856666306	140	0
142	-760	142	0.0025605257380555257	142	0
144	-760.00010000000009	144	-0.0061995618923357939	144	0
146	-760.00010000000009	146	-0.0051663015769464948	146	0
148	-760	148	0.0040280820265933192	148	0
150	-760.00010000000009	150	-0.0049765983185543	150	0
152	-760	152	0.0041861680752534819	152	0
154	-760	154	0.0034884733960445684	154	0
156	-760.00010000000009	156	-0.0054262721773449245	156	0
158	-760.00010000000009	158	-0.0045218934811207707	158	0
160	-760.00010000000009	160	-0.0037682445676006423	160	0
162	-760	162	0.00519312953438153	162	0
164	-760	164	0.0043276079453179418	164	0
166	-760.00010000000009	166	-0.00472699338628378	166	0
168	-760.00010000000009	168	-0.0039391611552364834	168	0
170	-760.00010000000009	170	-0.0032826342960304029	170	0
172	-760.00010000000009	172	-0.002735528580025336	172	0
174	-760.00010000000009	174	-0.0022796071500211135	174	0
176	-760.00010000000009	176	-0.0018996726250175946	176	0
178	-760.00010000000009	178	-0.0015830605208479954	178	0
180	-760.00010000000009	180	-0.001319217100706663	180	0
182	-760	182	0.0072339857567931794	182	0
184	-760.00010000000009	184	-0.0023050118767210821	184	0
186	-760	186	0.0064124901101144972	186	0
188	-760	188	0.0053437417584287477	188	0
190	-760	190	0.0044531181320239567	190	0
192	-760	192	0.0037109317766866306	192	0
194	-760	194	0.003092443147238859	194	0
196	-760	196	0.0025770359560323827	196	0
198	-760	198	0.0021475299633603191	198	0
200	-760.00010000000009	200	-0.0065437250379151331	200	0
202	-760.00010000000009	202	-0.0054531041982626115	202	0
204	-760.00010000000009	204	-0.0045442534985521768	204	0
206	-760	206	0.0045464554252552507	206	0
208	-760	208	0.0037887128543793759	208	0
210	-760.00010000000009	210	-0.0051760726287325854	210	0
212	-760	212	0.0040199394834382436	212	0
214	-760	214	0.0033499495695318697	214	0
216	-760.00010000000009	216	-0.00554170869943884	216	0
218	-760	218	0.0037152427578496985	218	0
220	-760.00010000000009	220	-0.0052372977091739836	220	0
222	-760	222	0.0039689185830704124	222	0
224	-760	224	0.003307432152558677	224	0
226	-760	226	0.0027561934604655642	226	0
228	-760.00010000000009	228	-0.0060365054569940946	228	0
230	-760.00010000000009	230	-0.0050304212141617458	230	0
232	-760	232	0.0041413156622472766	232	0
234	-760	234	0.0034510963852060639	234	0
236	-760	236	0.0028759136543383868	236	0
238	-760.00010000000009	238	-0.0059367386287667431	238	0
240	-760	240	0.0033860511500764462	240	0
242	-760	242	0.002821709291730372	242	0
244	-760	244	0.00235142440977531	244	0
246	-760.00010000000009	246	-0.006373812999235973	246	0
248	-760	248	0.0030218225080187542	248	0
250	-760	250	0.0025181854233489618	250	0
252	-760.00010000000009	252	-0.0062348454879245976	252	0
254	-760.00010000000009	254	-0.0051957045732704986	254	0
256	-760	256	0.0040035795296566494	256	0
258	-760	258	0.0033363162747138747	258	0
260	-760	260	0.0027802635622615622	260	0
262	-760	262	0.0023168863018846351	262	0
264	-760	264	0.0019307385849038627	264	0
266	-760	266	0.0016089488207532191	266	0
268	-760.00010000000009	268	-0.0069925426567543827	268	0
270	-760.00010000000009	270	-0.0058271188806286525	270	0
272	-760.00010000000009	272	-0.0048559324005238774	272	0
274	-760.00010000000009	274	-0.004046610333769898	274	0
276	-760.00010000000009	276	-0.0033721752781415816	276	0
278	-760.00010000000009	278	-0.0028101460651179847	278	0
280	-760.00010000000009	280	-0.0023417883875983207	280	0
282	-760	282	0.0063818430177167984	282	0
284	-760	284	0.005318202514763999	284	0
286	-760	286	0.00443183542897	286	0
288	-760	288	0.0036931961908083333	288	0
290	-760	290	0.0030776634923402779	290	0
292	-760.00010000000009	292	-0.0057686137637651671	292	0
294	-760.00010000000009	294	-0.004807178136470973	294	0
296	-760	296	0.004327351560322921	296	0
298	-760	298	0.0036061263002691011	298	0
300	-760	300	0.0030051052502242511	300	0
302	-760	302	0.002504254375186876	302	0
304	-760.00010000000009	304	-0.0062464546947263357	304	0
306	-760	306	0.0031279544284434522	306	0
308	-760	308	0.0026066286903695438	308	0
310	-760.00010000000009	310	-0.0061611427654074454	310	0
312	-760.00010000000009	312	-0.0051342856378395378	312	0
314	-760	314	0.0040547619758491173	314	0
316	-760.00010000000009	316	-0.0049543650275078	316	0
318	-760	318	0.0042046958177922311	318	0
320	-760	320	0.0035039131814935259	320	0
322	-760.00010000000009	322	-0.0054134056894707934	322	0
324	-760.00010000000009	324	-0.004511171407892328	324	0
326	-760.00010000000009	326	-0.0037593095065769403	326	0
328	-760.00010000000009	328	-0.0031327579221474503	328	0
330	-760.00010000000009	330	-0.0026106316017895422	330	0
332	-760.00010000000009	332	-0.0021755263348246187	332	0
334	-760.00010000000009	334	-0.0018129386123538489	334	0
336	-760.00010000000009	336	-0.0015107821769615407	336	0
338	-760	338	0.0070743481932474478	338	0
340	-760	340	0.00589529016103954	340	0
342	-760.00010000000009	342	-0.0034205915398491148	342	0
344	-760	344	0.0054828403908411365	344	0
346	-760	346	0.00456903365903428	346	0
348	-760	348	0.003807528049195234	348	0
350	-760.00010000000009	350	-0.00516039329971937	350	0
352	-760.00010000000009	352	-0.004300327749766142	352	0
354	-760.00010000000009	354	-0.0035836064581384517	354	0
356	-760.00010000000009	356	-0.0029863387151153765	356	0
358	-760	358	0.005844717744785918	358	0
360	-760.00010000000009	360	-0.003462735220060467	360	0
362	-760.00010000000009	362	-0.0028856126833837225	362	0
364	-760.00010000000009	364	-0.0024046772361531023	364	0
366	-760.00010000000009	366	-0.0020038976967942522	366	0
368	-760.00010000000009	368	-0.0016699147473285437	368	0
370	-760	370	0.0069417377179416123	370	0
372	-760.00010000000009	372	-0.0025485519090973881	372	0
374	-760.00010000000009	374	-0.002123793257581157	374	0
376	-760.00010000000009	376	-0.0017698277146509643	376	0
378	-760.00010000000009	378	-0.0014748564288758037	378	0
380	-760.00010000000009	380	-0.0012290470240631697	380	0
382	-760	382	0.0073091274873294237	382	0
384	-760	384	0.00609093957277452	384	0
386	-760	386	0.0050757829773121	386	0
388	-760.00010000000009	388	-0.0041035141929553149	388	0
390	-760.00010000000009	390	-0.0034195951607960957	390	0
392	-760.00010000000009	392	-0.0028496626339967464	392	0
394	-760.00010000000009	394	-0.0023747188616639555	394	0
396	-760	396	0.0063544009559954352	396	0
398	-760	398	0.0052953341299961966	398	0
400	-760	400	0.0044127784416634975	400	0
402	-760	402	0.0036773153680529145	402	0
404	-760	404	0.0030644294733774289	404	0
406	-760	406	0.002553691227814524	406	0
408	-760	408	0.00212807602317877	408	0
410	-760	410	0.0017733966859823085	410	0
412	-760	412	0.0014778305716519238	412	0
414	-760	414	0.0012315254763766031	414	0
416	-760	416	0.001026271230313836	416	0
418	-760	418	0.00085522602526153	418	0
420	-760.00010000000009	420	-0.0076206449863307907	420	0
422	-760	422	0.0019827958521064061	422	0
424	-760	424	0.0016523298767553386	424	0
426	-760	426	0.0013769415639627823	426	0
428	-760	428	0.0011474513033023187	428	0
430	-760.00010000000009	430	-0.0073771239212967995	430	0
432	-760.00010000000009	432	-0.0061476032677473327	432	0
434	-760.00010000000009	434	-0.0051230027231227776	434	0
436	-760	436	0.0040641644047797508	436	0
438	-760.00010000000009	438	-0.0049465296700656062	438	0
440	-760.00010000000009	440	-0.0041221080583880056	440	0
442	-760.00010000000009	442	-0.0034350900486566716	442	0
444	-760.00010000000009	444	-0.0028625750405472266	444	0
446	-760.00010000000009	446	-0.0023854792004560223	446	0
448	-760.00010000000009	448	-0.0019878993337133521	448	0
450	-760.00010000000009	450	-0.0016565827780944602	450	0
452	-760.00010000000009	452	-0.0013804856484120503	452	0
454	-760	454	0.0071829286337053572	454	0
456	-760.00010000000009	456	-0.0023475594792942674	456	0
458	-760.00010000000009	458	-0.0019562995660785563	458	0
460	-760.00010000000009	460	-0.001630249638398797	460	0
462	-760.00010000000009	462	-0.0013585413653323308	462	0
464	-760.00010000000009	464	-0.0011321178044436091	464	0
466	-760.00010000000009	466	-0.00094343150370300769	466	0
468	-760.00010000000009	468	-0.00078619291975250648	468	0
470	-760.00010000000009	470	-0.000655160766460422	470	0
472	-760.00010000000009	472	-0.00054596730538368509	472	0
474	-760	474	0.0078783605862289951	474	0
476	-760.00010000000009	476	-0.0017680328521912361	476	0
478	-760	478	0.0068599726305560351	478	0
480	-760.00010000000009	480	-0.0026166894819187022	480	0
482	-760	482	0.0061527587724498137	482	0
484	-760	484	0.0051272989770415117	484	0
486	-760	486	0.0042727491475345932	486	0
488	-760.00010000000009	488	-0.0047727090511032379	488	0
490	-760.00010000000009	490	-0.0039772575425860322	490	0
492	-760.00010000000009	492	-0.0033143812854883603	492	0
494	-760	494	0.0055713489361417651	494	0
496	-760.00010000000009	496	-0.0036905425605972611	496	0
498	-760.00010000000009	498	-0.0030754521338310511	498	0
500	-760.00010000000009	500	-0.0025628767781925425	500	0
502	-760.00010000000009	502	-0.0021357306484937853	502	0
504	-760.00010000000009	504	-0.0017797755404114878	504	0
506	-760.00010000000009	506	-0.00148314628367624	506	0
508	-760.00010000000009	508	-0.0012359552363968667	508	0
510	-760	510	0.0073033706437180095	510	0
512	-760	512	0.0060861422030983412	512	0
514	-760	514	0.0050717851692486183	514	0
516	-760.00010000000009	516	-0.0041068456996748836	516	0
518	-760	518	0.0049109619243196626	518	0
520	-760	520	0.0040924682702663858	520	0
522	-760	522	0.0034103902252219883	522	0
524	-760.00010000000009	524	-0.0054913414863637412	524	0
526	-760	526	0.0037572154354122804	526	0
528	-760	528	0.0031310128628435673	528	0
530	-760	530	0.0026091773857029729	530	0
532	-760.00010000000009	532	-0.0061590188526295872	532	0
534	-760	534	0.0032008176301907424	534	0
536	-760	536	0.0026673480251589521	536	0
538	-760	538	0.0022227900209657934	538	0
540	-760	540	0.0018523250174714947	540	0
542	-760	542	0.0015436041812262457	542	0
544	-760	544	0.0012863368176885381	544	0
546	-760	546	0.0010719473480737818	546	0
548	-760.00010000000009	548	-0.0074400438839872475	548	0
550	-760	550	0.0021332967707260253	550	0
552	-760	552	0.0017777473089383546	552	0
554	-760	554	0.0014814560907819622	554	0
556	-760.00010000000009	556	-0.0070987865983970968	556	0
558	-760	558	0.002417677842051151	558	0
560	-760	560	0.0020147315350426262	560	0
562	-760.00010000000009	562	-0.006654390394846544	562	0
564	-760.00010000000009	564	-0.0055453253290387869	564	0
566	-760.00010000000009	566	-0.0046211044408656556	566	0
568	-760.00010000000009	568	-0.0038509203673880465	568	0
570	-760.00010000000009	570	-0.0032091003061567053	570	0
572	-760.00010000000009	572	-0.0026742502551305881	572	0
574	-760.00010000000009	574	-0.00222854187927549	574	0
576	-760	576	0.0064762151079858239	576	0
578	-760.00010000000009	578	-0.0029364874173938788	578	0
580	-760.00010000000009	580	-0.0024470728478282323	580	0
582	-760.00010000000009	582	-0.0020392273731901938	582	0
584	-760.00010000000009	584	-0.0016993561443251616	584	0
586	-760.00010000000009	586	-0.0014161301202709681	586	0
588	-760	588	0.0071532249071562587	588	0
590	-760.00010000000009	590	-0.00237231258475185	590	0
592	-760	592	0.0063564061867555236	592	0
594	-760.00010000000009	594	-0.0030363281850857952	594	0
596	-760	596	0.005803059853143902	596	0
598	-760	598	0.0048358832109532523	598	0
600	-760.00010000000009	600	-0.0043034306649210215	600	0
602	-760	602	0.0047471411199478805	602	0
604	-760.00010000000009	604	-0.0043773824074254978	604	0
606	-760.00010000000009	606	-0.0036478186728545817	606	0
608	-760.00010000000009	608	-0.0030398488940454847	608	0
610	-760.00010000000009	610	-0.0025332074117045706	610	0
612	-760.00010000000009	612	-0.0021110061764204758	612	0
614	-760.00010000000009	614	-0.00175917181368373	614	0
616	-760.00010000000009	616	-0.0014659765114031084	616	0
618	-760	618	0.0071116862478794746	618	0
620	-760	620	0.0059264052065662294	620	0
622	-760.00010000000009	622	-0.0033946623352435409	622	0
624	-760	624	0.0055044480613457812	624	0
626	-760	626	0.0045870400511214843	626	0
628	-760	628	0.0038225333759345703	628	0
630	-760.00010000000009	630	-0.0051478888607699239	630	0
632	-760	632	0.0040434259567404618	632	0
634	-760.00010000000009	634	-0.0049638117100983467	634	0
636	-760	636	0.00419682358230011	636	0
638	-760	638	0.0034973529852500916	638	0
640	-760.00010000000009	640	-0.0054188725196736556	640	0
642	-760.00010000000009	642	-0.0045157270997280468	642	0
644	-760.00010000000009	644	-0.003763105916440039	644	0
646	-760	646	0.0051974117436820334	646	0
648	-760	648	0.0043311764530683614	648	0
650	-760.00010000000009	650	-0.0047240196298250978	650	0
652	-760	652	0.00439665031586115	652	0
654	-760.00010000000009	654	-0.0046694580774977734	654	0
656	-760.00010000000009	656	-0.0038912150645814781	656	0
658	-760.00010000000009	658	-0.0032426792204845651	658	0
660	-760.00010000000009	660	-0.0027022326837371378	660	0
662	-760	662	0.0060814727709344509	662	0
664	-760	664	0.0050678939757787091	664	0
666	-760	666	0.0042232449798155908	666	0
668	-760	668	0.0035193708165129926	668	0
670	-760	670	0.0029328090137608273	670	0
672	-760.00010000000009	672	-0.0058893258292480426	672	0
674	-760	674	0.0034255618163420293	674	0
676	-760	676	0.0028546348469516911	676	0
678	-760	678	0.0023788623724597426	678	0
680	-760.00010000000009	680	-0.00635094803033228	680	0
682	-760	682	0.0030408766487718319	682	0
684	-760	684	0.0025340638739765266	684	0
686	-760	686	0.0021117198949804389	686	0
688	-760	688	0.0017597665791503658	688	0
690	-760	690	0.0014664721492919715	690	0
692	-760.00010000000009	692	-0.0071112732163054228	692	0
694	-760	694	0.0024072723271275458	694	0
696	-760.00010000000009	696	-0.00632727306810911	696	0
698	-760.00010000000009	698	-0.0052727275567575919	698	0
700	-760.00010000000009	700	-0.004393939630631327	700	0
702	-760.00010000000009	702	-0.0036616163588594395	702	0
704	-760.00010000000009	704	-0.0030513469657161996	704	0
706	-760.00010000000009	706	-0.0025427891380968332	706	0
708	-760.00010000000009	708	-0.0021189909484140277	708	0
710	-760.00010000000009	710	-0.0017658257903450231	710	0
712	-760.00010000000009	712	-0.0014715214919541859	712	0
714	-760.00010000000009	714	-0.0012262679099618217	714	0
716	-760.00010000000009	716	-0.0010218899249681847	716	0
718	-760	718	0.007481758403241911	718	0
720	-760	720	0.0062347986693682593	720	0
722	-760.00010000000009	722	-0.003137667782908516	722	0
724	-760.00010000000009	724	-0.0026147231524237635	724	0
726	-760.00010000000009	726	-0.0021789359603531363	726	0
728	-760.00010000000009	728	-0.0018157799669609471	728	0
730	-760.00010000000009	730	-0.001513149972467456	730	0
732	-760	732	0.0070723750303258517	732	0
734	-760.00010000000009	734	-0.0024396874821105219	734	0
736	-760.00010000000009	736	-0.0020330729017587683	736	0
738	-760.00010000000009	738	-0.001694227418132307	738	0
740	-760.00010000000009	740	-0.0014118561817769225	740	0
742	-760	742	0.0071567865225679629	742	0
744	-760	744	0.0059639887688066363	744	0
746	-760	746	0.0049699906406721972	746	0
748	-760	748	0.0041416588672268315	748	0
750	-760	750	0.0034513823893556929	750	0
752	-760	752	0.0028761519911297442	752	0
754	-760.00010000000009	754	-0.0059365400147739448	754	0
756	-760	756	0.0033862166617371113	756	0
758	-760	758	0.0028218472181142595	758	0
760	-760	760	0.0023515393484285496	760	0
762	-760.00010000000009	762	-0.0063737172170249407	762	0
764	-760.00010000000009	764	-0.0053114310141874508	764	0
766	-760	766	0.0039071408288925231	766	0
768	-760	768	0.0032559506907437696	768	0
770	-760.00010000000009	770	-0.005620041098428924	770	0
772	-760	772	0.0036499657586912954	772	0
774	-760.00010000000009	774	-0.0052916952084726522	774	0
776	-760.00010000000009	776	-0.004409746007060544	776	0
778	-760.00010000000009	778	-0.00367478833921712	778	0
780	-760	780	0.0052710097247011317	780	0
782	-760.00010000000009	782	-0.0039408252367977891	782	0
784	-760.00010000000009	784	-0.0032840210306648242	784	0
786	-760.00010000000009	786	-0.0027366841922206869	786	0
788	-760.00010000000009	788	-0.0022805701601839061	788	0
790	-760.00010000000009	790	-0.0019004751334865885	790	0
792	-760	792	0.0067496040628099076	792	0
794	-760.00010000000009	794	-0.0027086632883738084	794	0
796	-760.00010000000009	796	-0.0022572194069781738	796	0
798	-760	798	0.0064523171682335876	798	0
800	-760.00010000000009	800	-0.0029564023671874084	800	0
802	-760.00010000000009	802	-0.0024636686393228403	802	0
804	-760.00010000000009	804	-0.0020530571994357002	804	0
806	-760	806	0.0066224523411856483	806	0
808	-760.00010000000009	808	-0.0028146230563940245	808	0
810	-760	810	0.0059878141270537115	810	0
812	-760	812	0.0049898451058780933	812	0
814	-760.00010000000009	814	-0.0041751290858169877	814	0
816	-760	816	0.0048540591025345754	816	0
818	-760.00010000000009	818	-0.0042882840886032522	818	0
820	-760	820	0.0047597632668793556	820	0
822	-760.00010000000009	822	-0.0043668639516492684	822	0
824	-760	824	0.0046942800476743414	824	0
826	-760	826	0.0039119000397286182	826	0
828	-760	828	0.0032599166997738485	828	0
830	-760	830	0.0027165972498115407	830	0
832	-760.00010000000009	832	-0.0060695022992057809	832	0
834	-760	834	0.003275414758043914	834	0
836	-760	836	0.0027295122983699285	836	0
838	-760.00010000000009	838	-0.0060587397587404581	838	0
840	-760	840	0.0032843835417650166	840	0
842	-760	842	0.0027369862848041805	842	0
844	-760	844	0.0022808219040034838	844	0
846	-760	846	0.0019006849200029032	846	0
848	-760.00010000000009	848	-0.0067494292407129794	848	0
850	-760	850	0.0027088089734545826	850	0
852	-760	852	0.0022573408112121522	852	0
854	-760	854	0.0018811173426767935	854	0
856	-760.00010000000009	856	-0.0067657355551514042	856	0
858	-760.00010000000009	858	-0.00563811296262617	858	0
860	-760	860	0.0036349058718602566	860	0
862	-760.00010000000009	862	-0.0053042451141651851	862	0
864	-760	864	0.0039131290789110778	864	0
866	-760	866	0.0032609408990925651	866	0
868	-760.00010000000009	868	-0.0056158825914715948	868	0
870	-760	870	0.0036534311811557358	870	0
872	-760	872	0.0030445259842964466	872	0
874	-760.00010000000009	874	-0.0057962283538016933	874	0
876	-760.00010000000009	876	-0.004830190294834745	876	0
878	-760.00010000000009	878	-0.0040251585790289542	878	0
880	-760	880	0.0049790345248579369	880	0
882	-760	882	0.0041491954373816141	882	0
884	-760.00010000000009	884	-0.00487567047623072	884	0
886	-760	886	0.0042702746105231313	886	0
888	-760.00010000000009	888	-0.0047747711652794556	888	0
890	-760	890	0.0043543573696491851	890	0
892	-760	892	0.0036286311413743209	892	0
894	-760.00010000000009	894	-0.005309474056236798	894	0
896	-760	896	0.0039087716271847331	896	0
898	-760	898	0.0032573096893206109	898	0
900	-760.00010000000009	900	-0.00561890859961489	900	0
902	-760.00010000000009	902	-0.004682423833012408	902	0
904	-760.00010000000009	904	-0.0039020198608436733	904	0
906	-760	906	0.0050816501233456705	906	0
908	-760.00010000000009	908	-0.004098624904594006	908	0
910	-760	910	0.00491781258688706	910	0
912	-760	912	0.0040981771557392173	912	0
914	-760	914	0.0034151476297826812	914	0
916	-760	916	0.0028459563581522346	916	0
918	-760.00010000000009	918	-0.0059617030422552033	918	0
920	-760	920	0.0033652474721693956	920	0
922	-760	922	0.0028043728934744965	922	0
924	-760	924	0.0023369774112287473	924	0
926	-760	926	0.0019474811760239561	926	0
928	-760	928	0.0016229009800199634	928	0
930	-760	930	0.0013524174833499695	930	0
932	-760.00010000000009	932	-0.0072063187712570909	932	0
934	-760	934	0.0023280676980011556	934	0
936	-760	936	0.0019400564150009632	936	0
938	-760	938	0.0016167136791674693	938	0
940	-760.00010000000009	940	-0.0069860719414091745	940	0
942	-760.00010000000009	942	-0.0058217266178409791	942	0
944	-760.00010000000009	944	-0.0048514388482008165	944	0
946	-760	946	0.0042904676338813849	946	0
948	-760.00010000000009	948	-0.0047579436458142447	948	0
950	-760	950	0.0043683803025368608	950	0
952	-760.00010000000009	952	-0.0046930164219346811	952	0
954	-760.00010000000009	954	-0.0039108470182789012	954	0
956	-760.00010000000009	956	-0.0032590391818990844	956	0
958	-760.00010000000009	958	-0.0027158659849159036	958	0
960	-760	960	0.0060701116866188117	960	0
962	-760	962	0.005058426405515677	962	0
964	-760	964	0.0042153553379297307	964	0
966	-760.00010000000009	966	-0.0048205372257739566	966	0
968	-760	968	0.0043162189859037676	968	0
970	-760	970	0.0035968491549198066	970	0
972	-760.00010000000009	972	-0.0053359590449488931	972	0
974	-760	974	0.0038867008032579878	974	0
976	-760	976	0.0032389173360483233	976	0
978	-760	978	0.0026990977800402695	978	0
980	-760	980	0.0022492481500335582	980	0
982	-760.00010000000009	982	-0.0064589598823541	982	0
984	-760	984	0.0029508667720869819	984	0
986	-760.00010000000009	986	-0.0058742776973095805	986	0
988	-760	988	0.0034381019262907479	988	0
990	-760.00010000000009	990	-0.0054682484021397748	990	0
992	-760.00010000000009	992	-0.0045568736684498123	992	0
994	-760.00010000000009	994	-0.0037973947237081771	994	0
996	-760.00010000000009	996	-0.0031644956030901475	996	0
998	-760	998	0.0056962536714736094	998	0
1000	-760	1000	0.0047468780595613415	1000	0
1002	-760.00010000000009	1002	-0.0043776016244142808	1002	0
1004	-760.00010000000009	1004	-0.0036480013536785674	1004	0
1006	-760.00010000000009	1006	-0.0030400011280654728	1006	0
1008	-760.00010000000009	1008	-0.0025333342733878943	1008	0
1010	-760.00010000000009	1010	-0.002111111894489912	1010	0
1012	-760.00010000000009	1012	-0.0017592599120749266	1012	0
1014	-760.00010000000009	1014	-0.0014660499267291056	1014	0
1016	-760.00010000000009	1016	-0.0012217082722742547	1016	0
1018	-760.00010000000009	1018	-0.0010180902268952124	1018	0
1020	-760.00010000000009	1020	-0.00084840852241267707	1020	0
1022	-760.00010000000009	1022	-0.00070700710201056422	1022	0
1024	-760.00010000000009	1024	-0.00058917258500880356	1024	0
1026	-760.00010000000009	1026	-0.000490977154174003	1026	0
1028	-760.00010000000009	1028	-0.00040914762847833584	1028	0
1030	-760.00010000000009	1030	-0.00034095635706527986	1030	0
1032	-760.00010000000009	1032	-0.00028413029755439991	1032	0
1034	-760.00010000000009	1034	-0.00023677524796199994	1034	0
1036	-760.00010000000009	1036	-0.00019731270663499997	1036	0
1038	-760	1038	0.0081689060851862314	1038	0
1040	-760.00010000000009	1040	-0.0015259116030602055	1040	0
1042	-760.00010000000009	1042	-0.0012715930025501713	1042	0
1044	-760.00010000000009	1044	-0.0010596608354584761	1044	0
1046	-760.00010000000009	1046	-0.00088305069621539677	1046	0
1048	-760.00010000000009	1048	-0.00073587558017949731	1048	0
1050	-760.00010000000009	1050	-0.00061322965014958116	1050	0
1052	-760.00010000000009	1052	-0.00051102470845798434	1052	0
1054	-760.00010000000009	1054	-0.00042585392371498695	1054	0
1056	-760.00010000000009	1056	-0.00035487826976248913	1056	0
1058	-760.00010000000009	1058	-0.000295731891468741	1058	0
1060	-760.00010000000009	1060	-0.0002464432428906175	1060	0
1062	-760	1062	0.0081279639716398833	1062	0
1064	-760.00010000000009	1064	-0.0015600300310154953	1064	0
1066	-760	1066	0.0070333083148691527	1066	0
1068	-760	1068	0.0058610902623909607	1068	0
1070	-760	1070	0.0048842418853258006	1070	0
1072	-760.00010000000009	1072	-0.0042631317696105644	1072	0
1074	-760.00010000000009	1074	-0.0035526098080088039	1074	0
1076	-760	1076	0.0053728251673747281	1076	0
1078	-760	1078	0.0044773543061456074	1078	0
1080	-760	1080	0.0037311285884546728	1080	0
1082	-760	1082	0.0031092738237122274	1082	0
1084	-760.00010000000009	1084	-0.0057422718209552085	1084	0
1086	-760.00010000000009	1086	-0.0047852265174626743	1086	0
1088	-760	1088	0.00434564457616317	1088	0
1090	-760.00010000000009	1090	-0.0047119628605794238	1090	0
1092	-760.00010000000009	1092	-0.00392663571714952	1092	0
1094	-760.00010000000009	1094	-0.0032721964309579332	1094	0
1096	-760.00010000000009	1096	-0.0027268303591316111	1096	0
1098	-760.00010000000009	1098	-0.0022723586326096759	1098	0
1100	-760	1100	0.0064397011468740016	1100	0
1102	-760	1102	0.0053664176223950019	1102	0
1104	-760.00010000000009	1104	-0.0038613186553862304	1104	0
1106	-760.00010000000009	1106	-0.0032177655461551923	1106	0
1108	-760.00010000000009	1108	-0.0026814712884626604	1108	0
1110	-760.00010000000009	1110	-0.0022345594070522171	1110	0
1112	-760.00010000000009	1112	-0.001862132839210181	1112	0
1114	-760.00010000000009	1114	-0.0015517773660084842	1114	0
1116	-760.00010000000009	1116	-0.0012931478050070703	1116	0
1118	-760	1118	0.0072557101698761733	1118	0
1120	-760	1120	0.0060464251415634782	1120	0
1122	-760	1122	0.0050386876179695653	1122	0
1124	-760.00010000000009	1124	-0.0041344269924074271	1124	0
1126	-760	1126	0.0048879775137092088	1126	0
1128	-760.00010000000009	1128	-0.0042600187459577244	1128	0
1130	-760	1130	0.0047833177190839613	1130	0
1132	-760	1132	0.003986098099236635	1132	0
1134	-760.00010000000009	1134	-0.00501158492468487	1134	0
1136	-760	1136	0.0041570125701446735	1136	0
1138	-760	1138	0.0034641771417872279	1138	0
1140	-760.00010000000009	1140	-0.0054465190558927092	1140	0
1142	-760.00010000000009	1142	-0.0045387658799105916	1142	0
1144	-760	1144	0.0045510284407899049	1144	0
1146	-760.00010000000009	1146	-0.0045408096400571443	1146	0
1148	-760.00010000000009	1148	-0.0037840080333809535	1148	0
1150	-760.00010000000009	1150	-0.0031533400278174616	1150	0
1152	-760	1152	0.0057055499842008474	1152	0
1154	-760.00010000000009	1154	-0.003578708353881359	1154	0
1156	-760.00010000000009	1156	-0.0029822569615677993	1156	0
1158	-760.00010000000009	1158	-0.002485214134639833	1158	0
1160	-760	1160	0.0062623215618488708	1160	0
1162	-760	1162	0.0052186013015407262	1162	0
1164	-760	1164	0.0043488344179506058	1164	0
1166	-760.00010000000009	1166	-0.0047093046590898939	1166	0
1168	-760.00010000000009	1168	-0.0039244205492415781	1168	0
1170	-760.00010000000009	1170	-0.0032703504577013152	1170	0
1172	-760	1172	0.0056080412926309692	1172	0
1174	-760.00010000000009	1174	-0.0036599655968562574	1174	0
1176	-760.00010000000009	1176	-0.003049971330713548	1176	0
1178	-760.00010000000009	1178	-0.0025416427755946235	1178	0
1180	-760	1180	0.0062152976943865455	1180	0
1182	-760.00010000000009	1182	-0.0031539185953932776	1182	0
1184	-760	1184	0.0057050678445543339	1184	0
1186	-760.00010000000009	1186	-0.00357911013692012	1186	0
1188	-760.00010000000009	1188	-0.0029825917807667669	1188	0
1190	-760.00010000000009	1190	-0.0024854931506389727	1190	0
1192	-760.00010000000009	1192	-0.0020712442921991441	1192	0
1194	-760.00010000000009	1194	-0.0017260369101659535	1194	0
1196	-760	1196	0.0068949692489104373	1196	0
1198	-760.00010000000009	1198	-0.0025875256332900344	1198	0
1200	-760.00010000000009	1200	-0.0021562713610750288	1200	0
1202	-760.00010000000009	1202	-0.0017968928008958575	1202	0
1204	-760	1204	0.0068359226733021843	1204	0
1206	-760	1206	0.00569660222775182	1206	0
1208	-760	1208	0.0047471685231265173	1208	0
1210	-760.00010000000009	1210	-0.0043773595714433006	1210	0
1212	-760	1212	0.0046855336978459811	1212	0
1214	-760	1214	0.003904611414871651	1214	0
1216	-760	1216	0.0032538428457263759	1216	0
1218	-760	1218	0.00271153570477198	1218	0
1220	-760	1220	0.0022596130873099836	1220	0
1222	-760	1222	0.0018830109060916532	1222	0
1224	-760	1224	0.0015691757550763776	1224	0
1226	-760	1226	0.0013076464625636482	1226	0
1228	-760.00010000000009	1228	-0.0072436279552456923	1228	0
1230	-760	1230	0.0022969767113439881	1230	0
1232	-760	1232	0.0019141472594533236	1232	0
1234	-760	1234	0.001595122716211103	1234	0
1236	-760.00010000000009	1236	-0.0070040644105394791	1236	0
1238	-760.00010000000009	1238	-0.005836720342116233	1238	0
1240	-760	1240	0.0034693997222852045	1240	0
1242	-760.00010000000009	1242	-0.0054421669054777275	1242	0
1244	-760.00010000000009	1244	-0.0045351390878981069	1244	0
1246	-760	1246	0.0045540507674669758	1246	0
1248	-760	1248	0.00379504230622248	1248	0
1250	-760	1250	0.0031625352551854	1250	0
1252	-760.00010000000009	1252	-0.0056978872947275657	1252	0
1254	-760.00010000000009	1254	-0.0047482394122729714	1254	0
1256	-760	1256	0.0043764671638212554	1256	0
1258	-760.00010000000009	1258	-0.0046862773708643522	1258	0
1260	-760.00010000000009	1260	-0.00390523114238696	1260	0
1262	-760.00010000000009	1262	-0.0032543592853224671	1262	0
1264	-760	1264	0.0056213672696133424	1264	0
1266	-760	1266	0.004684472724677786	1266	0
1268	-760.00010000000009	1268	-0.0044296060701505772	1268	0
1270	-760	1270	0.0046419949489232507	1270	0
1272	-760	1272	0.0038683291241027092	1272	0
1274	-760.00010000000009	1274	-0.0051097257372964746	1274	0
1276	-760.00010000000009	1276	-0.0042581047810803961	1276	0
1278	-760.00010000000009	1278	-0.00354842065090033	1278	0
1280	-760	1280	0.00537631613163179	1280	0
1282	-760.00010000000009	1282	-0.0038530698976889073	1282	0
1284	-760	1284	0.005122441759307976	1284	0
1286	-760.00010000000009	1286	-0.0040646318746254181	1286	0
1288	-760.00010000000009	1288	-0.0033871932288545153	1288	0
1290	-760	1290	0.0055106723166699692	1290	0
1292	-760.00010000000009	1292	-0.0037411064101570907	1292	0
1294	-760	1294	0.00521574466558449	1294	0
1296	-760	1296	0.0043464538879870755	1296	0
1298	-760	1298	0.0036220449066558962	1298	0
1300	-760	1300	0.0030183707555465804	1300	0
1302	-760.00010000000009	1302	-0.0058180243777599151	1302	0
1304	-760.00010000000009	1304	-0.0048483536481332629	1304	0
1306	-760.00010000000009	1306	-0.0040402947067777195	1306	0
1308	-760	1308	0.0049664210850672991	1308	0
1310	-760	1310	0.0041386842375560826	1310	0
1312	-760	1312	0.0034489035312967355	1312	0
1314	-760	1314	0.0028740862760806129	1314	0
1316	-760	1316	0.0023950718967338442	1316	0
1318	-760	1318	0.0019958932472782034	1318	0
1320	-760	1320	0.0016632443727318362	1320	0
1322	-760.00010000000009	1322	-0.0069472963634388679	1322	0
1324	-760.00010000000009	1324	-0.0057894136361990572	1324	0
1326	-760.00010000000009	1326	-0.0048245113634992143	1326	0
1328	-760.00010000000009	1328	-0.0040204261362493457	1328	0
1330	-760	1330	0.0049829782271742767	1330	0
1332	-760	1332	0.0041524818559785645	1332	0
1334	-760	1334	0.003460401546648804	1334	0
1336	-760	1336	0.00288366795554067	1336	0
1338	-760	1338	0.0024030566296172249	1338	0
1340	-760	1340	0.0020025471913476876	1340	0
1342	-760	1342	0.0016687893261230732	1342	0
1344	-760	1344	0.0013906577717692277	1344	0
1346	-760	1346	0.0011588814764743566	1346	0
1348	-760	1348	0.0009657345637286305	1348	0
1350	-760	1350	0.0008047788031071921	1350	0
1352	-760	1352	0.00067064900258932681	1352	0
1354	-760.00010000000009	1354	-0.00777445917189096	1354	0
1356	-760.00010000000009	1356	-0.0064787159765758	1356	0
1358	-760	1358	0.0029344033602355657	1358	0
1360	-760.00010000000009	1360	-0.0058879972071857606	1360	0
1362	-760.00010000000009	1362	-0.0049066643393214674	1362	0
1364	-760	1364	0.0042444463912808426	1364	0
1366	-760.00010000000009	1366	-0.0047962946813146969	1366	0
1368	-760	1368	0.004336421106286484	1368	0
1370	-760	1370	0.0036136842552387366	1370	0
1372	-760.00010000000009	1372	-0.0053219297946831175	1372	0
1374	-760	1374	0.0038983918451461338	1374	0
1376	-760	1376	0.0032486598709551115	1376	0
1378	-760.00010000000009	1378	-0.0056261167815861391	1378	0
1380	-760	1380	0.0036449026893936162	1380	0
1382	-760	1382	0.0030374189078280138	1382	0
1384	-760	1384	0.0025311824231900116	1384	0
1386	-760	1386	0.0021093186859916764	1386	0
1388	-760	1388	0.0017577655716597305	1388	0
1390	-760	1390	0.0014648046430497754	1390	0
1392	-760	1392	0.0012206705358748129	1392	0
1394	-760	1394	0.0010172254465623443	1394	0
1396	-760	1396	0.00084768787213528691	1396	0
1398	-760.00010000000009	1398	-0.00762692678060266	1398	0
1400	-760	1400	0.0019775610235465155	1400	0
1402	-760.00010000000009	1402	-0.0066853658210933023	1402	0
1404	-760	1404	0.0027621951564709797	1404	0
1406	-760.00010000000009	1406	-0.0060315040436562488	1406	0
1408	-760	1408	0.003307079971001858	1408	0
1410	-760	1410	0.0027558999758348817	1410	0
1412	-760	1412	0.002296583313195735	1412	0
1414	-760	1414	0.0019138194276631126	1414	0
1416	-760.00010000000009	1416	-0.0067384838176628046	1416	0
1418	-760.00010000000009	1418	-0.005615403181385671	1418	0
1420	-760.00010000000009	1420	-0.0046795026511547259	1420	0
1422	-760.00010000000009	1422	-0.0038995855426289384	1422	0
1424	-760	1424	0.00508367872185795	1424	0
1426	-760.00010000000009	1426	-0.0040969344058337737	1426	0
1428	-760.00010000000009	1428	-0.0034141120048614784	1428	0
1430	-760	1430	0.0054882400033308331	1430	0
1432	-760.00010000000009	1432	-0.0037598000046063706	1432	0
1434	-760.00010000000009	1434	-0.003133166670505309	1434	0
1436	-760.00010000000009	1436	-0.0026109722254210911	1436	0
1438	-760.00010000000009	1438	-0.0021758101878509096	1438	0
1440	-760.00010000000009	1440	-0.0018131751565424246	1440	0
1442	-760	1442	0.0068223540435967114	1442	0
1444	-760.00010000000009	1444	-0.0026480383043848057	1444	0
1446	-760.00010000000009	1446	-0.0022066985869873381	1446	0
1448	-760	1448	0.0064944178515592837	1448	0
1450	-760	1450	0.0054120148762994034	1450	0
1452	-760	1452	0.00451001239691617	1452	0
1454	-760.00010000000009	1454	-0.0045749896766185908	1454	0
1456	-760	1456	0.00452084194353324	1456	0
1458	-760	1458	0.0037673682862777	1458	0
1460	-760.00010000000009	1460	-0.0051938597688173157	1460	0
1462	-760.00010000000009	1462	-0.00432821647401443	1462	0
1464	-760.00010000000009	1464	-0.0036068470616786919	1464	0
1466	-760.00010000000009	1466	-0.0030057058847322432	1466	0
1468	-760	1468	0.0058285784367718627	1468	0
1470	-760	1470	0.0048571486973098855	1470	0
1472	-760.00010000000009	1472	-0.0042857094262904937	1472	0
1474	-760.00010000000009	1474	-0.0035714245219087451	1474	0
1476	-760.00010000000009	1476	-0.0029761871015906208	1476	0
1478	-760.00010000000009	1478	-0.002480155917992184	1478	0
1480	-760.00010000000009	1480	-0.00206679659832682	1480	0
1482	-760	1482	0.0066110028421097148	1482	0
1484	-760	1484	0.0055091690350914293	1484	0
1486	-760.00010000000009	1486	-0.0037423591448058737	1486	0
1488	-760	1488	0.0052147007200438371	1488	0
1490	-760	1490	0.0043455839333698641	1490	0
1492	-760	1492	0.0036213199444748868	1492	0
1494	-760	1494	0.003017766620395739	1494	0
1496	-760	1496	0.0025148055169964493	1496	0
1498	-760	1498	0.0020956712641637077	1498	0
1500	-760	1500	0.0017463927201364232	1500	0
1502	-760	1502	0.0014553272667803528	1502	0
1504	-760	1504	0.0012127727223169608	1504	0
1506	-760	1506	0.001010643935264134	1506	0
1508	-760	1508	0.00084220327938677839	1508	0
1510	-760.00010000000009	1510	-0.00763149727455975	1510	0
1512	-760	1512	0.0019737522785822732	1512	0
1514	-760.00010000000009	1514	-0.0066885397752301711	1514	0
1516	-760	1516	0.0027595501946902556	1516	0
1518	-760.00010000000009	1518	-0.0060337081784735194	1518	0
1520	-760	1520	0.0033052431919874652	1520	0
1522	-760.00010000000009	1522	-0.0055789640140591779	1522	0
1524	-760	1524	0.00368419666233275	1524	0
1526	-760.00010000000009	1526	-0.0052631694554381072	1526	0
1528	-760	1528	0.0039473587945169754	1528	0
1530	-760	1530	0.00328946566209748	1530	0
1532	-760	1532	0.0027412213850812332	1532	0
1534	-760	1534	0.002284351154234361	1534	0
1536	-760	1536	0.0019036259618619676	1536	0
1538	-760	1538	0.0015863549682183064	1538	0
1540	-760	1540	0.0013219624735152553	1540	0
1542	-760.00010000000009	1542	-0.0072316979461193526	1542	0
1544	-760	1544	0.0023069183856159383	1544	0
1546	-760	1546	0.0019224319880132819	1546	0
1548	-760	1548	0.0016020266566777351	1548	0
1550	-760	1550	0.0013350222138981127	1550	0
1552	-760	1552	0.0011125185115817607	1552	0
1554	-760	1554	0.00092709875965146728	1554	0
1556	-760	1556	0.00077258229970955607	1556	0
1558	-760.00010000000009	1558	-0.0076895147576241021	1558	0
1560	-760.00010000000009	1560	-0.0064079289646867517	1560	0
1562	-760	1562	0.0029933925368097721	1562	0
1564	-760	1564	0.0024944937806748104	1564	0
1566	-760	1566	0.0020787448172290088	1566	0
1568	-760	1568	0.0017322873476908409	1568	0
1570	-760.00010000000009	1570	-0.0068897605509730311	1570	0
1572	-760.00010000000009	1572	-0.0057414671258108592	1572	0
1574	-760.00010000000009	1574	-0.0047845559381757162	1574	0
1576	-760.00010000000009	1576	-0.0039871299484797633	1576	0
1578	-760.00010000000009	1578	-0.0033226082903998031	1578	0
1580	-760.00010000000009	1580	-0.0027688402419998358	1580	0
1582	-760	1582	0.0060259664723822017	1582	0
1584	-760.00010000000009	1584	-0.0033116946137302303	1584	0
1586	-760.00010000000009	1586	-0.0027597455114418586	1586	0
1588	-760	1588	0.00603354541451385	1588	0
1590	-760	1590	0.0050279545120948755	1590	0
1592	-760.00010000000009	1592	-0.0041433712473030026	1592	0
1594	-760	1594	0.0048805239679628968	1594	0
1596	-760	1596	0.0040671033066357479	1596	0
1598	-760	1598	0.00338925275552979	1598	0
1600	-760.00010000000009	1600	-0.0055089560444405734	1600	0
1602	-760	1602	0.0037425366370149203	1602	0
1604	-760	1604	0.0031187805308457669	1604	0
1606	-760	1606	0.002598983775704806	1606	0
1608	-760.00010000000009	1608	-0.0061675135276280605	1608	0
1610	-760.00010000000009	1610	-0.0051395946063567174	1610	0
1612	-760.00010000000009	1612	-0.0042829955052972645	1612	0
1614	-760	1614	0.0047641704196343445	1614	0
1616	-760.00010000000009	1616	-0.0043631913243534449	1616	0
1618	-760.00010000000009	1618	-0.0036359927702945376	1618	0
1620	-760.00010000000009	1620	-0.0030299939752454481	1620	0
1622	-760	1622	0.0058083383613441921	1622	0
1624	-760	1624	0.0048402819677868273	1624	0
1626	-760	1626	0.0040335683064890229	1626	0
1628	-760.00010000000009	1628	-0.0049720264186412129	1628	0
1630	-760	1630	0.0041899779918477213	1630	0
1632	-760	1632	0.0034916483265397679	1632	0
1634	-760.00010000000009	1634	-0.0054236264019322591	1634	0
1636	-760.00010000000009	1636	-0.0045196886682768826	1636	0
1638	-760.00010000000009	1638	-0.003766407223564069	1638	0
1640	-760.00010000000009	1640	-0.0031386726863033908	1640	0
1642	-760	1642	0.0057177727687959066	1642	0
1644	-760	1644	0.0047648106406632555	1644	0
1646	-760.00010000000009	1646	-0.0043626578068293523	1646	0
1648	-760.00010000000009	1648	-0.0036355481723577936	1648	0
1650	-760	1650	0.00530370986375057	1650	0
1652	-760.00010000000009	1652	-0.0039135751209232565	1652	0
1654	-760.00010000000009	1654	-0.0032613126007693806	1654	0
1656	-760.00010000000009	1656	-0.0027177605006411506	1656	0
1658	-760	1658	0.00606853292351444	1658	0
1660	-760	1660	0.0050571107695953667	1660	0
1662	-760	1662	0.0042142589746628056	1662	0
1664	-760	1664	0.0035118824788856716	1664	0
1666	-760	1666	0.0029265687324047263	1666	0
1668	-760	1668	0.0024388072770039388	1668	0
1670	-760	1670	0.0020323393975032822	1670	0
1672	-760.00010000000009	1672	-0.00663971717612933	1672	0
1674	-760	1674	0.0028002356939409567	1674	0
1676	-760.00010000000009	1676	-0.0059998035957646014	1676	0
1678	-760.00010000000009	1678	-0.004999836329803835	1678	0
1680	-760.00010000000009	1680	-0.0041665302748365293	1680	0
1682	-760.00010000000009	1682	-0.0034721085623637747	1682	0
1684	-760	1684	0.0054399095387455861	1684	0
1686	-760	1686	0.004533257948954655	1686	0
1688	-760.00010000000009	1688	-0.0045556183832531861	1688	0
1690	-760	1690	0.0045369846880044095	1690	0
1692	-760	1692	0.0037808205733370079	1692	0
1694	-760	1694	0.0031506838111141733	1694	0
1696	-760	1696	0.0026255698425951446	1696	0
1698	-760	1698	0.0021879748688292872	1698	0
1700	-760.00010000000009	1700	-0.0065100209500243257	1700	0
1702	-760	1702	0.0029083158823617937	1702	0
1704	-760	1704	0.0024235965686348281	1704	0
1706	-760	1706	0.00201966380719569	1706	0
1708	-760.00010000000009	1708	-0.0066502801680523235	1708	0
1710	-760.00010000000009	1710	-0.0055419001400436032	1710	0
1712	-760.00010000000009	1712	-0.0046182501167030031	1712	0
1714	-760.00010000000009	1714	-0.0038485417639191693	1714	0
1716	-760.00010000000009	1716	-0.0032071181365993079	1716	0
1718	-760	1718	0.0056607348935493081	1718	0
1720	-760.00010000000009	1720	-0.0036160542627576417	1720	0
1722	-760.00010000000009	1722	-0.0030133785522980347	1722	0
1724	-760	1724	0.0058221845471337031	1724	0
1726	-760.00010000000009	1726	-0.0034815128847706456	1726	0
1728	-760	1728	0.0054320726034065275	1728	0
1730	-760.00010000000009	1730	-0.0038066061712099591	1730	0
1732	-760	1732	0.0051611615313737653	1732	0
1734	-760	1734	0.0043009679428114714	1734	0
1736	-760	1736	0.003584139952342893	1736	0
1738	-760	1738	0.0029867832936190776	1738	0
1740	-760	1740	0.0024889860780158983	1740	0
1742	-760	1742	0.0020741550650132485	1742	0
1744	-760	1744	0.0017284625541777072	1744	0
1746	-760	1746	0.0014403854618147561	1746	0
1748	-760.00010000000009	1748	-0.0071330121225364352	1748	0
1750	-760	1750	0.0023891565719350357	1750	0
1752	-760	1752	0.0019909638099458631	1752	0
1754	-760.00010000000009	1754	-0.0066741968324271796	1754	0
1756	-760.00010000000009	1756	-0.0055618306936893163	1756	0
1758	-760	1758	0.0036984744293076348	1758	0
1760	-760.00010000000009	1760	-0.0052512713162923691	1760	0
1762	-760.00010000000009	1762	-0.0043760594302436409	1762	0
1764	-760	1764	0.0046866171488456976	1764	0
1766	-760	1766	0.0039055142907047482	1766	0
1768	-760	1768	0.0032545952422539568	1768	0
1770	-760	1770	0.0027121627018782974	1770	0
1772	-760	1772	0.0022601355848985813	1772	0
1774	-760	1774	0.0018834463207488179	1774	0
1776	-760	1776	0.001569538600624015	1776	0
1778	-760	1778	0.0013079488338533459	1778	0
1780	-760.00010000000009	1780	-0.0072433759791709438	1780	0
1782	-760	1782	0.0022971866914062783	1782	0
1784	-760	1784	0.0019143222428385652	1784	0
1786	-760	1786	0.0015952685356988045	1786	0
1788	-760	1788	0.0013293904464156704	1788	0
1790	-760	1790	0.0011078253720130588	1790	0
1792	-760	1792	0.00092318781001088238	1792	0
1794	-760	1794	0.00076932317500906869	1794	0
1796	-760.00010000000009	1796	-0.0076922306948745082	1796	0
1798	-760	1798	0.0019231410949866416	1798	0
1800	-760.00010000000009	1800	-0.0067307157615598637	1800	0
1802	-760	1802	0.0027244035394155116	1802	0
1804	-760	1804	0.00227033628284626	1804	0
1806	-760.00010000000009	1806	-0.0064413864383435155	1806	0
1808	-760	1808	0.0029655113087624693	1808	0
1810	-760	1810	0.0024712594239687247	1810	0
1812	-760	1812	0.0020593828533072706	1812	0
1814	-760	1814	0.0017161523777560589	1814	0
1816	-760	1816	0.0014301269814633825	1816	0
1818	-760	1818	0.0011917724845528187	1818	0
1820	-760.00010000000009	1820	-0.00734018960358805	1820	0
1822	-760	1822	0.0022165086710586902	1822	0
1824	-760.00010000000009	1824	-0.0064862427814998229	1824	0
1826	-760.00010000000009	1826	-0.0054052023179165191	1826	0
1828	-760	1828	0.0038289980757849661	1828	0
1830	-760.00010000000009	1830	-0.0051425016108945934	1830	0
1832	-760.00010000000009	1832	-0.004285418009078828	1832	0
1834	-760	1834	0.0047621516664830416	1834	0
1836	-760	1836	0.0039684597220692019	1836	0
1838	-760.00010000000009	1838	-0.0050262835723243974	1838	0
1840	-760.00010000000009	1840	-0.0041885696436036648	1840	0
1842	-760.00010000000009	1842	-0.0034904747030030541	1842	0
1844	-760.00010000000009	1844	-0.0029087289191692118	1844	0
1846	-760	1846	0.0059093925747410554	1846	0
1848	-760.00010000000009	1848	-0.0034088395284311854	1848	0
1850	-760	1850	0.0054926337336894107	1850	0
1852	-760.00010000000009	1852	-0.0037561385626408896	1852	0
1854	-760	1854	0.0052032178718479909	1854	0
1856	-760	1856	0.00433601489320666	1856	0
1858	-760.00010000000009	1858	-0.004719987596376516	1858	0
1860	-760.00010000000009	1860	-0.00393332299698043	1860	0
1862	-760	1862	0.0050555641765650406	1862	0
1864	-760.00010000000009	1864	-0.0041203631935778648	1864	0
1866	-760.00010000000009	1866	-0.003433635994648221	1866	0
1868	-760.00010000000009	1868	-0.0028613633288735174	1868	0
1870	-760.00010000000009	1870	-0.0023844694407279313	1870	0
1872	-760.00010000000009	1872	-0.0019870578672732762	1872	0
1874	-760.00010000000009	1874	-0.0016558815560610636	1874	0
1876	-760.00010000000009	1876	-0.0013799012967175531	1876	0
1878	-760.00010000000009	1878	-0.0011499177472646276	1878	0
1880	-760	1880	0.007375068551328209	1880	0
1882	-760	1882	0.0061458904594401745	1882	0
1884	-760	1884	0.0051215753828668126	1884	0
1886	-760.00010000000009	1886	-0.0040653538549930545	1886	0
1888	-760.00010000000009	1888	-0.003387794879160879	1888	0
1890	-760	1890	0.0055101709414146658	1890	0
1892	-760	1892	0.004591809117845555	1892	0
1894	-760	1894	0.0038265075982046293	1894	0
1896	-760	1896	0.003188756331837191	1896	0
1898	-760.00010000000009	1898	-0.00567603639751774	1898	0
1900	-760	1900	0.0036033030094506152	1900	0
1902	-760.00010000000009	1902	-0.0053305808328398853	1902	0
1904	-760.00010000000009	1904	-0.0044421506940332377	1904	0
1906	-760.00010000000009	1906	-0.0037017922450276984	1906	0
1908	-760.00010000000009	1908	-0.0030848268708564153	1908	0
1910	-760.00010000000009	1910	-0.0025706890590470131	1910	0
1912	-760	1912	0.0061910924581762214	1912	0
1914	-760.00010000000009	1914	-0.0031740896255685472	1914	0
1916	-760.00010000000009	1916	-0.0026450746879737893	1916	0
1918	-760	1918	0.0061291044340705744	1918	0
1920	-760.00010000000009	1920	-0.003225746312323253	1920	0
1922	-760.00010000000009	1922	-0.0026881219269360443	1922	0
1924	-760.00010000000009	1924	-0.0022401016057800372	1924	0
1926	-760.00010000000009	1926	-0.001866751338150031	1926	0
1928	-760	1928	0.0067777072255903728	1928	0
1930	-760	1930	0.0056480893546586438	1930	0
1932	-760	1932	0.004706741128882203	1932	0
1934	-760	1934	0.003922284274068503	1934	0
1936	-760	1936	0.0032685702283904191	1936	0
1938	-760	1938	0.0027238085236586827	1938	0
1940	-760	1940	0.0022698404363822359	1940	0
1942	-760.00010000000009	1942	-0.0064417996437302017	1942	0
1944	-760.00010000000009	1944	-0.0053681663697751686	1944	0
1946	-760	1946	0.0038598613659027578	1946	0
1948	-760.00010000000009	1948	-0.0051167822024631	1948	0
1950	-760.00010000000009	1950	-0.0042639851687192509	1950	0
1952	-760	1952	0.0047800123667826894	1952	0
1954	-760.00010000000009	1954	-0.0043499897017298238	1954	0
1956	-760	1956	0.0047083419226072124	1956	0
1958	-760.00010000000009	1958	-0.0044097150718760544	1958	0
1960	-760	1960	0.0046585707808186865	1960	0
1962	-760	1962	0.0038821423173489057	1962	0
1964	-760.00010000000009	1964	-0.0050982147429246439	1964	0
1966	-760.00010000000009	1966	-0.0042485122857705369	1966	0
1968	-760.00010000000009	1968	-0.003540426904808781	1968	0
1970	-760.00010000000009	1970	-0.0029503557540073175	1970	0
1972	-760	1972	0.0058747035457093009	1972	0
1974	-760	1974	0.0048955862880910844	1974	0
1976	-760	1976	0.0040796552400759042	1976	0
1978	-760	1978	0.0033997127000632535	1978	0
1980	-760	1980	0.002833093916719378	1980	0
1982	-760	1982	0.0023609115972661483	1982	0
1984	-760.00010000000009	1984	-0.0063659070096602748	1984	0
1986	-760.00010000000009	1986	-0.00530492250805023	1986	0
1988	-760.00010000000009	1988	-0.0044207687567085251	1988	0
1990	-760	1990	0.0046493593767916279	1990	0
1992	-760	1992	0.0038744661473263569	1992	0
1994	-760	1994	0.0032287217894386307	1994	0
1996	-760.00010000000009	1996	-0.00564273184951654	1996	0
1998	-760	1998	0.0036310567994516148	1998	0
2000	-760	2000	0.0030258806662096793	2000	0
2002	-760.00010000000009	2002	-0.0058117661188739986	2002	0
2004	-760	2004	0.0034901949083203992	2004	0
2006	-760	2006	0.002908495756933666	2006	0
2008	-760	2008	0.0024237464641113883	2008	0
2010	-760	2010	0.0020197887200928237	2010	0
2012	-760.00010000000009	2012	-0.0066501760739713783	2012	0
2014	-760	2014	0.00279151994573925	2014	0
2016	-760	2016	0.002326266621449375	2016	0
2018	-760.00010000000009	2018	-0.0063947778228409195	2018	0
2020	-760.00010000000009	2020	-0.0053289815190340995	2020	0
2022	-760.00010000000009	2022	-0.0044408179325284161	2022	0
2024	-760.00010000000009	2024	-0.0037006816104403471	2024	0
2026	-760.00010000000009	2026	-0.0030839013420336228	2026	0
2028	-760.00010000000009	2028	-0.0025699177850280193	2028	0
2030	-760	2030	0.0061917351865253822	2030	0
2032	-760	2032	0.0051597793221044852	2032	0
2034	-760.00010000000009	2034	-0.0040335172389616607	2034	0
2036	-760	2036	0.0049720689749140146	2036	0
2038	-760	2038	0.0041433908124283454	2038	0
2040	-760	2040	0.0034528256770236213	2040	0
2042	-760	2042	0.0028773547308530178	2042	0
2044	-760	2044	0.0023977956090441817	2044	0
2046	-760	2046	0.0019981630075368182	2046	0
2048	-760	2048	0.0016651358396140153	2048	0
2050	-760	2050	0.0013876131996783461	2050	0
2052	-760	2052	0.0011563443330652886	2052	0
2054	-760	2054	0.00096362027755440718	2054	0
2056	-760	2056	0.000803016897962006	2056	0
2058	-760.00010000000009	2058	-0.007664152592413727	2058	0
2060	-760	2060	0.0019465395137039593	2060	0
2062	-760	2062	0.0016221162614199662	2062	0
2064	-760	2064	0.0013517635511833053	2064	0
2066	-760.00010000000009	2066	-0.0072068637147293113	2066	0
2068	-760	2068	0.0023276135784409723	2068	0
2070	-760	2070	0.0019396779820341436	2070	0
2072	-760	2072	0.0016163983183617864	2072	0
2074	-760.00010000000009	2074	-0.0069863347420805761	2074	0
2076	-760	2076	0.0025113877223149183	2076	0
2078	-760	2078	0.0020928231019290986	2078	0
2080	-760	2080	0.0017440192516075823	2080	0
2082	-760	2082	0.001453349376339652	2082	0
2084	-760.00010000000009	2084	-0.0071222088604323552	2084	0
2086	-760.00010000000009	2086	-0.0059351740503602963	2086	0
2088	-760	2088	0.0033873549654151519	2088	0
2090	-760.00010000000009	2090	-0.0055105375362027725	2090	0
2092	-760.00010000000009	2092	-0.004592114613502311	2092	0
2094	-760	2094	0.0045065711627968064	2094	0
2096	-760.00010000000009	2096	-0.00457785737171806	2096	0
2098	-760	2098	0.0045184521976170148	2098	0
2100	-760	2100	0.0037653768313475125	2100	0
2102	-760	2102	0.0031378140261229272	2102	0
2104	-760	2104	0.0026148450217691062	2104	0
2106	-760	2106	0.0021790375181409221	2106	0
2108	-760	2108	0.0018158645984507685	2108	0
2110	-760.00010000000009	2110	-0.0068201128420064244	2110	0
2112	-760.00010000000009	2112	-0.0056834273683386873	2112	0
2114	-760.00010000000009	2114	-0.004736189473615573	2114	0
2116	-760.00010000000009	2116	-0.0039468245613463113	2116	0
2118	-760	2118	0.0050443128729268059	2118	0
2120	-760	2120	0.0042035940607723383	2120	0
2122	-760	2122	0.0035029950506436152	2122	0
2124	-760	2124	0.0029191625422030128	2124	0
2126	-760	2126	0.0024326354518358442	2126	0
2128	-760.00010000000009	2128	-0.0063061371308521953	2128	0
2130	-760.00010000000009	2130	-0.005255114275710163	2130	0
2132	-760.00010000000009	2132	-0.0043792618964251361	2132	0
2134	-760.00010000000009	2134	-0.0036493849136876137	2134	0
2136	-760	2136	0.00529217924597572	2136	0
2138	-760	2138	0.0044101493716464336	2138	0
2140	-760	2140	0.0036751244763720283	2140	0
2142	-760.00010000000009	2142	-0.0052707296104053756	2142	0.0045000000000000005
2144	-760	2144	0.0039410586653775854	2144	0.018000000000000002
2146	-760.00010000000009	2146	-0.0050491177862340775	2146	0.0405
2148	-760.00010000000009	2148	-0.004207598155195065	2148	0.072000000000000008
2150	-760.00010000000009	2150	-0.0035063317959958878	2150	0.1125
2152	-760.00010000000009	2152	-0.0029219431633299067	2152	0.162
2154	-760	2154	0.0058983807046071434	2154	0.2205
2156	-760	2156	0.0049153172538392862	2156	0.28800000000000003
2158	-760	2158	0.0040960977115327389	2158	0.3645000000000001
2160	-760	2160	0.0034134147596106158	2160	0.45000000000000018
2162	-760	2162	0.0028445122996755131	2162	0.54450000000000032
2164	-759.9999	2164	0.010703760247637755	2164	0.64800000000000035
2166	-759.9999	2166	0.0089198002063647971	2166	0.76050000000000051
2168	-759.9999	2168	0.0074331668386373312	2168	0.88200000000000067
2170	-759.9998	2170	0.014527639030105937	2170	1.0125000000000008
2172	-759.99970000000008	2172	0.02043969918966311	2172	1.152000000000001
2174	-759.99970000000008	2174	0.017033082658052593	2174	1.3005000000000013
2176	-759.9996	2176	0.022527568889092561	2176	1.4580000000000015
2178	-759.9995	2178	0.027106307405485298	2178	1.6245000000000016
2180	-759.9995	2180	0.022588589504571082	2180	1.8000000000000018
2182	-759.9994	2182	0.027157157918384064	2182	1.9845000000000024
2184	-759.99920000000009	2184	0.039297631594469709	2184	2.1780000000000026
2186	-759.9991	2186	0.041081359669440161	2186	2.3805000000000027
2188	-759.9989	2188	0.050901133053683122	2188	2.5920000000000032
2190	-759.9987	2190	0.059084277550026168	2190	2.8125000000000036
2192	-759.9985	2192	0.065903564620838129	2192	3.0420000000000038
2194	-759.99830000000009	2194	0.071586303846514765	2194	3.280500000000004
2196	-759.998	2196	0.084655253208627351	2196	3.5280000000000045
2198	-759.998	2198	0.070546044340522793	2198	3.7845000000000049
2200	-759.9976	2200	0.092121703618208872	2200	4.0500000000000052
2202	-759.99700000000007	2202	0.12676808634543027	2202	4.3245000000000058
2204	-759.99650000000008	2204	0.1473067386202066	2204	4.6080000000000059
2206	-759.996	2206	0.16442228219199412	2206	4.9005000000000072
2208	-759.9951	2208	0.21201856849344969	2208	5.2020000000000071
2210	-759.99420000000009	2210	0.25168214040185544	2210	5.5125000000000082
2212	-759.993	2212	0.30973511700486589	2212	5.8320000000000078
2214	-759.99150000000009	2214	0.38311259750109905	2214	6.1605000000000087
2216	-759.9899	2216	0.45259383125534208	2216	6.4980000000000091
2218	-759.98790000000008	2218	0.543828192708844	2218	6.8445000000000089
2220	-759.98570000000007	2220	0.63652349392538576	2220	7.2000000000000108
2222	-759.98300000000006	2222	0.75543624493818529	2222	7.5645000000000113
2224	-759.98	2224	0.87953020411871663	2224	7.9380000000000113
2226	-759.9765	2226	1.0246085034348407	2226	8.3205000000000116
2228	-759.9727	2228	1.1705070861920019	2228	8.7120000000000122
2230	-759.96800000000007	2230	1.3670892384897577	2230	9.1125000000000131
2232	-759.9628	2232	1.5725743654130426	2232	9.5220000000000127
2234	-759.9568	2234	1.8104786378418525	2234	9.9405000000000161
2236	-759.94940000000008	2236	2.1253988648649971	2236	10.361350596345153
2238	-759.9407	2238	2.4961657207283192	2238	10.773378733769009
2240	-759.9305	2240	2.9301381006019911	2240	11.176406871192867
2242	-759.9179	2242	3.4917817505033568	2242	11.570435008616723
2244	-759.9025	2244	4.1931514587527676	2244	11.95546314604058
2246	-759.8854	2246	4.9192928822962774	2246	12.331491283464437
2248	-759.8672	2248	5.6160774019118058	2248	12.698519420888296
2250	-759.8476	2250	6.3133978349238831	2250	13.05654755831215
2252	-759.82670000000007	2252	7.002831529101841	2252	13.405575695736008
2254	-759.80320000000006	2254	7.7940262742525954	2254	13.745603833159866
2256	-759.77640000000008	2256	8.7283552285421777	2256	14.076631970583723
2258	-759.74660000000006	2258	9.7569626904537259	2258	14.398660108007579
2260	-759.7145	2260	10.805802242045939	2260	14.711688245431436
2262	-759.6811	2262	11.788168535040677	2262	15.015716382855294
2264	-759.6471	2264	12.656807112533215	2264	15.310744520279151
2266	-759.6122	2266	13.455672593777118	2266	15.596772657703005
2268	-759.5769	2268	14.154727161481476	2268	15.873800795126861
2270	-759.541	2270	14.787272634565365	2270	16.14182893255072
2272	-759.50470000000007	2272	15.347727195469712	2272	16.400857069974577
2274	-759.4683	2274	15.823105996230719	2274	16.650885207398431
2276	-759.4314	2276	16.260921663521096	2276	16.891913344822289
2278	-759.3941	2278	16.659101386273658	2278	17.123941482246146
2280	-759.3568	2280	16.990917821891323	2280	17.346969619670002
2282	-759.3189	2282	17.317431518245769	2282	17.560997757093858
2284	-759.2807	2284	17.614526265201533	2284	17.766025894517718
2286	-759.2421	2286	17.895438554332443	2286	17.962054031941573
2288	-759.2033	2288	18.14619879528016	2288	18.149082169365428
2290	-759.1643	2290	18.371832329399073	2290	18.327110306789287
2292	-759.1248	2292	18.601526941163847	2292	18.496138444213145
2294	-759.0852	2294	18.801272450975208	2294	18.656166581637002
2296	-759.0452	2296	19.001060375809644	2296	18.80719471906086
2298	-759.0049	2298	19.19255031317487	2298	18.949222856484717
2300	-758.96440000000007	2300	19.368791927641709	2300	19.082250993908573
2302	-758.9238	2302	19.523993273038123	2302	19.206279131332426
2304	-758.88290000000006	2304	19.67832772752886	2304	19.321307268756286
2306	-758.8419	2306	19.815273106278521	2306	19.427335406180141
2308	-758.80040000000008	2308	19.971060921892782	2308	19.524363543603997
2310	-758.7591	2310	20.084217434918322	2310	19.612391681027852
2312	-758.71760000000006	2312	20.195181195759282	2312	19.69141981845171
2314	-758.67590000000007	2314	20.304317663132039	2314	19.761447955875568
2316	-758.63380000000006	2316	20.428598052610443	2316	19.822476093299422
2318	-758.59170000000006	2318	20.532165043842443	2318	19.874504230723279
2320	-758.5497	2320	20.61013753653787	2320	19.917532368147135
2322	-758.50740000000008	2322	20.700114613777785	2322	19.951560505570992
2324	-758.4652	2324	20.766762178155947	2324	19.976588642994848
2326	-758.42270000000008	2326	20.847301815121998	2326	19.992616780418707
2328	-758.38020000000006	2328	20.914418179269848	2328	19.999644917842563
2330	-758.33760000000007	2330	20.978681816057634	2330	20
2332	-758.2953	2332	21.007234846720397	2332	20
2334	-758.253	2334	21.031029038929891	2334	20
2336	-758.2106	2336	21.059190865778518	2336	20
2338	-758.1684	2338	21.065992388147084	2338	20
2340	-758.12610000000006	2340	21.079993656785462	2340	20
2342	-758.0842	2342	21.058328047325812	2342	20
2344	-758.04230000000007	2344	21.040273372766631	2344	20
2346	-758.00060000000008	2346	21.008561143971495	2346	20
2348	-757.9587	2348	20.998800953314174	2348	20
2350	-757.9172	2350	20.9573341277653	2350	20
2352	-757.8759	2352	20.906111773135947	2352	20
2354	-757.83440000000007	2354	20.880093144273971	2354	20
2356	-757.79320000000007	2356	20.833410953561931	2356	20
2358	-757.7521	2358	20.786175794637323	2358	20
2360	-757.7111	2360	20.738479828868908	2360	20
2362	-757.67000000000007	2362	20.70706652405033	2362	20
2364	-757.629	2364	20.672555436713079	2364	20
2366	-757.5883	2366	20.618796197262174	2366	20
2368	-757.5476	2368	20.573996831053087	2368	20
2370	-757.5067	2370	20.55333069254133	2370	20
2372	-757.4661	2372	20.511108910454475	2372	20
2374	-757.4252	2374	20.500924092042485	2374	20
2376	-757.38470000000007	2376	20.459103410031386	2376	20
2378	-757.34390000000008	2378	20.449252841692005	2378	20
2380	-757.3035	2380	20.407710701417553	2380	20
2382	-757.2632	2382	20.364758917848128	2382	20
2384	-757.2228	2384	20.337299098204848	2384	20
2386	-757.18220000000008	2386	20.331082581831268	2386	20
2388	-757.14150000000006	2388	20.334235484860667	2388	20
2390	-757.1009	2390	20.328529570720587	2390	20
2392	-757.0602	2392	20.332107975601765	2392	20
2394	-757.01960000000008	2394	20.326756646328697	2394	20
2396	-756.9787	2396	20.34729720528048	2396	20
2398	-756.93850000000009	2398	20.306081004393185	2398	20
2400	-756.89780000000007	2400	20.313400836995598	2400	20
2402	-756.8574	2402	20.294500697503882	2402	20
2404	-756.8169	2404	20.287083914582549	2404	20
2406	-756.7766	2406	20.264236595485627	2406	20
2408	-756.7362	2408	20.2535304962361	2408	20
2410	-756.69530000000009	2410	20.286275413527171	2410	20
2412	-756.6547	2412	20.288562844609341	2412	20
2414	-756.61430000000007	2414	20.273802370505859	2414	20
2416	-756.57350000000008	2416	20.294835308754063	2416	20
2418	-756.5326	2418	20.32069609063495	2418	20
2420	-756.4923	2420	20.29224674219596	2420	20
2422	-756.45120000000009	2422	20.335205618489539	2422	20
2424	-756.4104	2424	20.346004682083272	2424	20
2426	-756.3695	2426	20.363337235066481	2426	20
2428	-756.3287	2428	20.369447695887917	2428	20
2430	-756.28780000000006	2430	20.382873079903685	2430	20
2432	-756.2469	2432	20.394060899926302	2432	20
2434	-756.20620000000008	2434	20.386717416597051	2434	20
2436	-756.1648	2436	20.438931180503122	2436	20
2438	-756.1241	2438	20.424109317087211	2438	20
2440	-756.0834	2440	20.411757764240619	2440	20
2442	-756.0425	2442	20.418131470197604	2442	20
2444	-756.0013	2444	20.448442891831625	2444	20
2446	-755.96080000000006	2446	20.415369076522339	2446	20
2448	-755.91960000000006	2448	20.446140897102239	2448	20
2450	-755.8789	2450	20.430117414253143	2450	20
2452	-755.8382	2452	20.416764511878895	2452	20
2454	-755.7975	2454	20.40563709323369	2454	20
2456	-755.75650000000007	2456	20.421364244356408	2456	20
2458	-755.7154	2458	20.442803536966053	2458	20
2460	-755.6747	2460	20.427336280806319	2460	20
2462	-755.63370000000009	2462	20.439446900666933	2462	20
2464	-755.59300000000007	2464	20.424539083890387	2464	20
2466	-755.55230000000006	2466	20.412115903243265	2466	20
2468	-755.5114	2468	20.418429919375953	2468	20
2470	-755.4708	2470	20.398691599473853	2470	20
2472	-755.4301	2472	20.390576332896153	2472	20
2474	-755.3894	2474	20.383813610748071	2474	20
2476	-755.3486	2476	20.386511342289243	2476	20
2478	-755.30810000000008	2478	20.363759451903686	2478	20
2480	-755.2677	2480	20.336466209927288	2480	20
2482	-755.2269	2482	20.347055174938589	2482	20
2484	-755.1865	2484	20.322545979113567	2484	20
2486	-755.1459	2486	20.318788315931336	2486	20
2488	-755.10520000000008	2488	20.323990263267913	2488	20
2490	-755.0647	2490	20.311658552728719	2490	20
2492	-755.02420000000006	2492	20.301382127269914	2492	20
2494	-754.9836	2494	20.301151772728293	2494	20
2496	-754.94310000000007	2496	20.292626477269561	2496	20
2498	-754.90240000000006	2498	20.302188731059243	2498	20
2500	-754.86200000000008	2500	20.285157275880778	2500	20
2502	-754.82120000000009	2502	20.30429772989983	2502	20
2504	-754.7804	2504	20.320248108258514	2504	20
2506	-754.73980000000006	2506	20.316873423542656	2506	20
2508	-754.6993	2508	20.30572785295767	2508	20
2510	-754.65870000000007	2510	20.30477321079195	2510	20
2512	-754.6181	2512	20.303977675663322	2512	20
2514	-754.5777	2514	20.286648063050844	2514	20
2516	-754.5371	2516	20.288873385879068	2516	20
2518	-754.49650000000008	2518	20.290727821559784	2518	20
2520	-754.4559	2520	20.292273184636517	2520	20
2522	-754.4152	2522	20.301894320531705	2522	20
2524	-754.3749	2524	20.276578600443255	2524	20
2526	-754.3342	2526	20.288815500370653	2526	20
2528	-754.2939	2528	20.265679583642381	2528	20
2530	-754.2534	2530	20.263066319697966	2530	20
2532	-754.2128	2532	20.269221933085003	2532	20
2534	-754.1721	2534	20.282684944238778	2534	20
2536	-754.1318	2536	20.260570786865816	2536	20
2538	-754.0914	2538	20.25047565571959	2538	20
2540	-754.05090000000007	2540	20.250396379762307	2540	20
2542	-754.0105	2542	20.241996983142808	2542	20
2544	-753.96980000000008	2544	20.25999748594414	2544	20
2546	-753.9293	2546	20.258331238292243	2546	20
2548	-753.88880000000006	2548	20.256942698572853	2548	20
2550	-753.8483	2550	20.255785582149503	2550	20
2552	-753.80770000000007	2552	20.263154651785147	2552	20
2554	-753.76780000000008	2554	20.210962209820018	2554	20
2556	-753.72750000000008	2556	20.200801841516849	2556	20
2558	-753.6871	2558	20.200668201271593	2558	20
2560	-753.647	2560	20.175556834387869	2560	20
2562	-753.60700000000008	2562	20.146297361986861	2562	20
2564	-753.5671	2564	20.113581134997585	2564	20
2566	-753.527	2566	20.102984279159529	2566	20
2568	-753.4871	2568	20.07748689929867	2568	20
2570	-753.44710000000009	2570	20.064572416079194	2570	20
2572	-753.4074	2572	20.028810346735906	2572	20
2574	-753.3677	2574	19.999008622283167	2574	20
2576	-753.32800000000009	2576	19.97417385189641	2576	20
2578	-753.2884	2578	19.94514487658568	2578	20
2580	-753.2495	2580	19.8626207304891	2580	20
2582	-753.20940000000007	2582	19.893850608735793	2582	20
2584	-753.1701	2584	19.8532088406153	2584	20
2586	-753.1307	2586	19.827674033846126	2586	20
2588	-753.09160000000008	2588	19.781395028201953	2588	20
2590	-753.052	2590	19.784495856840298	2590	20
2592	-753.0125	2592	19.778746547364872	2592	20
2594	-752.9731	2594	19.765622122804103	2594	20
2596	-752.9338	2596	19.746351769005557	2596	20
2598	-752.8944	2598	19.738626474171344	2598	20
2600	-752.8553	2600	19.707188728472968	2600	20
2602	-752.8159	2602	19.705990607060851	2602	20
2604	-752.7765	2604	19.704992172550753	2604	20
2606	-752.73700000000008	2606	19.712493477123584	2606	20
2608	-752.6974	2608	19.727077897608325	2608	20
2610	-752.65770000000009	2610	19.747564914667375	2610	20
2612	-752.6182	2612	19.747970762230239	2612	20
2614	-752.5786	2614	19.756642301854395	2614	20
2616	-752.539	2616	19.763868584884	2616	20
2618	-752.49920000000009	2618	19.786557154061683	2618	20
2620	-752.4595	2620	19.797130961721315	2620	20
2622	-752.4197	2622	19.814275801435581	2622	20
2624	-752.3799	2624	19.828563167864136	2624	20
2626	-752.34	2626	19.848802639885843	2626	20
2628	-752.2999	2628	19.882335533242554	2628	20
2630	-752.26010000000008	2630	19.885279611027141	2630	20
2632	-752.22	2632	19.912733009193634	2632	20
2634	-752.17990000000009	2634	19.935610840989572	2634	20
2636	-752.14	2636	19.938009034166509	2636	20
2638	-752.0999	2638	19.956674195133633	2638	20
2640	-752.0594	2640	20.005561829283486	2640	20
2642	-752.0198	2642	19.971301524398768	2642	20
2644	-751.9796	2644	19.992751270334566	2644	20
2646	-751.9394	2646	20.010626058614395	2646	20
2648	-751.8989	2648	20.05052171550798	2648	20
2650	-751.85890000000006	2650	20.042101429586953	2650	20
2652	-751.8187	2652	20.051751191324719	2652	20
2654	-751.7784	2654	20.068125992770767	2654	20
2656	-751.73840000000007	2656	20.056771660639274	2656	20
2658	-751.69810000000007	2658	20.072309717199563	2658	20
2660	-751.658	2660	20.068591431003988	2660	20
2662	-751.6176	2662	20.090492859168066	2662	20
2664	-751.57710000000009	2664	20.117077382636037	2664	20
2666	-751.5363	2666	20.164231152205353	2666	20
2668	-751.4957	2668	20.186859293498355	2668	20
2670	-751.45530000000008	2670	20.189049411246703	2670	20
2672	-751.41450000000009	2672	20.224207842704768	2672	20
2674	-751.3737	2674	20.253506535595964	2674	20
2676	-751.3329	2676	20.277922112995817	2676	20
2678	-751.29230000000007	2678	20.28160176082374	2678	20
2680	-751.25150000000008	2680	20.301334800685634	2680	20
2682	-751.2109	2682	20.301112333908058	2682	20
2684	-751.1706	2684	20.275926944923551	2684	20
2686	-751.1298	2686	20.296605787435475	2686	20
2688	-751.08890000000008	2688	20.322171489526653	2688	20
2690	-751.04810000000009	2690	20.33514290793806	2690	20
2692	-751.0076	2692	20.320952423287174	2692	20
2694	-750.96670000000006	2694	20.342460352736403	2694	20
2696	-750.926	2696	20.343716960614945	2696	20
2698	-750.88560000000007	2698	20.319764133843861	2698	20
2700	-750.8451	2700	20.308136778208677	2700	20
2702	-750.8044	2702	20.31511398184184	2702	20
2704	-750.7635	2704	20.337594984865291	2704	20
2706	-750.7228	2706	20.339662487389017	2706	20
2708	-750.68220000000008	2708	20.333052072818074	2708	20
2710	-750.64140000000009	2710	20.344210060680911	2710	20
2712	-750.60070000000007	2712	20.345175050568702	2712	20
2714	-750.5601	2714	20.337645875477282	2714	20
2716	-750.5194	2716	20.339704896232345	2716	20
2718	-750.479	2718	20.316420746858363	2718	20
2720	-750.4383	2720	20.32201728904991	2720	20
2722	-750.398	2722	20.293347740875095	2722	20
2724	-750.3576	2724	20.277789784060655	2724	20
2726	-750.317	2726	20.281491486720576	2726	20
2728	-750.2766	2728	20.267909572265221	2728	20
2730	-750.2362	2730	20.256591310219093	2730	20
2732	-750.1957	2732	20.25549275852137	2732	20
2734	-750.1553	2734	20.246243965432551	2734	20
2736	-750.11480000000006	2736	20.246869971189774	2736	20
2738	-750.0743	2738	20.247391642663604	2738	20
2740	-750.0338	2740	20.247826368882318	2740	20
2742	-749.9937	2742	20.214855307406282	2742	20
2744	-749.95310000000006	2744	20.229046089499128	2744	20
2746	-749.9126	2746	20.2325384079214	2746	20
2748	-749.87250000000006	2748	20.202115339929374	2748	20
2750	-749.832	2750	20.210096116613268	2750	20
2752	-749.7915	2752	20.216746763840373	2752	20
2754	-749.75110000000006	2754	20.213955636531718	2754	20
2756	-749.711	2756	20.186629697114117	2756	20
2758	-749.6711	2758	20.147191414260828	2758	20
2760	-749.63100000000009	2760	20.130992845212234	2760	20
2762	-749.59070000000008	2762	20.134160704343696	2762	20
2764	-749.5507	2764	20.111800586959525	2764	20
2766	-749.5108	2766	20.084833822465335	2766	20
2768	-749.4709	2768	20.062361518720174	2768	20
2770	-749.431	2770	20.043634598932542	2770	20
2772	-749.3913	2772	20.011362165780362	2772	20
2774	-749.3518	2774	19.967801804814926	2774	20
2776	-749.3119	2776	19.964834837344835	2776	20
2778	-749.2727	2778	19.904029031124928	2778	20
2780	-749.23340000000007	2780	19.861690859263437	2780	20
2782	-749.19450000000006	2782	19.793075716053895	2782	20
2784	-749.1554	2784	19.7525630967179	2784	20
2786	-749.11660000000006	2786	19.6938025805919	2786	20
2788	-749.0774	2788	19.678168817164149	2788	20
2790	-749.0384	2790	19.648474014302398	2790	20
2792	-748.9995	2792	19.615395011919695	2792	20
2794	-748.9606	2794	19.587829176600778	2794	20
2796	-748.9216	2796	19.573190980499586	2796	20
2798	-748.88280000000009	2798	19.544325817076636	2798	20
2800	-748.844	2800	19.520271514233656	2800	20
2802	-748.80540000000008	2802	19.483559595192546	2802	20
2804	-748.7661	2804	19.511299662662594	2804	20
2806	-748.7272	2806	19.501083052219862	2806	20
2808	-748.6879	2808	19.52590254351869	2808	20
2810	-748.649	2810	19.51325211959994	2810	20
2812	-748.60970000000009	2812	19.536043432992614	2812	20
2814	-748.5707	2814	19.530036194168925	2814	20
2816	-748.53140000000008	2816	19.5500301618001	2816	20
2818	-748.4922	2818	19.558358468170983	2818	20
2820	-748.4529	2820	19.573632056811292	2820	20
2822	-748.4135	2822	19.594693380676123	2822	20
2824	-748.3741	2824	19.612244483896813	2824	20
2826	-748.3347	2826	19.626870403247388	2826	20
2828	-748.29540000000009	2828	19.630725336032153	2828	20
2830	-748.2558	2830	19.658937780032133	2830	20
2832	-748.2163	2832	19.6741148166914	2832	20
2834	-748.1769	2834	19.678429013909547	2834	20
2836	-748.1373	2836	19.69869084492996	2836	20
2838	-748.0976	2838	19.7239090374354	2838	20
2840	-748.058	2840	19.73659086453484	2840	20
2842	-748.01830000000007	2842	19.755492387106138	2842	20
2844	-747.97890000000007	2844	19.746243655921827	2844	20
2846	-747.9392	2846	19.7635363799381	2846	20
2848	-747.899	2848	19.819613649950675	2848	20
2850	-747.85930000000008	2850	19.824678041619332	2850	20
2852	-747.8191	2852	19.870565034685036	2852	20
2854	-747.7794	2854	19.867137528907442	2854	20
2856	-747.7395	2856	19.880947940755263	2856	20
2858	-747.6996	2858	19.892456617295114	2858	20
2860	-747.6595	2860	19.918713847750279	2860	20
2862	-747.61930000000007	2862	19.948928206451352	2862	20
2864	-747.5792	2864	19.965773505380479	2864	20
2866	-747.53910000000008	2866	19.979811254478609	2866	20
2868	-747.4987	2868	20.016509378739723	2868	20
2870	-747.4586	2870	20.022091148944646	2870	20
2872	-747.418	2872	20.068409290790569	2872	20
2874	-747.37790000000007	2874	20.065341075653684	2874	20
2876	-747.3374	2876	20.096117563050196	2876	20
2878	-747.2967	2878	20.138431302543104	2878	20
2880	-747.2563	2880	20.148692752117331	2880	20
2882	-747.2156	2882	20.182243960099051	2882	20
2884	-747.17500000000007	2884	20.201869966743104	2884	20
2886	-747.1343	2886	20.226558305620529	2886	20
2888	-747.0937	2888	20.238798588020472	2888	20
2890	-747.053	2890	20.257332156685003	2890	20
2892	-747.01240000000007	2892	20.264443463898061	2892	20
2894	-746.9719	2894	20.26203621992051	2894	20
2896	-746.93130000000008	2896	20.26836351659432	2896	20
2898	-746.89050000000009	2898	20.290302930494448	2898	20
2900	-746.8501	2900	20.275252442086259	2900	20
2902	-746.80990000000008	2902	20.246043701731335	2902	20
2904	-746.7694	2904	20.246703084781569	2904	20
2906	-746.72890000000007	2906	20.247252570647291	2906	20
2908	-746.6883	2908	20.256043808876107	2908	20
2910	-746.6479	2910	20.246703174061498	2910	20
2912	-746.6074	2912	20.247252645056705	2912	20
2914	-746.5669	2914	20.247710537543238	2914	20
2916	-746.5265	2916	20.239758781284106	2916	20
2918	-746.4862	2918	20.224798984403591	2918	20
2920	-746.4457	2920	20.228999153675119	2920	20
2922	-746.4054	2922	20.215832628062767	2922	20
2924	-746.3649	2924	20.221527190048288	2924	20
2926	-746.3246	2926	20.209605991707075	2926	20
2928	-746.2844	2928	20.19133832642482	2928	20
2930	-746.24380000000008	2930	20.209448605347909	2930	20
2932	-746.20350000000008	2932	20.19954050445676	2932	20
2934	-746.163	2934	20.207950420386091	2934	20
2936	-746.1226	2936	20.206625350319818	2936	20
2938	-746.08220000000006	2938	20.205521125264593	2938	20
2940	-746.04180000000008	2940	20.20460093771857	2940	20
2942	-746.00150000000008	2942	20.195500781432312	2942	20
2944	-745.9609	2944	20.212917317863624	2944	20
2946	-745.9206	2946	20.202431098219854	2946	20
2948	-745.8803	2948	20.193692581850048	2948	20
2950	-745.8402	2950	20.169743818212723	2950	20
2952	-745.80000000000007	2952	20.158119848503389	2952	20
2954	-745.76	2954	20.131766540425936	2954	20
2956	-745.7201	2956	20.101472117020677	2956	20
2958	-745.67990000000009	2958	20.101226764176683	2958	20
2960	-745.63960000000009	2960	20.109355636814072	2960	20
2962	-745.5997	2962	20.082796364020261	2962	20
2964	-745.55950000000007	2964	20.085663636676337	2964	20
2966	-745.5193	2966	20.088053030565874	2966	20
2968	-745.47890000000007	2968	20.10671085880297	2968	20
2970	-745.43900000000008	2970	20.080592382334871	2970	20
2972	-745.3985	2972	20.108826985284516	2972	20
2974	-745.3583	2974	20.107355821072687	2974	20
2976	-745.31810000000007	2976	20.106129850886692	2976	20
2978	-745.2779	2978	20.1051082090745	2978	20
2980	-745.23790000000008	2980	20.087590174225721	2980	20
2982	-745.1978	2982	20.081325145192451	2982	20
2984	-745.1574	2984	20.101104287658451	2984	20
2986	-745.1177	2986	20.059253573051954	2986	20
2988	-745.0779	2988	20.032711310877779	2988	20
2990	-745.03770000000009	2990	20.043926092390937	2990	20
2992	-744.9978	2992	20.028271743667649	2992	20
2994	-744.9583	2994	19.981893119720997	2994	20
2996	-744.9185	2996	19.968244266435317	2996	20
2998	-744.8786	2998	19.965203555361825	2998	20
3000	-744.8388	3000	19.954336296136006	3000	20
3002	-744.79910000000007	3002	19.93694691344044	3002	20
3004	-744.7595	3004	19.914122427872371	3004	20
3006	-744.7201	3006	19.878435356560356	3006	20
3008	-744.6807	3008	19.848696130467008	3008	20
3010	-744.64140000000009	3010	19.815580108715171	3010	20
3012	-744.6019	3012	19.804650090603403	3012	20
3014	-744.56270000000006	3014	19.770541742164259	3014	20
3016	-744.5235	3016	19.742118118474448	3016	20
3018	-744.48430000000008	3018	19.718431765390129	3018	20
3020	-744.44490000000008	3020	19.715359804491818	3020	20
3022	-744.4056	3022	19.704466503745319	3022	20
3024	-744.3664	3024	19.687055419791996	3024	20
3026	-744.327	3026	19.68921284982671	3026	20
3028	-744.2875	3028	19.699344041520213	3028	20
3030	-744.24830000000009	3030	19.682786701261602	3030	20
3032	-744.20890000000009	3032	19.685655584384712	3032	20
3034	-744.1697	3034	19.671379653658157	3034	20
3036	-744.1304	3036	19.667816378050603	3036	20
3038	-744.09120000000007	3038	19.656513648370257	3038	20
3040	-744.0516	3040	19.680428040313885	3040	20
3042	-744.01200000000006	3042	19.700356700257434	3042	20
3044	-743.97250000000008	3044	19.708630583545816	3044	20
3046	-743.933	3046	19.715525486295608	3046	20
3048	-743.89330000000007	3048	19.737937905240109	3048	20
3050	-743.85340000000008	3050	19.773281587699152	3050	20
3052	-743.8137	3052	19.786067989752539	3052	20
3054	-743.774	3054	19.796723324797028	3054	20
3056	-743.7342	3056	19.813936103998675	3056	20
3058	-743.69440000000009	3058	19.828280086657241	3058	20
3060	-743.6545	3060	19.848566738889566	3060	20
3062	-743.6146	3062	19.865472282407033	3062	20
3064	-743.5747	3064	19.879560235338257	3064	20
3066	-743.5347	3066	19.899633529445516	3066	20
3068	-743.49470000000008	3068	19.9163612745349	3068	20
3070	-743.4548	3070	19.921967728787617	3070	20
3072	-743.41500000000008	3072	19.918306440648028	3072	20
3074	-743.3748	3074	19.948588700542281	3074	20
3076	-743.33530000000007	3076	19.915490583783189	3076	20
3078	-743.2952	3078	19.937908819823676	3078	20
3080	-743.25510000000008	3080	19.956590683181272	3080	20
3082	-743.2151	3082	19.963825569324172	3082	20
3084	-743.1749	3084	19.986521307772403	3084	20
3086	-743.1348	3086	19.997101089805213	3086	20
3088	-743.09480000000008	3088	19.997584241501315	3088	20
3090	-743.0548	3090	19.997986867924208	3090	20
3092	-743.01460000000009	3092	20.014989056596292	3092	20
3094	-742.97480000000007	3094	19.995824213831394	3094	20
3096	-742.93410000000006	3096	20.054853511527437	3096	20
3098	-742.8938	3098	20.070711259606366	3098	20
3100	-742.85380000000009	3100	20.058926049668941	3100	20
3102	-742.8134	3102	20.082438374731669	3102	20
3104	-742.77320000000009	3104	20.085365312269179	3104	20
3106	-742.7333	3106	20.062804426899515	3106	20
3108	-742.69260000000008	3108	20.110670355741394	3108	20
3110	-742.6525	3110	20.100558629788846	3110	20
3112	-742.6124	3112	20.092132191495057	3112	20
3114	-742.5718	3114	20.126776826239773	3114	20
3116	-742.5316	3116	20.122314021868736	3116	20
3118	-742.4914	3118	20.118595018226205	3118	20
3120	-742.4511	3120	20.123829181855339	3120	20
3122	-742.4106	3122	20.144857651542097	3122	20
3124	-742.37010000000009	3124	20.162381376281065	3124	20
3126	-742.32990000000007	3126	20.151984480236479	3126	20
3128	-742.2893	3128	20.176653733533765	3128	20
3130	-742.2489	3130	20.180544777942881	3130	20
3132	-742.2088	3132	20.158787314956751	3132	20
3134	-742.1685	3134	20.157322762464126	3134	20
3136	-742.1284	3136	20.139435635381648	3136	20
3138	-742.08800000000008	3138	20.14952969614945	3138	20
3140	-742.0475	3140	20.166274746796667	3140	20
3142	-742.00700000000006	3142	20.180228955659871	3142	20
3144	-741.96670000000006	3144	20.175190796383394	3144	20
3146	-741.9265	3146	20.162658996988419	3146	20
3148	-741.88650000000007	3148	20.135549164153986	3148	20
3150	-741.8467	3150	20.096290970129473	3150	20
3152	-741.8064	3152	20.105242475108064	3152	20
3154	-741.7664	3154	20.0877020625965	3154	20
3156	-741.7264	3156	20.073085052160717	3156	20
3158	-741.68630000000007	3158	20.06923754346214	3158	20
3160	-741.6463	3160	20.057697952891562	3160	20
3162	-741.60620000000006	3162	20.056414960737843	3162	20
3164	-741.56630000000007	3164	20.038679133947266	3164	20
3166	-741.5261	3166	20.048899278291646	3166	20
3168	-741.4863	3168	20.024082731910855	3168	20
3170	-741.44620000000009	3170	20.028402276587254	3170	20
3172	-741.4061	3172	20.032001897160395	3172	20
3174	-741.3663	3174	20.010001580968147	3174	20
3176	-741.326	3176	20.033334650806957	3176	20
3178	-741.28550000000007	3178	20.069445542335114	3178	20
3180	-741.24510000000009	3180	20.091204618610671	3180	20
3182	-741.2048	3182	20.101003848851867	3182	20
3184	-741.1642	3184	20.134169874037116	3184	20
3186	-741.12380000000007	3186	20.145141561695674	3186	20
3188	-741.08300000000008	3188	20.187617968078911	3188	20
3190	-741.0425	3190	20.19801497340455	3190	20
3192	-741.0019	3192	20.215012477840489	3192	20
3194	-740.96120000000008	3194	20.237510398192207	3194	20
3196	-740.92050000000006	3196	20.256258665161447	3196	20
3198	-740.8798	3198	20.271882220969147	3198	20
3200	-740.839	3200	20.293235184140137	3200	20
3202	-740.7985	3202	20.286029320122239	3202	20
3204	-740.7581	3204	20.271691100099943	3204	20
3206	-740.71760000000006	3206	20.268075916745936	3206	20
3208	-740.6771	3208	20.265063263960403	3208	20
3210	-740.63700000000006	3210	20.229219386628547	3210	20
3212	-740.59710000000007	3212	20.182682822189516	3212	20
3214	-740.55720000000008	3214	20.143902351823659	3214	20
3216	-740.51740000000007	3216	20.1032519598542	3216	20
3218	-740.47800000000007	3218	20.036043299878546	3218	20
3220	-740.43860000000006	3220	19.980036083232168	3220	20
3222	-740.39960000000008	3222	19.900030069359079	3222	20
3224	-740.3606	3224	19.83335839114098	3224	20
3226	-740.3218	3226	19.761131992611134	3226	20
3228	-740.283	3228	19.700943327179068	3228	20
3230	-740.2441	3230	19.659119439316921	3230	20
3232	-740.2054	3232	19.607599532759842	3232	20
3234	-740.16680000000008	3234	19.556332943964367	3234	20
3236	-740.128	3236	19.530277453306763	3236	20
3238	-740.089	3238	19.525231211087906	3238	20
3240	-740.0502	3240	19.504359342576379	3240	20
3242	-740.0113	3242	19.495299452148014	3242	20
3244	-739.97250000000008	3244	19.479416210116995	3244	20
3246	-739.93360000000007	3246	19.474513508431862	3246	20
3248	-739.89470000000006	3248	19.470427923694249	3248	20
3250	-739.8555	3250	19.492023269749438	3250	20
3252	-739.8164	3252	19.501686058121383	3252	20
3254	-739.77730000000008	3254	19.509738381764667	3254	20
3256	-739.73790000000008	3256	19.5414486514706	3256	20
3258	-739.69850000000008	3258	19.567873876225544	3258	20
3260	-739.65910000000008	3260	19.589894896854666	3260	20
3262	-739.6195	3262	19.624912414050893	3262	20
3264	-739.58030000000008	3264	19.620760345037166	3264	20
3266	-739.54050000000007	3266	19.667300287532122	3266	20
3268	-739.50110000000006	3268	19.672750239610146	3268	20
3270	-739.46160000000009	3270	19.685625199673076	3270	20
3272	-739.42180000000008	3272	19.721354333062049	3272	20
3274	-739.3822	3274	19.73446194422371	3274	20
3276	-739.3424	3276	19.762051620187577	3276	20
3278	-739.30270000000007	3278	19.776709683483418	3278	20
3280	-739.2632	3280	19.772258069576942	3280	20
3282	-739.22300000000007	3282	19.826881724640238	3282	20
3284	-739.1832	3284	19.839068103868016	3284	20
3286	-739.1434	3286	19.849223419891164	3286	20
3288	-739.1035	3288	19.866019516575033	3288	20
3290	-739.0634	3290	19.896682930483546	3290	20
3292	-739.0231	3292	19.938902442069789	3292	20
3294	-738.98300000000006	3294	19.9574187017197	3294	20
3296	-738.94270000000006	3296	19.989515584766586	3296	20
3298	-738.9025	3298	20.007929653974415	3298	20
3300	-738.8627	3300	19.989941378313166	3300	20
3302	-738.8224	3302	20.016617815261139	3302	20
3304	-738.7821	3304	20.038848179384452	3304	20
3306	-738.74200000000008	3306	20.040706816148585	3306	20
3308	-738.70170000000007	3308	20.058922346790656	3308	20
3310	-738.6615	3310	20.065768622327806	3310	20
3312	-738.62110000000007	3312	20.088140518604579	3312	20
3314	-738.5806	3314	20.115117098842607	3314	20
3316	-738.54000000000008	3316	20.145930915696066	3316	20
3318	-738.4999	3318	20.129942429751072	3318	20
3320	-738.45940000000007	3320	20.149952024788544	3320	20
3322	-738.4185	3322	20.199960020663685	3322	20
3324	-738.3778	3324	20.224966683887679	3324	20
3326	-738.3373	3326	20.229138903235715	3326	20
3328	-738.29680000000008	3328	20.232615752692411	3328	20
3330	-738.2564	3330	20.227179793917895	3330	20
3332	-738.2156	3332	20.255983161597428	3332	20
3334	-738.1748	3334	20.279985967997039	3334	20
3336	-738.1345	3336	20.2583216399977	3336	20
3338	-738.0938	3338	20.273601366666025	3338	20
3340	-738.0528	3340	20.311334472216686	3340	20
3342	-738.0121	3342	20.317778726848513	3342	20
3344	-737.9715	3344	20.314815605710457	3344	20
3346	-737.93080000000009	3346	20.320679671417182	3346	20
3348	-737.8903	3348	20.308899726186443	3348	20
3350	-737.8501	3350	20.274083105157626	3350	20
3352	-737.8094	3352	20.286735920965963	3352	20
3354	-737.76870000000008	3354	20.297279934130103	3354	20
3356	-737.7282	3356	20.289399945113878	3356	20
3358	-737.68770000000006	3358	20.282833287590883	3358	20
3360	-737.6472	3360	20.277361072997859	3360	20
3362	-737.60660000000007	3362	20.28113422749211	3362	20
3364	-737.566	3364	20.284278522913457	3364	20
3366	-737.5254	3366	20.286898769097913	3366	20
3368	-737.4849	3368	20.280748974244243	3368	20
3370	-737.44450000000006	3370	20.267290811868278	3370	20
3372	-737.4036	3372	20.29774234323013	3372	20
3374	-737.3632	3374	20.281451952689849	3374	20
3376	-737.3227	3376	20.276209960570856	3376	20
3378	-737.2817	3378	20.313508300480184	3378	20
3380	-737.24110000000007	3380	20.311256917060714	3380	20
3382	-737.2005	3382	20.309380764220627	3382	20
3384	-737.1598	3384	20.3161506368518	3384	20
3386	-737.1191	3386	20.321792197377775	3386	20
3388	-737.07850000000008	3388	20.318160164475373	3388	20
3390	-737.03820000000007	3390	20.290133470396313	3390	20
3392	-736.9977	3392	20.283444558669053	3392	20
3394	-736.95720000000006	3394	20.277870465553526	3394	20
3396	-736.9166	3396	20.281558721297969	3396	20
3398	-736.87610000000006	3398	20.276298934410956	3398	20
3400	-736.8354	3400	20.288582445343739	3400	20
3402	-736.7947	3402	20.298818704454391	3402	20
3404	-736.7539	3404	20.315682253711174	3404	20
3406	-736.71340000000009	3406	20.30473521142196	3406	20
3408	-736.6729	3408	20.295612676190423	3408	20
3410	-736.6325	3410	20.279677230156761	3410	20
3412	-736.5923	3412	20.249731025132892	3412	20
3414	-736.552	3414	20.233109187610911	3414	20
3416	-736.51200000000006	3416	20.194257656339396	3416	20
3418	-736.4717	3418	20.186881380282998	3418	20
3420	-736.4319	3420	20.139067816903651	3420	20
3422	-736.39190000000008	3422	20.115889847416678	3422	20
3424	-736.35200000000009	3424	20.088241539512961	3424	20
3426	-736.3121	3426	20.065201282936002	3426	20
3428	-736.27230000000009	3428	20.037667735771681	3428	20
3430	-736.2324	3430	20.023056446484933	3430	20
3432	-736.1925	3432	20.010880372069838	3432	20
3434	-736.15280000000007	3434	19.984066976718633	3434	20
3436	-736.113	3436	19.970055813933346	3436	20
3438	-736.0733	3438	19.950046511614367	3438	20
3440	-736.03370000000007	3440	19.925038759674504	3440	20
3442	-735.9941	3442	19.904198966400756	3442	20
3444	-735.9547	3444	19.870165805334008	3444	20
3446	-735.9153	3446	19.841804837778383	3446	20
3448	-735.87610000000006	3448	19.801504031476743	3448	20
3450	-735.83710000000008	3450	19.751253359562892	3450	20
3452	-735.79820000000007	3452	19.70104446630344	3452	20
3454	-735.7594	3454	19.650870388589325	3454	20
3456	-735.7204	3456	19.625725323823378	3456	20
3458	-735.68130000000008	3458	19.613104436516331	3458	20
3460	-735.6418	3460	19.635920363771035	3460	20
3462	-735.6026	3462	19.629933636470618	3462	20
3464	-735.5632	3464	19.641611363725559	3464	20
3466	-735.5238	3466	19.651342803104679	3466	20
3468	-735.4844	3468	19.659452335920612	3468	20
3470	-735.4456	3470	19.616210279936968	3470	20
3472	-735.4065	3472	19.605175233277656	3472	20
3474	-735.3671	3474	19.620979361064759	3474	20
3476	-735.32800000000009	3476	19.609149467550814	3476	20
3478	-735.2889	3478	19.599291222965334	3478	20
3480	-735.24970000000008	3480	19.599409352465869	3480	20
3482	-735.2101	3482	19.632841127060228	3482	20
3484	-735.1706	3484	19.65236760588148	3484	20
3486	-735.13100000000009	3486	19.676973004897096	3486	20
3488	-735.09160000000008	3488	19.680810837414292	3488	20
3490	-735.0517	3490	19.725675697853777	3490	20
3492	-735.01200000000006	3492	19.746396414871917	3492	20
3494	-734.9723	3494	19.763663679063175	3494	20
3496	-734.9325	3496	19.786386399220465	3496	20
3498	-734.8927	3498	19.805321999351538	3498	20
3500	-734.85300000000007	3500	19.812768332786717	3500	20
3502	-734.8132	3502	19.827306943990084	3502	20
3504	-734.7734	3504	19.839422453326222	3504	20
3506	-734.7337	3506	19.841185377775098	3506	20
3508	-734.6938	3508	19.859321148144979	3508	20
3510	-734.654	3510	19.866100956788635	3510	20
3512	-734.6142	3512	19.871750797325014	3512	20
3514	-734.5741	3514	19.901458997765722	3514	20
3516	-734.534	3516	19.926215831475787	3516	20
3518	-734.4939	3518	19.9468465262247	3518	20
3520	-734.4539	3520	19.955705438527026	3520	20
3522	-734.41360000000009	3522	19.988087865429883	3522	20
3524	-734.37340000000006	3524	20.006739887860494	3524	20
3526	-734.33350000000007	3526	19.997283239882808	3526	20
3528	-734.293	3528	20.039402699907797	3528	20
3530	-734.253	3530	20.032835583253465	3530	20
3532	-734.21250000000009	3532	20.069029652707204	3532	20
3534	-734.17230000000006	3534	20.074191377258263	3534	20
3536	-734.1321	3536	20.078492814384145	3536	20
3538	-734.0919	3538	20.082077345322379	3538	20
3540	-734.0519	3540	20.068397787765619	3540	20
3542	-734.0117	3542	20.073664823140273	3542	20
3544	-733.9714	3544	20.086387352617063	3544	20
3546	-733.9311	3546	20.096989460514386	3546	20
3548	-733.8908	3548	20.105824550428824	3548	20
3550	-733.8506	3550	20.10485379202628	3550	20
3552	-733.8101	3552	20.129044826684549	3552	20
3554	-733.76960000000008	3554	20.149204022233107	3554	20
3556	-733.72890000000007	3556	20.182670018528864	3556	20
3558	-733.6885	3558	20.185558348781605	3558	20
3560	-733.6479	3560	20.204631957311896	3560	20
3562	-733.60750000000007	3562	20.203859964424655	3562	20
3564	-733.5669	3564	20.219883303690576	3564	20
3566	-733.52640000000008	3566	20.224902753071461	3566	20
3568	-733.4858	3568	20.23741896089625	3568	20
3570	-733.4456	3570	20.214515800749133	3570	20
3572	-733.4049	3572	20.237096500625555	3572	20
3574	-733.3645	3574	20.23091375051937	3574	20
3576	-733.3238	3576	20.250761458767418	3576	20
3578	-733.2833	3578	20.250634548968829	3578	20
3580	-733.24290000000008	3580	20.2421954574721	3580	20
3582	-733.20260000000007	3582	20.226829547893587	3582	20
3584	-733.162	3584	20.239024623248021	3584	20
3586	-733.12150000000008	3586	20.240853852702667	3586	20
3588	-733.08120000000008	3588	20.225711543919058	3588	20
3590	-733.041	3590	20.204759619934805	3590	20
3592	-733.00060000000008	3592	20.203966349943748	3592	20
3594	-732.9601	3594	20.211638624958582	3594	20
3596	-732.9198	3596	20.201365520798987	3596	20
3598	-732.8794	3598	20.201137933997231	3598	20
3600	-732.8392	3600	20.184281611666616	3600	20
3602	-732.7987	3602	20.195234676384828	3602	20
3604	-732.7584	3604	20.187695563654191	3604	20
3606	-732.7182	3606	20.173079636380752	3606	20
3608	-732.6776	3608	20.194233030320657	3608	20
3610	-732.6373	3610	20.186860858600717	3610	20
3612	-732.5968	3612	20.197384048829914	3612	20
3614	-732.5565	3614	20.18948670735843	3614	20
3616	-732.51600000000008	3616	20.199572256128008	3616	20
3618	-732.4754	3618	20.216310213443371	3618	20
3620	-732.43490000000008	3620	20.221925177865458	3620	20
3622	-732.3944	3622	20.22660431489334	3622	20
3624	-732.3541	3624	20.213836929077953	3624	20
3626	-732.3138	3626	20.203197440898464	3626	20
3628	-732.27370000000008	3628	20.177664534076929	3628	20
3630	-732.2333	3630	20.181387111738324	3630	20
3632	-732.1933	3632	20.151155926445572	3632	20
3634	-732.1529	3634	20.159296605369384	3634	20
3636	-732.1126	3636	20.157747171141324	3636	20
3638	-732.07260000000008	3638	20.131455975948072	3638	20
3640	-732.0325	3640	20.117879979961078	3640	20
3642	-731.99250000000006	3642	20.0982333166312	3642	20
3644	-731.9524	3644	20.090194430530353	3644	20
3646	-731.91270000000009	3646	20.050162025435732	3646	20
3648	-731.87290000000007	3648	20.025135021197595	3648	20
3650	-731.83300000000008	3650	20.012612517663726	3650	20
3652	-731.7935	3652	19.9688437647272	3652	20
3654	-731.75380000000007	3654	19.949036470599768	3654	20
3656	-731.71440000000007	3656	19.907530392166517	3656	20
3658	-731.6749	3658	19.881275326812858	3658	20
3660	-731.6355	3660	19.851062772344093	3660	20
3662	-731.59620000000007	3662	19.817552310279407	3662	20
3664	-731.55720000000008	3664	19.764626925231777	3664	20
3666	-731.5181	3666	19.7288557710328	3666	20
3668	-731.4791	3668	19.690713142526274	3668	20
3670	-731.4401	3670	19.658927618770832	3670	20
3672	-731.4011	3672	19.632439682307965	3672	20
3674	-731.3618	3674	19.635366401925442	3674	20
3676	-731.3229	3676	19.604472001605565	3676	20
3678	-731.2839	3678	19.587060001336908	3678	20
3680	-731.2448	3680	19.580883334444273	3680	20
3682	-731.2059	3682	19.559069445371261	3682	20
3684	-731.16640000000007	3684	19.590891204474005	3684	20
3686	-731.1272	3686	19.592409337065902	3686	20
3688	-731.08840000000009	3688	19.560341114215234	3688	20
3690	-731.0489	3690	19.591950928520124	3690	20
3692	-731.0095	3692	19.609959107100149	3692	20
3694	-730.9702	3694	19.616632589252262	3694	20
3696	-730.931	3696	19.613860491038309	3696	20
3698	-730.8913	3698	19.653217075868504	3698	20
3700	-730.8519	3700	19.661014229890466	3700	20
3702	-730.8125	3702	19.6675118582421	3702	20
3704	-730.7729	3704	19.689593215197615	3704	20
3706	-730.7335	3706	19.69132767933139	3706	20
3708	-730.6941	3708	19.692773066109538	3708	20
3710	-730.6547	3710	19.693977555091326	3710	20
3712	-730.6149	3712	19.728314629243922	3712	20
3714	-730.57490000000007	3714	19.773595524366904	3714	20
3716	-730.5353	3716	19.777996270311093	3716	20
3718	-730.4954	3718	19.806663558591641	3718	20
3720	-730.4554	3720	19.838886298823336	3720	20
3722	-730.4156	3722	19.849071915687265	3722	20
3724	-730.37560000000008	3724	19.874226596403023	3724	20
3726	-730.3355	3726	19.903522163673536	3726	20
3728	-730.29590000000007	3728	19.886268469723809	3728	20
3730	-730.2557	3730	19.921890391438765	3730	20
3732	-730.21580000000006	3732	19.926575326198034	3732	20
3734	-730.1757	3734	19.947146105169381	3734	20
3736	-730.1358	3736	19.94762175430688	3736	20
3738	-730.09570000000008	3738	19.964684795250609	3738	20
3740	-730.0556	3740	19.978903996046526	3740	20
3742	-730.01560000000006	3742	19.982419996702408	3742	20
3744	-729.9758	3744	19.96868333058649	3744	20
3746	-729.9357	3746	19.982236108826427	3746	20
3748	-729.89560000000006	3748	19.993530090683567	3748	20
3750	-729.8555	3750	20.002941742240658	3750	20
3752	-729.8155	3752	20.002451451864186	3752	20
3754	-729.77500000000009	3754	20.043709543216139	3754	20
3756	-729.7345	3756	20.078091286018907	3756	20
3758	-729.6942	3758	20.090076071682592	3758	20
3760	-729.65370000000007	3760	20.116730059731477	3760	20
3762	-729.61340000000007	3762	20.1222750497764	3762	20
3764	-729.573	3764	20.135229208154549	3764	20
3766	-729.5326	3766	20.146024340126868	3766	20
3768	-729.49240000000009	3768	20.138353616765176	3768	20
3770	-729.4523	3770	20.123628013975331	3770	20
3772	-729.412	3772	20.12802334497961	3772	20
3774	-729.3719	3774	20.115019454154027	3774	20
3776	-729.33170000000007	3776	20.11251621178781	3776	20
3778	-729.29130000000009	3778	20.127096843154582	3778	20
3780	-729.25110000000006	3780	20.122580702631076	3780	20
3782	-729.211	3782	20.110483918863583	3782	20
3784	-729.17090000000007	3784	20.10040326571453	3784	20
3786	-729.13060000000007	3786	20.10866938809561	3786	20
3788	-729.0905	3788	20.098891156750692	3788	20
3790	-729.0502	3790	20.107409297292413	3790	20
3792	-729.01010000000008	3792	20.097841081071888	3792	20
3794	-728.96980000000008	3794	20.106534234226743	3794	20
3796	-728.9297	3796	20.097111861859972	3796	20
3798	-728.8895	3798	20.0975932182189	3798	20
3800	-728.8496	3800	20.072994348514811	3800	20
3802	-728.8096	3802	20.060828623759313	3802	20
3804	-728.7694	3804	20.067357186468353	3804	20
3806	-728.72930000000008	3806	20.064464322051837	3806	20
3808	-728.6889	3808	20.087053601717415	3808	20
3810	-728.64870000000008	3810	20.089211334757298	3810	20
3812	-728.6085	3812	20.09100944563334	3812	20
3814	-728.56810000000007	3814	20.109174538025858	3814	20
3816	-728.52780000000007	3816	20.115978781688383	3816	20
3818	-728.48750000000007	3818	20.121648984740489	3818	20
3820	-728.44710000000009	3820	20.134707487281815	3820	20
3822	-728.4067	3822	20.1455895727424	3822	20
3824	-728.3663	3824	20.154657977283406	3824	20
3826	-728.3261	3826	20.145548314405097	3826	20
3828	-728.2858	3828	20.146290262004417	3828	20
3830	-728.24560000000008	3830	20.1385752183298	3830	20
3832	-728.2054	3832	20.132146015277094	3832	20
3834	-728.1652	3834	20.126788346066505	3834	20
3836	-728.1249	3836	20.130656955055588	3836	20
3838	-728.0846	3838	20.133880795879826	3838	20
3840	-728.044	3840	20.161567329903221	3840	20
3842	-728.0035	3842	20.176306108248667	3842	20
3844	-727.9632	3844	20.17192175687406	3844	20
3846	-727.9229	3846	20.168268130728553	3846	20
3848	-727.8827	3848	20.156890108942719	3848	20
3850	-727.84250000000009	3850	20.14740842411172	3850	20
3852	-727.8026	3852	20.114507020101634	3852	20
3854	-727.7626	3854	20.095422516748332	3854	20
3856	-727.7227	3856	20.071185430622673	3856	20
3858	-727.6828	3858	20.05098785885129	3858	20
3860	-727.643	3860	20.02582321571056	3860	20
3862	-727.6032	3862	20.004852679759953	3862	20
3864	-727.56310000000008	3864	20.01237723312817	3864	20
3866	-727.5231	3866	20.010314360946587	3866	20
3868	-727.48300000000006	3868	20.016928634117033	3868	20
3870	-727.44310000000007	3870	20.005773861763256	3870	20
3872	-727.4029	3872	20.021478218138306	3872	20
3874	-727.36290000000008	3874	20.017898515112226	3874	20
3876	-727.3229	3876	20.014915429266633	3876	20
3878	-727.28320000000008	3878	19.98742952438263	3878	20
3880	-727.2436	3880	19.956191270324197	3880	20
3882	-727.2041	3882	19.921826058601454	3882	20
3884	-727.1643	3884	19.918188382169031	3884	20
3886	-727.1251	3886	19.865156985145092	3886	20
3888	-727.08580000000006	3888	19.829297487613573	3888	20
3890	-727.0467	3890	19.782747906350966	3890	20
3892	-727.0075	3892	19.752289921953896	3892	20
3894	-726.9683	3894	19.726908268299145	3894	20
3896	-726.9292	3896	19.697423556912803	3896	20
3898	-726.89	3898	19.681186297431566	3898	20
3900	-726.8509	3900	19.659321914523154	3900	20
3902	-726.81170000000009	3902	19.649434928764052	3902	20
3904	-726.77240000000006	3904	19.649529107305515	3904	20
3906	-726.73300000000006	3906	19.657940922754641	3906	20
3908	-726.69350000000009	3908	19.67328410229349	3908	20
3910	-726.6544	3910	19.652736751917562	3910	20
3912	-726.615	3912	19.660613959931347	3912	20
3914	-726.5755	3914	19.675511633274077	3914	20
3916	-726.53590000000008	3916	19.696259694390928	3916	20
3918	-726.4963	3918	19.713549745331111	3918	20
3920	-726.4568	3920	19.719624787773881	3920	20
3922	-726.4171	3922	19.741353989814812	3922	20
3924	-726.3773	3924	19.767794991513494	3924	20
3926	-726.3374	3926	19.798162492926973	3926	20
3928	-726.29730000000006	3928	19.840135410767353	3928	20
3930	-726.2576	3930	19.841779508976039	3930	20
3932	-726.2177	3932	19.859816257479096	3932	20
3934	-726.1778	3934	19.874846881231644	3934	20
3936	-726.13790000000006	3936	19.887372401025431	3936	20
3938	-726.0979	3938	19.906143667527637	3938	20
3940	-726.0578	3940	19.930119722934574	3940	20
3942	-726.01780000000008	3942	19.941766435775779	3942	20
3944	-725.9777	3944	19.959805363150835	3944	20
3946	-725.9375	3946	19.983171135961289	3946	20
3948	-725.8976	3948	19.977642613300137	3948	20
3950	-725.85750000000007	3950	19.989702177744991	3950	20
3952	-725.81720000000007	3952	20.016418481454327	3952	20
3954	-725.7772	3954	20.01368206788505	3954	20
3956	-725.7369	3956	20.036401723237709	3956	20
3958	-725.69670000000008	3958	20.04700143602421	3958	20
3960	-725.65640000000008	3960	20.064167863353678	3960	20
3962	-725.616	3962	20.086806552802283	3962	20
3964	-725.57540000000006	3964	20.122338793995795	3964	20
3966	-725.5354	3966	20.101948995002939	3966	20
3968	-725.4945	3968	20.15995749583287	3968	20
3970	-725.4541	3970	20.166631246525469	3970	20
3972	-725.41360000000009	3972	20.180526038767209	3972	20
3974	-725.373	3974	20.200438365642704	3974	20
3976	-725.3327	3976	20.19203197136909	3976	20
3978	-725.2921	3978	20.210026642810941	3978	20
3980	-725.25150000000008	3980	20.225022202336344	3980	20
3982	-725.21120000000008	3982	20.212518501947123	3982	20
3984	-725.17040000000009	3984	20.243765418288451	3984	20
3986	-725.12970000000007	3986	20.261471181908316	3986	20
3988	-725.0891	3988	20.267892651593627	3988	20
3990	-725.04860000000008	3990	20.264910542990673	3990	20
3992	-725.0081	3992	20.262425452497684	3992	20
3994	-724.96750000000009	3994	20.268687877075298	3994	20
3996	-724.9265	3996	20.307239897567218	3996	20
3998	-724.8858	3998	20.31436658130729	3998	20
4000	-724.8452	4000	20.311972151092775	4000	20
4002	-724.8046	4002	20.309976792571206	4002	20
4004	-724.76420000000007	4004	20.291647327140748	4004	20
4006	-724.7238	4006	20.276372772624839	4006	20
4008	-724.68310000000008	4008	20.288643977179166	4008	20
4010	-724.6427	4010	20.273869980990188	4010	20
4012	-724.6023	4012	20.2615583174899	4012	20
4014	-724.5616	4014	20.276298597909527	4014	20
4016	-724.52140000000009	4016	20.246915498250726	4016	20
4018	-724.48070000000007	4018	20.264096248543545	4018	20
4020	-724.4403	4020	20.253413540460507	4020	20
4022	-724.40000000000009	4022	20.236177950374451	4022	20
4024	-724.35980000000006	4024	20.2134816253143	4024	20
4026	-724.3196	4026	20.19456802109751	4026	20
4028	-724.2793	4028	20.187140017581427	4028	20
4030	-724.239	4030	20.180950014651359	4030	20
4032	-724.1989	4032	20.159125012213817	4032	20
4034	-724.1586	4034	20.157604176845016	4034	20
4036	-724.1185	4036	20.139670147365724	4036	20
4038	-724.0783	4038	20.133058456140361	4038	20
4040	-724.038	4040	20.135882046783802	4040	20
4042	-723.9977	4042	20.138235038986672	4042	20
4044	-723.9573	4044	20.148529199153636	4044	20
4046	-723.917	4046	20.1487743326282	4046	20
4048	-723.8769	4048	20.132311943861186	4048	20
4050	-723.8365	4050	20.143593286549063	4050	20
4052	-723.7963	4052	20.136327738793145	4052	20
4054	-723.75600000000009	4054	20.13860644898498	4054	20
4056	-723.7159	4056	20.123838707491835	4056	20
4058	-723.6758	4058	20.111532256247546	4058	20
4060	-723.63550000000009	4060	20.11794354686365	4060	20
4062	-723.5955	4062	20.098286289059487	4062	20
4064	-723.5551	4064	20.115238574214317	4064	20
4066	-723.51470000000006	4066	20.129365478510007	4066	20
4068	-723.474	4068	20.166137898759615	4068	20
4070	-723.43360000000007	4070	20.171781582297754	4070	20
4072	-723.3934	4072	20.159817985250388	4072	20
4074	-723.3535	4074	20.124848321041053	4074	20
4076	-723.31310000000008	4076	20.137373600865619	4076	20
4078	-723.2729	4078	20.131144667390274	4078	20
4080	-723.23300000000006	4080	20.100953889490956	4080	20
4082	-723.19310000000007	4082	20.075794907908193	4082	20
4084	-723.1535	4084	20.029829089928832	4084	20
4086	-723.1142	4086	19.9665242416095	4086	20
4088	-723.07490000000007	4088	19.913770201333911	4088	20
4090	-723.0358	4090	19.853141834451247	4090	20
4092	-722.99700000000007	4092	19.777618195369687	4092	20
4094	-722.95800000000008	4094	19.731348496140345	4094	20
4096	-722.9192	4096	19.676123746786747	4096	20
4098	-722.88020000000006	4098	19.646769788987893	4098	20
4100	-722.8409	4100	19.647308157492049	4100	20
4102	-722.80180000000007	4102	19.631090131240224	4102	20
4104	-722.76280000000008	4104	19.609241776032459	4104	20
4106	-722.72390000000007	4106	19.582701480028081	4106	20
4108	-722.68500000000006	4108	19.560584566691098	4108	20
4110	-722.6462	4110	19.533820472245708	4110	20
4112	-722.60750000000007	4112	19.503183726867167	4112	20
4114	-722.5687	4114	19.485986439059097	4114	20
4116	-722.5299	4116	19.471655365885706	4116	20
4118	-722.49160000000006	4118	19.418046138232725	4118	20
4120	-722.4529	4120	19.406705115199152	4120	20
4122	-722.4144	4122	19.38058759599922	4122	20
4124	-722.37560000000008	4124	19.383822996659667	4124	20
4126	-722.3364	4126	19.419852497220621	4126	20
4128	-722.2975	4128	19.424877081018217	4128	20
4130	-722.2582	4130	19.462397567517318	4130	20
4132	-722.21890000000008	4132	19.493664639590428	4132	20
4134	-722.1798	4134	19.503053866331676	4134	20
4136	-722.1408	4136	19.502544888608668	4136	20
4138	-722.1014	4138	19.5354540738406	4138	20
4140	-722.0617	4140	19.587878394870412	4140	20
4142	-722.02240000000006	4142	19.598231995718006	4142	20
4144	-721.9831	4144	19.606859996433808	4144	20
4146	-721.9437	4146	19.622383330361551	4146	20
4148	-721.90460000000007	4148	19.610319441964808	4148	20
4150	-721.8651	4150	19.6335995349781	4150	20
4152	-721.8256	4152	19.652999612479704	4152	20
4154	-721.78600000000006	4154	19.677499677062283	4154	20
4156	-721.74610000000007	4156	19.722916397550964	4156	20
4158	-721.70620000000008	4158	19.760763664624864	4158	20
4160	-721.6665	4160	19.77563638719063	4160	20
4162	-721.62610000000006	4162	19.846363655990267	4162	20
4164	-721.586	4164	19.880303046662906	4164	20
4166	-721.5461	4166	19.891919205551485	4166	20
4168	-721.5059	4168	19.926599337961829	4168	20
4170	-721.4655	4170	19.972166114966267	4170	20
4172	-721.4251	4172	20.010138429136632	4172	20
4174	-721.385	4174	20.016782024284879	4174	20
4176	-721.34480000000008	4176	20.030651686896853	4176	20
4178	-721.30490000000009	4178	20.017209739079775	4178	20
4180	-721.265	4180	20.006008115908347	4180	20
4182	-721.22440000000006	4182	20.055006763250848	4182	20
4184	-721.1839	4184	20.08750563604783	4184	20
4186	-721.14330000000007	4186	20.122921363367084	4186	20
4188	-721.1027	4188	20.152434469475935	4188	20
4190	-721.0621	4190	20.177028724566643	4190	20
4192	-721.0213	4192	20.214190603804717	4192	20
4194	-720.9809	4194	20.211825503168672	4194	20
4196	-720.9405	4196	20.209854585971968	4196	20
4198	-720.8997	4198	20.241545488309157	4198	20
4200	-720.8592	4200	20.242954573596421	4200	20
4202	-720.8183	4202	20.277462144660774	4202	20
4204	-720.7776	4204	20.289551787218588	4204	20
4206	-720.73700000000008	4206	20.291293156009385	4206	20
4208	-720.6965	4208	20.284410963346613	4208	20
4210	-720.65600000000006	4210	20.278675802784825	4210	20
4212	-720.6154	4212	20.282229835657386	4212	20
4214	-720.5751	4214	20.260191529714657	4214	20
4216	-720.5344	4216	20.275159608096821	4216	20
4218	-720.494	4218	20.262633006745428	4218	20
4220	-720.4532	4220	20.285527505620372	4220	20
4222	-720.41270000000009	4222	20.279606254679628	4222	20
4224	-720.3723	4224	20.266338545573909	4224	20
4226	-720.33210000000008	4226	20.23861545463771	4226	20
4228	-720.29180000000008	4228	20.223846212198261	4228	20
4230	-720.2517	4230	20.194871843502902	4230	20
4232	-720.2114	4232	20.187393202919253	4232	20
4234	-720.171	4234	20.18949433576412	4234	20
4236	-720.1308	4236	20.174578613139026	4236	20
4238	-720.09080000000006	4238	20.145482177612823	4238	20
4240	-720.0503	4240	20.162901814682812	4240	20
4242	-720.0099	4242	20.169084845567085	4242	20
4244	-719.9696	4244	20.165904037972741	4244	20
4246	-719.9293	4246	20.163253364977454	4246	20
4248	-719.88880000000006	4248	20.177711137477193	4248	20
4250	-719.8482	4250	20.198092614567692	4250	20
4252	-719.80770000000007	4252	20.20674384546906	4252	20
4254	-719.7672	4254	20.213953204563008	4254	20
4256	-719.72660000000008	4256	20.228294337129732	4256	20
4258	-719.6862	4258	20.223578614282328	4258	20
4260	-719.64560000000006	4260	20.236315511895832	4260	20
4262	-719.60520000000008	4262	20.230262926577936	4262	20
4264	-719.5647	4264	20.233552438820404	4264	20
4266	-719.52420000000006	4266	20.236293699012986	4266	20
4268	-719.4836	4268	20.246911415847521	4268	20
4270	-719.44270000000006	4270	20.280759513203357	4270	20
4272	-719.4021	4272	20.283966261006164	4272	20
4274	-719.3618	4274	20.26163855083864	4274	20
4276	-719.3211	4276	20.276365459033475	4276	20
4278	-719.28010000000006	4278	20.313637882522894	4278	20
4280	-719.2394	4280	20.31969823543702	4280	20
4282	-719.1988	4282	20.316415196200882	4282	20
4284	-719.1581	4284	20.322012663502012	4284	20
4286	-719.1176	4286	20.310010552914324	4286	20
4288	-719.0769	4288	20.316675460763211	4288	20
4290	-719.03640000000007	4290	20.305562883965326	4290	20
4292	-718.996	4292	20.287969069978654	4292	20
4294	-718.9554	4294	20.289974224976106	4294	20
4296	-718.91500000000008	4296	20.274978520811498	4296	20
4298	-718.875	4298	20.229148767349358	4298	20
4300	-718.8347	4300	20.215957306124633	4300	20
4302	-718.79450000000008	4302	20.196631088429982	4302	20
4304	-718.7546	4304	20.155525907033518	4304	20
4306	-718.71480000000008	4306	20.112938255852946	4306	20
4308	-718.67540000000008	4308	20.044115213210834	4308	20
4310	-718.6353	4310	20.045096011013378	4310	20
4312	-718.59530000000007	4312	20.037580009174786	4312	20
4314	-718.55580000000009	4314	19.989650007643611	4314	20
4316	-718.5158	4316	19.991375006376121	4316	20
4318	-718.4765	4318	19.93447917198224	4318	20
4320	-718.43720000000008	4320	19.887065976644529	4320	20
4322	-718.3979	4322	19.847554980539247	4322	20
4324	-718.3588	4324	19.797962483789025	4324	20
4326	-718.3198	4326	19.748302069823126	4326	20
4328	-718.2807	4328	19.715251724849455	4328	20
4330	-718.24150000000009	4330	19.696043104035969	4330	20
4332	-718.20260000000007	4332	19.655035920031004	4332	20
4334	-718.1635	4334	19.637529933365492	4334	20
4336	-718.1242	4336	19.639608277806715	4336	20
4338	-718.0852	4338	19.616340231504534	4338	20
4340	-718.046	4340	19.613616859581867	4340	20
4342	-718.0066	4342	19.6280140496516	4342	20
4344	-717.9678	4344	19.590011708046124	4344	20
4346	-717.9285	4346	19.600009756707241	4346	20
4348	-717.8894	4348	19.591674797252882	4348	20
4350	-717.8496	4350	19.643062331045218	4350	20
4352	-717.81040000000007	4352	19.635885275865771	4352	20
4354	-717.7712	4354	19.629904396559041	4354	20
4356	-717.7317	4356	19.649920330463825	4356	20
4358	-717.6924	4358	19.649933608721991	4358	20
4360	-717.653	4360	19.658278007268372	4360	20
4362	-717.61340000000007	4362	19.681898339386173	4362	20
4364	-717.5738	4364	19.701581949493814	4364	20
4366	-717.534	4366	19.734651624579332	4366	20
4368	-717.4945	4368	19.7372096871474	4368	20
4370	-717.4543	4370	19.797674739291757	4370	20
4372	-717.4143	4372	19.831395616073433	4372	20
4374	-717.3745	4374	19.842829680062344	4374	20
4376	-717.3345	4376	19.869024733382258	4376	20
4378	-717.2948	4378	19.86585394448846	4378	20
4380	-717.2549	4380	19.879878287072778	4380	20
4382	-717.21490000000006	4382	19.899898572557618	4382	20
4384	-717.1753	4384	19.883248810470018	4384	20
4386	-717.1354	4386	19.894374008724078	4386	20
4388	-717.09570000000008	4388	19.886978340597167	4388	20
4390	-717.0557	4390	19.905815283837416	4390	20
4392	-717.0158	4392	19.91317940319691	4392	20
4394	-716.9758	4394	19.927649502661062	4394	20
4396	-716.936	4396	19.923041252218702	4396	20
4398	-716.8961	4398	19.92753437684798	4398	20
4400	-716.856	4400	19.947945314044336	4400	20
4402	-716.8161	4402	19.948287761702677	4402	20
4404	-716.7763	4404	19.940239801420049	4404	20
4406	-716.7362	4406	19.958533167844916	4406	20
4408	-716.6961	4408	19.973777639875113	4408	20
4410	-716.65640000000008	4410	19.95314803322303	4410	20
4412	-716.6163	4412	19.96929002769021	4412	20
4414	-716.57620000000009	4414	19.982741689736716	4414	20
4416	-716.5363	4416	19.977284741455797	4416	20
4418	-716.49610000000007	4418	19.997737284539284	4418	20
4420	-716.4563	4420	19.981447737117222	4420	20
4422	-716.4157	4422	20.034539780934384	4422	20
4424	-716.3754	4424	20.053783150778823	4424	20
4426	-716.335	4426	20.078152625647096	4426	20
4428	-716.2947	4428	20.090127188039414	4428	20
4430	-716.25420000000008	4430	20.116772656695495	4430	20
4432	-716.214	4432	20.11397721391517	4432	20
4434	-716.1739	4434	20.103314344933661	4434	20
4436	-716.13370000000009	4436	20.102761954104171	4436	20
4438	-716.0934	4438	20.110634961763115	4438	20
4440	-716.0533	4440	20.100529134797473	4440	20
4442	-716.01330000000007	4442	20.083774278994863	4442	20
4444	-715.9731	4444	20.08647856583131	4444	20
4446	-715.9328	4446	20.09706547152626	4446	20
4448	-715.8926	4448	20.097554559607474	4448	20
4450	-715.85210000000006	4450	20.122962133002211	4450	20
4452	-715.8119	4452	20.119135110837433	4452	20
4454	-715.7717	4454	20.115945925700121	4454	20
4456	-715.7314	4456	20.121621604750271	4456	20
4458	-715.691	4458	20.1346846706233	4458	20
4460	-715.6508	4460	20.128903892188344	4460	20
4462	-715.6106	4462	20.124086576825878	4462	20
4464	-715.5706	4464	20.1034054806852	4464	20
4466	-715.53050000000007	4466	20.094504567232544	4466	20
4468	-715.49020000000007	4468	20.103753806027289	4468	20
4470	-715.4501	4470	20.094794838360425	4470	20
4472	-715.41000000000008	4472	20.087329031961897	4472	20
4474	-715.36970000000008	4474	20.097774193301749	4474	20
4476	-715.3295	4476	20.09814516108705	4476	20
4478	-715.2893	4478	20.098454300908134	4478	20
4480	-715.249	4480	20.107045250756947	4480	20
4482	-715.2086	4482	20.1225377089622	4482	20
4484	-715.16820000000007	4484	20.135448090799908	4484	20
4486	-715.1276	4486	20.162873409003289	4486	20
4488	-715.0872	4488	20.169061174167485	4488	20
4490	-715.04640000000006	4490	20.207550978472085	4490	20
4492	-715.00610000000006	4492	20.197959148726905	4492	20
4494	-714.96580000000006	4494	20.189965957272591	4494	20
4496	-714.9255	4496	20.183304964393994	4496	20
4498	-714.8852	4498	20.177754136995162	4498	20
4500	-714.845	4500	20.164795114164892	4500	20
4502	-714.8048	4502	20.153995928473	4502	20
4504	-714.7646	4504	20.144996607063092	4504	20
4506	-714.7241	4506	20.162497172548559	4506	20
4508	-714.6837	4508	20.168747643788542	4508	20
4510	-714.6436	4510	20.148956369828138	4510	20
4512	-714.6033	4512	20.149130308190284	4512	20
4514	-714.5634	4514	20.115941923490965	4514	20
4516	-714.5235	4516	20.088284936241532	4516	20
4518	-714.4836	4518	20.065237446867005	4518	20
4520	-714.4437	4520	20.046031205721565	4520	20
4522	-714.40370000000007	4522	20.038359338098275	4522	20
4524	-714.36390000000006	4524	20.015299448416382	4524	20
4526	-714.3238	4526	20.021082873684669	4526	20
4528	-714.2839	4528	20.009235728069619	4528	20
4530	-714.244	4530	19.999363106723745	4530	20
4532	-714.20440000000008	4532	19.96613592226565	4532	20
4534	-714.16460000000006	4534	19.955113268555859	4534	20
4536	-714.1253	4536	19.904261057132022	4536	20
4538	-714.08530000000007	4538	19.920217547606988	4538	20
4540	-714.04590000000007	4540	19.883514623005869	4540	20
4542	-714.00650000000007	4542	19.852928852504935	4542	20
4544	-713.9672	4544	19.819107377089583	4544	20
4546	-713.9279	4546	19.790922814243459	4546	20
4548	-713.8885	4548	19.775769011869595	4548	20
4550	-713.8492	4550	19.754807509893467	4550	20
4552	-713.8098	4552	19.745672924911268	4552	20
4554	-713.77060000000006	4554	19.72139410408748	4554	20
4556	-713.73160000000007	4556	19.684495086738504	4556	20
4558	-713.69270000000006	4558	19.645412572283117	4558	20
4560	-713.6538	4560	19.612843810236964	4560	20
4562	-713.61470000000008	4562	19.602369841860984	4562	20
4564	-713.57620000000009	4564	19.543641534884078	4564	20
4566	-713.537	4566	19.553034612407629	4566	20
4568	-713.49750000000006	4568	19.585862177004312	4568	20
4570	-713.4587	4570	19.554885147506717	4570	20
4572	-713.4193	4572	19.579070956255642	4572	20
4574	-713.37970000000007	4574	19.615892463542231	4574	20
4576	-713.3404	4576	19.621577052954	4576	20
4578	-713.3006	4578	19.667980877462817	4578	20
4580	-713.2611	4580	19.681650731216969	4580	20
4582	-713.2214	4582	19.709708942684053	4582	20
4584	-713.1816	4584	19.741424118904529	4584	20
4586	-713.14150000000006	4586	19.792853432415317	4586	20
4588	-713.10160000000008	4588	19.819044527011826	4588	20
4590	-713.0616	4590	19.8492037725163	4590	20
4592	-713.0213	4592	19.899336477097087	4592	20
4594	-712.981	4594	19.94111373091441	4594	20
4596	-712.9406	4596	19.98426144242675	4596	20
4598	-712.9004	4598	20.00355120202455	4598	20
4600	-712.86020000000008	4600	20.01962600167991	4600	20
4602	-712.8198	4602	20.049688334740811	4602	20
4604	-712.7794	4604	20.074740278948752	4604	20
4606	-712.73930000000007	4606	20.070616899118836	4606	20
4608	-712.6991	4608	20.075514082601288	4608	20
4610	-712.6588	4610	20.087928402167908	4610	20
4612	-712.61840000000007	4612	20.106607001804665	4612	20
4614	-712.5782	4614	20.10550583483948	4614	20
4616	-712.5379	4616	20.11292152903307	4616	20
4618	-712.49750000000006	4618	20.127434607525633	4618	20
4620	-712.45720000000006	4620	20.131195506271528	4620	20
4622	-712.4167	4622	20.150996255231732	4622	20
4624	-712.3762	4624	20.16749687935576	4624	20
4626	-712.3354	4626	20.206247399462317	4626	20
4628	-712.2948	4628	20.221872832888629	4628	20
4630	-712.25380000000007	4630	20.268227360735523	4630	20
4632	-712.21300000000008	4632	20.290189467278786	4632	20
4634	-712.17230000000006	4634	20.300157889400264	4634	20
4636	-712.1312	4636	20.341798241169268	4636	20
4638	-712.0904	4638	20.351498534306906	4638	20
4640	-712.0497	4640	20.351248778590364	4640	20
4642	-712.00880000000006	4642	20.36770731548906	4642	20
4644	-711.96850000000006	4644	20.331422762907717	4644	20
4646	-711.9276	4646	20.351185635762995	4646	20
4648	-711.88690000000008	4648	20.350988029794298	4648	20
4650	-711.846	4650	20.367490024835146	4650	20
4652	-711.8052	4652	20.372908354028471	4652	20
4654	-711.7644	4654	20.37742362835624	4654	20
4656	-711.7237	4656	20.372853023631475	4656	20
4658	-711.6829	4658	20.377377519692079	4658	20
4660	-711.64240000000007	4660	20.356147933072716	4660	20
4662	-711.6018	4662	20.346789944230629	4662	20
4664	-711.5612	4664	20.338991620195557	4664	20
4666	-711.52050000000008	4666	20.340826350154764	4666	20
4668	-711.48	4668	20.325688625134429	4668	20
4670	-711.4397	4670	20.296407187612193	4670	20
4672	-711.3994	4672	20.272005989676995	4672	20
4674	-711.3588	4674	20.276671658067528	4674	20
4676	-711.3182	4676	20.280559715050167	4676	20
4678	-711.2776	4678	20.283799762545172	4678	20
4680	-711.2372	4680	20.269833135452387	4680	20
4682	-711.1966	4682	20.274860946213689	4682	20
4684	-711.15640000000008	4684	20.245717455170862	4684	20
4686	-711.1153	4686	20.296431212644766	4686	20
4688	-711.0747	4688	20.297026010540669	4688	20
4690	-711.0342	4690	20.289188342113206	4690	20
4692	-710.99340000000007	4692	20.307656951760187	4692	20
4694	-710.95310000000006	4694	20.281380793133657	4694	20
4696	-710.9125	4696	20.284483994281413	4696	20
4698	-710.8721	4698	20.270403328565919	4698	20
4700	-710.83170000000007	4700	20.258669440469674	4700	20
4702	-710.791	4702	20.273891200392672	4702	20
4704	-710.7505	4704	20.269909333666018	4704	20
4706	-710.7101	4706	20.258257778053089	4706	20
4708	-710.66960000000006	4708	20.256881481706891	4708	20
4710	-710.62920000000008	4710	20.24740123475382	4710	20
4712	-710.58850000000007	4712	20.26450102896279	4712	20
4714	-710.5479	4714	20.270417524139024	4714	20
4716	-710.5075	4716	20.258681270113929	4716	20
4718	-710.46710000000007	4718	20.248901058426348	4718	20
4720	-710.42680000000007	4720	20.232417548688794	4720	20
4722	-710.3868	4722	20.193681290580439	4722	20
4724	-710.3467	4724	20.169734408811909	4724	20
4726	-710.3069	4726	20.124778674011075	4726	20
4728	-710.2667	4728	20.120648895011488	4728	20
4730	-710.2268	4730	20.092207412508635	4730	20
4732	-710.187	4732	20.060172843758348	4732	20
4734	-710.14730000000009	4734	20.025144036459061	4734	20
4736	-710.1076	4736	19.995953363719128	4736	20
4738	-710.068	4738	19.963294469771277	4738	20
4740	-710.0281	4740	19.961078724808459	4740	20
4742	-709.9887	4742	19.917565604007095	4742	20
4744	-709.9492	4744	19.8896380033372	4744	20
4746	-709.9097	4746	19.866365002778956	4746	20
4748	-709.8704	4748	19.8303041689846	4748	20
4750	-709.8314	4750	19.775253474152773	4750	20
4752	-709.792	4752	19.762711228460688	4752	20
4754	-709.7531	4754	19.710592690384939	4754	20
4756	-709.714	4756	19.683827241984297	4756	20
4758	-709.67500000000007	4758	19.653189368319186	4758	20
4760	-709.6359	4760	19.63599114027231	4760	20
4762	-709.5972	4762	19.588325950222668	4762	20
4764	-709.5582	4764	19.57360495851783	4764	20
4766	-709.5193	4766	19.553004132099222	4766	20
4768	-709.4801	4768	19.560836776753582	4768	20
4770	-709.44080000000008	4770	19.575697313953981	4770	20
4772	-709.4018	4772	19.563081094970066	4772	20
4774	-709.3628	4774	19.552567579140661	4774	20
4776	-709.3237	4776	19.552139649280733	4776	20
4778	-709.2848	4778	19.535116374401643	4778	20
4780	-709.2455	4780	19.554263645336839	4780	20
4782	-709.2066	4782	19.536886371115063	4782	20
4784	-709.1675	4784	19.539071975926067	4784	20
4786	-709.1285	4786	19.532559979937329	4786	20
4788	-709.0893	4788	19.543799983285339	4788	20
4790	-709.0499	4790	19.569833319404495	4790	20
4792	-709.0107	4792	19.574861099498502	4792	20
4794	-708.9713	4794	19.595717582915462	4794	20
4796	-708.9316	4796	19.63809798576613	4796	20
4798	-708.8922	4798	19.648414988138487	4798	20
4800	-708.85250000000008	4800	19.682012490109177	4800	20
4802	-708.813	4802	19.693343741765073	4802	20
4804	-708.7734	4804	19.71111978480009	4804	20
4806	-708.7337	4806	19.734266487336654	4806	20
4808	-708.69400000000007	4808	19.753555406107647	4808	20
4810	-708.6544	4810	19.76129617176171	4810	20
4812	-708.61470000000008	4812	19.776080143128528	4812	20
4814	-708.57530000000008	4814	19.763400119273818	4814	20
4816	-708.5357	4816	19.769500099400187	4816	20
4818	-708.496	4818	19.7829167495034	4818	20
4820	-708.45620000000008	4820	19.802430624577848	4820	20
4822	-708.41640000000007	4822	19.81869218714936	4822	20
4824	-708.3762	4824	19.865576822626725	4824	20
4826	-708.3361	4826	19.896314018859954	4826	20
4828	-708.2962	4828	19.905261682382356	4828	20
4830	-708.25610000000006	4830	19.929384735313505	4830	20
4832	-708.216	4832	19.949487279432272	4832	20
4834	-708.176	4834	19.957906066190528	4834	20
4836	-708.13600000000008	4836	19.96492172182241	4836	20
4838	-708.0956	4838	20.00410143485956	4838	20
4840	-708.05540000000008	4840	20.020084529042421	4840	20
4842	-708.0153	4842	20.025070440873037	4842	20
4844	-707.9751	4844	20.03755870072979	4844	20
4846	-707.9352	4846	20.022965583940554	4846	20
4848	-707.8954	4848	20.002471319951614	4848	20
4850	-707.855	4850	20.035392766624419	4850	20
4852	-707.81490000000008	4852	20.037827305515226	4852	20
4854	-707.7747	4854	20.048189421264947	4854	20
4856	-707.7345	4856	20.056824517723047	4856	20
4858	-707.6942	4858	20.072353764769375	4858	20
4860	-707.6538	4860	20.093628137305888	4860	20
4862	-707.6133	4862	20.11969011442703	4862	20
4864	-707.57300000000009	4864	20.124741762013219	4864	20
4866	-707.5326	4866	20.137284801685233	4866	20
4868	-707.4922	4868	20.147737334735769	4868	20
4870	-707.45220000000006	4870	20.12311444561011	4870	20
4872	-707.4115	4872	20.160928704676365	4872	20
4874	-707.3712	4874	20.15910725389714	4874	20
4876	-707.3307	4876	20.174256044919741	4876	20
4878	-707.2903	4878	20.178546704097858	4878	20
4880	-707.25	4880	20.173788920081716	4880	20
4882	-707.2096	4882	20.178157433399505	4882	20
4884	-707.16950000000008	4884	20.156797861161131	4884	20
4886	-707.129	4886	20.172331550973066	4886	20
4888	-707.08850000000007	4888	20.185276292473539	4888	20
4890	-707.04820000000007	4890	20.179396910394786	4890	20
4892	-707.00780000000009	4892	20.182830758660398	4892	20
4894	-706.96760000000006	4894	20.169025632219256	4894	20
4896	-706.92720000000008	4896	20.174188026847457	4896	20
4898	-706.8867	4898	20.18682335571167	4898	20
4900	-706.8464	4900	20.180686129759895	4900	20
4902	-706.8057	4902	20.20890510813452	4902	20
4904	-706.7653	4904	20.207420923443507	4904	20
4906	-706.72440000000006	4906	20.247850769533347	4906	20
4908	-706.6838	4908	20.256542307947822	4908	20
4910	-706.64330000000007	4910	20.255451923285833	4910	20
4912	-706.6027	4912	20.26287660274156	4912	20
4914	-706.5621	4914	20.269063835621331	4914	20
4916	-706.5216	4916	20.265886529680426	4916	20
4918	-706.4809	4918	20.279905441401631	4918	20
4920	-706.4402	4920	20.291587867835968	4920	20
4922	-706.39960000000008	4922	20.2929898898572	4922	20
4924	-706.35890000000006	4924	20.302491574882275	4924	20
4926	-706.31810000000007	4926	20.318742979067746	4926	20
4928	-706.2777	4928	20.298952482564005	4928	20
4930	-706.23700000000008	4930	20.30746040212847	4930	20
4932	-706.1965	4932	20.297883668445849	4932	20
4934	-706.1559	4934	20.298236390374907	4934	20
4936	-706.11560000000009	4936	20.273530325303117	4936	20
4938	-706.075	4938	20.277941937755962	4938	20
4940	-706.0347	4940	20.256618281463471	4940	20
4942	-705.99430000000007	4942	20.247181901217633	4942	20
4944	-705.9541	4944	20.222651584350285	4944	20
4946	-705.9138	4946	20.210542986958739	4946	20
4948	-705.87340000000006	4948	20.208785822463692	4948	20
4950	-705.8332	4950	20.190654852055335	4950	20
4952	-705.7934	4952	20.142212376713932	4952	20
4954	-705.7532	4954	20.1351769805972	4954	20
4956	-705.7131	4956	20.120980817159211	4956	20
4958	-705.6731	4958	20.100817347639119	4958	20
4960	-705.6332	4960	20.075681123031661	4960	20
4962	-705.5932	4962	20.063067602523354	4962	20
4964	-705.5537	4964	20.010889668767419	4964	20
4966	-705.514	4966	19.984074723976093	4966	20
4968	-705.47430000000008	4968	19.961728936640515	4968	20
4970	-705.4347	4970	19.934774113872432	4970	20
4972	-705.3952	4972	19.903978428224981	4972	20
4974	-705.3558	4974	19.869982023520862	4974	20
4976	-705.3165	4976	19.833318352936189	4976	20
4978	-705.27730000000008	4978	19.794431960774915	4978	20
4980	-705.23790000000008	4980	19.778693300645809	4980	20
4982	-705.1986	4982	19.75724441720698	4982	20
4984	-705.1593	4984	19.739370347674623	4984	20
4986	-705.1199	4986	19.73280862306223	4986	20
4988	-705.0806	4988	19.719007185887328	4988	20
4990	-705.0417	4990	19.674172654907139	4990	20
4992	-705.0027	4992	19.64514387908822	4992	20
4994	-704.9637	4994	19.620953232572454	4994	20
4996	-704.9247	4996	19.600794360475984	4996	20
4998	-704.8858	4998	19.575661967064352	4998	20
5000	-704.84660000000008	5000	19.579718305881716	5000	20
5002	-704.8074	5002	19.583098588238993	5002	20
5004	-704.7682	5004	19.585915490203391	5004	20
5006	-704.729	5006	19.588262908497583	5006	20
5008	-704.68950000000007	5008	19.615219090412609	5008	20
5010	-704.6503	5010	19.612682575348071	5010	20
5012	-704.611	5012	19.618902146125532	5012	20
5014	-704.5715	5014	19.6407517884359	5014	20
5016	-704.5317	5016	19.683959823697734	5016	20
5018	-704.4922	5018	19.694966519746067	5018	20
5020	-704.45260000000007	5020	19.712472099784254	5020	20
5022	-704.4131	5022	19.718726749827638	5022	20
5024	-704.37340000000006	5024	19.740605624850136	5024	20
5026	-704.3336	5026	19.767171354042933	5026	20
5028	-704.2938	5028	19.789309461703596	5028	20
5030	-704.25380000000007	5030	19.824424551416634	5030	20
5032	-704.2138	5032	19.853687126186973	5032	20
5034	-704.17360000000008	5034	19.894739271815265	5034	20
5036	-704.1331	5036	19.953949393184846	5036	20
5038	-704.0931	5038	19.961624494317675	5038	20
5040	-704.05310000000009	5040	19.968020411928364	5040	20
5042	-704.013	5042	19.981683676611322	5042	20
5044	-703.9729	5044	19.993069730513785	5044	20
5046	-703.9329	5046	19.994224775425124	5046	20
5048	-703.89280000000008	5048	20.00352064618248	5048	20
5050	-703.8528	5050	20.002933871825178	5050	20
5052	-703.81270000000006	5052	20.010778226515857	5052	20
5054	-703.77280000000007	5054	20.000648522095609	5054	20
5056	-703.7326	5056	20.0172071017486	5056	20
5058	-703.6925	5058	20.022672584794851	5058	20
5060	-703.65240000000006	5060	20.027227153990584	5060	20
5062	-703.6121	5062	20.04768929499232	5062	20
5064	-703.57170000000008	5064	20.073074412491675	5064	20
5066	-703.5316	5066	20.069228677080748	5066	20
5068	-703.491	5068	20.10769056423732	5068	20
5070	-703.45080000000007	5070	20.106408803523887	5070	20
5072	-703.4104	5072	20.122007336277456	5072	20
5074	-703.37010000000009	5074	20.126672780221906	5074	20
5076	-703.3298	5076	20.13056065019456	5076	20
5078	-703.28960000000006	5078	20.125467208488253	5078	20
5080	-703.2494	5080	20.121222673742469	5080	20
5082	-703.2091	5082	20.12601889478556	5082	20
5084	-703.1688	5084	20.130015745654802	5084	20
5086	-703.1284	5086	20.141679788043746	5086	20
5088	-703.0879	5088	20.15973315670858	5088	20
5090	-703.04770000000008	5090	20.149777630583269	5090	20
5092	-703.0075	5092	20.14148135882165	5092	20
5094	-702.9674	5094	20.126234465689059	5094	20
5096	-702.92720000000008	5096	20.121862054733668	5096	20
5098	-702.8871	5098	20.109885045615741	5098	20
5100	-702.8469	5100	20.108237538015377	5100	20
5102	-702.807	5102	20.081864615011877	5102	20
5104	-702.76690000000008	5104	20.076553845838106	5104	20
5106	-702.7269	5106	20.0637948715382	5106	20
5108	-702.6869	5108	20.05316239294547	5108	20
5110	-702.647	5110	20.035968660786953	5110	20
5112	-702.60710000000006	5112	20.021640550654855	5112	20
5114	-702.567	5114	20.026367125550063	5114	20
5116	-702.5271	5116	20.013639271290781	5116	20
5118	-702.48700000000008	5118	20.019699392737195	5118	20
5120	-702.4469	5120	20.024749493952015	5120	20
5122	-702.4072	5122	19.995624578296592	5122	20
5124	-702.3671	5124	20.004687148575371	5124	20
5126	-702.32720000000006	5126	19.995572623811871	5126	20
5128	-702.28730000000007	5128	19.987977186508953	5128	20
5130	-702.2473	5130	19.989980988763904	5130	20
5132	-702.2074	5132	19.983317490635649	5132	20
5134	-702.1676	5134	19.969431242197526	5134	20
5136	-702.1275	5136	19.982859368492814	5136	20
5138	-702.0873	5138	20.002382807079602	5138	20
5140	-702.0472	5140	20.010319005904019	5140	20
5142	-702.0066	5142	20.058599171580575	5142	20
5144	-701.9661	5144	20.090499309655936	5144	20
5146	-701.9258	5146	20.100416091380115	5146	20
5148	-701.88510000000008	5148	20.142013409475229	5148	20
5150	-701.8447	5150	20.151677841236907	5150	20
5152	-701.8043	5152	20.159731534362166	5152	20
5154	-701.76380000000006	5154	20.174776278631121	5154	20
5156	-701.7236	5156	20.162313565528194	5156	20
5158	-701.6834	5158	20.151927971275754	5158	20
5160	-701.6431	5160	20.151606642729963	5160	20
5162	-701.60300000000007	5162	20.134672202269844	5162	20
5164	-701.5625	5164	20.153893501896995	5164	20
5166	-701.52230000000009	5166	20.144911251573618	5166	20
5168	-701.4823	5168	20.120759376317793	5168	20
5170	-701.4421	5170	20.117299480267086	5170	20
5172	-701.4022	5172	20.089416233554967	5172	20
5174	-701.3617	5174	20.116180194625123	5174	20
5176	-701.32170000000008	5176	20.096816828851239	5176	20
5178	-701.28190000000006	5178	20.06401402404385	5178	20
5180	-701.2421	5180	20.036678353371027	5180	20
5182	-701.2021	5182	20.0305652944823	5182	20
5184	-701.16230000000007	5184	20.008804412060265	5184	20
5186	-701.1226	5186	19.982337010053467	5186	20
5188	-701.0829	5188	19.960280841714468	5188	20
5190	-701.0434	5190	19.925234034760013	5190	20
5192	-701.0041	5192	19.879361695635481	5192	20
5194	-700.9651	5194	19.81613474636184	5194	20
5196	-700.926	5196	19.771778955298384	5196	20
5198	-700.88700000000006	5198	19.72648246274759	5198	20
5200	-700.8479	5200	19.697068718962647	5200	20
5202	-700.8092	5202	19.639223932464617	5202	20
5204	-700.77	5204	19.632686610391413	5204	20
5206	-700.731	5206	19.610572175325117	5206	20
5208	-700.6916	5208	19.625476812770977	5208	20
5210	-700.6526	5210	19.604564010641418	5210	20
5212	-700.6136	5212	19.587136675533454	5212	20
5214	-700.57450000000006	5214	19.580947229608061	5214	20
5216	-700.5354	5216	19.575789358013036	5216	20
5218	-700.4963	5218	19.571491131674378	5218	20
5220	-700.4573	5220	19.559575943060921	5220	20
5222	-700.4181	5222	19.566313285888331	5222	20
5224	-700.379	5224	19.563594404903792	5224	20
5226	-700.3396	5226	19.586328670753204	5226	20
5228	-700.3003	5228	19.596940558963141	5228	20
5230	-700.26050000000009	5230	19.647450465794297	5230	20
5232	-700.2208	5232	19.681208721498493	5232	20
5234	-700.18130000000008	5234	19.692673934580032	5234	20
5236	-700.1417	5236	19.710561612155363	5236	20
5238	-700.1018	5238	19.750468010128532	5238	20
5240	-700.0619	5240	19.783723341772838	5240	20
5242	-700.0221	5242	19.803102784811848	5242	20
5244	-699.98200000000008	5244	19.844252320671416	5244	20
5246	-699.9421	5246	19.861876933901382	5246	20
5248	-699.9021	5248	19.884897444914788	5248	20
5250	-699.8621	5250	19.904081204092627	5250	20
5252	-699.822	5252	19.928401003414873	5252	20
5254	-699.7821	5254	19.932000836178123	5254	20
5256	-699.7421	5256	19.943334030145405	5256	20
5258	-699.7018	5258	19.977778358454671	5258	20
5260	-699.66180000000008	5260	19.981481965375863	5260	20
5262	-699.6217	5262	19.992901637817571	5262	20
5264	-699.5816	5264	20.002418031518992	5264	20
5266	-699.5416	5266	20.002015026262796	5266	20
5268	-699.5014	5268	20.018345855221256	5268	20
5270	-699.461	5270	20.048621546015788	5270	20
5272	-699.4208	5272	20.057184621682083	5272	20
5274	-699.38060000000007	5274	20.064320518061191	5274	20
5276	-699.34	5276	20.103600431721024	5276	20
5278	-699.2998	5278	20.103000359769776	5278	20
5280	-699.25960000000009	5280	20.102500299800933	5280	20
5282	-699.2192	5282	20.118750249841661	5282	20
5284	-699.17900000000009	5284	20.115625208194171	5284	20
5286	-699.1385	5286	20.138021006833934	5286	20
5288	-699.0979	5288	20.165017505698309	5288	20
5290	-699.0571	5290	20.204181254747773	5290	20
5292	-699.0162	5292	20.245151045620233	5292	20
5294	-698.9755	5294	20.262625871351471	5294	20
5296	-698.9347	5296	20.28552155945874	5296	20
5298	-698.8939	5298	20.304601299548132	5298	20
5300	-698.8528	5300	20.34550108295916	5300	20
5302	-698.8121	5302	20.346250902467244	5302	20
5304	-698.7712	5304	20.363542418719792	5304	20
5306	-698.7304	5306	20.369618682265674	5306	20
5308	-698.6893	5308	20.399682235223779	5308	20
5310	-698.6485	5310	20.399735196018998	5310	20
5312	-698.6076	5312	20.408112663346255	5312	20
5314	-698.56670000000008	5314	20.415093886118967	5314	20
5316	-698.5257	5316	20.429244905103612	5316	20
5318	-698.4846	5318	20.449370754255391	5318	20
5320	-698.4438	5320	20.441142295212007	5320	20
5322	-698.403	5322	20.434285246009189	5322	20
5324	-698.3619	5324	20.453571038343373	5324	20
5326	-698.32120000000009	5326	20.436309198611276	5326	20
5328	-698.28	5328	20.463590998852496	5328	20
5330	-698.2394	5330	20.436325832370972	5330	20
5332	-698.1987	5332	20.421938193643751	5332	20
5334	-698.158	5334	20.409948494704402	5334	20
5336	-698.11750000000006	5336	20.38329041224965	5336	20
5338	-698.07720000000006	5338	20.344408676874878	5338	20
5340	-698.03680000000008	5340	20.320340564060473	5340	20
5342	-697.9963	5342	20.308617136722518	5342	20
5344	-697.95580000000007	5344	20.298847613931414	5344	20
5346	-697.91540000000009	5346	20.282373011607589	5346	20
5348	-697.87520000000006	5348	20.25197750967525	5348	20
5350	-697.8347	5350	20.251647924734833	5350	20
5352	-697.79410000000007	5352	20.259706603939588	5352	20
5354	-697.7537	5354	20.24975550329054	5354	20
5356	-697.7132	5356	20.2497962527381	5356	20
5358	-697.6725	5358	20.266496877283025	5358	20
5360	-697.63200000000006	5360	20.263747397731837	5360	20
5362	-697.59160000000008	5362	20.253122831441274	5362	20
5364	-697.55090000000007	5364	20.269269026202338	5364	20
5366	-697.5104	5366	20.266057521840739	5366	20
5368	-697.4701	5368	20.246714601534119	5368	20
5370	-697.4293	5370	20.27226216794428	5370	20
5372	-697.3889	5372	20.260218473284976	5372	20
5374	-697.34840000000008	5374	20.258515394400128	5374	20
5376	-697.30810000000008	5376	20.240429495333608	5376	20
5378	-697.2677	5378	20.233691246118891	5378	20
5380	-697.2272	5380	20.236409371761724	5380	20
5382	-697.1869	5382	20.222007809801607	5382	20
5384	-697.14650000000006	5384	20.218339841499414	5384	20
5386	-697.1065	5386	20.181949867922622	5386	20
5388	-697.06680000000006	5388	20.126624889929289	5388	20
5390	-697.027	5390	20.088854074942226	5390	20
5392	-696.9874	5392	20.04071172912386	5392	20
5394	-696.94810000000007	5394	19.975593107595881	5394	20
5396	-696.9083	5396	19.962994256331051	5396	20
5398	-696.8686	5398	19.944161880279122	5398	20
5400	-696.8293	5400	19.895134900234741	5400	20
5402	-696.79000000000008	5402	19.854279083521615	5402	20
5404	-696.7508	5404	19.811899236272243	5404	20
5406	-696.7113	5406	19.80158269689149	5406	20
5408	-696.6722	5408	19.759652247415897	5408	20
5410	-696.6331	5410	19.724710206176763	5410	20
5412	-696.5943	5412	19.670591838483759	5412	20
5414	-696.55540000000008	5414	19.633826532061356	5414	20
5416	-696.5167	5416	19.586522110056343	5416	20
5418	-696.4777	5418	19.572101758379226	5418	20
5420	-696.4391	5420	19.526751465313854	5420	20
5422	-696.4004	5422	19.497292887766758	5422	20
5424	-696.3617	5424	19.472744073134706	5424	20
5426	-696.32300000000009	5426	19.452286727607998	5426	20
5428	-696.2842	5428	19.443572273009789	5428	20
5430	-696.24560000000008	5430	19.419643560839322	5430	20
5432	-696.20670000000007	5432	19.424702967367132	5432	20
5434	-696.1679	5434	19.4205858061424	5434	20
5436	-696.129	5436	19.425488171786366	5436	20
5438	-696.0902000000001	5438	19.421240143148953	5438	20
5440	-696.05090000000007	5440	19.4593667859596	5440	20
5442	-696.0121	5442	19.449472321636122	5442	20
5444	-695.9731	5444	19.457893601362375	5444	20
5446	-695.9338	5446	19.489911334470783	5446	20
5448	-695.895	5448	19.474926112062111	5448	20
5450	-695.8559	5450	19.487438426715276	5450	20
5452	-695.81680000000006	5452	19.497865355592911	5452	20
5454	-695.7776	5454	19.514887796331656	5454	20
5456	-695.73840000000007	5456	19.529073163604469	5456	20
5458	-695.69900000000007	5458	19.557560969670437	5458	20
5460	-695.6598	5460	19.564634141396262	5460	20
5462	-695.62010000000009	5462	19.612195117823987	5462	20
5464	-695.5805	5464	19.643495931525326	5464	20
5466	-695.5411	5466	19.65291327627115	5466	20
5468	-695.5014	5468	19.685761063562538	5468	20
5470	-695.4618	5470	19.704800886297978	5470	20
5472	-695.42230000000006	5472	19.712334071912938	5472	20
5474	-695.3827	5474	19.726945059932785	5474	20
5476	-695.3432	5476	19.730787549941944	5476	20
5478	-695.3039	5478	19.717322958287092	5478	20
5480	-695.2645	5480	19.714435798572623	5480	20
5482	-695.2251	5482	19.712029832143898	5482	20
5484	-695.1856	5484	19.718358193451206	5484	20
5486	-695.1458	5486	19.748631827877155	5486	20
5488	-695.106	5488	19.773859856565448	5488	20
5490	-695.0659	5490	19.819883213799415	5490	20
5492	-695.02590000000009	5492	19.849902678163147	5492	20
5494	-694.98570000000007	5494	19.891585565138215	5494	20
5496	-694.9451	5496	19.959654637618545	5496	20
5498	-694.905	5498	19.974712198019805	5498	20
5500	-694.8645	5500	20.020593498345821	5500	20
5502	-694.8241	5502	20.050494581952925	5502	20
5504	-694.78370000000007	5504	20.075412151625514	5504	20
5506	-694.7432	5506	20.104510126360054	5506	20
5508	-694.70310000000006	5508	20.095425105294922	5508	20
5510	-694.66280000000006	5510	20.104520921079271	5510	20
5512	-694.62200000000007	5512	20.153767434231909	5512	20
5514	-694.58170000000007	5514	20.153139528526761	5514	20
5516	-694.5412	5516	20.169282940444425	5516	20
5518	-694.5004	5518	20.207735783702869	5518	20
5520	-694.46030000000007	5520	20.181446486413932	5520	20
5522	-694.41910000000007	5522	20.251205405345232	5522	20
5524	-694.3784	5524	20.267671171122302	5524	20
5526	-694.33750000000009	5526	20.298059309265675	5526	20
5528	-694.297	5528	20.290049424393519	5528	20
5530	-694.2564	5530	20.291707853664629	5530	20
5532	-694.2161	5532	20.268089878054028	5532	20
5534	-694.1753	5534	20.29007489837754	5534	20
5536	-694.1353	5536	20.241729081978253	5536	20
5538	-694.0949	5538	20.234774234979952	5538	20
5540	-694.0547	5540	20.212311862485553	5540	20
5542	-694.0143	5542	20.210259885402703	5542	20
5544	-693.9741	5544	20.191883237837843	5544	20
5546	-693.9338	5546	20.184902698198371	5546	20
5548	-693.89330000000007	5548	20.195752248494625	5548	20
5550	-693.85290000000009	5550	20.196460207076928	5550	20
5552	-693.81220000000008	5552	20.222050172565382	5552	20
5554	-693.7718	5554	20.218375143812036	5554	20
5556	-693.7313	5556	20.223645953172678	5556	20
5558	-693.69130000000007	5558	20.186371627640867	5558	20
5560	-693.6507	5560	20.205309689704087	5560	20
5562	-693.6104	5562	20.196091408086907	5562	20
5564	-693.5705	5564	20.155076173404819	5564	20
5566	-693.53	5566	20.170896811176139	5566	20
5568	-693.48970000000008	5568	20.167414009304142	5568	20
5570	-693.4493	5570	20.172845007761	5570	20
5572	-693.40910000000008	5572	20.160704173126955	5572	20
5574	-693.36880000000008	5574	20.158920144272631	5574	20
5576	-693.3283	5576	20.174100120232652	5576	20
5578	-693.2876	5578	20.203416766861817	5578	20
5580	-693.2474	5580	20.186180639053774	5580	20
5582	-693.2068	5582	20.205150532538706	5582	20
5584	-693.1661	5584	20.229292110450196	5584	20
5586	-693.12560000000008	5586	20.232743425371147	5586	20
5588	-693.0852	5588	20.227286187816841	5588	20
5590	-693.0447	5590	20.231071823176684	5590	20
5592	-693.0044	5592	20.217559852647405	5592	20
5594	-692.9641	5594	20.206299877206341	5594	20
5596	-692.92360000000008	5596	20.213583231001266	5596	20
5598	-692.8831	5598	20.219652692506514	5598	20
5600	-692.8428	5600	20.208043910422266	5600	20
5602	-692.8025	5602	20.198369925352058	5602	20
5604	-692.76240000000007	5604	20.173641604454925	5604	20
5606	-692.7224	5606	20.144701337052215	5606	20
5608	-692.6825	5608	20.11225111420924	5608	20
5610	-692.6423	5610	20.110209261843291	5610	20
5612	-692.6023	5612	20.091841051533045	5612	20
5614	-692.5625	5614	20.059867542945355	5614	20
5616	-692.52240000000006	5616	20.058222952449338	5616	20
5618	-692.48250000000007	5618	20.040185793706843	5618	20
5620	-692.443	5620	19.99182149476313	5620	20
5622	-692.40330000000006	5622	19.968184578963044	5622	20
5624	-692.3633	5624	19.973487149142315	5624	20
5626	-692.32390000000009	5626	19.92790595760917	5626	20
5628	-692.2845	5628	19.889921631350497	5628	20
5630	-692.2448	5630	19.883268026119183	5630	20
5632	-692.20490000000007	5632	19.894390021765048	5632	20
5634	-692.16540000000009	5634	19.870325018135496	5634	20
5636	-692.1259	5636	19.850270848453675	5636	20
5638	-692.0865	5638	19.825225707044776	5638	20
5640	-692.047	5640	19.812688089201934	5640	20
5642	-692.0076	5642	19.793906741001656	5642	20
5644	-691.9683	5644	19.769922284170185	5644	20
5646	-691.92900000000009	5646	19.74993523680115	5646	20
5648	-691.8896	5648	19.741612697343811	5648	20
5650	-691.85030000000006	5650	19.726343914445838	5650	20
5652	-691.8112	5652	19.69695326204452	5652	20
5654	-691.77190000000007	5654	19.689127718363096	5654	20
5656	-691.7326	5656	19.682606431971386	5656	20
5658	-691.69310000000007	5658	19.693838693307445	5658	20
5660	-691.654	5660	19.669865577762526	5660	20
5662	-691.6142	5662	19.708221314803257	5662	20
5664	-691.5746	5664	19.723517762331909	5664	20
5666	-691.5351	5666	19.727931468607881	5666	20
5668	-691.49520000000007	5668	19.76494289050563	5668	20
5670	-691.45530000000008	5670	19.795785742087087	5670	20
5672	-691.4153	5672	19.829821451745683	5672	20
5674	-691.3753	5674	19.858184543118373	5674	20
5676	-691.3354	5676	19.873487119264372	5676	20
5678	-691.2952	5678	19.9112392660559	5678	20
5680	-691.25510000000008	5680	19.934366055041462	5680	20
5682	-691.2151	5682	19.945305045874328	5682	20
5684	-691.1748	5684	19.979420871562109	5684	20
5686	-691.1348	5686	19.982850726298725	5686	20
5688	-691.0949	5688	19.977375605248	5688	20
5690	-691.0547	5690	19.99781300437559	5690	20
5692	-691.0145	5692	20.01484417031525	5692	20
5694	-690.97430000000008	5694	20.029036808588828	5694	20
5696	-690.9342	5696	20.032530673828376	5696	20
5698	-690.8938	5698	20.060442228188389	5698	20
5700	-690.8535	5700	20.075368523490493	5700	20
5702	-690.8135	5702	20.062807102915187	5702	20
5704	-690.773	5704	20.094005919091973	5704	20
5706	-690.7328	5706	20.095004932578902	5706	20
5708	-690.6928	5708	20.079170777146054	5708	20
5710	-690.65280000000007	5710	20.065975647618682	5710	20
5712	-690.61250000000007	5712	20.079979706349071	5712	20
5714	-690.57210000000009	5714	20.099983088622302	5714	20
5716	-690.53190000000006	5716	20.099985907187509	5716	20
5718	-690.4914	5718	20.124988255995049	5718	20
5720	-690.4511	5720	20.129156879996042	5720	20
5722	-690.41050000000007	5722	20.157630733323927	5722	20
5724	-690.37	5724	20.173025611108731	5724	20
5726	-690.3297	5726	20.169188009257443	5726	20
5728	-690.28910000000008	5728	20.190990007708429	5728	20
5730	-690.2487	5730	20.192491673097908	5730	20
5732	-690.2079	5732	20.22707639424744	5732	20
5734	-690.1674	5734	20.230896995202183	5734	20
5736	-690.1268	5736	20.242414162671849	5736	20
5738	-690.0863	5738	20.24367846888919	5738	20
5740	-690.0456	5740	20.2613987240756	5740	20
5742	-690.0053	5742	20.242832270063168	5742	20
5744	-689.96490000000006	5744	20.23569355838405	5744	20
5746	-689.9246	5746	20.221411298653543	5746	20
5748	-689.88420000000008	5748	20.217842748876027	5748	20
5750	-689.8436	5750	20.231535624066719	5750	20
5752	-689.80310000000009	5752	20.234613020051583	5752	20
5754	-689.7625	5754	20.245510850046351	5754	20
5756	-689.722	5756	20.246259041710751	5756	20
5758	-689.68170000000009	5758	20.230215868082986	5758	20
5760	-689.64100000000008	5760	20.250179890070431	5760	20
5762	-689.6004	5762	20.258483241728722	5762	20
5764	-689.5597	5764	20.273736034775212	5764	20
5766	-689.5193	5766	20.261446695644086	5766	20
5768	-689.47930000000008	5768	20.21787224636704	5768	20
5770	-689.4388	5770	20.223226871977992	5770	20
5772	-689.39870000000008	5772	20.194355726643202	5772	20
5774	-689.3588	5774	20.153629772211204	5774	20
5776	-689.31860000000006	5776	20.144691476835458	5776	20
5778	-689.2784	5778	20.137242897365141	5778	20
5780	-689.23840000000007	5780	20.114369081134587	5780	20
5782	-689.19800000000009	5782	20.128640900943566	5782	20
5784	-689.1577	5784	20.132200750795946	5784	20
5786	-689.11750000000006	5786	20.126833958989408	5786	20
5788	-689.0773	5788	20.122361632493433	5788	20
5790	-689.0371	5790	20.118634693746785	5790	20
5792	-688.99700000000007	5792	20.107195578117196	5792	20
5794	-688.95710000000008	5794	20.080996315096726	5794	20
5796	-688.91730000000007	5796	20.050830262581758	5796	20
5798	-688.8776	5798	20.017358552154711	5798	20
5800	-688.8377	5800	20.006132126794654	5800	20
5802	-688.7978	5802	19.996776772327941	5802	20
5804	-688.75790000000006	5804	19.988980643605679	5804	20
5806	-688.7177	5806	20.007483869673656	5806	20
5808	-688.6775	5808	20.022903224730307	5808	20
5810	-688.63740000000007	5810	20.0274193539368	5810	20
5812	-688.59750000000008	5812	20.01451612827973	5812	20
5814	-688.5574	5814	20.020430106904126	5814	20
5816	-688.5175	5816	20.0086917557525	5816	20
5818	-688.47750000000008	5818	20.007243129790719	5818	20
5820	-688.4375	5820	20.006035941498709	5820	20
5822	-688.3971	5822	20.038363284580335	5822	20
5824	-688.3572	5824	20.023636070482674	5824	20
5826	-688.31760000000008	5826	19.986363392064757	5826	20
5828	-688.278	5828	19.955302826725969	5828	20
5830	-688.2382	5830	19.946085688939458	5830	20
5832	-688.1987	5832	19.913404740780837	5832	20
5834	-688.159	5834	19.902837283987274	5834	20
5836	-688.1191	5836	19.910697736655123	5836	20
5838	-688.07940000000008	5838	19.900581447206374	5838	20
5840	-688.0399	5840	19.875484539346072	5840	20
5842	-688.0003	5842	19.862903782784255	5842	20
5844	-687.96080000000006	5844	19.844086485651502	5844	20
5846	-687.92140000000006	5846	19.8200720713763	5846	20
5848	-687.8823	5848	19.77506005948657	5848	20
5850	-687.8428	5850	19.770883382903431	5850	20
5852	-687.80360000000007	5852	19.742402819080947	5852	20
5854	-687.7644	5854	19.718669015905022	5854	20
5856	-687.7255	5856	19.673890846588549	5856	20
5858	-687.6865	5858	19.644909038822728	5858	20
5860	-687.64780000000007	5860	19.595757532348017	5860	20
5862	-687.60890000000006	5862	19.571464610291045	5862	20
5864	-687.5702	5864	19.53455384191442	5864	20
5866	-687.53140000000008	5866	19.512128201589	5866	20
5868	-687.4923	5868	19.518440167997156	5868	20
5870	-687.4534	5870	19.507033473331994	5870	20
5872	-687.41450000000009	5872	19.497527894434885	5872	20
5874	-687.3755	5874	19.497939912037484	5874	20
5876	-687.3368	5876	19.473283260026978	5876	20
5878	-687.2974	5878	19.51106938335586	5878	20
5880	-687.2589	5880	19.467557819463142	5880	20
5882	-687.21980000000008	5882	19.4812981828828	5882	20
5884	-687.1806	5884	19.501081819073232	5884	20
5886	-687.1417	5886	19.492568182562056	5886	20
5888	-687.1024	5888	19.518806818803853	5888	20
5890	-687.063	5890	19.549005682336588	5890	20
5892	-687.02330000000006	5892	19.599171401940925	5892	20
5894	-686.9838	5894	19.624309501624865	5894	20
5896	-686.9438	5896	19.686924584684355	5896	20
5898	-686.9038	5898	19.739103820567266	5898	20
5900	-686.864	5900	19.765919850473875	5900	20
5902	-686.8238	5902	19.821599875397155	5902	20
5904	-686.7838	5904	19.8513332294946	5904	20
5906	-686.7435	5906	19.901111024579002	5906	20
5908	-686.7034	5908	19.925925853820186	5908	20
5910	-686.6629	5910	19.979938211512803	5910	20
5912	-686.62250000000006	5912	20.016615176258746	5912	20
5914	-686.58210000000008	5914	20.04717931354703	5914	20
5916	-686.54180000000008	5916	20.064316094622693	5916	20
5918	-686.5013	5918	20.095263412191034	5918	20
5920	-686.4611	5920	20.096052843494785	5920	20
5922	-686.4206	5922	20.121710702908302	5922	20
5924	-686.38	5924	20.151425585760283	5924	20
5926	-686.33930000000009	5926	20.184521321458703	5926	20
5928	-686.2988	5928	20.195434434554379	5928	20
5930	-686.258	5930	20.229528695461166	5930	20
5932	-686.2174	5932	20.241273912887671	5932	20
5934	-686.1769	5934	20.24272826073571	5934	20
5936	-686.1361	5936	20.268940217278942	5936	20
5938	-686.0954	5938	20.282450181067059	5938	20
5940	-686.0546	5940	20.302041817555065	5940	20
5942	-686.01420000000007	5942	20.285034847960631	5942	20
5944	-685.9732	5944	20.320862373304998	5944	20
5946	-685.93220000000008	5946	20.350718644415831	5946	20
5948	-685.8916	5948	20.342265537016559	5948	20
5950	-685.8505	5950	20.376887947516181	5950	20
5952	-685.80950000000007	5952	20.39740662292515	5952	20
5954	-685.76870000000008	5954	20.397838852436806	5954	20
5956	-685.7281	5956	20.381532377034038	5956	20
5958	-685.6873	5958	20.384610314194212	5958	20
5960	-685.6468	5960	20.362175261833968	5960	20
5962	-685.606	5962	20.368479384860823	5962	20
5964	-685.5655	5964	20.348732820713334	5964	20
5966	-685.52500000000009	5966	20.332277350590427	5966	20
5968	-685.4844	5968	20.326897792162054	5968	20
5970	-685.4439	5970	20.314081493473836	5970	20
5972	-685.4035	5972	20.295067911226273	5972	20
5974	-685.3628	5974	20.3042232593565	5974	20
5976	-685.3224	5976	20.286852716128493	5976	20
5978	-685.28190000000006	5978	20.280710596769726	5978	20
5980	-685.24150000000009	5980	20.267258830639513	5980	20
5982	-685.2009	5982	20.272715692202958	5982	20
5984	-685.16050000000007	5984	20.260596410167206	5984	20
5986	-685.1199	5986	20.267163675142704	5986	20
5988	-685.07940000000008	5988	20.264303062614903	5988	20
5990	-685.03870000000006	5990	20.278585885513696	5990	20
5992	-684.9982	5992	20.273821571266872	5992	20
5994	-684.9574	5994	20.294851309388243	5994	20
5996	-684.91680000000008	5996	20.295709424484095	5996	20
5998	-684.8758	5998	20.329757853741217	5998	20
6000	-684.83530000000007	6000	20.316464878113663	6000	20
6002	-684.79460000000006	6002	20.322054065095994	6002	20
6004	-684.75380000000007	6004	20.335045054245843	6004	20
6006	-684.7131	6006	20.337537545206143	6006	20
6008	-684.6722	6008	20.35628128767835	6008	20
6010	-684.6314	6010	20.363567739731142	6010	20
6012	-684.5904	6012	20.386306449770952	6012	20
6014	-684.5496	6014	20.388588708141643	6014	20
6016	-684.5084	6016	20.423823923451657	6016	20
6018	-684.4673	6018	20.44485326954543	6018	20
6020	-684.42640000000006	6020	20.445711057951613	6020	20
6022	-684.38550000000009	6022	20.446425881623433	6022	20
6024	-684.3446	6024	20.447021568026091	6024	20
6026	-684.3038	6026	20.439184640020926	6026	20
6028	-684.26330000000007	6028	20.407653866680089	6028	20
6030	-684.2224	6030	20.414711555573305	6030	20
6032	-684.18180000000007	6032	20.395592962971648	6032	20
6034	-684.14100000000008	6034	20.396327469142221	6034	20
6036	-684.1006	6036	20.363606224292734	6036	20
6038	-684.0602	6038	20.33633852024202	6038	20
6040	-684.0198	6040	20.313615433533091	6040	20
6042	-683.9795	6042	20.286346194611077	6042	20
6044	-683.9394	6044	20.246955162180249	6044	20
6046	-683.89910000000009	6046	20.230795968474236	6046	20
6048	-683.8592	6048	20.183996640403731	6048	20
6050	-683.81940000000009	6050	20.136663866994787	6050	20
6052	-683.7797	6052	20.088886555832236	6052	20
6054	-683.74	6054	20.04907212986344	6054	20
6056	-683.7005	6056	19.999226774884157	6056	20
6058	-683.6611	6058	19.949355645736844	6058	20
6060	-683.6215	6060	19.924463038119374	6060	20
6062	-683.5819	6062	19.903719198428675	6062	20
6064	-683.5429	6064	19.836432665356167	6064	20
6066	-683.5034	6066	19.822027221128096	6066	20
6068	-683.46390000000008	6068	19.81002268427137	6068	20
6070	-683.4246	6070	19.783352236894945	6070	20
6072	-683.3854	6072	19.752793530750019	6072	20
6074	-683.3459	6074	19.752327942289639	6074	20
6076	-683.30670000000009	6076	19.726939951902789	6076	20
6078	-683.2675	6078	19.705783293256555	6078	20
6080	-683.22800000000007	6080	19.713152744378419	6080	20
6082	-683.1887	6082	19.702627286984153	6082	20
6084	-683.14960000000008	6084	19.677189405816979	6084	20
6086	-683.1104	6086	19.664324504851713	6086	20
6088	-683.07130000000006	6088	19.645270420706609	6088	20
6090	-683.0321	6090	19.637725350593072	6090	20
6092	-682.9927	6092	19.648104458827607	6092	20
6094	-682.9536	6094	19.631753715686521	6094	20
6096	-682.9142	6096	19.64312809640548	6096	20
6098	-682.87470000000008	6098	19.660940080335855	6098	20
6100	-682.83530000000007	6100	19.667450066946593	6100	20
6102	-682.7958	6102	19.681208389129587	6102	20
6104	-682.7564	6104	19.6843403242747	6104	20
6106	-682.7169	6106	19.695283603560206	6106	20
6108	-682.6774	6108	19.704403002964796	6108	20
6110	-682.638	6110	19.703669169137374	6110	20
6112	-682.59840000000008	6112	19.719724307610342	6112	20
6114	-682.5592	6114	19.699770256346184	6114	20
6116	-682.5198	6116	19.6998085469552	6116	20
6118	-682.4802	6118	19.716507122468006	6118	20
6120	-682.441	6120	19.697089268718095	6120	20
6122	-682.4016	6122	19.697574390598458	6122	20
6124	-682.3621	6124	19.706311992163336	6124	20
6126	-682.3225	6126	19.721926660141452	6126	20
6128	-682.2831	6128	19.718272216784587	6128	20
6130	-682.2435	6130	19.731893513983017	6130	20
6132	-682.2038	6132	19.751577928322426	6132	20
6134	-682.1643	6134	19.751314940266646	6134	20
6136	-682.12470000000008	6136	19.759429116884736	6136	20
6138	-682.085	6138	19.774524264073857	6138	20
6140	-682.0454	6140	19.778770220066885	6140	20
6142	-682.0058	6142	19.782308516718267	6142	20
6144	-681.9664	6144	19.7685904305986	6144	20
6146	-681.92680000000007	6146	19.773825358828031	6146	20
6148	-681.88740000000007	6148	19.761521132356737	6148	20
6150	-681.8481	6150	19.742934276966086	6150	20
6152	-681.8088	6152	19.727445230807209	6152	20
6154	-681.7695	6154	19.71453769234148	6154	20
6156	-681.72970000000009	6156	19.745448076942914	6156	20
6158	-681.6898	6158	19.77954006412763	6158	20
6160	-681.6498	6160	19.816283386769996	6160	20
6162	-681.6097	6162	19.855236155646015	6162	20
6164	-681.56950000000006	6164	19.8960301296978	6164	20
6166	-681.5298	6166	19.888358441418077	6166	20
6168	-681.48970000000008	6168	19.915298701176606	6168	20
6170	-681.4494	6170	19.954415584323478	6170	20
6172	-681.4092	6172	19.978679653595684	6172	20
6174	-681.36880000000008	6174	20.015566377994478	6174	20
6176	-681.3286	6176	20.029638648330991	6176	20
6178	-681.28870000000006	6178	20.016365540274887	6178	20
6180	-681.2485	6180	20.030304616897997	6180	20
6182	-681.2082	6182	20.050253847415167	6182	20
6184	-681.16810000000009	6184	20.050211539507515	6184	20
6186	-681.1277	6186	20.075176282930482	6186	20
6188	-681.08710000000008	6188	20.112646902435962	6188	20
6190	-681.0467	6190	20.127205752037518	6190	20
6192	-681.0063	6192	20.139338126696007	6192	20
6194	-680.966	6194	20.141115105580173	6194	20
6196	-680.9256	6196	20.150929254648219	6196	20
6198	-680.8853	6198	20.150774378873685	6198	20
6200	-680.8446	6200	20.183978649062681	6200	20
6202	-680.80400000000009	6202	20.203315540879462	6202	20
6204	-680.76380000000006	6204	20.186096284068476	6204	20
6206	-680.7236	6206	20.171746903392656	6206	20
6208	-680.68350000000009	6208	20.151455752822088	6208	20
6210	-680.6432	6210	20.15121312736138	6210	20
6212	-680.60290000000009	6212	20.151010939458512	6212	20
6214	-680.5625	6214	20.159175782889644	6214	20
6216	-680.5222	6216	20.157646485741537	6216	20
6218	-680.4818	6218	20.164705404782691	6218	20
6220	-680.4414	6220	20.170587837316983	6220	20
6222	-680.40100000000007	6222	20.175489864428894	6222	20
6224	-680.3605	6224	20.187908220362868	6224	20
6226	-680.3202	6226	20.18159018363589	6226	20
6228	-680.27960000000007	6228	20.201325153023802	6228	20
6230	-680.2391	6230	20.209437627525293	6230	20
6232	-680.1987	6232	20.207864689602488	6232	20
6234	-680.1584	6234	20.198220574668909	6234	20
6236	-680.1181	6236	20.190183812224259	6236	20
6238	-680.0779	6238	20.175153176855808	6238	20
6240	-680.0375	6240	20.179294314044583	6240	20
6242	-679.9969	6242	20.199411928373852	6242	20
6244	-679.9564	6244	20.207843273640858	6244	20
6246	-679.91590000000008	6246	20.2148693946967	6246	20
6248	-679.8754	6248	20.22072449558604	6248	20
6250	-679.835	6250	20.217270412986444	6250	20
6252	-679.7948	6252	20.197725344157629	6252	20
6254	-679.7544	6254	20.198104453462765	6254	20
6256	-679.7141	6256	20.190087044552474	6256	20
6258	-679.6739	6258	20.175072537129321	6258	20
6260	-679.63380000000006	6260	20.154227114269311	6260	20
6262	-679.59390000000008	6262	20.120189261890154	6262	20
6264	-679.5543	6264	20.0668243849138	6264	20
6266	-679.5144	6266	20.047353654093897	6266	20
6268	-679.47440000000006	6268	20.03946137840855	6268	20
6270	-679.4347	6270	20.007884482010368	6270	20
6272	-679.3952	6272	19.964903735006597	6272	20
6274	-679.35570000000007	6274	19.929086445836788	6274	20
6276	-679.3164	6276	19.882572038199463	6276	20
6278	-679.277	6278	19.852143365166263	6278	20
6280	-679.2376	6280	19.8267861376386	6280	20
6282	-679.1984	6282	19.7889884480364	6282	20
6284	-679.1594	6284	19.740823706695938	6284	20
6286	-679.12010000000009	6286	19.725686422239278	6286	20
6288	-679.08080000000007	6288	19.71307201853487	6288	20
6290	-679.0416	6290	19.694226682116621	6290	20
6292	-679.0026	6292	19.661855568429456	6292	20
6294	-678.96350000000007	6294	19.643212973688062	6294	20
6296	-678.9243	6296	19.636010811410948	6296	20
6298	-678.8854	6298	19.605009009510155	6298	20
6300	-678.8465	6300	19.579174174592829	6300	20
6302	-678.80720000000008	6302	19.59097847882002	6302	20
6304	-678.7684	6304	19.55914873235314	6304	20
6306	-678.7292	6306	19.565957276965182	6306	20
6308	-678.6901	6308	19.563297730801168	6308	20
6310	-678.6513	6310	19.53608144233743	6310	20
6312	-678.6122	6312	19.538401201944708	6312	20
6314	-678.5724	6314	19.59866766828841	6314	20
6316	-678.5333	6316	19.59055639023719	6316	20
6318	-678.49380000000008	6318	19.617130325195614	6318	20
6320	-678.45440000000008	6320	19.630941937663057	6320	20
6322	-678.4152	6322	19.625784948056779	6322	20
6324	-678.3754	6324	19.671487456715134	6324	20
6326	-678.33570000000009	6326	19.701239547256382	6326	20
6328	-678.2961	6328	19.717699622718989	6328	20
6330	-678.2563	6330	19.748083018933642	6330	20
6332	-678.2165	6332	19.773402515779186	6332	20
6334	-678.1765	6334	19.811168763146291	6334	20
6336	-678.1367	6336	19.825973969289727	6336	20
6338	-678.0967	6338	19.85497830773841	6338	20
6340	-678.0566	6340	19.887481923119694	6340	20
6342	-678.0167	6342	19.897901602598807	6342	20
6344	-677.9768	6344	19.906584668831403	6344	20
6346	-677.9364	6346	19.955487224024246	6346	20
6348	-677.89640000000009	6348	19.962906020017176	6348	20
6350	-677.8563	6350	19.977421683352	6350	20
6352	-677.8164	6352	19.972851402792394	6352	20
6354	-677.7763	6354	19.985709502331346	6354	20
6356	-677.73610000000008	6356	20.004757918602241	6356	20
6358	-677.6961	6358	20.003964932174977	6358	20
6360	-677.6559	6360	20.019970776814738	6360	20
6362	-677.6155	6362	20.04997564734369	6362	20
6364	-677.5753	6364	20.058313039455332	6364	20
6366	-677.5348	6366	20.090260866208759	6366	20
6368	-677.49430000000007	6368	20.116884055169947	6368	20
6370	-677.4541	6370	20.114070045977215	6370	20
6372	-677.41370000000006	6372	20.128391704979087	6372	20
6374	-677.373	6374	20.165326420817181	6374	20
6376	-677.33210000000008	6376	20.21277201734474	6376	20
6378	-677.29140000000007	6378	20.23564334778856	6378	20
6380	-677.2504	6380	20.279702789828271	6380	20
6382	-677.2097	6382	20.291418991524836	6382	20
6384	-677.1688	6384	20.317849159601121	6384	20
6386	-677.128	6386	20.331540966333449	6386	20
6388	-677.0874	6388	20.326284138614572	6388	20
6390	-677.0469	6390	20.313570115508124	6390	20
6392	-677.00610000000006	6392	20.327975096255951	6392	20
6394	-676.9655	6394	20.323312580216658	6394	20
6396	-676.9249	6396	20.319427150183913	6396	20
6398	-676.884	6398	20.341189291817017	6398	20
6400	-676.8436	6400	20.317657743178923	6400	20
6402	-676.8033	6402	20.289714785982603	6402	20
6404	-676.76290000000006	6404	20.274762321650247	6404	20
6406	-676.7227	6406	20.245635268044129	6406	20
6408	-676.6823	6408	20.23802939003485	6408	20
6410	-676.642	6410	20.223357825029211	6410	20
6412	-676.6019	6412	20.19446485419536	6412	20
6414	-676.5614	6414	20.203720711825451	6414	20
6416	-676.52100000000007	6416	20.203100593185951	6416	20
6418	-676.48060000000009	6418	20.202583827653037	6418	20
6420	-676.4403	6420	20.193819856387172	6420	20
6422	-676.39960000000008	6422	20.219849880314445	6422	20
6424	-676.359	6424	20.233208233598734	6424	20
6426	-676.31850000000009	6426	20.23600686132826	6426	20
6428	-676.2776	6428	20.271672384446781	6428	20
6430	-676.2368	6430	20.2930603203715	6430	20
6432	-676.1964	6432	20.277550266974323	6432	20
6434	-676.1561	6434	20.256291889145437	6434	20
6436	-676.11560000000009	6436	20.255243240950513	6436	20
6438	-676.0755	6438	20.221036034129778	6438	20
6440	-676.03500000000008	6440	20.2258633617708	6440	20
6442	-675.9945	6442	20.229886134814457	6442	20
6444	-675.9543	6444	20.208238445680973	6444	20
6446	-675.91410000000008	6446	20.190198704726932	6446	20
6448	-675.8737	6448	20.191832253946661	6448	20
6450	-675.8337	6450	20.159860211619186	6450	20
6452	-675.7935	6452	20.149883509684912	6452	20
6454	-675.75330000000008	6454	20.14156959139688	6454	20
6456	-675.71300000000008	6456	20.142974659497568	6456	20
6458	-675.67270000000008	6458	20.144145549581477	6458	20
6460	-675.6325	6460	20.136787957986822	6460	20
6462	-675.59210000000007	6462	20.147323298320426	6462	20
6464	-675.552	6464	20.131102748604707	6464	20
6466	-675.51200000000006	6466	20.109252290500891	6466	20
6468	-675.47250000000008	6468	20.049376908748698	6468	20
6470	-675.4324	6470	20.049480757294933	6470	20
6472	-675.3927	6472	20.01623396441569	6472	20
6474	-675.3526	6474	20.021861637007952	6474	20
6476	-675.3128	6476	20.001551364174446	6476	20
6478	-675.2727	6478	20.00962613681639	6478	20
6480	-675.2329	6480	19.991355114014809	6480	20
6482	-675.19310000000007	6482	19.976129261670689	6482	20
6484	-675.1535	6484	19.946774384730912	6484	20
6486	-675.11390000000006	6486	19.922311987271623	6486	20
6488	-675.07400000000007	6488	19.926926656058747	6488	20
6490	-675.0349	6490	19.864105546721945	6490	20
6492	-674.9954	6492	19.845087955599578	6492	20
6494	-674.9561	6494	19.81257329633512	6494	20
6496	-674.9169	6496	19.777144413607356	6496	20
6498	-674.8777	6498	19.747620344677028	6498	20
6500	-674.8388	6500	19.698016953898556	6500	20
6502	-674.7992	6502	19.715014128244658	6502	20
6504	-674.7599	6504	19.704178440206018	6504	20
6506	-674.7206	6506	19.695148700173821	6506	20
6508	-674.6812	6508	19.695957250144897	6508	20
6510	-674.6418	6510	19.696631041787459	6510	20
6512	-674.6026	6512	19.680525868150973	6512	20
6514	-674.5634	6514	19.667104890130041	6514	20
6516	-674.52420000000006	6516	19.655920741769791	6516	20
6518	-674.48480000000006	6518	19.663267284808203	6518	20
6520	-674.4457	6520	19.644389404013157	6520	20
6522	-674.4067	6522	19.620324503343237	6522	20
6524	-674.3676	6524	19.60860375278288	6524	20
6526	-674.3288	6526	19.573836460655524	6526	20
6528	-674.2897	6528	19.569863717209785	6528	20
6530	-674.2504	6530	19.583219764343625	6530	20
6532	-674.2114	6532	19.569349803618625	6532	20
6534	-674.17230000000006	6534	19.566124836345704	6534	20
6536	-674.133	6536	19.580104030290226	6536	20
6538	-674.094	6538	19.566753358574125	6538	20
6540	-674.05450000000008	6540	19.597294465476395	6540	20
6542	-674.015	6542	19.622745387904423	6542	20
6544	-673.97570000000007	6544	19.627287823246348	6544	20
6546	-673.9361	6546	19.656073186043962	6546	20
6548	-673.8966	6548	19.671727655034591	6548	20
6550	-673.8568	6550	19.709773045863312	6550	20
6552	-673.8171	6552	19.733144204889339	6552	20
6554	-673.7772	6554	19.769286837406845	6554	20
6556	-673.7374	6556	19.791072364506856	6556	20
6558	-673.6975	6558	19.817560303754775	6558	20
6560	-673.6575	6560	19.847966919792615	6560	20
6562	-673.6173	6562	19.889972433162772	6562	20
6564	-673.577	6564	19.933310360969145	6564	20
6566	-673.5366	6566	19.977758634139029	6566	20
6568	-673.49600000000009	6568	20.031465528443086	6568	20
6570	-673.4556	6570	20.059554607043456	6570	20
6572	-673.41540000000009	6572	20.066295505862332	6572	20
6574	-673.3751	6574	20.080246254894917	6574	20
6576	-673.3347	6576	20.100205212410508	6576	20
6578	-673.2943	6578	20.116837677006831	6578	20
6580	-673.2544	6580	20.089031397504755	6580	20
6582	-673.214	6582	20.107526164585373	6582	20
6584	-673.1743	6584	20.064605137157724	6584	20
6586	-673.134	6586	20.078837614298273	6586	20
6588	-673.09350000000006	6588	20.107364678577877	6588	20
6590	-673.0534	6590	20.097803898819247	6590	20
6592	-673.013	6592	20.114836582347447	6592	20
6594	-672.9728	6594	20.112363818625131	6594	20
6596	-672.9324	6596	20.126969848852351	6596	20
6598	-672.892	6598	20.139141540708369	6598	20
6600	-672.8517	6600	20.140951283923808	6600	20
6602	-672.81180000000006	6602	20.10912606993557	6602	20
6604	-672.7712	6604	20.140938391616341	6604	20
6606	-672.7309	6606	20.142448659680454	6606	20
6608	-672.69040000000007	6608	20.160373883063027	6608	20
6610	-672.65000000000009	6610	20.166978235883931	6610	20
6612	-672.6094	6612	20.189148529906642	6612	20
6614	-672.5688	6614	20.207623774925565	6614	20
6616	-672.528	6616	20.23968647910382	6616	20
6618	-672.4872	6618	20.266405399252367	6618	20
6620	-672.44630000000006	6620	20.297004499374061	6620	20
6622	-672.4056	6622	20.305837082812992	6622	20
6624	-672.3649	6624	20.313197569012104	6624	20
6626	-672.3246	6626	20.285997974176922	6626	20
6628	-672.2836	6628	20.321664978485241	6628	20
6630	-672.2428	6630	20.33472081540355	6630	20
6632	-672.2021	6632	20.3372673461709	6632	20
6634	-672.1611	6634	20.364389455137417	6634	20
6636	-672.1203	6636	20.370324545947028	6636	20
6638	-672.0796	6638	20.3669371216238	6638	20
6640	-672.03910000000008	6640	20.347447601349149	6640	20
6642	-671.9986	6642	20.331206334463083	6642	20
6644	-671.9583	6644	20.301005278719405	6644	20
6646	-671.9174	6646	20.32583773226326	6646	20
6648	-671.8767	6648	20.329864776887327	6648	20
6650	-671.836	6650	20.33322064740738	6650	20
6652	-671.7956	6652	20.311017206170892	6652	20
6654	-671.7553	6654	20.284181005142578	6654	20
6656	-671.7148	6656	20.278484170957608	6656	20
6658	-671.6746	6658	20.248736809124125	6658	20
6660	-671.6341	6660	20.24894734094223	6660	20
6662	-671.5936	6662	20.249122784114508	6662	20
6664	-671.553	6664	20.257602320098787	6664	20
6666	-671.5123	6666	20.273001933416932	6666	20
6668	-671.472	6668	20.252501611180946	6668	20
6670	-671.4316	6670	20.243751342648864	6670	20
6672	-671.3913	6672	20.228126118874222	6672	20
6674	-671.3509	6674	20.223438432393262	6674	20
6676	-671.3105	6676	20.219532026992461	6676	20
6678	-671.27	6678	20.224610022499174	6678	20
6680	-671.2295	6680	20.228841685411961	6680	20
6682	-671.1891	6682	20.224034737841375	6682	20
6684	-671.14870000000008	6684	20.220028948199221	6684	20
6686	-671.1083	6686	20.216690790173569	6686	20
6688	-671.0678	6688	20.222242325140623	6688	20
6690	-671.0275	6690	20.210201937617356	6690	20
6692	-670.9871	6692	20.208501614679207	6692	20
6694	-670.9469	6694	20.190418012234932	6694	20
6696	-670.9068	6696	20.167015010200128	6696	20
6698	-670.86660000000006	6698	20.155845841826228	6698	20
6700	-670.8268	6700	20.113204868189676	6700	20
6702	-670.78680000000008	6702	20.094337390155033	6702	20
6704	-670.7472	6704	20.045281158467866	6704	20
6706	-670.70720000000006	6706	20.037734298720192	6706	20
6708	-670.66730000000007	6708	20.023111915599223	6708	20
6710	-670.6275	6710	20.002593263000506	6710	20
6712	-670.5879	6712	19.968827719172427	6712	20
6714	-670.5483	6714	19.940689765972884	6714	20
6716	-670.5089	6716	19.900574804977449	6716	20
6718	-670.46940000000006	6718	19.875479004145831	6718	20
6720	-670.4302	6720	19.829565836792423	6720	20
6722	-670.3908	6722	19.807971530660396	6722	20
6724	-670.35160000000008	6724	19.773309608878421	6724	20
6726	-670.3123	6726	19.752758007400821	6726	20
6728	-670.2729	6728	19.743965006167397	6728	20
6730	-670.2341	6730	19.68663750514262	6730	20
6732	-670.1952	6732	19.647197920953214	6732	20
6734	-670.1563	6734	19.614331600795378	6734	20
6736	-670.11740000000009	6736	19.586943000654372	6736	20
6738	-670.0783	6738	19.580785833884963	6738	20
6740	-670.03910000000008	6740	19.583988194898893	6740	20
6742	-670	6742	19.5783234957554	6742	20
6744	-669.9606	6744	19.598602913129543	6744	20
6746	-669.9213	6746	19.607169094276756	6746	20
6748	-669.88240000000008	6748	19.580974245222187	6748	20
6750	-669.8431	6750	19.592478537687295	6750	20
6752	-669.8037	6752	19.610398781406126	6752	20
6754	-669.7644	6754	19.616998984507244	6754	20
6756	-669.725	6756	19.630832487089414	6756	20
6758	-669.6858	6758	19.62569373924541	6758	20
6760	-669.6466	6760	19.62141144936593	6760	20
6762	-669.607	6762	19.651176207810281	6762	20
6764	-669.56770000000006	6764	19.6509801731679	6764	20
6766	-669.5284	6766	19.650816810975385	6766	20
6768	-669.489	6768	19.6590140091462	6768	20
6770	-669.4494	6770	19.682511674293838	6770	20
6772	-669.4098	6772	19.702093061907394	6772	20
6774	-669.37010000000009	6774	19.72674421824993	6774	20
6776	-669.3307	6776	19.722286848551128	6776	20
6778	-669.2908	6778	19.760239040458337	6778	20
6780	-669.25110000000006	6780	19.775199200375717	6780	20
6782	-669.2114	6782	19.787666000316342	6782	20
6784	-669.17140000000006	6784	19.823055000260588	6784	20
6786	-669.1318	6786	19.819212500222495	6786	20
6788	-669.0922	6788	19.816010416847941	6788	20
6790	-669.0524	6790	19.83000868070777	6790	20
6792	-669.0125	6792	19.850007233922206	6792	20
6794	-668.9728	6794	19.85000602827175	6794	20
6796	-668.9328	6796	19.87500502355676	6796	20
6798	-668.89280000000008	6798	19.8958375196276	6798	20
6800	-668.85300000000007	6800	19.896531266357485	6800	20
6802	-668.8128	6802	19.930442721966831	6802	20
6804	-668.7729	6804	19.933702268304753	6804	20
6806	-668.7326	6806	19.96975189025413	6806	20
6808	-668.6924	6808	19.991459908547366	6808	20
6810	-668.6525	6810	19.984549923788535	6810	20
6812	-668.6122	6812	20.012124936490615	6812	20
6814	-668.5718	6814	20.04343744707359	6814	20
6816	-668.5318	6816	20.036197872567769	6816	20
6818	-668.49150000000009	6818	20.055164893797169	6818	20
6820	-668.45170000000007	6820	20.02930407816546	6820	20
6822	-668.4112	6822	20.066086731810007	6822	20
6824	-668.3708	6824	20.088405609839747	6824	20
6826	-668.3304	6826	20.10700467486453	6826	20
6828	-668.29040000000009	6828	20.089170562384076	6828	20
6830	-668.2503	6830	20.082642135324416	6830	20
6832	-668.2101	6832	20.085535112772604	6832	20
6834	-668.1702	6834	20.062945927309567	6834	20
6836	-668.13	6836	20.069121606093564	6836	20
6838	-668.0895	6838	20.099268005073952	6838	20
6840	-668.0497	6840	20.066056670896113	6840	20
6842	-668.0098	6842	20.046713892412491	6842	20
6844	-667.9699	6844	20.030594910342806	6844	20
6846	-667.9297	6846	20.04216242528793	6846	20
6848	-667.8895	6848	20.051802021075535	6848	20
6850	-667.84940000000006	6850	20.051501684224487	6850	20
6852	-667.80910000000006	6852	20.06791807018724	6852	20
6854	-667.769	6854	20.064931725160385	6854	20
6856	-667.7287	6856	20.079109770967158	6856	20
6858	-667.6884	6858	20.090924809139466	6858	20
6860	-667.64820000000009	6860	20.092437340942343	6860	20
6862	-667.6079	6862	20.102031117461593	6862	20
6864	-667.56760000000008	6864	20.110025931208689	6864	20
6866	-667.5272	6866	20.125021609348124	6866	20
6868	-667.4871	6868	20.112518007784981	6868	20
6870	-667.44670000000008	6870	20.127098339818893	6870	20
6872	-667.40690000000006	6872	20.089248616516898	6872	20
6874	-667.36650000000009	6874	20.107707180428825	6874	20
6876	-667.3264	6876	20.098089317028371	6876	20
6878	-667.2863	6878	20.090074430861328	6878	20
6880	-667.2457	6880	20.125062025711667	6880	20
6882	-667.20530000000008	6882	20.137551688091133	6882	20
6884	-667.1648	6884	20.156293073414734	6884	20
6886	-667.12430000000006	6886	20.171910894508262	6886	20
6888	-667.0834	6888	20.218259078763449	6888	20
6890	-667.043	6890	20.215215898967617	6890	20
6892	-667.0026	6892	20.212679915804422	6892	20
6894	-666.962	6894	20.227233263173716	6894	20
6896	-666.9215	6896	20.231027719307413	6896	20
6898	-666.8809	6898	20.242523099426208	6898	20
6900	-666.84030000000007	6900	20.252102582849066	6900	20
6902	-666.7999	6902	20.24341881904844	6902	20
6904	-666.75960000000009	6904	20.227849015864393	6904	20
6906	-666.7192	6906	20.22320751322788	6906	20
6908	-666.67910000000006	6908	20.194339594351444	6908	20
6910	-666.63880000000006	6910	20.186949661959705	6910	20
6912	-666.5987	6912	20.164124718304105	6912	20
6914	-666.55850000000009	6914	20.153437265246207	6914	20
6916	-666.5185	6916	20.127864387711618	6916	20
6918	-666.47880000000009	6918	20.08155365642012	6918	20
6920	-666.4391	6920	20.042961380353344	6920	20
6922	-666.3994	6922	20.0108011502977	6922	20
6924	-666.35980000000006	6924	19.975667625243943	6924	20
6926	-666.3202	6926	19.946389687708624	6926	20
6928	-666.2806	6928	19.921991406419718	6928	20
6930	-666.2408	6930	19.918326172017583	6930	20
6932	-666.20130000000006	6932	19.890271810012607	6932	20
6934	-666.1617	6934	19.875226508349176	6934	20
6936	-666.1221	6936	19.86268875695351	6936	20
6938	-666.0828	6938	19.82724063079673	6938	20
6940	-666.0433	6940	19.814367192328564	6940	20
6942	-666.0041	6942	19.778639326944703	6942	20
6944	-665.9645	6944	19.782199439116447	6944	20
6946	-665.9251	6946	19.768499532597083	6946	20
6948	-665.8859	6948	19.740416277168467	6948	20
6950	-665.84660000000008	6950	19.725346897633052	6950	20
6952	-665.807	6952	19.737789081366216	6952	20
6954	-665.7679	6954	19.706490901135364	6954	20
6956	-665.72880000000009	6956	19.68040908427632	6956	20
6958	-665.6897	6958	19.658674236903256	6958	20
6960	-665.6504	6960	19.65722853075485	6960	20
6962	-665.6113	6962	19.639357108959224	6962	20
6964	-665.57220000000007	6964	19.624464257462868	6964	20
6966	-665.5327	6966	19.645386881226486	6966	20
6968	-665.493	6968	19.679489067682507	6968	20
6970	-665.4536	6970	19.682907556402135	6970	20
6972	-665.4142	6972	19.685756297001824	6972	20
6974	-665.3749	6974	19.679796914170325	6974	20
6976	-665.3356	6976	19.674830761810743	6976	20
6978	-665.29590000000007	6978	19.704025634836054	6978	20
6980	-665.2559	6980	19.753354695703155	6980	20
6982	-665.21620000000007	6982	19.769462246413067	6982	20
6984	-665.1765	6984	19.782885205347466	6984	20
6986	-665.1368	6986	19.794071004459465	6986	20
6988	-665.09710000000007	6988	19.80339250370999	6988	20
6990	-665.05720000000008	6990	19.827827086424055	6990	20
6992	-665.0175	6992	19.831522572023289	6992	20
6994	-664.9777	6994	19.842935476687227	6994	20
6996	-664.9378	6996	19.860779563905083	6996	20
6998	-664.8977	6998	19.892316303258589	6998	20
7000	-664.8578	7000	19.901930252714553	7000	20
7002	-664.8179	7002	19.90994187726119	7002	20
7004	-664.7777	7004	19.941618231053251	7004	20
7006	-664.73750000000007	7006	19.968015192537163	7006	20
7008	-664.69710000000009	7008	20.006679327112376	7008	20
7010	-664.6568	7010	20.030566105936622	7010	20
7012	-664.61650000000009	7012	20.050471754937877	7012	20
7014	-664.5759	7014	20.09205979578493	7014	20
7016	-664.5356	7016	20.101716496487612	7016	20
7018	-664.4953	7018	20.109763747073178	7018	20
7020	-664.455	7020	20.116469789227818	7020	20
7022	-664.4144	7022	20.147058157693213	7022	20
7024	-664.3742	7024	20.13921513141327	7024	20
7026	-664.3337	7026	20.157679276173706	7026	20
7028	-664.2931	7028	20.181399396814786	7028	20
7030	-664.25290000000007	7030	20.167832830671774	7030	20
7032	-664.21260000000007	7032	20.164860692226647	7032	20
7034	-664.1726	7034	20.137383910195318	7034	20
7036	-664.1321	7036	20.156153258492083	7036	20
7038	-664.0914	7038	20.188461048744678	7038	20
7040	-664.0508	7040	20.207050873957265	7040	20
7042	-664.0107	7042	20.180875728292598	7042	20
7044	-663.96980000000008	7044	20.225729773574255	7044	20
7046	-663.9294	7046	20.221441477986097	7046	20
7048	-663.8889	7048	20.226201231651064	7048	20
7050	-663.8482	7050	20.246834359710494	7050	20
7052	-663.8075	7052	20.264028633093353	7052	20
7054	-663.7671	7054	20.253357194242536	7054	20
7056	-663.7264	7056	20.269464328536721	7056	20
7058	-663.6856	7058	20.291220273779782	7058	20
7060	-663.6449	7060	20.30101689481776	7060	20
7062	-663.6044	7062	20.292514079010783	7062	20
7064	-663.5635	7064	20.318761732515551	7064	20
7066	-663.52280000000007	7066	20.323968110421426	7066	20
7068	-663.4826	7068	20.286640092020114	7068	20
7070	-663.44170000000008	7070	20.313866743347184	7070	20
7072	-663.40100000000007	7072	20.319888952790595	7072	20
7074	-663.3603	7074	20.324907460660103	7074	20
7076	-663.3197	7076	20.320756217220119	7076	20
7078	-663.27920000000006	7078	20.308963514346082	7078	20
7080	-663.23880000000008	7080	20.290802928619811	7080	20
7082	-663.1985	7082	20.267335773859482	7082	20
7084	-663.15820000000008	7084	20.247779811540262	7084	20
7086	-663.118	7086	20.223149842952477	7086	20
7088	-663.0774	7088	20.235958202463763	7088	20
7090	-663.037	7090	20.229965168717879	7090	20
7092	-662.9967	7092	20.2166376405984	7092	20
7094	-662.9561	7094	20.230531367168698	7094	20
7096	-662.9156	7096	20.233776139303231	7096	20
7098	-662.8754	7098	20.211480116088286	7098	20
7100	-662.8351	7100	20.201233430073739	7100	20
7102	-662.7949	7102	20.184361191730375	7102	20
7104	-662.7546	7104	20.178634326442147	7104	20
7106	-662.7142	7106	20.182195272033198	7106	20
7108	-662.67410000000007	7108	20.160162726689208	7108	20
7110	-662.63380000000006	7110	20.158468938907841	7110	20
7112	-662.5936	7112	20.148724115758792	7112	20
7114	-662.55310000000009	7114	20.165603429794977	7114	20
7116	-662.5126	7116	20.179669524834605	7116	20
7118	-662.47210000000007	7118	20.191391270691486	7118	20
7120	-662.4315	7120	20.209492725579604	7120	20
7122	-662.3909	7122	20.224577271319703	7122	20
7124	-662.3505	7124	20.220481059431162	7124	20
7126	-662.3101	7126	20.217067549524042	7126	20
7128	-662.27	7128	20.189222957941052	7128	20
7130	-662.22980000000007	7130	20.174352464943663	7130	20
7132	-662.1896	7132	20.161960387455309	7132	20
7134	-662.14960000000008	7134	20.134966989543059	7134	20
7136	-662.1094	7136	20.129139157954807	7136	20
7138	-662.0696	7138	20.090949298296824	7138	20
7140	-662.0298	7140	20.059124415248505	7140	20
7142	-661.9895	7142	20.074270346040588	7142	20
7144	-661.9498	7144	20.036891955037067	7144	20
7146	-661.90960000000007	7146	20.047409962523677	7146	20
7148	-661.87	7148	20.006174968775067	7148	20
7150	-661.8304	7150	19.971812473975085	7150	20
7152	-661.7908	7152	19.943177061651241	7152	20
7154	-661.7518	7154	19.869314218041641	7154	20
7156	-661.71250000000009	7156	19.832761848360697	7156	20
7158	-661.6735	7158	19.777301540308994	7158	20
7160	-661.6344	7160	19.739417950254342	7160	20
7162	-661.5952	7162	19.716181625216183	7162	20
7164	-661.5562	7164	19.680151354345757	7164	20
7166	-661.5173	7166	19.641792795289163	7166	20
7168	-661.4783	7168	19.618160662739907	7168	20
7170	-661.4394	7170	19.590133885617622	7170	20
7172	-661.40010000000007	7172	19.60011157134068	7172	20
7174	-661.36110000000008	7174	19.583426309449504	7174	20
7176	-661.322	7176	19.577855257880906	7176	20
7178	-661.2833	7178	19.539879381563164	7178	20
7180	-661.24380000000008	7180	19.574899484633924	7180	20
7182	-661.20490000000007	7182	19.554082903862636	7182	20
7184	-661.1657	7184	19.561735753223093	7184	20
7186	-661.1266	7186	19.559779794349428	7186	20
7188	-661.0878	7188	19.533149828627646	7188	20
7190	-661.0483	7190	19.569291523854329	7190	20
7192	-661.00920000000008	7192	19.566076269875456	7192	20
7194	-660.96980000000008	7194	19.588396891562926	7194	20
7196	-660.9305	7196	19.598664076304576	7196	20
7198	-660.8909	7198	19.632220063592484	7198	20
7200	-660.8514	7200	19.651850052991694	7200	20
7202	-660.8116	7202	19.69320837749423	7202	20
7204	-660.772	7204	19.711006981241056	7204	20
7206	-660.73210000000006	7206	19.750839151033276	7206	20
7208	-660.69260000000008	7208	19.750699292525685	7208	20
7210	-660.6526	7210	19.792249410444516	7210	20
7212	-660.61290000000008	7212	19.801874508697534	7212	20
7214	-660.5729	7214	19.834895423921054	7214	20
7216	-660.5331	7216	19.845746186602032	7216	20
7218	-660.49340000000007	7218	19.846455155495462	7218	20
7220	-660.45310000000006	7220	19.897045962913054	7220	20
7222	-660.4131	7222	19.914204969100656	7222	20
7224	-660.373	7224	19.936837474245422	7224	20
7226	-660.3324	7226	19.997364561874551	7226	20
7228	-660.2921	7228	20.022803801562294	7228	20
7230	-660.25200000000007	7230	20.027336501296787	7230	20
7232	-660.2115	7232	20.064447084419449	7232	20
7234	-660.1712	7234	20.078705903683044	7234	20
7236	-660.13100000000009	7236	20.082254919728658	7236	20
7238	-660.0905	7238	20.110212433112672	7238	20
7240	-660.05000000000007	7240	20.133510360923211	7240	20
7242	-660.00960000000009	7242	20.144591967434085	7242	20
7244	-659.9692	7244	20.153826639535954	7244	20
7246	-659.9289	7246	20.153188866280129	7246	20
7248	-659.8887	7248	20.1443240552357	7248	20
7250	-659.84800000000007	7250	20.178603379354882	7250	20
7252	-659.8075	7252	20.190502816134526	7252	20
7254	-659.7672	7254	20.183752346778942	7254	20
7256	-659.72660000000008	7256	20.203126955643011	7256	20
7258	-659.686	7258	20.219272463039207	7258	20
7260	-659.64560000000006	7260	20.216060385864083	7260	20
7262	-659.60480000000007	7262	20.246716988219251	7262	20
7264	-659.5644	7264	20.238930823523592	7264	20
7266	-659.5236	7266	20.265775686268842	7266	20
7268	-659.48340000000007	7268	20.238146405216821	7268	20
7270	-659.4429	7270	20.240122004352809	7270	20
7272	-659.40190000000007	7272	20.283435003622341	7272	20
7274	-659.3613	7274	20.286195836355315	7274	20
7276	-659.3209	7276	20.271829863627506	7276	20
7278	-659.2802	7278	20.284858219690864	7278	20
7280	-659.2399	7280	20.262381849742557	7280	20
7282	-659.1993	7282	20.268651541455494	7282	20
7284	-659.1588	7284	20.265542951208893	7284	20
7286	-659.1182	7286	20.271285792677443	7286	20
7288	-659.0778	7288	20.259404827229279	7288	20
7290	-659.0375	7290	20.2411706893579	7290	20
7292	-658.99700000000007	7292	20.242642241127566	7292	20
7294	-658.95670000000007	7294	20.227201867606475	7294	20
7296	-658.9165	7296	20.206001556340986	7296	20
7298	-658.8766	7298	20.163334630283217	7298	20
7300	-658.8363	7300	20.161112191902848	7300	20
7302	-658.796	7302	20.15926015991921	7302	20
7304	-658.7558	7304	20.1493834666016	7304	20
7306	-658.7157	7306	20.132819555505684	7306	20
7308	-658.6755	7308	20.127349629580856	7308	20
7310	-658.6352	7310	20.131124691317549	7310	20
7312	-658.5951	7312	20.11760390943564	7312	20
7314	-658.5544	7314	20.156336591197643	7314	20
7316	-658.5141	7316	20.155280492664872	7316	20
7318	-658.4738	7318	20.154400410554228	7318	20
7320	-658.4335	7320	20.15366700879536	7320	20
7322	-658.3932	7322	20.153055840662969	7322	20
7324	-658.35290000000009	7324	20.1525465338765	7324	20
7326	-658.3125	7326	20.160455444904635	7326	20
7328	-658.272	7328	20.175379537416511	7328	20
7330	-658.2314	7330	20.196149614517125	7330	20
7332	-658.1911	7332	20.188458012097772	7332	20
7334	-658.1504	7334	20.21538167674942	7334	20
7336	-658.1099	7336	20.221151397287166	7336	20
7338	-658.0696	7338	20.209292831072808	7338	20
7340	-658.02920000000006	7340	20.207744025892083	7340	20
7342	-657.9887	7342	20.214786688248861	7342	20
7344	-657.9482	7344	20.2206555735367	7344	20
7346	-657.908	7346	20.200546311282842	7346	20
7348	-657.86790000000008	7348	20.175455259397246	7348	20
7350	-657.8277	7350	20.162879382833296	7350	20
7352	-657.78770000000009	7352	20.135732819024717	7352	20
7354	-657.74750000000006	7354	20.129777349189524	7354	20
7356	-657.7075	7356	20.108147790997716	7356	20
7358	-657.6674	7358	20.098456492492971	7358	20
7360	-657.6275	7360	20.073713743743205	7360	20
7362	-657.5878	7362	20.03642811978925	7362	20
7364	-657.5479	7364	20.022023433156772	7364	20
7366	-657.5084	7366	19.976686194295265	7366	20
7368	-657.4688	7368	19.947238495251391	7368	20
7370	-657.42910000000006	7370	19.931032079369928	7370	20
7372	-657.38970000000006	7372	19.892526732808317	7372	20
7374	-657.35020000000009	7374	19.86877227733822	7374	20
7376	-657.31090000000006	7376	19.832310231117322	7376	20
7378	-657.2717	7378	19.793591859268666	7378	20
7380	-657.2323	7380	19.777993216057268	7380	20
7382	-657.1929	7382	19.764994346714435	7382	20
7384	-657.1538	7384	19.729161955592211	7384	20
7386	-657.1146	7386	19.707634962997741	7386	20
7388	-657.07540000000006	7388	19.689695802492874	7388	20
7390	-657.03640000000007	7390	19.658079835409666	7390	20
7392	-656.9973	7392	19.640066529514375	7392	20
7394	-656.9582	7394	19.625055441258827	7394	20
7396	-656.9193	7396	19.595879534383386	7396	20
7398	-656.88	7398	19.604899611988294	7398	20
7400	-656.8409	7400	19.59574967665376	7400	20
7402	-656.8017	7402	19.596458063882366	7402	20
7404	-656.7625	7404	19.597048386563394	7404	20
7406	-656.7231	7406	19.614206988802874	7406	20
7408	-656.6837	7408	19.628505824002438	7408	20
7410	-656.6444	7410	19.632088186670838	7410	20
7412	-656.60480000000007	7412	19.660073488888226	7412	20
7414	-656.5653	7414	19.675061240747617	7414	20
7416	-656.5254	7416	19.720884367288743	7416	20
7418	-656.4856	7418	19.75073697274177	7418	20
7420	-656.4459	7420	19.767280810611911	7420	20
7422	-656.4063	7422	19.772734008848598	7422	20
7424	-656.36650000000009	7424	19.793945007365512	7424	20
7426	-656.3268	7426	19.803287506141171	7426	20
7428	-656.2866	7428	19.852739588453232	7428	20
7430	-656.2467	7430	19.868949657043423	7430	20
7432	-656.2066	7432	19.899124714207204	7432	20
7434	-656.1665	7434	19.924270595167545	7434	20
7436	-656.1267	7436	19.920225495974105	7436	20
7438	-656.08670000000006	7438	19.933521246642055	7438	20
7440	-656.0466	7440	19.952934372206062	7440	20
7442	-656.0066	7442	19.960778643502021	7442	20
7444	-655.9665	7444	19.975648869589367	7444	20
7446	-655.9267	7446	19.963040724658956	7446	20
7448	-655.88650000000007	7448	19.985867270541917	7448	20
7450	-655.8465	7450	19.988222725458041	7450	20
7452	-655.8066	7452	19.981852271214095	7452	20
7454	-655.7663	7454	20.00987689267858	7454	20
7456	-655.7263	7456	20.008230743895787	7456	20
7458	-655.686	7458	20.031858953246658	7458	20
7460	-655.6459	7460	20.034882461043232	7460	20
7462	-655.6055	7462	20.062402050867437	7462	20
7464	-655.56490000000008	7464	20.102001709050089	7464	20
7466	-655.5248	7466	20.093334757546092	7466	20
7468	-655.4844	7468	20.111112297953152	7468	20
7470	-655.4443	7470	20.10092691496531	7470	20
7472	-655.40370000000007	7472	20.134105762464984	7472	20
7474	-655.3632	7474	20.153421468726279	7474	20
7476	-655.32260000000008	7476	20.177851223932461	7476	20
7478	-655.2824	7478	20.164876019945975	7478	20
7480	-655.2423	7480	20.145730016625997	7480	20
7482	-655.2019	7482	20.154775013853072	7482	20
7484	-655.1612	7484	20.187312511545503	7484	20
7486	-655.1206	7486	20.206093759624618	7486	20
7488	-655.0802	7488	20.205078133018592	7488	20
7490	-655.0397	7490	20.21256511084481	7490	20
7492	-654.99930000000006	7492	20.210470925702083	7492	20
7494	-654.9588	7494	20.217059104757194	7494	20
7496	-654.9186	7496	20.197549253966585	7496	20
7498	-654.87830000000008	7498	20.18962437829618	7498	20
7500	-654.8382	7500	20.1663536485845	7500	20
7502	-654.798	7502	20.15529470715601	7502	20
7504	-654.7577	7504	20.154412255963511	7504	20
7506	-654.71760000000006	7506	20.137010213297803	7506	20
7508	-654.6776	7508	20.114175177754614	7508	20
7510	-654.6375	7510	20.103479314790388	7510	20
7512	-654.59750000000008	7512	20.086232762322293	7512	20
7514	-654.5575	7514	20.071860635275023	7514	20
7516	-654.5171	7516	20.093217196060596	7516	20
7518	-654.47700000000009	7518	20.086014330045373	7518	20
7520	-654.4367	7520	20.096678608380785	7520	20
7522	-654.3963	7522	20.113898840315397	7522	20
7524	-654.35620000000006	7524	20.103249033591041	7524	20
7526	-654.3161	7526	20.094374194663551	7526	20
7528	-654.2758	7528	20.103645162219795	7528	20
7530	-654.2356	7530	20.103037635185419	7530	20
7532	-654.19530000000009	7532	20.110864695978542	7532	20
7534	-654.1552	7534	20.100720579986469	7534	20
7536	-654.115	7536	20.100600483324314	7536	20
7538	-654.0752	7538	20.067167069438081	7538	20
7540	-654.0351	7540	20.064305891193278	7540	20
7542	-653.9949	7542	20.070254909329989	7542	20
7544	-653.9548	7544	20.066879091112675	7544	20
7546	-653.9147	7546	20.06406590925544	7546	20
7548	-653.8744	7548	20.078388257713037	7548	20
7550	-653.8342	7550	20.081990214763124	7550	20
7552	-653.794	7552	20.084991845638196	7552	20
7554	-653.75420000000008	7554	20.054159871356845	7554	20
7556	-653.7141	7556	20.05346655946839	7556	20
7558	-653.6742	7558	20.036222132889389	7558	20
7560	-653.6343	7560	20.021851777406887	7560	20
7562	-653.5942	7562	20.026543147843423	7562	20
7564	-653.55410000000006	7564	20.030452623197728	7564	20
7566	-653.514	7566	20.033710519335791	7566	20
7568	-653.4742	7568	20.011425432780978	7568	20
7570	-653.43410000000006	7570	20.017854527312359	7570	20
7572	-653.39420000000007	7572	20.006545439426027	7572	20
7574	-653.3543	7574	19.997121199530223	7574	20
7576	-653.3146	7576	19.972600999602289	7576	20
7578	-653.2747	7578	19.968834166334304	7578	20
7580	-653.2353	7580	19.9240284719453	7580	20
7582	-653.19540000000006	7582	19.928357059953477	7582	20
7584	-653.1559	7584	19.89863088330199	7584	20
7586	-653.1167	7586	19.848859069413081	7586	20
7588	-653.07720000000006	7588	19.832382557842191	7588	20
7590	-653.03780000000006	7590	19.81031879820187	7590	20
7592	-652.9986	7592	19.775265665172455	7592	20
7594	-652.95940000000007	7594	19.746054720971802	7594	20
7596	-652.9203	7596	19.713378934149489	7596	20
7598	-652.88150000000007	7598	19.661149111784891	7598	20
7600	-652.8423	7600	19.650957593158306	7600	20
7602	-652.80320000000006	7602	19.634131327628772	7602	20
7604	-652.76420000000007	7604	19.611776106356249	7604	20
7606	-652.7249	7606	19.618146755299012	7606	20
7608	-652.68590000000006	7608	19.598455629414783	7608	20
7610	-652.6467	7610	19.598713024516549	7610	20
7612	-652.6077	7612	19.58226085376273	7612	20
7614	-652.5687	7614	19.568550711467879	7614	20
7616	-652.5297	7616	19.557125592888838	7616	20
7618	-652.49070000000006	7618	19.547604660739637	7618	20
7620	-652.45170000000007	7620	19.539670550615302	7620	20
7622	-652.4125	7622	19.549725458850315	7622	20
7624	-652.3731	7624	19.57477121570864	7624	20
7626	-652.3338	7626	19.587309346426004	7626	20
7628	-652.2945	7628	19.597757788690476	7628	20
7630	-652.2554	7630	19.589798157238913	7630	20
7632	-652.2159	7632	19.616498464363715	7632	20
7634	-652.17640000000006	7634	19.638748720301052	7634	20
7636	-652.1368	7636	19.665623933589547	7636	20
7638	-652.0974	7638	19.671353277991333	7638	20
7640	-652.0579	7640	19.684461064990732	7640	20
7642	-652.0184	7642	19.695384220823566	7642	20
7644	-651.9786	7644	19.729486850687458	7644	20
7646	-651.9389	7646	19.749572375576125	7646	20
7648	-651.89910000000009	7648	19.774643646305119	7648	20
7650	-651.8592	7650	19.803869705262798	7650	20
7652	-651.8193	7652	19.828224754384728	7652	20
7654	-651.7795	7654	19.840187295321758	7654	20
7656	-651.7395	7656	19.866822746098435	7656	20
7658	-651.6992	7658	19.9140189550822	7658	20
7660	-651.6593	7660	19.920015795900895	7660	20
7662	-651.61930000000007	7662	19.933346496581049	7662	20
7664	-651.57900000000006	7664	19.969455413817709	7664	20
7666	-651.5388	7666	19.991212844850349	7666	20
7668	-651.49840000000006	7668	20.026010704040033	7668	20
7670	-651.4583	7670	20.030008920037712	7670	20
7672	-651.41820000000007	7672	20.033340766692969	7672	20
7674	-651.3778	7674	20.061117305585025	7674	20
7676	-651.3377	7676	20.059264421315731	7676	20
7678	-651.2974	7678	20.074387017763279	7678	20
7680	-651.2572	7680	20.078655848138325	7680	20
7682	-651.21670000000006	7682	20.107213206777921	7682	20
7684	-651.17640000000006	7684	20.11434433898177	7684	20
7686	-651.136	7686	20.12862028249236	7686	20
7688	-651.09570000000008	7688	20.132183568734327	7688	20
7690	-651.05540000000008	7690	20.135152973945441	7690	20
7692	-651.015	7692	20.145960811628751	7692	20
7694	-650.97440000000006	7694	20.171634009684517	7694	20
7696	-650.934	7696	20.176361674744648	7696	20
7698	-650.8934	7698	20.1969680622811	7698	20
7700	-650.8533	7700	20.172473385238604	7700	20
7702	-650.81270000000006	7702	20.193727821026062	7702	20
7704	-650.7721	7704	20.211439850858415	7704	20
7706	-650.7317	7706	20.209533209046754	7706	20
7708	-650.6912	7708	20.216277674211085	7708	20
7710	-650.65090000000009	7710	20.2052313951666	7710	20
7712	-650.6104	7712	20.212692829310956	7712	20
7714	-650.56990000000008	7714	20.218910691088446	7714	20
7716	-650.5297	7716	20.199092242575965	7716	20
7718	-650.4894	7718	20.190910202146807	7718	20
7720	-650.4487	7720	20.217425168456948	7720	20
7722	-650.40820000000008	7722	20.222854307043441	7722	20
7724	-650.3681	7724	20.194045255873885	7724	20
7726	-650.3278	7726	20.186704379895072	7726	20
7728	-650.2875	7728	20.180586983246062	7728	20
7730	-650.2473	7730	20.167155819373978	7730	20
7732	-650.207	7732	20.16429651614515	7732	20
7734	-650.167	7734	20.136913763451261	7734	20
7736	-650.1268	7736	20.130761469544975	7736	20
7738	-650.0869	7738	20.100634557953207	7738	20
7740	-650.0467	7740	20.100528798296597	7740	20
7742	-650.0067	7742	20.083773998577467	7742	20
7744	-649.9665	7744	20.086478332150147	7744	20
7746	-649.9262	7746	20.097065276791959	7746	20
7748	-649.8859	7748	20.105887730660136	7748	20
7750	-649.84570000000008	7750	20.104906442209568	7750	20
7752	-649.8053	7752	20.120755368515525	7752	20
7754	-649.76510000000007	7754	20.11729614042239	7754	20
7756	-649.7251	7756	20.097746783691768	7756	20
7758	-649.6846	7758	20.123122319739124	7758	20
7760	-649.6444	7760	20.119268599784863	7760	20
7762	-649.6037	7762	20.157723833155327	7762	20
7764	-649.5634	7764	20.156436527629609	7764	20
7766	-649.5229	7766	20.172030439687322	7766	20
7768	-649.4826	7768	20.168358699739603	7768	20
7770	-649.4419	7770	20.198632249784279	7770	20
7772	-649.4013	7772	20.215526874823595	7772	20
7774	-649.3604	7774	20.254605729016752	7774	20
7776	-649.32	7776	20.245504774178702	7776	20
7778	-649.2794	7778	20.254587311818948	7778	20
7780	-649.239	7780	20.245489426513867	7780	20
7782	-649.1986	7782	20.237907855426297	7782	20
7784	-649.1583	7784	20.22325654618875	7784	20
7786	-649.1178	7786	20.227713788496082	7786	20
7788	-649.0775	7788	20.214761490413572	7788	20
7790	-649.037	7790	20.220634575340625	7790	20
7792	-648.9969	7792	20.192195479454874	7792	20
7794	-648.9565	7794	20.193496232877138	7794	20
7796	-648.9161	7796	20.194580194062357	7796	20
7798	-648.8758	7798	20.1871501617188	7798	20
7800	-648.8354	7800	20.189291801430411	7800	20
7802	-648.7956	7802	20.141076501193162	7802	20
7804	-648.7554	7804	20.134230417663225	7804	20
7806	-648.7154	7806	20.111858681382991	7806	20
7808	-648.6753	7808	20.101548901156843	7808	20
7810	-648.63550000000009	7810	20.067957417622381	7810	20
7812	-648.5959	7812	20.02329784802399	7812	20
7814	-648.556	7814	20.011081540019052	7814	20
7816	-648.5164	7816	19.975901283354549	7816	20
7818	-648.4768	7818	19.94658440279132	7818	20
7820	-648.43720000000008	7820	19.922153668988628	7820	20
7822	-648.398	7822	19.868461390828088	7822	20
7824	-648.3583	7824	19.865384492359986	7824	20
7826	-648.31900000000007	7826	19.829487076959317	7826	20
7828	-648.27960000000007	7828	19.807905897466142	7828	20
7830	-648.2405	7830	19.764921581228105	7830	20
7832	-648.201	7832	19.762434651021376	7832	20
7834	-648.1613	7834	19.777028875854391	7834	20
7836	-648.1221	7836	19.74752406320675	7836	20
7838	-648.08260000000007	7838	19.747936719336913	7838	20
7840	-648.0435	7840	19.714947266120415	7840	20
7842	-648.0037	7842	19.745789388434829	7842	20
7844	-647.9645	7844	19.721491157023781	7844	20
7846	-647.9253	7846	19.701242630857383	7846	20
7848	-647.8859	7848	19.701035525714531	7848	20
7850	-647.8467	7850	19.684196271423531	7850	20
7852	-647.8071	7852	19.703496892858279	7852	20
7854	-647.7676	7854	19.711247410713188	7854	20
7856	-647.7282	7856	19.709372842261036	7856	20
7858	-647.6885	7858	19.732810701887441	7858	20
7860	-647.6488	7860	19.752342251566638	7860	20
7862	-647.609	7862	19.776951876306683	7862	20
7864	-647.5692	7864	19.797459896923389	7864	20
7866	-647.52920000000006	7866	19.831216580766458	7866	20
7868	-647.4891	7868	19.8676804839764	7868	20
7870	-647.44900000000007	7870	19.898067069975209	7870	20
7872	-647.4092	7872	19.898389224980491	7872	20
7874	-647.369	7874	19.931991020819336	7874	20
7876	-647.3291	7876	19.934992517348508	7876	20
7878	-647.28910000000008	7878	19.945827097787394	7878	20
7880	-647.24880000000007	7880	19.979855914823	7880	20
7882	-647.2088	7882	19.983213262358944	7882	20
7884	-647.1686	7884	20.002677718634711	7884	20
7886	-647.12880000000007	7886	19.985564765520607	7886	20
7888	-647.0886	7888	20.004637304602763	7888	20
7890	-647.0484	7890	20.020531087171229	7890	20
7892	-647.0084	7892	20.017109239306325	7892	20
7894	-646.9684	7894	20.014257699428381	7894	20
7896	-646.928	7896	20.045214749521726	7896	20
7898	-646.88790000000006	7898	20.046012291262983	7898	20
7900	-646.84750000000008	7900	20.071676909383896	7900	20
7902	-646.8073	7902	20.076397424488839	7902	20
7904	-646.7671	7904	20.08033118707629	7904	20
7906	-646.7269	7906	20.083609322565835	7906	20
7908	-646.6864	7908	20.11134110213418	7908	20
7910	-646.6461	7910	20.117784251778652	7910	20
7912	-646.6061	7912	20.09815354315532	7912	20
7914	-646.5655	7914	20.131794619289995	7914	20
7916	-646.5254	7916	20.118162182746012	7916	20
7918	-646.485	7918	20.131801818953086	7918	20
7920	-646.4446	7920	20.143168182458982	7920	20
7922	-646.4043	7922	20.144306818715986	7922	20
7924	-646.36380000000008	7924	20.16192234892597	7924	20
7926	-646.3235	7926	20.159935290781281	7926	20
7928	-646.28320000000008	7928	20.158279408975094	7928	20
7930	-646.243	7930	20.148566174148169	7930	20
7932	-646.2028	7932	20.1404718117924	7932	20
7934	-646.1624	7934	20.15039317649174	7934	20
7936	-646.1223	7936	20.133660980414135	7936	20
7938	-646.0819	7938	20.144717483676523	7938	20
7940	-646.0412	7940	20.178931236398377	7940	20
7942	-646.00110000000006	7942	20.157442696993524	7942	20
7944	-645.9605	7944	20.181202247497968	7944	20
7946	-645.9204	7946	20.159335206252656	7946	20
7948	-645.88010000000008	7948	20.157779338534574	7948	20
7950	-645.8398	7950	20.156482782121785	7950	20
7952	-645.7993	7952	20.172068985097471	7952	20
7954	-645.7589	7954	20.176724154245967	7954	20
7956	-645.7187	7956	20.163936795207231	7956	20
7958	-645.6784	7958	20.161613996006196	7958	20
7960	-645.6384	7960	20.134678330002131	7960	20
7962	-645.5982	7962	20.128898608337369	7962	20
7964	-645.5583	7964	20.099082173613535	7964	20
7966	-645.5184	7966	20.074235144677008	7966	20
7968	-645.4785	7968	20.053529287229903	7968	20
7970	-645.4384	7970	20.052941072695937	7970	20
7972	-645.3985	7972	20.035784227245678	7972	20
7974	-645.3588	7974	20.004820189374644	7974	20
7976	-645.3188	7976	20.004016824475841	7976	20
7978	-645.2789	7978	19.995014020395597	7978	20
7980	-645.23880000000008	7980	20.004178350324541	7980	20
7982	-645.1987	7982	20.011815291941467	7982	20
7984	-645.1585	7984	20.026512743286816	7984	20
7986	-645.1187	7986	20.0054272860735	7986	20
7988	-645.07850000000008	7988	20.021189405054034	7988	20
7990	-645.03820000000007	7990	20.042657837545196	7990	20
7992	-644.998	7992	20.052214864623256	7992	20
7994	-644.95760000000007	7994	20.076845720517454	7994	20
7996	-644.9175	7996	20.072371433768897	7996	20
7998	-644.8773	7998	20.076976194809671	7998	20
8000	-644.83710000000008	8000	20.080813495667513	8000	20
8002	-644.7971	8002	20.067344579729372	8002	20
8004	-644.7572	8004	20.047787149773541	8004	20
8006	-644.71670000000006	8006	20.081489291473932	8006	20
8008	-644.6767	8008	20.067907742901387	8008	20
8010	-644.6371	8010	20.023256452413683	8010	20
8012	-644.59710000000007	8012	20.019380377008371	8012	20
8014	-644.5574	8014	19.991150314176888	8014	20
8016	-644.5175	8016	19.984291928479802	8016	20
8018	-644.4778	8018	19.961909940403078	8018	20
8020	-644.43810000000008	8020	19.943258283663003	8020	20
8022	-644.3985	8022	19.91938190305784	8022	20
8024	-644.3591	8024	19.882818252548244	8024	20
8026	-644.31950000000006	8026	19.869015210452734	8026	20
8028	-644.2808	8028	19.782512675382492	8028	20
8030	-644.24160000000006	8030	19.752093896146832	8030	20
8032	-644.20220000000006	8032	19.743411580122405	8032	20
8034	-644.16320000000007	8034	19.702842983434277	8034	20
8036	-644.124	8036	19.68570248619946	8036	20
8038	-644.085	8038	19.654752071831822	8038	20
8040	-644.046	8040	19.628960059858791	8040	20
8042	-644.0071	8042	19.599133383216692	8042	20
8044	-643.9681	8044	19.582611152679515	8044	20
8046	-643.92900000000009	8046	19.57717596056311	8046	20
8048	-643.8899	8048	19.572646633808912	8048	20
8050	-643.8508	8050	19.56887219483761	8050	20
8052	-643.8117	8052	19.565726829037661	8052	20
8054	-643.7727	8054	19.554772357530322	8054	20
8056	-643.7335	8056	19.562310297936691	8056	20
8058	-643.69440000000009	8058	19.560258581610757	8058	20
8060	-643.65550000000007	8060	19.54188215134333	8060	20
8062	-643.6159	8062	19.584901792791445	8062	20
8064	-643.5765	8064	19.60408482732625	8064	20
8066	-643.5374	8066	19.595070689435392	8066	20
8068	-643.4981	8068	19.604225574531633	8068	20
8070	-643.4588	8070	19.611854645445167	8070	20
8072	-643.419	8072	19.659878871205457	8072	20
8074	-643.3796	8074	19.666565726004592	8074	20
8076	-643.34	8076	19.688804771666355	8076	20
8078	-643.3007	8078	19.6823373097241	8078	20
8080	-643.2609	8080	19.718614424771236	8080	20
8082	-643.22120000000007	8082	19.740512020636466	8082	20
8084	-643.182	8084	19.717093350534618	8084	20
8086	-643.1422	8086	19.747577792113333	8086	20
8088	-643.1022	8088	19.789648160091414	8088	20
8090	-643.0624	8090	19.808040133410664	8090	20
8092	-643.0226	8092	19.823366777843372	8092	20
8094	-642.9828	8094	19.836138981537296	8094	20
8096	-642.9429	8096	19.85511581794681	8096	20
8098	-642.9031	8098	19.862596514956827	8098	20
8100	-642.8633	8100	19.86883042913184	8100	20
8102	-642.8234	8102	19.882358690942262	8102	20
8104	-642.7835	8104	19.893632242450948	8104	20
8106	-642.7435	8106	19.911360202039425	8106	20
8108	-642.7034	8108	19.934466835037206	8108	20
8110	-642.6633	8110	19.95372236252588	8110	20
8112	-642.6232	8112	19.969768635442584	8112	20
8114	-642.5829	8114	19.999807196202323	8114	20
8116	-642.5427	8116	20.016505996837527	8116	20
8118	-642.5025	8118	20.030421664024058	8118	20
8120	-642.4619	8120	20.07535138669008	8120	20
8122	-642.42180000000008	8122	20.071126155569942	8122	20
8124	-642.38150000000007	8124	20.084271796308453	8124	20
8126	-642.341	8126	20.111893163595834	8126	20
8128	-642.3005	8128	20.134910969659177	8128	20
8130	-642.26	8130	20.154092474721438	8130	20
8132	-642.21940000000006	8132	20.17841039559509	8132	20
8134	-642.17900000000009	8134	20.182008662993983	8134	20
8136	-642.1385	8136	20.193340552500445	8136	20
8138	-642.0974	8138	20.252783793752752	8138	20
8140	-642.05680000000007	8140	20.26065316145452	8140	20
8142	-642.0161	8142	20.275544301213376	8142	20
8144	-641.9751	8144	20.31295358434895	8144	20
8146	-641.93450000000007	8146	20.310794653618018	8146	20
8148	-641.8941	8148	20.292328878022566	8148	20
8150	-641.85300000000007	8150	20.335274065011713	8150	20
8152	-641.8121	8152	20.354395054182991	8152	20
8154	-641.77150000000006	8154	20.345329211813052	8154	20
8156	-641.73070000000007	8156	20.354441009843391	8156	20
8158	-641.69	8158	20.353700841537435	8158	20
8160	-641.6494	8160	20.344750701284561	8160	20
8162	-641.609	8162	20.320625584401878	8162	20
8164	-641.56860000000006	8164	20.300521320332972	8164	20
8166	-641.52830000000006	8166	20.275434433610979	8166	20
8168	-641.48790000000008	8168	20.262862028007223	8168	20
8170	-641.4477	8170	20.235718356674944	8170	20
8172	-641.4075	8172	20.213098630564712	8172	20
8174	-641.3672	8174	20.202582192137427	8174	20
8176	-641.3269	8176	20.193818493448024	8176	20
8178	-641.2867	8178	20.178182077875611	8178	20
8180	-641.2465	8180	20.165151731565267	8180	20
8182	-641.206	8182	20.179293109633704	8182	20
8184	-641.1657	8184	20.174410924694921	8184	20
8186	-641.1254	8186	20.170342437245935	8186	20
8188	-641.0851	8188	20.166952031038448	8188	20
8190	-641.0451	8190	20.139126692529011	8190	20
8192	-641.00470000000007	8192	20.149272243772252	8192	20
8194	-640.9647	8194	20.124393536483321	8194	20
8196	-640.9242	8196	20.145327947065418	8196	20
8198	-640.884	8198	20.137773289223439	8198	20
8200	-640.84350000000006	8200	20.156477741015514	8200	20
8202	-640.80310000000009	8202	20.163731450844338	8202	20
8204	-640.76290000000006	8204	20.15310954237254	8204	20
8206	-640.7227	8206	20.144257951979377	8206	20
8208	-640.6823	8208	20.153548293314223	8208	20
8210	-640.642	8210	20.152956911095355	8210	20
8212	-640.60160000000008	8212	20.160797425910872	8212	20
8214	-640.5614	8214	20.150664521594653	8214	20
8216	-640.5212	8216	20.14222043466447	8216	20
8218	-640.4809	8218	20.143517028887228	8218	20
8220	-640.44080000000008	8220	20.127930857400898	8220	20
8222	-640.4006	8222	20.123275714503006	8222	20
8224	-640.3605	8224	20.111063095423521	8224	20
8226	-640.3206	8226	20.084219246185331	8226	20
8228	-640.2803	8228	20.09518270515461	8228	20
8230	-640.2405	8230	20.062652254296658	8230	20
8232	-640.2006	8232	20.04387687857961	8232	20
8234	-640.16090000000008	8234	20.011564065476779	8234	20
8236	-640.1212	8236	19.984636721233894	8236	20
8238	-640.0815	8238	19.962197267698155	8238	20
8240	-640.042	8240	19.926831056413086	8240	20
8242	-640.0023	8242	19.914025880347484	8242	20
8244	-639.9627	8244	19.8950215669521	8244	20
8246	-639.92320000000007	8246	19.870851305791373	8246	20
8248	-639.884	8248	19.825709421497042	8248	20
8250	-639.8443	8250	19.829757851250779	8250	20
8252	-639.8051	8252	19.791464876037072	8252	20
8254	-639.7659	8254	19.759554063368459	8254	20
8256	-639.72700000000009	8256	19.707961719465271	8256	20
8258	-639.688	8258	19.673301432896139	8258	20
8260	-639.64910000000009	8260	19.636084527405007	8260	20
8262	-639.6101	8262	19.613403772845921	8262	20
8264	-639.5714	8264	19.569503144034009	8264	20
8266	-639.5322	8266	19.574585953365904	8266	20
8268	-639.49340000000007	8268	19.545488294465237	8268	20
8270	-639.4541	8270	19.5629069120565	8270	20
8272	-639.41500000000008	8272	19.560755760043932	8272	20
8274	-639.3759	8274	19.558963133376263	8274	20
8276	-639.3368	8276	19.5574692778104	8276	20
8278	-639.29770000000008	8278	19.556224398172183	8278	20
8280	-639.2584	8280	19.571853665145625	8280	20
8282	-639.2193	8282	19.568211387627674	8282	20
8284	-639.18000000000006	8284	19.581842823015723	8284	20
8286	-639.1409	8286	19.576535685852757	8286	20
8288	-639.10160000000008	8288	19.588779738203293	8288	20
8290	-639.0623	8290	19.598983115171549	8290	20
8292	-639.023	8292	19.607485929311764	8292	20
8294	-638.9835	8294	19.631238274424426	8294	20
8296	-638.9442	8296	19.634365228689159	8296	20
8298	-638.90460000000007	8298	19.661971023903494	8298	20
8300	-638.86470000000008	8300	19.709975853251972	8300	20
8302	-638.8247	8302	19.758313211049753	8302	20
8304	-638.78500000000008	8304	19.77359434253523	8304	20
8306	-638.7453	8306	19.7863286187826	8306	20
8308	-638.7054	8308	19.813607182317895	8308	20
8310	-638.66550000000007	8310	19.836339318597307	8310	20
8312	-638.62560000000008	8312	19.855282765496817	8312	20
8314	-638.5854	8314	19.896068971249605	8314	20
8316	-638.5456	8316	19.896724142709157	8316	20
8318	-638.5058	8318	19.897270118925448	8318	20
8320	-638.4655	8320	19.939391765771376	8320	20
8322	-638.42540000000008	8322	19.957826471471023	8322	20
8324	-638.3854	8324	19.964855392898965	8324	20
8326	-638.34530000000007	8326	19.979046160744012	8326	20
8328	-638.30540000000008	8328	19.974205133952406	8328	20
8330	-638.26560000000006	8330	19.961837611628155	8330	20
8332	-638.2254	8332	19.984864676359056	8332	20
8334	-638.18500000000006	8334	20.020720563630622	8334	20
8336	-638.1448	8336	20.033933803027775	8336	20
8338	-638.1044	8338	20.06161150252122	8338	20
8340	-638.0642	8340	20.068009585436609	8340	20
8342	-638.0238	8342	20.090007987861917	8342	20
8344	-637.9836	8344	20.091673323220522	8344	20
8346	-637.9433	8346	20.101394436017269	8346	20
8348	-637.90280000000007	8348	20.126162030010374	8348	20
8350	-637.8624	8350	20.138468358349527	8350	20
8352	-637.8218	8352	20.1653902986185	8352	20
8354	-637.7812	8354	20.187825248852114	8354	20
8356	-637.74070000000006	8356	20.198187707372746	8356	20
8358	-637.6997	8358	20.248489756148427	8358	20
8360	-637.6588	8360	20.282074796787445	8360	20
8362	-637.6182	8362	20.285062330659567	8362	20
8364	-637.57760000000007	8364	20.2875519422102	8364	20
8366	-637.53680000000008	8366	20.306293285174348	8366	20
8368	-637.496	8368	20.32191107098728	8368	20
8370	-637.4551	8370	20.343259225819821	8370	20
8372	-637.4144	8372	20.34438268818446	8372	20
8374	-637.3736	8374	20.3536522401529	8374	20
8376	-637.3329	8376	20.353043533462024	8376	20
8378	-637.29220000000009	8378	20.352536277876819	8378	20
8380	-637.2513	8380	20.368780231570579	8380	20
8382	-637.2105	8382	20.373983526308	8382	20
8384	-637.1699	8384	20.361652938593362	8384	20
8386	-637.129	8386	20.37637744882489	8386	20
8388	-637.0882	8388	20.380314540686591	8388	20
8390	-637.0476	8390	20.366928783908858	8390	20
8392	-637.00690000000009	8392	20.364107319915849	8392	20
8394	-636.96620000000007	8394	20.361756099931149	8394	20
8396	-636.9256	8396	20.351463416612656	8396	20
8398	-636.8849	8398	20.351219513845155	8398	20
8400	-636.8442	8400	20.351016261538906	8400	20
8402	-636.80360000000007	8402	20.342513551276316	8402	20
8404	-636.763	8404	20.335427959400295	8404	20
8406	-636.72250000000008	8406	20.321189966162894	8406	20
8408	-636.6819	8408	20.317658305139108	8408	20
8410	-636.64150000000006	8410	20.298048587613998	8410	20
8412	-636.601	8412	20.29004048968379	8412	20
8414	-636.5605	8414	20.283367074732475	8414	20
8416	-636.52010000000007	8416	20.269472562275137	8416	20
8418	-636.4797	8418	20.2578938019035	8418	20
8420	-636.43950000000007	8420	20.231578168245704	8420	20
8422	-636.3994	8422	20.201315140209104	8422	20
8424	-636.35890000000006	8424	20.209429283503571	8424	20
8426	-636.31850000000009	8426	20.20785773625105	8426	20
8428	-636.2782	8428	20.198214780218848	8428	20
8430	-636.23790000000008	8430	20.1901789835064	8430	20
8432	-636.1976	8432	20.183482486264975	8432	20
8434	-636.1572	8434	20.186235405218888	8434	20
8436	-636.1169	8436	20.180196171015908	8436	20
8438	-636.0764	8438	20.191830142509239	8438	20
8440	-636.0362	8440	20.176525118759958	8440	20
8442	-635.9958	8442	20.180437598964708	8442	20
8444	-635.9555	8444	20.175364665804093	8444	20
8446	-635.91540000000009	8446	20.154470554831619	8446	20
8448	-635.8753	8448	20.137058795697367	8448	20
8450	-635.8354	8450	20.105882329746869	8450	20
8452	-635.7951	8452	20.113235274789226	8452	20
8454	-635.7553	8454	20.077696062325508	8454	20
8456	-635.7155	8456	20.048080051939074	8456	20
8458	-635.6758	8458	20.015066709952475	8458	20
8460	-635.6359	8460	20.004222258292792	8460	20
8462	-635.5963	8462	19.970185215239855	8462	20
8464	-635.5569	8464	19.925154346033256	8464	20
8466	-635.5173	8466	19.904295288366384	8466	20
8468	-635.4777	8468	19.886912740301184	8468	20
8470	-635.4383	8470	19.8557606169177	8470	20
8472	-635.399	8472	19.821467180766888	8472	20
8474	-635.3597	8474	19.792889317307878	8474	20
8476	-635.32040000000006	8476	19.769074431082561	8476	20
8478	-635.2815	8478	19.715895359236498	8478	20
8480	-635.2423	8480	19.696579466034645	8480	20
8482	-635.203	8482	19.688816221697675	8482	20
8484	-635.16360000000009	8484	19.690680184738635	8484	20
8486	-635.1244	8486	19.67556682061976	8486	20
8488	-635.085	8488	19.679639017183177	8488	20
8490	-635.04590000000007	8490	19.658032514316165	8490	20
8492	-635.00650000000007	8492	19.665027095263515	8492	20
8494	-634.9672	8494	19.6625225793884	8494	20
8496	-634.9279	8496	19.660435482825807	8496	20
8498	-634.8884	8498	19.675362902352795	8498	20
8500	-634.84890000000007	8500	19.687802418625285	8500	20
8502	-634.80950000000007	8502	19.689835348854448	8502	20
8504	-634.77010000000007	8504	19.691529457378753	8504	20
8506	-634.73070000000007	8506	19.692941214482339	8506	20
8508	-634.6911	8508	19.710784345407287	8508	20
8510	-634.6515	8510	19.7256536211686	8510	20
8512	-634.61160000000007	8512	19.76304468430623	8512	20
8514	-634.5718	8514	19.785870570256343	8514	20
8516	-634.53230000000008	8516	19.779892141878243	8516	20
8518	-634.49250000000006	8518	19.799910118233022	8518	20
8520	-634.4523	8520	19.849925098529777	8520	20
8522	-634.4125	8522	19.858270915442631	8522	20
8524	-634.3727	8524	19.865225762870011	8524	20
8526	-634.3329	8526	19.871021469059496	8526	20
8528	-634.2929	8528	19.892517890879883	8528	20
8530	-634.253	8530	19.902098242398964	8530	20
8532	-634.2128	8532	19.93508186866806	8532	20
8534	-634.1729	8534	19.937568223889112	8534	20
8536	-634.133	8536	19.939640186573321	8536	20
8538	-634.0927	8538	19.974700155477937	8538	20
8540	-634.05270000000007	8540	19.978916796228582	8540	20
8542	-634.0127	8542	19.982430663530263	8542	20
8544	-633.9727	8544	19.985358886272188	8544	20
8546	-633.9325	8546	20.004465738562416	8546	20
8548	-633.8925	8548	20.003721448798984	8548	20
8550	-633.8522	8550	20.028101207332657	8550	20
8552	-633.812	8552	20.040084339446139	8552	20
8554	-633.7717	8554	20.058403616205286	8554	20
8556	-633.7314	8556	20.073669680171239	8556	20
8558	-633.69130000000007	8558	20.06972473347091	8558	20
8560	-633.65100000000007	8560	20.083103944559259	8560	20
8562	-633.61070000000007	8562	20.094253287132883	8562	20
8564	-633.57030000000009	8564	20.111877739275478	8564	20
8566	-633.5302	8566	20.101564782733917	8566	20
8568	-633.48980000000006	8568	20.117970652276341	8568	20
8570	-633.4492	8570	20.148308876900316	8570	20
8572	-633.4089	8572	20.148590730750431	8572	20
8574	-633.3687	8574	20.140492275627619	8574	20
8576	-633.3284	8576	20.142076896356517	8576	20
8578	-633.28860000000009	8578	20.101730746955443	8578	20
8580	-633.248	8580	20.134775622466233	8580	20
8582	-633.20760000000007	8582	20.145646352053269	8582	20
8584	-633.1675	8584	20.129705293382077	8584	20
8586	-633.1273	8586	20.12475441115399	8586	20
8588	-633.08710000000008	8588	20.120628675954446	8588	20
8590	-633.04680000000008	8590	20.125523896628874	8590	20
8592	-633.0063	8592	20.146269913862852	8592	20
8594	-632.9659	8594	20.15522492821712	8594	20
8596	-632.9256	8596	20.154354106847769	8596	20
8598	-632.8853	8598	20.153628422373309	8598	20
8600	-632.8452	8600	20.136357018648777	8600	20
8602	-632.80500000000006	8602	20.130297515533435	8602	20
8604	-632.76470000000006	8604	20.1335812629447	8604	20
8606	-632.7246	8606	20.119651052458266	8606	20
8608	-632.6846	8608	20.099709210378858	8608	20
8610	-632.644	8610	20.133091008652414	8610	20
8612	-632.6036	8612	20.144242507208421	8612	20
8614	-632.5632	8614	20.153535422671759	8614	20
8616	-632.5229	8616	20.152946185559969	8616	20
8618	-632.48250000000007	8618	20.160788487964716	8618	20
8620	-632.4424	8620	20.142323739974948	8620	20
8622	-632.4023	8622	20.126936449983475	8622	20
8624	-632.3623	8624	20.105780374983198	8624	20
8626	-632.322	8626	20.113150312486166	8626	20
8628	-632.2817	8628	20.119291927071973	8628	20
8630	-632.24150000000009	8630	20.116076605886096	8630	20
8632	-632.2015	8632	20.096730504911523	8632	20
8634	-632.1612	8634	20.105608754093105	8634	20
8636	-632.1209	8636	20.113007295077757	8636	20
8638	-632.0809	8638	20.0941727458951	8638	20
8640	-632.04050000000007	8640	20.111810621577327	8640	20
8642	-632.0004	8642	20.101508851318791	8642	20
8644	-631.96	8644	20.117924042763736	8644	20
8646	-631.9197	8646	20.123270035636615	8646	20
8648	-631.87930000000006	8648	20.136058363028589	8648	20
8650	-631.8391	8650	20.130048635859417	8650	20
8652	-631.799	8652	20.116707196553865	8652	20
8654	-631.75880000000006	8654	20.113922663787672	8654	20
8656	-631.7184	8656	20.128268886497278	8656	20
8658	-631.678	8658	20.140224072079139	8658	20
8660	-631.6377	8660	20.141853393399451	8660	20
8662	-631.5978	8662	20.109877827831937	8662	20
8664	-631.5579	8664	20.083231523192342	8664	20
8666	-631.51780000000008	8666	20.077692935988495	8666	20
8668	-631.4777	8668	20.073077446661429	8668	20
8670	-631.4376	8670	20.069231205555543	8670	20
8672	-631.3975	8672	20.066026004624494	8672	20
8674	-631.3578	8674	20.030021670523656	8674	20
8676	-631.3179	8676	20.016684725435443	8676	20
8678	-631.2777000000001	8678	20.030570604522321	8678	20
8680	-631.2378	8680	20.0171421704438	8680	20
8682	-631.1983	8682	19.972618475367788	8682	20
8684	-631.1589	8684	19.927182062806537	8684	20
8686	-631.1189	8686	19.939318385669083	8686	20
8688	-631.0791	8688	19.932765321392054	8688	20
8690	-631.0399	8690	19.87730443449761	8690	20
8692	-631.0005	8692	19.84775369541472	8692	20
8694	-630.961	8694	19.831461412843556	8694	20
8696	-630.92180000000008	8696	19.792884510697718	8696	20
8698	-630.8823	8698	19.785737092255527	8698	20
8700	-630.8431	8700	19.754780910207696	8700	20
8702	-630.8038	8702	19.737317425175217	8702	20
8704	-630.7645	8704	19.722764520981485	8704	20
8706	-630.72520000000009	8706	19.710637100810569	8706	20
8708	-630.6858	8708	19.708864250684993	8708	20
8710	-630.64650000000006	8710	19.699053542230157	8710	20
8712	-630.6072	8712	19.690877951860603	8712	20
8714	-630.56770000000006	8714	19.700731626548457	8714	20
8716	-630.5285	8716	19.683943022127945	8716	20
8718	-630.489	8718	19.694952518437908	8718	20
8720	-630.4494	8720	19.712460432036927	8720	20
8722	-630.4101	8722	19.702050360023435	8722	20
8724	-630.3706	8724	19.710041966693623	8724	20
8726	-630.3309	8726	19.733368305571791	8726	20
8728	-630.2912	8728	19.75280692131307	8728	20
8730	-630.25150000000008	8730	19.76900576775466	8730	20
8732	-630.2118	8732	19.782504806465461	8732	20
8734	-630.1719	8734	19.810420672053613	8734	20
8736	-630.1318	8736	19.85035056004903	8736	20
8738	-630.0919	8738	19.866958800039921	8738	20
8740	-630.05140000000006	8740	19.93079900002925	8740	20
8742	-630.01140000000009	8742	19.942332500021344	8742	20
8744	-629.9713	8744	19.960277083355471	8744	20
8746	-629.9312	8746	19.975230902800579	8746	20
8748	-629.8911	8748	19.987692418995358	8748	20
8750	-629.85110000000009	8750	19.989743682493103	8750	20
8752	-629.81090000000006	8752	20.008119735413178	8752	20
8754	-629.7708	8754	20.015099779515332	8754	20
8756	-629.73070000000007	8756	20.020916482924321	8756	20
8758	-629.6905	8758	20.034097069105858	8758	20
8760	-629.6505	8760	20.028414224261326	8760	20
8762	-629.6104	8762	20.032011853545981	8762	20
8764	-629.57030000000009	8764	20.035009877949861	8764	20
8766	-629.5302	8766	20.037508231629236	8766	20
8768	-629.4901	8768	20.039590193028715	8768	20
8770	-629.44990000000007	8770	20.049658494183383	8770	20
8772	-629.4097	8772	20.058048745155077	8772	20
8774	-629.3695	8774	20.065040620964822	8774	20
8776	-629.3293	8776	20.070867184139612	8776	20
8778	-629.2892	8778	20.067389320111218	8778	20
8780	-629.24880000000007	8780	20.089491100090758	8780	20
8782	-629.2086	8782	20.091242583411223	8782	20
8784	-629.1683	8784	20.101035486176187	8784	20
8786	-629.12790000000007	8786	20.117529571811566	8786	20
8788	-629.0877	8788	20.1146079765119	8788	20
8790	-629.047	8790	20.153839980427858	8790	20
8792	-629.0064	8792	20.178199983693247	8792	20
8794	-628.9663	8794	20.156833319739249	8794	20
8796	-628.926	8796	20.15569443311621	8796	20
8798	-628.8857	8798	20.154745360930345	8798	20
8800	-628.8454	8800	20.153954467442123	8800	20
8802	-628.80490000000009	8802	20.16996205619775	8802	20
8804	-628.7646	8804	20.166635046841098	8804	20
8806	-628.72430000000008	8806	20.16386253902494	8806	20
8808	-628.684	8808	20.161552115863756	8808	20
8810	-628.6438	8810	20.151293429879249	8810	20
8812	-628.6034	8812	20.159411191573593	8812	20
8814	-628.5629	8814	20.174509326307309	8814	20
8816	-628.5226	8816	20.170424438589592	8816	20
8818	-628.48210000000006	8818	20.183687032153976	8818	20
8820	-628.44170000000008	8820	20.186405860126388	8820	20
8822	-628.4013	8822	20.188671550112876	8822	20
8824	-628.3609	8824	20.190559625092138	8824	20
8826	-628.3207	8826	20.175466354245707	8826	20
8828	-628.28010000000006	8828	20.196221961865316	8828	20
8830	-628.23980000000006	8830	20.1885183015546	8830	20
8832	-628.1992	8832	20.207098584632195	8832	20
8834	-628.1589	8834	20.197582153860331	8834	20
8836	-628.1186	8836	20.18965179488378	8836	20
8838	-628.07810000000006	8838	20.1997098290658	8838	20
8840	-628.0376	8840	20.208091524226958	8840	20
8842	-627.9971	8842	20.215076270185115	8842	20
8844	-627.9565	8844	20.229230225157629	8844	20
8846	-627.9159	8846	20.241025187634722	8846	20
8848	-627.8755	8848	20.234187656360344	8848	20
8850	-627.83490000000006	8850	20.24515638029418	8850	20
8852	-627.7942	8852	20.262630316913093	8852	20
8854	-627.7535	8854	20.277191930762186	8854	20
8856	-627.7133	8856	20.247659942304079	8856	20
8858	-627.67270000000008	8858	20.256383285247292	8858	20
8860	-627.6322	8860	20.255319404378202	8860	20
8862	-627.5919	8862	20.237766170315336	8862	20
8864	-627.5515	8864	20.23147180859419	8864	20
8866	-627.511	8866	20.234559840500616	8866	20
8868	-627.4705	8868	20.237133200413162	8868	20
8870	-627.4304	8870	20.205944333681988	8870	20
8872	-627.3902	8872	20.188286944727775	8872	20
8874	-627.35020000000009	8874	20.156905787270116	8874	20
8876	-627.31000000000006	8876	20.14742148939402	8876	20
8878	-627.27	8878	20.122851241168128	8878	20
8880	-627.23	8880	20.102376034303742	8880	20
8882	-627.1901	8882	20.076980028585513	8882	20
8884	-627.15010000000007	8884	20.064150023818229	8884	20
8886	-627.1106	8886	20.011791686522617	8886	20
8888	-627.071	8888	19.976493072098044	8888	20
8890	-627.0317	8890	19.922077560083842	8890	20
8892	-626.99250000000006	8892	19.86839796673129	8892	20
8894	-626.9534	8894	19.815331638949061	8894	20
8896	-626.9143	8896	19.771109699121066	8896	20
8898	-626.8753	8898	19.725924749266493	8898	20
8900	-626.8364	8900	19.679937291056444	8900	20
8902	-626.7981	8902	19.591614409217811	8902	20
8904	-626.7589	8904	19.593012007676265	8904	20
8906	-626.72	8906	19.569176673064586	8906	20
8908	-626.6813	8908	19.532647227559035	8908	20
8910	-626.6423	8910	19.5272060229648	8910	20
8912	-626.6034	8912	19.5143383524717	8912	20
8914	-626.5643	8914	19.520281960389934	8914	20
8916	-626.5257	8916	19.483568300322776	8916	20
8918	-626.4867	8918	19.486306916934584	8918	20
8920	-626.4479	8920	19.471922430781945	8920	20
8922	-626.409	8922	19.46826869231932	8922	20
8924	-626.37020000000007	8924	19.456890576926416	8924	20
8926	-626.3315	8926	19.439075480777227	8926	20
8928	-626.2926	8928	19.440896233982055	8928	20
8930	-626.2537	8930	19.44241352831941	8930	20
8932	-626.2147	8932	19.452011273598448	8932	20
8934	-626.1758	8934	19.451676061333071	8934	20
8936	-626.1368	8936	19.45973005110983	8936	20
8938	-626.0976	8938	19.483108375919613	8938	20
8940	-626.05860000000007	8940	19.485923646598618	8940	20
8942	-626.0194	8942	19.504936372169745	8942	20
8944	-625.9803	8944	19.51244697680497	8944	20
8946	-625.9409	8946	19.543705814004188	8946	20
8948	-625.9015	8948	19.569754845003533	8948	20
8950	-625.8623	8950	19.574795704173841	8950	20
8952	-625.8228	8952	19.603996420142824	8952	20
8954	-625.7836	8954	19.603330350123251	8954	20
8956	-625.7444	8956	19.602775291764132	8956	20
8958	-625.70530000000008	8958	19.593979409800294	8958	20
8960	-625.6657	8960	19.628316174838915	8960	20
8962	-625.6262	8962	19.648596812363717	8962	20
8964	-625.5868	8964	19.657164010303141	8964	20
8966	-625.547	8966	19.697636675253769	8966	20
8968	-625.5074	8968	19.714697229383479	8968	20
8970	-625.4678	8970	19.728914357815427	8970	20
8972	-625.428	8972	19.757428631514006	8972	20
8974	-625.388	8974	19.797857192925306	8974	20
8976	-625.34800000000007	8976	19.831547660768059	8976	20
8978	-625.3079	8978	19.867956383977734	8978	20
8980	-625.2679	8980	19.889963653311749	8980	20
8982	-625.2281	8982	19.891636377760943	8982	20
8984	-625.18810000000008	8984	19.909696981464421	8984	20
8986	-625.1481	8986	19.924747484560129	8986	20
8988	-625.10800000000006	8988	19.945622903794984	8988	20
8990	-625.0674	8990	20.004685753165852	8990	20
8992	-625.0272	8992	20.0205714609738	8992	20
8994	-624.9865	8994	20.075476217479444	8994	20
8996	-624.9458	8996	20.121230181234147	8996	20
8998	-624.9052	8998	20.151025151022349	8998	20
9000	-624.86470000000008	9000	20.167520959181275	9000	20
9002	-624.8242	9002	20.181267465989855	9002	20
9004	-624.7836	9004	20.201056221661577	9004	20
9006	-624.7426	9006	20.25088018471298	9006	20
9008	-624.7021	9008	20.250733487266274	9008	20
9010	-624.6615	9010	20.258944572715787	9010	20
9012	-624.6208	9012	20.274120477264432	9012	20
9014	-624.5802	9014	20.27843373105706	9014	20
9016	-624.5399	9016	20.257028109214385	9016	20
9018	-624.4991	9018	20.280856757677835	9018	20
9020	-624.4583	9020	20.300713964730711	9020	20
9022	-624.4178	9022	20.292261637271576	9022	20
9024	-624.37740000000008	9024	20.276884697724388	9024	20
9026	-624.33660000000009	9026	20.297403914769504	9026	20
9028	-624.296	9028	20.297836595644618	9028	20
9030	-624.2554	9030	20.298197163040548	9030	20
9032	-624.21530000000007	9032	20.256830969195335	9032	20
9034	-624.17500000000007	9034	20.239025807662948	9034	20
9036	-624.1345	9036	20.24085483972458	9036	20
9038	-624.09390000000008	9038	20.250712366431042	9038	20
9040	-624.0534	9040	20.250593638697993	9040	20
9042	-624.0131	9042	20.233828032248496	9042	20
9044	-623.9724	9044	20.253190026875021	9044	20
9046	-623.93170000000009	9046	20.269325022387651	9046	20
9048	-623.89100000000008	9048	20.282770851990986	9048	20
9050	-623.8504	9050	20.285642376662519	9050	20
9052	-623.8096	9052	20.304701980551283	9052	20
9054	-623.7688	9054	20.320584983791917	9054	20
9056	-623.7281	9056	20.325487486494541	9056	20
9058	-623.68720000000008	9058	20.346239572075874	9058	20
9060	-623.64640000000009	9060	20.355199643395743	9060	20
9062	-623.6053	9062	20.387666369498834	9062	20
9064	-623.56450000000007	9064	20.389721974581544	9064	20
9066	-623.524	9066	20.36643497882341	9066	20
9068	-623.4832	9068	20.37202914901869	9068	20
9070	-623.44260000000008	9070	20.3600242908428	9070	20
9072	-623.402	9072	20.350020242372366	9072	20
9074	-623.3615	9074	20.33335020198243	9074	20
9076	-623.32120000000009	9076	20.302791834976052	9076	20
9078	-623.2802	9078	20.335659862484516	9078	20
9080	-623.2399	9080	20.304716552070598	9080	20
9082	-623.1994	9082	20.295597126730957	9082	20
9084	-623.15870000000007	9084	20.304664272267598	9084	20
9086	-623.1179	9086	20.320553560231655	9086	20
9088	-623.07720000000006	9088	20.325461300184845	9088	20
9090	-623.0367	9090	20.312884416826162	9090	20
9092	-622.9962	9092	20.302403680684449	9092	20
9094	-622.95580000000007	9094	20.28533640056845	9094	20
9096	-622.9157	9096	20.246113667144726	9096	20
9098	-622.8757	9098	20.205094722617574	9098	20
9100	-622.835	9100	20.229245602182587	9100	20
9102	-622.7947	9102	20.21603800181899	9102	20
9104	-622.7544	9104	20.205031668182659	9104	20
9106	-622.71440000000007	9106	20.170859723482518	9106	20
9108	-622.67410000000007	9108	20.167383102902267	9108	20
9110	-622.6339	9110	20.156152585754146	9110	20
9112	-622.59390000000008	9112	20.130127154792092	9112	20
9114	-622.5539	9114	20.108439295666521	9114	20
9116	-622.514	9116	20.082032746387831	9116	20
9118	-622.47390000000007	9118	20.076693955318071	9118	20
9120	-622.4343	9120	20.03057829610373	9120	20
9122	-622.39470000000006	9122	19.992148580082304	9122	20
9124	-622.3553	9124	19.943457150068632	9124	20
9126	-622.3159	9126	19.902880958390572	9126	20
9128	-622.27690000000007	9128	19.835734131991082	9128	20
9130	-622.23750000000007	9130	19.81311177665928	9130	20
9132	-622.19800000000009	9132	19.802593147214022	9132	20
9134	-622.159	9134	19.7521609560201	9134	20
9136	-622.1198	9136	19.726800796678173	9136	20
9138	-622.0806	9138	19.705667330569376	9138	20
9140	-622.0418	9140	19.654722775477605	9140	20
9142	-622.0027	9142	19.637268979561519	9142	20
9144	-621.96340000000009	9144	19.639390816293929	9144	20
9146	-621.9244	9146	19.616159013586689	9146	20
9148	-621.8852	9148	19.613465844650332	9148	20
9150	-621.8461	9150	19.602888203881598	9150	20
9152	-621.807	9152	19.594073503231513	9152	20
9154	-621.7677	9154	19.6033945860284	9154	20
9156	-621.7285	9156	19.60282882168509	9156	20
9158	-621.68900000000008	9158	19.627357351402196	9158	20
9160	-621.6496	9160	19.639464459511352	9160	20
9162	-621.61	9162	19.666220382921988	9162	20
9164	-621.57040000000006	9164	19.688516985764185	9164	20
9166	-621.5309	9166	19.698764154810913	9166	20
9168	-621.49150000000009	9168	19.698970128999669	9168	20
9170	-621.4519	9170	19.715808440838394	9170	20
9172	-621.4122	9172	19.738173700701907	9172	20
9174	-621.3724	9174	19.765144750586074	9174	20
9176	-621.3327	9176	19.779287292148833	9176	20
9178	-621.293	9178	19.791072743460607	9178	20
9180	-621.25330000000008	9180	19.800893952877608	9180	20
9182	-621.21350000000007	9182	19.81741162739916	9182	20
9184	-621.1734	9184	19.85617635617032	9184	20
9186	-621.1336	9186	19.863480296809751	9186	20
9188	-621.09390000000008	9188	19.861233580668561	9188	20
9190	-621.0538	9190	19.892694650561484	9190	20
9192	-621.0135	9192	19.935578875468071	9192	20
9194	-620.97340000000008	9194	19.954649062884936	9194	20
9196	-620.9331	9196	19.987207552413754	9196	20
9198	-620.893	9198	19.997672960339671	9198	20
9200	-620.8528	9200	20.014727466951985	9200	20
9202	-620.8125	9202	20.037272889126822	9202	20
9204	-620.7721	9204	20.064394074270428	9204	20
9206	-620.732	9206	20.061995061896376	9206	20
9208	-620.6919	9208	20.059995884908524	9208	20
9210	-620.6517	9210	20.066663237426027	9210	20
9212	-620.61160000000007	9212	20.063886031183234	9212	20
9214	-620.5715	9214	20.061571692657047	9214	20
9216	-620.5312	9216	20.076309743881041	9216	20
9218	-620.491	9218	20.080258119903124	9218	20
9220	-620.4507000000001	9220	20.09188176657663	9220	20
9222	-620.4103	9222	20.109901472154743	9222	20
9224	-620.37010000000009	9224	20.108251226788404	9224	20
9226	-620.3297	9226	20.123542688997887	9226	20
9228	-620.28950000000009	9228	20.119618907491027	9228	20
9230	-620.2489	9230	20.149682422912555	9230	20
9232	-620.2082	9232	20.183068685761739	9232	20
9234	-620.1675	9234	20.210890571469392	9234	20
9236	-620.1269	9236	20.225742142894525	9236	20
9238	-620.08660000000009	9238	20.2131184524028	9238	20
9240	-620.0462	9240	20.21093204367655	9240	20
9242	-620.0059	9242	20.200776703063962	9242	20
9244	-619.96580000000006	9244	20.175647252548178	9244	20
9246	-619.9252	9246	20.196372710460178	9246	20
9248	-619.885	9248	20.180310592052408	9248	20
9250	-619.84480000000008	9250	20.166925493369792	9250	20
9252	-619.8046	9252	20.155771244477084	9252	20
9254	-619.7644	9254	20.146476037066495	9254	20
9256	-619.7245	9256	20.113730030887808	9256	20
9258	-619.68450000000007	9258	20.094775025736809	9258	20
9260	-619.64460000000008	9260	20.070645854779738	9260	20
9262	-619.6046	9262	20.058871545656224	9262	20
9264	-619.5647	9264	20.040726288045917	9264	20
9266	-619.5249	9266	20.017271906706082	9266	20
9268	-619.4851	9268	19.997726588922887	9268	20
9270	-619.4452	9270	19.989772157434803	9270	20
9272	-619.4054000000001	9272	19.97481013118735	9272	20
9274	-619.36570000000006	9274	19.954008442659369	9274	20
9276	-619.3259	9276	19.945007035550624	9276	20
9278	-619.28590000000008	9278	19.95417252962249	9278	20
9280	-619.24610000000007	9280	19.94514377468656	9280	20
9282	-619.20620000000008	9282	19.945953145571195	9282	20
9284	-619.16640000000007	9284	19.938294287977147	9284	20
9286	-619.1263	9286	19.956911906651975	9286	20
9288	-619.0862	9288	19.972426588880996	9288	20
9290	-619.0467	9290	19.935355490732118	9290	20
9292	-619.0062	9292	19.987796242272747	9292	20
9294	-618.96620000000007	9294	19.989830201890925	9294	20
9296	-618.9262	9296	19.991525168248881	9296	20
9298	-618.8866	9298	19.959604306869931	9298	20
9300	-618.8461	9300	20.008003589063733	9300	20
9302	-618.806	9302	20.015002990881321	9302	20
9304	-618.7659	9304	20.020835825738786	9304	20
9306	-618.7255	9306	20.050696521447065	9306	20
9308	-618.68540000000007	9308	20.050580434534098	9308	20
9310	-618.645	9310	20.075483695452633	9310	20
9312	-618.60470000000009	9312	20.087903079534556	9312	20
9314	-618.5642	9314	20.114919232950921	9314	20
9316	-618.52410000000009	9316	20.104099360787309	9316	20
9318	-618.48390000000006	9318	20.103416133991683	9318	20
9320	-618.44350000000009	9320	20.119513444991146	9320	20
9322	-618.4031	9322	20.132927870833505	9322	20
9324	-618.36290000000008	9324	20.12743989235404	9324	20
9326	-618.3227	9326	20.122866576963958	9326	20
9328	-618.28280000000007	9328	20.094055480802361	9328	20
9330	-618.2431	9330	20.053379567338546	9330	20
9332	-618.20350000000008	9332	20.01114963944465	9332	20
9334	-618.1639	9334	19.97595803287588	9334	20
9336	-618.12470000000008	9336	19.913298360724657	9336	20
9338	-618.08570000000009	9338	19.844415300602819	9338	20
9340	-618.0466	9340	19.795346083842002	9340	20
9342	-618.0077	9342	19.7377884032027	9342	20
9344	-617.9686	9344	19.7064903359991	9344	20
9346	-617.9298	9346	19.655408613335709	9346	20
9348	-617.8908	9348	19.629507177778695	9348	20
9350	-617.8519	9350	19.599589314816612	9350	20
9352	-617.81310000000008	9352	19.566324429007494	9352	20
9354	-617.77420000000006	9354	19.546937024173943	9354	20
9356	-617.73520000000008	9356	19.539114186810558	9356	20
9358	-617.69620000000009	9358	19.532595155674404	9358	20
9360	-617.6574	9360	19.510495963065129	9360	20
9362	-617.61840000000007	9362	19.508746635886546	9362	20
9364	-617.5791	9364	19.532288863240925	9364	20
9366	-617.53960000000006	9366	19.568574052698725	9366	20
9368	-617.5005	9368	19.565478377255257	9368	20
9370	-617.461	9370	19.596231981044003	9370	20
9372	-617.4217	9372	19.605193317538806	9372	20
9374	-617.3824	9374	19.612661097951143	9374	20
9376	-617.3428	9376	19.643884248288483	9376	20
9378	-617.30320000000006	9378	19.669903540236266	9378	20
9380	-617.2636	9380	19.69158628353556	9380	20
9382	-617.224	9382	19.709655236275495	9382	20
9384	-617.1843	9384	19.733046030232824	9384	20
9386	-617.1445	9386	19.760871691861837	9386	20
9388	-617.1049	9388	19.767393076547393	9388	20
9390	-617.06540000000007	9390	19.764494230454115	9390	20
9392	-617.0257	9392	19.778745192048341	9392	20
9394	-616.986	9394	19.790620993376862	9394	20
9396	-616.9461	9396	19.817184161146447	9396	20
9398	-616.9061	9398	19.847653467619008	9398	20
9400	-616.866	9400	19.881377889686856	9400	20
9402	-616.8259	9402	19.909481574733924	9402	20
9404	-616.7856	9404	19.949567978945105	9404	20
9406	-616.7453	9406	19.982973315787756	9406	20
9408	-616.7052	9408	19.994144429827482	9408	20
9410	-616.6649	9410	20.020120358189736	9410	20
9412	-616.6246	9412	20.041766965158281	9412	20
9414	-616.5844	9414	20.051472470967493	9414	20
9416	-616.5438	9416	20.092893725800138	9416	20
9418	-616.5035	9418	20.10241143816695	9418	20
9420	-616.4631	9420	20.118676198470535	9420	20
9422	-616.4228	9422	20.123896832058946	9422	20
9424	-616.3824	9424	20.136580693390005	9424	20
9426	-616.3420000000001	9426	20.147150577813605	9426	20
9428	-616.3016	9428	20.155958814852223	9428	20
9430	-616.2609	9430	20.188299012378128	9430	20
9432	-616.22030000000007	9432	20.206915843642332	9432	20
9434	-616.1798	9434	20.214096536374068	9434	20
9436	-616.1391000000001	9436	20.236747113636856	9436	20
9438	-616.09850000000006	9438	20.24728926136741	9438	20
9440	-616.0578	9440	20.264407717807451	9440	20
9442	-616.01690000000008	9442	20.295339764836633	9442	20
9444	-615.9765	9444	20.27944980403808	9444	20
9446	-615.93590000000006	9446	20.282874836692294	9446	20
9448	-615.8948	9448	20.327395697245962	9448	20
9450	-615.8542	9450	20.322829747708333	9450	20
9452	-615.8133	9452	20.344024789754034	9452	20
9454	-615.7726	9454	20.345020658129638	9454	20
9456	-615.732	9456	20.337517215111397	9456	20
9458	-615.6914	9458	20.331264345920058	9458	20
9460	-615.6507	9460	20.334386954934658	9460	20
9462	-615.6103	9462	20.311989129110291	9462	20
9464	-615.5697	9464	20.309990940928607	9464	20
9466	-615.5293	9466	20.291659117438581	9466	20
9468	-615.489	9468	20.268049264532319	9468	20
9470	-615.4486	9470	20.256707720441675	9470	20
9472	-615.4085	9472	20.222256433705748	9472	20
9474	-615.3682	9474	20.210213694754959	9474	20
9476	-615.3282	9476	20.175178078959433	9476	20
9478	-615.288	9478	20.162648399135119	9478	20
9480	-615.2477	9480	20.160540332612769	9480	20
9482	-615.2075	9482	20.150450277179566	9482	20
9484	-615.16720000000009	9484	20.150375230973665	9484	20
9486	-615.12700000000007	9486	20.14197935914698	9486	20
9488	-615.0869	9488	20.126649465960167	9488	20
9490	-615.0467	9490	20.1222078883024	9490	20
9492	-615.0066	9492	20.110173240246876	9492	20
9494	-614.9665	9494	20.100144366876748	9494	20
9496	-614.9261	9496	20.116786972395367	9496	20
9498	-614.8857	9498	20.13065581032755	9498	20
9500	-614.8455	9500	20.125546508608551	9500	20
9502	-614.80490000000009	9502	20.154622090501018	9502	20
9504	-614.76420000000007	9504	20.187185075418789	9504	20
9506	-614.7239	9506	20.180987562858633	9506	20
9508	-614.6833	9508	20.200822969042754	9508	20
9510	-614.6427	9510	20.217352474205661	9510	20
9512	-614.60200000000009	9512	20.239460395163185	9512	20
9514	-614.5616	9514	20.232883662643538	9514	20
9516	-614.5211	9516	20.235736385532263	9516	20
9518	-614.48060000000009	9518	20.238113654606202	9518	20
9520	-614.4403	9520	20.223428045514808	9520	20
9522	-614.3998	9522	20.227856704591655	9522	20
9524	-614.3596	9524	20.206547253828639	9524	20
9526	-614.3193	9526	20.197122711524035	9526	20
9528	-614.2789	9528	20.197602259601439	9528	20
9530	-614.2386	9530	20.189668549668035	9530	20
9532	-614.1984	9532	20.174723791392289	9532	20
9534	-614.15820000000008	9534	20.162269826153029	9534	20
9536	-614.11840000000007	9536	20.118558188462011	9536	20
9538	-614.0782	9538	20.115465157053933	9538	20
9540	-614.0382	9540	20.096220964218055	9540	20
9542	-613.99840000000006	9542	20.063517470173394	9542	20
9544	-613.9587	9544	20.027931225147739	9544	20
9546	-613.91910000000007	9546	19.989942687618978	9546	20
9548	-613.87930000000006	9548	19.974952239683635	9548	20
9550	-613.8398	9550	19.937460199743789	9550	20
9552	-613.80040000000008	9552	19.897883499777066	9552	20
9554	-613.7611	9554	19.856569583149692	9554	20
9556	-613.72160000000008	9556	19.838807985956034	9556	20
9558	-613.6822	9558	19.815673321639547	9558	20
9560	-613.6431	9560	19.771394434696472	9560	20
9562	-613.604	9562	19.734495362243909	9562	20
9564	-613.56490000000008	9564	19.703746135200106	9564	20
9566	-613.5257	9566	19.686455112670988	9566	20
9568	-613.4872	9568	19.613712593892416	9568	20
9570	-613.4485	9570	19.56976049491556	9570	20
9572	-613.4098	9572	19.533133745758708	9572	20
9574	-613.37100000000009	9574	19.510944788125904	9574	20
9576	-613.3318	9576	19.525787323442486	9576	20
9578	-613.2929	9578	19.513156102869772	9578	20
9580	-613.25380000000007	9580	19.519296752388325	9580	20
9582	-613.2146	9582	19.532747293661167	9582	20
9584	-613.1758	9584	19.510622744720763	9584	20
9586	-613.1366	9586	19.525518953928724	9586	20
9588	-613.0976	9588	19.521265794939541	9588	20
9590	-613.059	9590	19.484388162456924	9590	20
9592	-613.0198	9592	19.503656802042194	9592	20
9594	-612.9808	9594	19.5030473350341	9594	20
9596	-612.94170000000008	9596	19.510872779191931	9596	20
9598	-612.90240000000006	9598	19.534060649328747	9598	20
9600	-612.8633	9600	19.536717207780278	9600	20
9602	-612.82400000000007	9602	19.555597673142895	9602	20
9604	-612.7847	9604	19.571331394287885	9604	20
9606	-612.7453	9606	19.592776161906617	9606	20
9608	-612.7057	9608	19.627313468260851	9608	20
9610	-612.666	9610	19.664427890211147	9610	20
9612	-612.6263	9612	19.6953565751792	9612	20
9614	-612.5865	9614	19.729463812650486	9614	20
9616	-612.547	9616	19.732886510540027	9616	20
9618	-612.50700000000006	9618	19.777405425446993	9618	20
9620	-612.4674	9620	19.781171187877831	9620	20
9622	-612.4278	9622	19.78430932322739	9622	20
9624	-612.3882000000001	9624	19.786924436018687	9624	20
9626	-612.34840000000008	9626	19.805770363350057	9626	20
9628	-612.30860000000007	9628	19.821475302792866	9628	20
9630	-612.269	9630	19.81789608566606	9630	20
9632	-612.2291	9632	19.839913404720779	9632	20
9634	-612.18900000000008	9634	19.874927837262192	9634	20
9636	-612.14910000000009	9636	19.887439864384223	9636	20
9638	-612.1092	9638	19.897866553662052	9638	20
9640	-612.0693	9640	19.906555461384105	9640	20
9642	-612.02920000000006	9642	19.930462884481631	9642	20
9644	-611.989	9644	19.958719070403617	9644	20
9646	-611.9493	9646	19.940599225339593	9646	20
9648	-611.90960000000007	9648	19.925499354443431	9648	20
9650	-611.86930000000007	9650	19.962916128703029	9650	20
9652	-611.8293	9652	19.969096773925635	9652	20
9654	-611.7893	9654	19.974247311601665	9654	20
9656	-611.74880000000007	9656	20.02020609299737	9656	20
9658	-611.7088	9658	20.016838410837586	9658	20
9660	-611.6686	9660	20.030698675700247	9660	20
9662	-611.62830000000008	9662	20.0505822297409	9662	20
9664	-611.588	9664	20.067151858127058	9664	20
9666	-611.5475	9666	20.097626548435198	9666	20
9668	-611.5071	9668	20.114688790360741	9668	20
9670	-611.4668	9670	20.120573991967454	9670	20
9672	-611.42630000000008	9672	20.142144993302196	9672	20
9674	-611.38560000000007	9674	20.176787494419774	9674	20
9676	-611.3451	9676	20.188989578688602	9676	20
9678	-611.3047	9678	20.190824648905245	9678	20
9680	-611.2639	9680	20.225687207420219	9680	20
9682	-611.22350000000006	9682	20.221406006181592	9682	20
9684	-611.18260000000009	9684	20.259505005148416	9684	20
9686	-611.14190000000008	9686	20.27458750429162	9686	20
9688	-611.10120000000006	9688	20.287156253577624	9688	20
9690	-611.0606	9690	20.289296877984718	9690	20
9692	-611.0198	9692	20.30774739831978	9692	20
9694	-610.9791	9694	20.31478949860109	9694	20
9696	-610.9385	9696	20.312324582170941	9696	20
9698	-610.8981	9698	20.293603818473859	9698	20
9700	-610.85750000000007	9700	20.294669848722108	9700	20
9702	-610.8169	9702	20.295558207271789	9702	20
9704	-610.77600000000007	9704	20.321298506056912	9704	20
9706	-610.7351	9706	20.342748755053993	9706	20
9708	-610.6942	9708	20.360623962542082	9708	20
9710	-610.6536000000001	9710	20.350519968778961	9710	20
9712	-610.613	9712	20.342099973985832	9712	20
9714	-610.57210000000009	9714	20.360083311651948	9714	20
9716	-610.5312	9716	20.375069426383188	9716	20
9718	-610.49060000000009	9718	20.362557855313216	9718	20
9720	-610.45	9720	20.352131546097713	9720	20
9722	-610.40910000000008	9722	20.368442955078518	9722	20
9724	-610.36840000000007	9724	20.365369129233372	9724	20
9726	-610.3274	9726	20.387807607698949	9726	20
9728	-610.2867	9728	20.3815063397504	9728	20
9730	-610.2457	9730	20.401255283120332	9730	20
9732	-610.20490000000007	9732	20.401046069266126	9732	20
9734	-610.1642	9734	20.39253839105638	9734	20
9736	-610.1235	9736	20.385448659214926	9736	20
9738	-610.08260000000007	9738	20.396207216009529	9738	20
9740	-610.042	9740	20.380172680011306	9740	20
9742	-610.0009	9742	20.408477233345138	9742	20
9744	-609.9604	9744	20.382064361116932	9744	20
9746	-609.9197	9746	20.376720300932053	9746	20
9748	-609.8787	9748	20.397266917447848	9748	20
9750	-609.8381	9750	20.381055764533766	9750	20
9752	-609.79730000000006	9752	20.384213137110653	9752	20
9754	-609.7568	9754	20.361844280931003	9754	20
9756	-609.7163	9756	20.343203567438486	9756	20
9758	-609.676	9758	20.311002972865573	9758	20
9760	-609.6358	9760	20.275835810723571	9760	20
9762	-609.596	9762	20.213196508937461	9762	20
9764	-609.55580000000009	9764	20.194330424107338	9764	20
9766	-609.5157	9766	20.170275353427133	9766	20
9768	-609.476	9768	20.116896127859189	9768	20
9770	-609.4364	9770	20.064080106545187	9770	20
9772	-609.3966	9772	20.03673342212214	9772	20
9774	-609.3568	9774	20.013944518436269	9774	20
9776	-609.3175	9776	19.953287098699029	9776	20
9778	-609.2776	9778	19.95273924891492	9778	20
9780	-609.2382	9780	19.910616040762477	9780	20
9782	-609.19900000000007	9782	19.858846700630153	9782	20
9784	-609.1599	9784	19.807372250531447	9784	20
9786	-609.1206	9786	19.781143542111678	9786	20
9788	-609.0815	9788	19.742619618423248	9788	20
9790	-609.04220000000009	9790	19.727183015345371	9790	20
9792	-609.0032	9792	19.689319179462888	9792	20
9794	-608.9639	9794	19.682765982887879	9794	20
9796	-608.9248	9796	19.660638319070081	9796	20
9798	-608.8857	9798	19.642198599221917	9798	20
9800	-608.84660000000008	9800	19.626832166015113	9800	20
9802	-608.8074	9802	19.62236013835016	9802	20
9804	-608.7681	9804	19.626966781960604	9804	20
9806	-608.7287	9806	19.639138984967214	9806	20
9808	-608.6893	9808	19.649282487472725	9808	20
9810	-608.6497	9810	19.6744020728898	9810	20
9812	-608.61020000000008	9812	19.687001727406123	9812	20
9814	-608.5709	9814	19.680834772840573	9814	20
9816	-608.5313	9816	19.700695644039147	9816	20
9818	-608.4918	9818	19.708913036697243	9818	20
9820	-608.45220000000006	9820	19.724094197243566	9820	20
9822	-608.41270000000009	9822	19.728411831034261	9822	20
9824	-608.3731	9824	19.740343192533889	9824	20
9826	-608.3332	9826	19.775285993777302	9826	20
9828	-608.2933	9828	19.804404994813481	9828	20
9830	-608.25330000000008	9830	19.837004162341536	9830	20
9832	-608.2133	9832	19.864170135291058	9832	20
9834	-608.1733	9834	19.886808446072852	9834	20
9836	-608.1333	9836	19.905673705067155	9836	20
9838	-608.0933	9838	19.921394754219598	9838	20
9840	-608.05320000000006	9840	19.94282896184454	9840	20
9842	-608.013	9842	19.969024134872708	9842	20
9844	-607.9731	9844	19.965853445726317	9844	20
9846	-607.9331	9846	19.971544538111708	9846	20
9848	-607.89280000000008	9848	20.001287115083784	9848	20
9850	-607.8526	9850	20.017739262572078	9850	20
9852	-607.8121	9852	20.056449385482189	9852	20
9854	-607.772	9854	20.0553744878967	9854	20
9856	-607.7319	9856	20.054478739918267	9856	20
9858	-607.6916	9858	20.070398949932059	9858	20
9860	-607.6513	9860	20.083665791610219	9860	20
9862	-607.6108	9862	20.111388159671165	9862	20
9864	-607.57040000000006	9864	20.126156799724047	9864	20
9866	-607.53	9866	20.138463999777588	9866	20
9868	-607.48970000000008	9868	20.140386666472018	9868	20
9870	-607.4492	9870	20.158655555398806	9870	20
9872	-607.40870000000007	9872	20.173879629494987	9872	20
9874	-607.3685	9874	20.161566357914747	9874	20
9876	-607.32810000000006	9876	20.16797196492703	9876	20
9878	-607.2875	9878	20.189976637442555	9878	20
9880	-607.2471	9880	20.191647197866871	9880	20
9882	-607.2066	9882	20.201372664894517	9882	20
9884	-607.1661	9884	20.209477220741412	9884	20
9886	-607.1258	9886	20.199564350618012	9886	20
9888	-607.08570000000009	9888	20.17463695884322	9888	20
9890	-607.0453	9890	20.1788641323769	9890	20
9892	-607.0053	9892	20.149053443644387	9892	20
9894	-606.96490000000006	9894	20.1575445363684	9894	20
9896	-606.9246	9896	20.156287113640502	9896	20
9898	-606.8845	9898	20.138572594704769	9898	20
9900	-606.8442	9900	20.140477162254143	9900	20
9902	-606.80400000000009	9902	20.133730968537908	9902	20
9904	-606.7639	9904	20.119775807119275	9904	20
9906	-606.72350000000006	9906	20.133146505930807	9906	20
9908	-606.6833	9908	20.127622088277931	9908	20
9910	-606.64330000000007	9910	20.106351740228579	9910	20
9912	-606.6031	9912	20.105293116859407	9912	20
9914	-606.5629	9914	20.10441093071843	9914	20
9916	-606.5231	9916	20.070342442266512	9916	20
9918	-606.4832	9918	20.050285368554487	9918	20
9920	-606.4429	9920	20.066904473795574	9920	20
9922	-606.40280000000007	9922	20.06408706149119	9922	20
9924	-606.36250000000007	9924	20.07840588457616	9924	20
9926	-606.32210000000009	9926	20.09867157047821	9926	20
9928	-606.2816	9928	20.123892975403965	9928	20
9930	-606.2412	9930	20.13657747950138	9930	20
9932	-606.2007000000001	9932	20.1554812329138	9932	20
9934	-606.16050000000007	9934	20.14623436076376	9934	20
9936	-606.12020000000007	9936	20.146861967303302	9936	20
9938	-606.0798	9938	20.155718306093636	9938	20
9940	-606.0397	9940	20.13809858840624	9940	20
9942	-605.9996	9942	20.123415490342886	9942	20
9944	-605.95890000000009	9944	20.16117957527754	9944	20
9946	-605.9186	9946	20.159316312740923	9946	20
9948	-605.8784	9948	20.149430260610224	9948	20
9950	-605.8381	9950	20.149525217175356	9950	20
9952	-605.79770000000008	9952	20.15793768097754	9952	20
9954	-605.758	9954	20.106614734151194	9954	20
9956	-605.7173	9956	20.147178945127269	9956	20
9958	-605.6771	9958	20.139315787608314	9958	20
9960	-605.6371	9960	20.116096489670564	9960	20
9962	-605.5972	9962	20.0884137413912	9962	20
9964	-605.5572	9964	20.073678117832443	9964	20
9966	-605.5175	9966	20.036398431520805	9966	20
9968	-605.4777	9968	20.013665359601823	9968	20
9970	-605.4379	9970	19.99472113300267	9970	20
9972	-605.3981	9972	19.978934277503377	9972	20
9974	-605.3586	9974	19.940778564584104	9974	20
9976	-605.3189	9976	19.925648803823332	9976	20
9978	-605.2789	9978	19.938040669849745	9978	20
9980	-605.239	9980	19.940033891540516	9980	20
9982	-605.1992	9982	19.933361576284916	9982	20
9984	-605.1592	9984	19.9444679802344	9984	20
9986	-605.1195	9986	19.928723316865245	9986	20
9988	-605.0797	9988	19.923936097388857	9988	20
9990	-605.03960000000006	9990	19.944946747818925	9990	20
9992	-604.9998	9992	19.937455623183588	9992	20
9994	-604.9604	9994	19.897879685986368	9994	20
9996	-604.9211	9996	19.85656640499078	9996	20
9998	-604.8818	9998	19.822138670827787	9998	20
10000	-604.84260000000006	10000	19.78511555901791	10000	20
10002	-604.8035	10002	19.745929632521246	10002	20
10004	-604.7644	10004	19.713274693764554	10004	20
10006	-604.72520000000009	10006	19.694395578131886	10006	20
10008	-604.6862000000001	10008	19.661996315108844	10008	20
10010	-604.6471	10010	19.643330262597026	10010	20
10012	-604.6083	10012	19.60277521883398	10012	20
10014	-604.5689	10014	19.618979349028361	10014	20
10016	-604.5298	10016	19.607482790853815	10016	20
10018	-604.4905	10018	19.614568992380317	10018	20
10020	-604.45130000000006	10020	19.612140826978354	10020	20
10022	-604.4121	10022	19.610117355819526	10022	20
10024	-604.373	10024	19.600097796513122	10024	20
10026	-604.33390000000009	10026	19.591748163757785	10026	20
10028	-604.2951	10028	19.559790136467946	10028	20
10030	-604.25600000000009	10030	19.558158447053472	10030	20
10032	-604.2165	10032	19.590132039218656	10032	20
10034	-604.177	10034	19.616776699346836	10034	20
10036	-604.1373000000001	10036	19.655647249449466	10036	20
10038	-604.0977	10038	19.679706041213226	10038	20
10040	-604.0579	10040	19.716421701012173	10040	20
10042	-604.01830000000007	10042	19.730351417506007	10042	20
10044	-603.9783	10044	19.775292847928117	10044	20
10046	-603.9384	10046	19.804410706605825	10046	20
10048	-603.8986	10048	19.820342255506006	10048	20
10050	-603.8587	10050	19.841951879587402	10050	20
10052	-603.81860000000006	10052	19.876626566317711	10052	20
10054	-603.77870000000007	10054	19.888855471930487	10054	20
10056	-603.7385	10056	19.924046226610997	10056	20
10058	-603.6984	10058	19.945038522180184	10058	20
10060	-603.65820000000008	10060	19.97086543514294	10060	20
10062	-603.6178	10062	20.009054529293334	10062	20
10064	-603.57760000000007	10064	20.024212107737231	10064	20
10066	-603.5374	10066	20.036843423116618	10066	20
10068	-603.4971	10068	20.055702852597349	10068	20
10070	-603.4566	10070	20.08808571050325	10070	20
10072	-603.4157	10072	20.1484047587498	10072	20
10074	-603.3755	10074	20.140337298960425	10074	20
10076	-603.335	10076	20.158614415796336	10076	20
10078	-603.2945	10078	20.173845346502404	10078	20
10080	-603.2539	10080	20.194871122079231	10080	20
10082	-603.21340000000009	10082	20.204059268395341	10082	20
10084	-603.17270000000008	10084	20.228382723664058	10084	20
10086	-603.1321	10086	20.240318936390079	10086	20
10088	-603.0913	10088	20.266932446990914	10088	20
10090	-603.0505	10090	20.28911037249161	10090	20
10092	-603.0098	10092	20.299258643744285	10092	20
10094	-602.9691	10094	20.307715536454847	10094	20
10096	-602.92820000000006	10096	20.33142961370946	10096	20
10098	-602.8875	10098	20.334524678092492	10098	20
10100	-602.8468	10100	20.337103898411687	10100	20
10102	-602.80580000000009	10102	20.364253248671407	10102	20
10104	-602.7653	10104	20.345211040564962	10104	20
10106	-602.72440000000006	10106	20.362675867134559	10106	20
10108	-602.6837	10108	20.360563222613408	10108	20
10110	-602.643	10110	20.358802685512448	10110	20
10112	-602.6026	10112	20.332335571258447	10112	20
10114	-602.5619	10114	20.33527964271665	10114	20
10116	-602.5213	10116	20.329399702267239	10116	20
10118	-602.48070000000007	10118	20.324499751883259	10118	20
10120	-602.4402	10120	20.312083126574841	10120	20
10122	-602.3997	10122	20.301735938808349	10122	20
10124	-602.35930000000008	10124	20.284779949005035	10124	20
10126	-602.3187	10126	20.287316624174228	10126	20
10128	-602.2784	10128	20.264430520145357	10128	20
10130	-602.238	10130	20.253692100119206	10130	20
10132	-602.1977	10132	20.23641008343284	10132	20
10134	-602.1574	10134	20.222008402860869	10134	20
10136	-602.117	10136	20.218340335724942	10136	20
10138	-602.07670000000007	10138	20.206950279761479	10138	20
10140	-602.0364	10140	20.19745856647754	10140	20
10142	-601.9964	10142	20.164548805394919	10142	20
10144	-601.9561	10144	20.162124004495933	10144	20
10146	-601.916	10146	20.143436670408153	10146	20
10148	-601.87560000000008	10148	20.15286389200487	10148	20
10150	-601.8352	10150	20.160719910011608	10150	20
10152	-601.79500000000007	10152	20.15059992500246	10152	20
10154	-601.7547	10154	20.15049993751169	10154	20
10156	-601.7142	10156	20.167083281255724	10156	20
10158	-601.6739	10158	20.164236067713272	10158	20
10160	-601.6333	10160	20.186863389764426	10160	20
10162	-601.5927	10162	20.205719491464247	10162	20
10164	-601.5521	10164	20.221432909556903	10164	20
10166	-601.5113	10166	20.2511940912966	10166	20
10168	-601.4705	10168	20.275995076079681	10168	20
10170	-601.4301	10170	20.263329230064478	10170	20
10172	-601.3895	10172	20.269441025057098	10172	20
10174	-601.3487	10174	20.291200854213432	10174	20
10176	-601.3081	10176	20.292667378514558	10176	20
10178	-601.2675	10178	20.293889482089359	10178	20
10180	-601.2269	10180	20.294907901744498	10180	20
10182	-601.1864	10182	20.287423251449731	10182	20
10184	-601.146	10184	20.272852709548992	10184	20
10186	-601.1055	10186	20.269043924620142	10186	20
10188	-601.0652	10188	20.249203270516954	10188	20
10190	-601.02500000000009	10190	20.224336058756915	10190	20
10192	-600.98520000000008	10192	20.170280048965246	10192	20
10194	-600.9451	10194	20.150233374142058	10194	20
10196	-600.9052	10196	20.116861145117443	10196	20
10198	-600.86570000000006	10198	20.055717620929158	10198	20
10200	-600.8262	10200	20.004764684115059	10200	20
10202	-600.78680000000008	10202	19.953970570086458	10202	20
10204	-600.7476	10204	19.894975475076279	10204	20
10206	-600.7086	10206	19.82914622922917	10206	20
10208	-600.66960000000006	10208	19.774288524356582	10208	20
10210	-600.6307	10210	19.720240436964851	10210	20
10212	-600.5920000000001	10212	19.658533697466453	10212	20
10214	-600.55320000000006	10214	19.615444747891836	10214	20
10216	-600.5144	10216	19.579537289912988	10216	20
10218	-600.4755	10218	19.557947741595189	10218	20
10220	-600.4371	10220	19.498289784664674	10220	20
10222	-600.3984	10222	19.473574820549636	10222	20
10224	-600.36	10224	19.427979017126717	10224	20
10226	-600.3215	10226	19.398315847605524	10226	20
10228	-600.2829	10228	19.381929873002434	10228	20
10230	-600.2444	10230	19.359941560835288	10230	20
10232	-600.20580000000007	10232	19.349951300693906	10232	20
10234	-600.16730000000007	10234	19.333292750578181	10234	20
10236	-600.129	10236	19.30274395881926	10236	20
10238	-600.09	10238	19.335619965681655	10238	20
10240	-600.05140000000006	10240	19.329683304732544	10240	20
10242	-600.0122	10242	19.374736087281352	10242	20
10244	-599.97340000000008	10244	19.378946739394777	10244	20
10246	-599.9342	10246	19.415788949499881	10246	20
10248	-599.8949	10248	19.454824124585372	10248	20
10250	-599.85570000000007	10250	19.4790201038159	10250	20
10252	-599.8164	10252	19.507516753182053	10252	20
10254	-599.7772	10254	19.522930627655942	10254	20
10256	-599.73790000000008	10256	19.544108856372613	10256	20
10258	-599.6983	10258	19.586757380315849	10258	20
10260	-599.65910000000008	10260	19.588964483591297	10260	20
10262	-599.6199	10262	19.590803736330312	10262	20
10264	-599.5805	10264	19.609003113608637	10264	20
10266	-599.5412	10266	19.615835928009336	10266	20
10268	-599.5019	10268	19.621529940009918	10268	20
10270	-599.4624	10270	19.642941616672886	10270	20
10272	-599.423	10272	19.652451347227451	10272	20
10274	-599.3835	10274	19.668709456020832	10274	20
10276	-599.3438	10276	19.69892454668727	10276	20
10278	-599.3036	10278	19.765770455574984	10278	20
10280	-599.2634	10280	19.821475379638606	10280	20
10282	-599.22340000000008	10282	19.85122948302914	10282	20
10284	-599.18360000000007	10284	19.859357902525435	10284	20
10286	-599.14370000000008	10286	19.874464918770258	10286	20
10288	-599.10380000000009	10288	19.887054098974279	10288	20
10290	-599.0638	10290	19.905878415818343	10290	20
10292	-599.024	10292	19.904898679849772	10292	20
10294	-598.9841	10294	19.912415566540538	10294	20
10296	-598.9442	10296	19.918679638782844	10296	20
10298	-598.90420000000006	10298	19.932233032316006	10298	20
10300	-598.8642	10300	19.94352752693645	10300	20
10302	-598.82400000000007	10302	19.96960627243983	10302	20
10304	-598.78370000000007	10304	19.999671893700025	10304	20
10306	-598.7429	10306	20.066393244758679	10306	20
10308	-598.7024	10308	20.096994370628217	10308	20
10310	-598.66190000000006	10310	20.12249530885283	10310	20
10312	-598.6213	10312	20.15207942404739	10312	20
10314	-598.581	10314	20.151732853372994	10314	20
10316	-598.54040000000009	10316	20.176444044471388	10316	20
10318	-598.5001	10318	20.1720367037358	10318	20
10320	-598.45980000000009	10320	20.168363919770528	10320	20
10322	-598.4195	10322	20.165303266485079	10322	20
10324	-598.3791	10324	20.171086055402309	10324	20
10326	-598.3388	10326	20.167571712835425	10326	20
10328	-598.2983	10328	20.181309760692169	10328	20
10330	-598.258	10330	20.176091467243644	10330	20
10332	-598.2174	10332	20.19674288937307	10332	20
10334	-598.177	10334	20.197285741142302	10334	20
10336	-598.1368	10336	20.181071450954178	10336	20
10338	-598.09620000000007	10338	20.200892875789041	10338	20
10340	-598.05590000000007	10340	20.19241072982437	10340	20
10342	-598.0158	10342	20.168675608191325	10342	20
10344	-597.976	10344	20.123896340160588	10344	20
10346	-597.936	10346	20.103246950130792	10346	20
10348	-597.8961	10348	20.077705791774722	10348	20
10350	-597.85620000000006	10350	20.056421493144665	10350	20
10352	-597.8162	10352	20.047017910960331	10352	20
10354	-597.7761	10354	20.047514925795152	10354	20
10356	-597.7359	10356	20.056262438164886	10356	20
10358	-597.6956	10358	20.071885365137575	10358	20
10360	-597.6552	10360	20.09323780427939	10360	20
10362	-597.6149	10362	20.102698170232994	10362	20
10364	-597.5746	10364	20.110581808527662	10364	20
10366	-597.53410000000008	10366	20.133818173769036	10366	20
10368	-597.4932	10368	20.186515144814095	10368	20
10370	-597.45260000000007	10370	20.205429287338973	10370	20
10372	-597.4121	10372	20.212857739454602	10372	20
10374	-597.3714	10374	20.235714782880109	10374	20
10376	-597.3309	10376	20.238095652396073	10376	20
10378	-597.29050000000007	10378	20.231746376994803	10378	20
10380	-597.2495	10380	20.276455314166807	10380	20
10382	-597.2087	10382	20.297046095138189	10382	20
10384	-597.1675	10384	20.347538412615446	10384	20
10386	-597.1269	10386	20.339615343849569	10386	20
10388	-597.0861	10388	20.349679453207155	10388	20
10390	-597.0453	10390	20.358066211005145	10390	20
10392	-597.0045	10392	20.365055175836805	10392	20
10394	-596.9637	10394	20.370879313196518	10394	20
10396	-596.923	10396	20.367399427665042	10396	20
10398	-596.8821	10398	20.381166189717959	10398	20
10400	-596.8411000000001	10400	20.400971824759967	10400	20
10402	-596.8001	10402	20.417476520637777	10402	20
10404	-596.75960000000009	10404	20.389563767194129	10404	20
10406	-596.7187	10406	20.399636472668337	10406	20
10408	-596.6779	10408	20.399697060556129	10408	20
10410	-596.6372	10410	20.391414217131384	10410	20
10412	-596.5967	10412	20.367845180938804	10412	20
10414	-596.5562	10414	20.34820431745446	10414	20
10416	-596.5157	10416	20.331836931208034	10416	20
10418	-596.47520000000009	10418	20.318197442669344	10418	20
10420	-596.4346	10420	20.315164535561152	10420	20
10422	-596.3941	10422	20.304303779639753	10422	20
10424	-596.3537	10424	20.286919816364538	10424	20
10426	-596.31360000000006	10426	20.247433180298657	10426	20
10428	-596.2735	10428	20.214527650253231	10428	20
10430	-596.2336	10430	20.170439708543423	10430	20
10432	-596.1939	10432	20.117033090456097	10432	20
10434	-596.15420000000006	10434	20.072527575373851	10434	20
10436	-596.11470000000008	10436	20.018772979476164	10436	20
10438	-596.0752	10438	19.973977482904232	10438	20
10440	-596.0361	10440	19.903314569083708	10440	20
10442	-595.99660000000006	10442	19.877762140901044	10442	20
10444	-595.95720000000006	10444	19.848135117417581	10444	20
10446	-595.9177	10446	19.831779264522076	10446	20
10448	-595.8785	10448	19.793149387096488	10448	20
10450	-595.83940000000007	10450	19.752624489243921	10450	20
10452	-595.8003	10452	19.718853741042921	10452	20
10454	-595.761	10454	19.707378117537907	10454	20
10456	-595.7219	10456	19.681148431278437	10456	20
10458	-595.68270000000007	10458	19.667623692726789	10458	20
10460	-595.6439	10460	19.623019743942116	10460	20
10462	-595.60470000000009	10462	19.61918311994652	10462	20
10464	-595.5655	10464	19.615985933292997	10464	20
10466	-595.5261	10466	19.629988277744211	10466	20
10468	-595.48660000000007	10468	19.649990231451465	10468	20
10470	-595.44720000000007	10470	19.658325192876266	10470	20
10472	-595.408	10472	19.64860432740112	10472	20
10474	-595.3685	10474	19.665503606165554	10474	20
10476	-595.3287	10476	19.704586338472446	10476	20
10478	-595.2892	10478	19.712155282058326	10478	20
10480	-595.2495	10480	19.735129401718517	10480	20
10482	-595.2097	10482	19.762607834766584	10482	20
10484	-595.1699000000001	10484	19.785506528963833	10484	20
10486	-595.13	10486	19.812922107478393	10486	20
10488	-595.09030000000007	10488	19.819101756225763	10488	20
10490	-595.0505	10490	19.832584796855954	10490	20
10492	-595.0107	10492	19.843820664047779	10492	20
10494	-594.9706	10494	19.878183886710833	10494	20
10496	-594.9306	10496	19.898486572255997	10496	20
10498	-594.8905	10498	19.923738810217682	10498	20
10500	-594.8508	10500	19.911449008508505	10500	20
10502	-594.8108	10502	19.926207507096866	10502	20
10504	-594.7708	10504	19.938506255911022	10504	20
10506	-594.731	10506	19.932088546593672	10506	20
10508	-594.6909	10508	19.951740455489603	10508	20
10510	-594.65090000000009	10510	19.959783712904972	10510	20
10512	-594.6108	10512	19.974819760758496	10512	20
10514	-594.5708	10514	19.97901646730519	10514	20
10516	-594.5309	10516	19.974180389420052	10516	20
10518	-594.4909	10518	19.978483657847011	10518	20
10520	-594.4509	10520	19.982069714869478	10520	20
10522	-594.4108	10522	19.99339142906225	10522	20
10524	-594.3705	10524	20.019492857552045	10524	20
10526	-594.33030000000008	10526	20.03291071461949	10526	20
10528	-594.29	10528	20.052425595525882	10528	20
10530	-594.24970000000008	10530	20.068687996262263	10530	20
10532	-594.2095	10532	20.073906663554144	10532	20
10534	-594.1692	10534	20.086588886295289	10534	20
10536	-594.1287	10536	20.1138240719182	10536	20
10538	-594.0887	10538	20.094853393262134	10538	20
10540	-594.0484	10540	20.104044494385281	10540	20
10542	-594.008	10542	20.120037078652476	10542	20
10544	-593.9675	10544	20.141697565549187	10544	20
10546	-593.9271	10546	20.151414637955732	10546	20
10548	-593.88700000000006	10548	20.134512198291318	10548	20
10550	-593.8463	10550	20.170426831910707	10550	20
10552	-593.8062	10552	20.150355693263272	10552	20
10554	-593.76600000000008	10554	20.14196307771218	10554	20
10556	-593.7256	10556	20.151635898101034	10556	20
10558	-593.6851	10558	20.168029915080179	10558	20
10560	-593.6449	10560	20.156691595902409	10560	20
10562	-593.6046	10562	20.155576329918844	10562	20
10564	-593.56450000000007	10564	20.137980274927248	10564	20
10566	-593.52420000000006	10566	20.139983562439543	10566	20
10568	-593.4841	10568	20.124986302037303	10568	20
10570	-593.4439	10570	20.120821918366676	10570	20
10572	-593.4038	10572	20.109018265300438	10572	20
10574	-593.36380000000008	10574	20.090848554414002	10574	20
10576	-593.3237	10576	20.08404046201602	10576	20
10578	-593.2838	10578	20.061700385012411	10578	20
10580	-593.2435	10580	20.076416987510513	10580	20
10582	-593.2037	10582	20.047014156259912	10582	20
10584	-593.16370000000006	10584	20.039178463546897	10584	20
10586	-593.1237	10586	20.03264871962886	10586	20
10588	-593.0835	10588	20.043873933026308	10588	20
10590	-593.04310000000009	10590	20.069894944177189	10590	20
10592	-593.0025	10592	20.10824578681769	10592	20
10594	-592.9618	10594	20.148538155682683	10594	20
10596	-592.92140000000006	10596	20.157115129733643	10596	20
10598	-592.8809	10598	20.172595941450162	10598	20
10600	-592.8405	10600	20.177163284539876	10600	20
10602	-592.8001	10602	20.180969403781305	10602	20
10604	-592.76	10604	20.159141169822107	10604	20
10606	-592.7195	10606	20.174284308181072	10606	20
10608	-592.6794	10608	20.153570256821911	10608	20
10610	-592.639	10610	20.16130854734967	10610	20
10612	-592.5991	10612	20.126090456123787	10612	20
10614	-592.55910000000006	10614	20.105075380100125	10614	20
10616	-592.519	10616	20.095896150087789	10616	20
10618	-592.479	10618	20.07991345840346	10618	20
10620	-592.4391	10620	20.058261215335278	10620	20
10622	-592.3986	10622	20.090217679451523	10622	20
10624	-592.3583	10624	20.100181399543104	10624	20
10626	-592.3182	10626	20.091817832947463	10626	20
10628	-592.27780000000007	10628	20.109848194120961	10628	20
10630	-592.2381	10630	20.06654016177071	10630	20
10632	-592.1982	10632	20.047116801474655	10632	20
10634	-592.1588	10634	19.989264001228925	10634	20
10636	-592.1191	10636	19.966053334360684	10636	20
10638	-592.0795	10638	19.938377778629764	10638	20
10640	-592.0401	10640	19.898648148858182	10640	20
10642	-592.00110000000006	10642	19.832206790714089	10642	20
10644	-591.9619	10644	19.793505658932638	10644	20
10646	-591.923	10646	19.73625471577823	10646	20
10648	-591.8839	10648	19.705212263145373	10648	20
10650	-591.84480000000008	10650	19.679343552617993	10650	20
10652	-591.8061	10652	19.624452960520209	10652	20
10654	-591.7673	10654	19.587044133769965	10654	20
10656	-591.7286	10656	19.547536778137381	10656	20
10658	-591.68990000000008	10658	19.514613981776893	10658	20
10660	-591.6513	10660	19.478844984821386	10660	20
10662	-591.61290000000008	10662	19.432370820677033	10662	20
10664	-591.5743	10664	19.410309017238166	10664	20
10666	-591.5358	10666	19.383590847698397	10666	20
10668	-591.49750000000006	10668	19.3446590397433	10668	20
10670	-591.4585	10670	19.370549199794496	10670	20
10672	-591.42000000000007	10672	19.350457666485863	10672	20
10674	-591.3814	10674	19.342048055412192	10674	20
10676	-591.34260000000006	10676	19.351706712837142	10676	20
10678	-591.30400000000009	10678	19.343088927362118	10678	20
10680	-591.2652	10680	19.352574106138224	10680	20
10682	-591.2263	10682	19.368811755116219	10682	20
10684	-591.1873	10684	19.390676462595788	10684	20
10686	-591.1481	10686	19.425563718834056	10686	20
10688	-591.1087	10688	19.471303099028425	10688	20
10690	-591.0696	10690	19.484419249187205	10690	20
10692	-591.0302	10692	19.520349374322716	10692	20
10694	-590.99070000000006	10694	19.558624478600219	10694	20
10696	-590.95130000000006	10696	19.582187065500229	10696	20
10698	-590.9115	10698	19.63515588791801	10698	20
10700	-590.8715	10700	19.69596323993812	10700	20
10702	-590.8316	10702	19.738302699947496	10702	20
10704	-590.7917	10704	19.773585583288643	10704	20
10706	-590.7517	10706	19.811321319404172	10706	20
10708	-590.7115	10708	19.85943443283907	10708	20
10710	-590.6713	10710	19.899528694034817	10710	20
10712	-590.6313	10712	19.916273911692649	10712	20
10714	-590.5907	10714	19.980228259747239	10714	20
10716	-590.5502	10716	20.025190216452014	10716	20
10718	-590.50960000000009	10718	20.070991847037238	10718	20
10720	-590.46890000000008	10720	20.117493205865639	10720	20
10722	-590.42820000000006	10722	20.156244338222642	10722	20
10724	-590.3877	10724	20.171870281857661	10724	20
10726	-590.3473	10726	20.176558568212794	10726	20
10728	-590.30680000000007	10728	20.188798806839976	10728	20
10730	-590.2662	10730	20.207332339036679	10730	20
10732	-590.2259	10732	20.1977769491974	10732	20
10734	-590.1852	10734	20.223147457665775	10734	20
10736	-590.14460000000008	10736	20.235956214715372	10736	20
10738	-590.10390000000007	10738	20.254963512264087	10738	20
10740	-590.063	10740	20.287469593559969	10740	20
10742	-590.0222	10742	20.306224661299158	10742	20
10744	-589.9814	10744	20.321853884415148	10744	20
10746	-589.9406	10746	20.334878237011807	10746	20
10748	-589.8996	10748	20.362398530847646	10748	20
10750	-589.85840000000007	10750	20.401998775697184	10750	20
10752	-589.8174	10752	20.418332313085457	10752	20
10754	-589.7766	10754	20.415276927570396	10754	20
10756	-589.73520000000008	10756	20.462730772971437	10756	20
10758	-589.6939	10758	20.4939423108172	10758	20
10760	-589.6526	10760	20.519951925679194	10760	20
10762	-589.6115	10762	20.524959938068378	10762	20
10764	-589.5702	10764	20.54579994838851	10764	20
10766	-589.52920000000006	10766	20.538166623652092	10766	20
10768	-589.48790000000008	10768	20.556805519708274	10768	20
10770	-589.44710000000009	10770	20.530671266422743	10770	20
10772	-589.4063	10772	20.50889272202761	10772	20
10774	-589.3655	10774	20.490743935022191	10774	20
10776	-589.3247	10776	20.475619945851008	10776	20
10778	-589.2842	10778	20.438016621538491	10778	20
10780	-589.244	10780	20.381680517951	10780	20
10782	-589.20310000000006	10782	20.393067098289588	10782	20
10784	-589.1625	10784	20.377555915244688	10784	20
10786	-589.1222	10786	20.339629929370741	10786	20
10788	-589.0818	10788	20.316358274473693	10788	20
10790	-589.04130000000009	10790	20.305298562057395	10790	20
10792	-589.0013	10792	20.254415468387606	10792	20
10794	-588.96080000000006	10794	20.253679556985656	10794	20
10796	-588.9207	10796	20.219732964159064	10796	20
10798	-588.8804	10798	20.208110803466056	10798	20
10800	-588.83990000000006	10800	20.215092336217698	10800	20
10802	-588.7996	10802	20.204243613514915	10802	20
10804	-588.7592	10804	20.203536344603314	10804	20
10806	-588.7187	10806	20.211280287165412	10806	20
10808	-588.678	10808	20.234400239305785	10808	20
10810	-588.6375	10810	20.237000199417469	10810	20
10812	-588.5969	10812	20.24750016618459	10812	20
10814	-588.556	10814	20.281250138484246	10814	20
10816	-588.51510000000007	10816	20.309375115400627	10816	20
10818	-588.4745	10818	20.307812596170553	10818	20
10820	-588.4334	10820	20.348177163477843	10820	20
10822	-588.3926	10822	20.356814302897384	10822	20
10824	-588.3519	10824	20.355678585749096	10824	20
10826	-588.3114	10826	20.338065488120229	10826	20
10828	-588.27060000000006	10828	20.348387906766039	10828	20
10830	-588.2299	10830	20.348656588972975	10830	20
10832	-588.18950000000007	10832	20.323880490808889	10832	20
10834	-588.1489	10834	20.319900409010774	10834	20
10836	-588.1083	10836	20.316583674179011	10836	20
10838	-588.068	10838	20.288819728482679	10838	20
10840	-588.02780000000007	10840	20.257349773728354	10840	20
10842	-587.98790000000008	10842	20.206124811439356	10842	20
10844	-587.9477	10844	20.188437342868387	10844	20
10846	-587.9076	10846	20.165364452394673	10846	20
10848	-587.8679	10848	20.112803710332138	10848	20
10850	-587.8283	10850	20.060669758605979	10850	20
10852	-587.7888	10852	20.008891465502938	10852	20
10854	-587.7494	10854	19.957409554585826	10854	20
10856	-587.7104	10856	19.88117462882046	10856	20
10858	-587.671	10858	19.85097885735043	10858	20
10860	-587.63190000000009	10860	19.800815714455542	10860	20
10862	-587.5925	10862	19.784013095389138	10862	20
10864	-587.5535	10864	19.736677579489886	10864	20
10866	-587.5146	10866	19.688897982909271	10866	20
10868	-587.4756	10868	19.657414985756663	10868	20
10870	-587.437	10870	19.597845821461718	10870	20
10872	-587.398	10872	19.581538184550372	10872	20
10874	-587.3595	10874	19.526281820458568	10874	20
10876	-587.3205	10876	19.521901517047745	10876	20
10878	-587.2818	10878	19.493251264211668	10878	20
10880	-587.2431	10880	19.469376053505467	10880	20
10882	-587.2041	10882	19.474480044586826	10882	20
10884	-587.1649	10884	19.495400037159921	10884	20
10886	-587.1259	10886	19.496166697632205	10886	20
10888	-587.0871	10888	19.480138914696628	10888	20
10890	-587.04820000000007	10890	19.475115762238747	10890	20
10892	-587.0091	10892	19.487596468538609	10892	20
10894	-586.9697	10894	19.522997057115553	10894	20
10896	-586.93080000000009	10896	19.510830880921183	10896	20
10898	-586.8916	10898	19.525692400771884	10898	20
10900	-586.85300000000007	10900	19.48807700064107	10900	20
10902	-586.8139	10902	19.498397500540545	10902	20
10904	-586.7746	10904	19.523664583785926	10904	20
10906	-586.7356	10906	19.519720486487209	10906	20
10908	-586.69630000000006	10908	19.541433738732003	10908	20
10910	-586.657	10910	19.559528115612142	10910	20
10912	-586.61740000000009	10912	19.59960676300598	10912	20
10914	-586.5779	10914	19.624672302512412	10914	20
10916	-586.5383	10916	19.653893585422871	10916	20
10918	-586.4985	10918	19.694911321186879	10918	20
10920	-586.4592	10920	19.687426100991203	10920	20
10922	-586.41960000000006	10922	19.706188417488534	10922	20
10924	-586.38010000000008	10924	19.713490347905068	10924	20
10926	-586.3406	10926	19.719575289928319	10926	20
10928	-586.3011	10928	19.724646074938221	10928	20
10930	-586.26150000000007	10930	19.737205062444382	10930	20
10932	-586.2223	10932	19.714337552041215	10932	20
10934	-586.1829	10934	19.71194796003439	10934	20
10936	-586.1432	10936	19.734956633365236	10936	20
10938	-586.1034	10938	19.762463861138848	10938	20
10940	-586.06360000000006	10940	19.785386550940721	10940	20
10942	-586.02330000000006	10942	19.846155459117437	10942	20
10944	-585.9831	10944	19.888462882600123	10944	20
10946	-585.9431	10946	19.907052402173214	10946	20
10948	-585.9029	10948	19.939210335137133	10948	20
10950	-585.8628	10950	19.957675279285297	10950	20
10952	-585.8229	10952	19.956396066070145	10952	20
10954	-585.7826	10954	19.988663388391956	10954	20
10956	-585.7427	10956	19.982219490325694	10956	20
10958	-585.7024	10958	20.010182908604914	10958	20
10960	-585.6621	10960	20.033485757170929	10960	20
10962	-585.6221	10962	20.027904797639412	10962	20
10964	-585.5818	10964	20.048253998033012	10964	20
10966	-585.54140000000007	10966	20.073544998358919	10966	20
10968	-585.5012	10968	20.077954165301357	10968	20
10970	-585.4609	10970	20.089961804417968	10970	20
10972	-585.4206	10972	20.099968170348475	10972	20
10974	-585.38	10974	20.133306808627093	10974	20
10976	-585.3397	10976	20.136089007189412	10976	20
10978	-585.29910000000007	10978	20.16340750598507	10978	20
10980	-585.2585	10980	20.18617292165759	10980	20
10982	-585.2184	10982	20.16347743471901	10982	20
10984	-585.1778	10984	20.186231195593066	10984	20
10986	-585.1372	10986	20.205192662997586	10986	20
10988	-585.09660000000008	10988	20.220993885825216	10988	20
10990	-585.0562	10990	20.217494904861898	10990	20
10992	-585.0162	10992	20.18124575404855	10992	20
10994	-584.9758	10994	20.1843714617052	10994	20
10996	-584.9355	10996	20.178642884754503	10996	20
10998	-584.8952	10998	20.173869070628921	10998	20
11000	-584.855	11000	20.161557558859691	11000	20
11002	-584.8148	11002	20.151297965718669	11002	20
11004	-584.77420000000006	11004	20.176081638092786	11004	20
11006	-584.7338	11006	20.180068031751539	11006	20
11008	-584.69350000000009	11008	20.175056693116975	11008	20
11010	-584.6531	11010	20.179213910938362	11010	20
11012	-584.6127	11012	20.182678259113377	11012	20
11014	-584.5724	11014	20.177231882594651	11014	20
11016	-584.5321	11016	20.172693235495711	11016	20
11018	-584.4918	11018	20.168911029579927	11018	20
11020	-584.4515	11020	20.165759191316774	11020	20
11022	-584.4111	11022	20.171465992762055	11022	20
11024	-584.3704	11024	20.201221660636321	11024	20
11026	-584.33	11026	20.201018050528344	11026	20
11028	-584.2897	11028	20.192515042107122	11028	20
11030	-584.2492	11030	20.20209586842806	11030	20
11032	-584.2083	11032	20.243413223687138	11032	20
11034	-584.1676	11034	20.261177686407223	11034	20
11036	-584.1266	11036	20.300981405334351	11036	20
11038	-584.0856	11038	20.334151171116432	11038	20
11040	-584.04500000000007	11040	20.328459309257585	11040	20
11042	-584.00430000000006	11042	20.332049424382596	11042	20
11044	-583.9638	11044	20.318374520324287	11044	20
11046	-583.9235	11046	20.290312100270409	11046	20
11048	-583.8824	11048	20.333593416894388	11048	20
11050	-583.84170000000006	11050	20.336327847403791	11050	20
11052	-583.8011	11052	20.330273206173189	11052	20
11054	-583.7604	11054	20.3335610051456	11054	20
11056	-583.71980000000008	11056	20.327967504281894	11056	20
11058	-583.6794	11058	20.306639586909128	11058	20
11060	-583.639	11060	20.288866322422351	11060	20
11062	-583.5983	11062	20.299055268686569	11062	20
11064	-583.5574	11064	20.324212723902562	11064	20
11066	-583.5168	11066	20.320177269922166	11066	20
11068	-583.4764	11068	20.300147724933215	11068	20
11070	-583.436	11070	20.283456437442421	11070	20
11072	-583.39560000000006	11072	20.269547031200094	11072	20
11074	-583.3554	11074	20.241289192669004	11074	20
11076	-583.3151	11076	20.226074327224339	11076	20
11078	-583.27510000000007	11078	20.18839527268392	11078	20
11080	-583.2349	11080	20.17366272723886	11080	20
11082	-583.1947	11082	20.161385606034642	11082	20
11084	-583.15460000000007	11084	20.142821338357077	11084	20
11086	-583.1145	11086	20.127351115301916	11086	20
11088	-583.0743	11088	20.122792596087187	11088	20
11090	-583.03460000000007	11090	20.077327163399758	11090	20
11092	-582.9946	11092	20.064439302839578	11092	20
11094	-582.9551	11094	20.01203275236427	11094	20
11096	-582.91550000000007	11096	19.976693960299421	11096	20
11098	-582.8758	11098	19.955578300252764	11098	20
11100	-582.8365	11100	19.904648583546109	11100	20
11102	-582.7969	11102	19.887207152950953	11102	20
11104	-582.7575	11104	19.856005960792505	11104	20
11106	-582.7181	11106	19.830004967327131	11106	20
11108	-582.6787	11108	19.808337472772653	11108	20
11110	-582.6396	11110	19.765281227316866	11110	20
11112	-582.60020000000009	11112	19.754401022754628	11112	20
11114	-582.5611	11114	19.720334185635178	11114	20
11116	-582.5222	11116	19.675278488030347	11116	20
11118	-582.48300000000006	11118	19.662732073353379	11118	20
11120	-582.4437	11120	19.660610061129955	11120	20
11122	-582.40460000000007	11122	19.642175050938476	11122	20
11124	-582.3653	11124	19.643479209117537	11124	20
11126	-582.326	11126	19.644566007600087	11126	20
11128	-582.2864	11128	19.670471673005409	11128	20
11130	-582.2471	11130	19.667059727497172	11130	20
11132	-582.2076	11132	19.68088310625507	11132	20
11134	-582.1679	11134	19.709069255206327	11134	20
11136	-582.1284	11136	19.715891046003229	11136	20
11138	-582.0887	11138	19.738242538339268	11138	20
11140	-582.049	11140	19.756868781952633	11140	20
11142	-582.0094	11142	19.764057318289723	11142	20
11144	-581.96980000000008	11144	19.770047765237297	11144	20
11146	-581.92990000000009	11146	19.800039804363475	11146	20
11148	-581.8899	11148	19.833366503642672	11148	20
11150	-581.8499	11150	19.861138753032531	11150	20
11152	-581.8099	11152	19.884282294200219	11152	20
11154	-581.77	11154	19.89523524516591	11154	20
11156	-581.72970000000009	11156	19.937696037628953	11156	20
11158	-581.6897	11158	19.948080031363904	11158	20
11160	-581.6496	11160	19.965066692807603	11160	20
11162	-581.60930000000008	11162	19.995888910663698	11162	20
11164	-581.5691	11164	20.013240758888674	11164	20
11166	-581.52870000000007	11166	20.044367299071972	11166	20
11168	-581.4885	11168	20.053639415895567	11168	20
11170	-581.4479	11170	20.094699513249672	11170	20
11172	-581.4076	11172	20.103916261041562	11172	20
11174	-581.3673	11174	20.111596884201472	11174	20
11176	-581.3268	11176	20.134664070163875	11176	20
11178	-581.2862	11178	20.16222005847326	11178	20
11180	-581.24600000000009	11180	20.151850048720505	11180	20
11182	-581.20530000000008	11182	20.184875040601696	11182	20
11184	-581.1647	11184	20.204062533838112	11184	20
11186	-581.12430000000006	11186	20.203385444863169	11186	20
11188	-581.0836	11188	20.227821204053917	11188	20
11190	-581.04320000000007	11190	20.223184336709675	11190	20
11192	-581.0026	11192	20.235986947261427	11192	20
11194	-580.962	11194	20.246655789387887	11194	20
11196	-580.92140000000006	11196	20.255546491150465	11196	20
11198	-580.88100000000009	11198	20.246288742623463	11198	20
11200	-580.8406	11200	20.238573952193772	11200	20
11202	-580.8002	11202	20.232144960159552	11202	20
11204	-580.75970000000007	11204	20.235120800128943	11204	20
11206	-580.71940000000006	11206	20.220934000107622	11206	20
11208	-580.6793	11208	20.192445000094036	11208	20
11210	-580.63880000000006	11210	20.202037500074347	11210	20
11212	-580.59850000000006	11212	20.193364583395457	11212	20
11214	-580.5581	11214	20.194470486170431	11214	20
11216	-580.518	11216	20.170392071803569	11216	20
11218	-580.4777	11218	20.166993393169811	11218	20
11220	-580.4378	11220	20.130827827640573	11220	20
11222	-580.3976	11222	20.1256898563694	11222	20
11224	-580.3576	11224	20.104741546971471	11224	20
11226	-580.3174	11226	20.103951289145151	11226	20
11228	-580.277	11228	20.119959407619035	11228	20
11230	-580.2367	11230	20.124966173016031	11230	20
11232	-580.1964	11232	20.129138477513528	11232	20
11234	-580.1562	11234	20.124282064596866	11234	20
11236	-580.1159	11236	20.128568387164222	11236	20
11238	-580.0759	11238	20.107140322633821	11238	20
11240	-580.0358	11240	20.097616935532535	11240	20
11242	-579.9953	11242	20.123014112939764	11242	20
11244	-579.9551	11244	20.119178427452063	11244	20
11246	-579.9148	11246	20.124315356210221	11246	20
11248	-579.8749	11248	20.095262796840913	11248	20
11250	-579.835	11250	20.071052330699825	11250	20
11252	-579.79460000000006	11252	20.092543608914596	11252	20
11254	-579.7545	11254	20.085453007433181	11254	20
11256	-579.714	11256	20.1128775061903	11256	20
11258	-579.6735	11258	20.135731255164043	11258	20
11260	-579.633	11260	20.154776045966017	11260	20
11262	-579.5924	11262	20.178980038308378	11262	20
11264	-579.5521	11264	20.174150031923816	11264	20
11266	-579.5118	11266	20.170125026603348	11266	20
11268	-579.47120000000007	11268	20.191770855496681	11268	20
11270	-579.4307	11270	20.201475712919358	11270	20
11272	-579.39	11272	20.226229760767406	11272	20
11274	-579.3496	11274	20.221858133970915	11274	20
11276	-579.3093	11276	20.209881778309263	11276	20
11278	-579.2689	11278	20.208234815255796	11278	20
11280	-579.229	11280	20.165195679378893	11280	20
11282	-579.18860000000006	11282	20.170996399480487	11282	20
11284	-579.148	11284	20.192496999570437	11284	20
11286	-579.1082	11286	20.143747499643183	11286	20
11288	-579.06770000000006	11288	20.161456249698634	11288	20
11290	-579.0273	11290	20.167880208089745	11290	20
11292	-578.9874	11292	20.131566840073848	11292	20
11294	-578.9474	11294	20.109639033391844	11294	20
11296	-578.908	11296	20.041365861159914	11296	20
11298	-578.8686	11298	19.984471550966639	11298	20
11300	-578.8291	11300	19.945392959136822	11300	20
11302	-578.7899	11302	19.887827465951581	11302	20
11304	-578.7508	11304	19.831522888289832	11304	20
11306	-578.7119	11306	19.76793574024256	11306	20
11308	-578.6731	11308	19.706613116871925	11308	20
11310	-578.6345	11310	19.63884426405777	11310	20
11312	-578.5959	11312	19.582370220045973	11312	20
11314	-578.557	11314	19.560308516706009	11314	20
11316	-578.51830000000007	11316	19.525257097250751	11316	20
11318	-578.4795	11318	19.50438091437875	11318	20
11320	-578.4409	11320	19.470317428646791	11320	20
11322	-578.4021	11322	19.458597857208783	11322	20
11324	-578.3632	11324	19.45716488100835	11324	20
11326	-578.32450000000006	11326	19.4393040675027	11326	20
11328	-578.28590000000008	11328	19.416086722916749	11328	20
11330	-578.2472	11330	19.405072269102504	11330	20
11332	-578.2084	11332	19.40422689092188	11332	20
11334	-578.1698	11334	19.386855742432733	11334	20
11336	-578.13100000000009	11336	19.389046452020928	11336	20
11338	-578.0923	11338	19.382538710022654	11338	20
11340	-578.0533	11340	19.402115591684485	11340	20
11342	-578.0143	11342	19.41842965973601	11342	20
11344	-577.97530000000006	11344	19.432024716445614	11344	20
11346	-577.936	11346	19.468353930373482	11346	20
11348	-577.89650000000006	11348	19.515294941975856	11348	20
11350	-577.8569	11350	19.562745784985218	11350	20
11352	-577.8171	11352	19.618954820822168	11352	20
11354	-577.7776	11354	19.640795684016428	11354	20
11356	-577.73790000000008	11356	19.67566307000746	11356	20
11358	-577.6983	11358	19.696385891678222	11358	20
11360	-577.65870000000007	11360	19.713654909727715	11360	20
11362	-577.619	11362	19.736379091443009	11362	20
11364	-577.5791	11364	19.77198257620157	11364	20
11366	-577.5391	11366	19.809985480174419	11366	20
11368	-577.4991	11368	19.841654566808984	11368	20
11370	-577.4591	11370	19.868045472337791	11370	20
11372	-577.4190000000001	11372	19.898371226943034	11372	20
11374	-577.3787	11374	19.940309355795502	11374	20
11376	-577.33850000000007	11376	19.966924463155706	11376	20
11378	-577.2983	11378	19.989103719298679	11378	20
11380	-577.258	11380	20.0159197660824	11380	20
11382	-577.21760000000006	11382	20.046599805066744	11382	20
11384	-577.17720000000008	11384	20.072166504220363	11384	20
11386	-577.1366	11386	20.110138753520335	11386	20
11388	-577.096	11388	20.141782294603644	11388	20
11390	-577.0554	11390	20.168151912173069	11390	20
11392	-577.01510000000007	11392	20.165126593468251	11392	20
11394	-576.9747	11394	20.170938827897761	11394	20
11396	-576.9346	11396	20.150782356576343	11396	20
11398	-576.8944	11398	20.142318630482546	11398	20
11400	-576.8537	11400	20.176932192070062	11400	20
11402	-576.8134	11402	20.172443493391889	11402	20
11404	-576.7728	11404	20.193702911163271	11404	20
11406	-576.7323	11406	20.203085759298709	11406	20
11408	-576.69180000000006	11408	20.210904799411573	11408	20
11410	-576.6512	11410	20.22575399951301	11410	20
11412	-576.6103	11412	20.263128332924598	11412	20
11414	-576.56940000000009	11414	20.294273610767586	11414	20
11416	-576.5285	11416	20.320228008979552	11416	20
11418	-576.48750000000007	11418	20.350190007477959	11418	20
11420	-576.4467	11420	20.358491672906958	11420	20
11422	-576.4059	11422	20.365409727421646	11422	20
11424	-576.36470000000008	11424	20.40450810617552	11424	20
11426	-576.32400000000007	11426	20.395423421814208	11426	20
11428	-576.283	11428	20.412852851516313	11428	20
11430	-576.2419	11430	20.435710709599309	11430	20
11432	-576.2007000000001	11432	20.463092257990237	11432	20
11434	-576.15960000000007	11434	20.477576881660912	11434	20
11436	-576.1187	11436	20.47298073472399	11436	20
11438	-576.0778	11438	20.469150612267082	11438	20
11440	-576.03690000000006	11440	20.46595884355299	11440	20
11442	-575.9962	11442	20.446632369628766	11442	20
11444	-575.9556	11444	20.422193641360671	11444	20
11446	-575.9149	11446	20.410161367801834	11446	20
11448	-575.8742	11448	20.400134473169469	11448	20
11450	-575.8338	11450	20.3667787276393	11450	20
11452	-575.7933	11452	20.347315606362066	11452	20
11454	-575.75290000000007	11454	20.322763005299798	11454	20
11456	-575.7127	11456	20.285635837752089	11456	20
11458	-575.6725	11458	20.254696531462333	11458	20
11460	-575.63200000000006	11460	20.253913776214592	11460	20
11462	-575.5914	11462	20.261594813515526	11462	20
11464	-575.5508	11464	20.267995677932969	11464	20
11466	-575.5103	11466	20.264996398273457	11466	20
11468	-575.46980000000008	11468	20.262496998557197	11468	20
11470	-575.4294	11470	20.252080832138549	11470	20
11472	-575.3889	11472	20.251734026778106	11472	20
11474	-575.34840000000008	11474	20.251445022311071	11474	20
11476	-575.3078	11476	20.259537518595923	11476	20
11478	-575.2672	11478	20.266281265499966	11478	20
11480	-575.2266	11480	20.271901054586671	11480	20
11482	-575.18590000000006	11482	20.284917545480692	11482	20
11484	-575.1453	11484	20.287431287903942	11484	20
11486	-575.1046	11486	20.297859406587893	11486	20
11488	-575.06400000000008	11488	20.298216172150472	11488	20
11490	-575.0234	11490	20.298513476795424	11490	20
11492	-574.9828	11492	20.298761230666219	11492	20
11494	-574.9422	11494	20.298967692225215	11494	20
11496	-574.90180000000009	11496	20.282473076842948	11496	20
11498	-574.8615	11498	20.260394230712098	11498	20
11500	-574.8211	11500	20.250328525591492	11500	20
11502	-574.7806	11502	20.250273771322227	11502	20
11504	-574.74060000000009	11504	20.208561476098826	11504	20
11506	-574.701	11506	20.140467896754359	11506	20
11508	-574.66100000000006	11508	20.1170565806256	11508	20
11510	-574.6213	11510	20.072547150524578	11510	20
11512	-574.5815	11512	20.043789292104968	11512	20
11514	-574.542	11514	19.994824410085428	11514	20
11516	-574.50240000000008	11516	19.962353675067053	11516	20
11518	-574.4629	11518	19.926961395896637	11518	20
11520	-574.424	11520	19.847467829914894	11520	20
11522	-574.3849	11522	19.797889858259261	11522	20
11524	-574.3458	11524	19.756574881879565	11524	20
11526	-574.3069	11526	19.705479068234002	11526	20
11528	-574.268	11528	19.662899223529365	11528	20
11530	-574.2293	11530	19.610749352946353	11530	20
11532	-574.1905	11532	19.575624460782276	11532	20
11534	-574.1517	11534	19.546353717321686	11534	20
11536	-574.1133	11536	19.488628097770089	11536	20
11538	-574.0744	11538	19.482190081476105	11538	20
11540	-574.0357	11540	19.460158401225829	11540	20
11542	-573.99700000000007	11542	19.441798667683933	11542	20
11544	-573.9583	11544	19.426498889741826	11544	20
11546	-573.9198	11546	19.397082408118113	11546	20
11548	-573.88100000000009	11548	19.397568673425411	11548	20
11550	-573.84210000000007	11550	19.406307227855542	11550	20
11552	-573.80320000000006	11552	19.413589356547316	11552	20
11554	-573.7645	11554	19.402991130461309	11554	20
11556	-573.7258	11556	19.394159275380169	11556	20
11558	-573.68680000000006	11558	19.411799396149078	11558	20
11560	-573.6478	11560	19.426499496799313	11560	20
11562	-573.6088	11562	19.438749580665032	11562	20
11564	-573.56940000000009	11564	19.482291317211434	11564	20
11566	-573.5302	11566	19.501909431013761	11566	20
11568	-573.4909	11568	19.526591192513607	11568	20
11570	-573.4515	11570	19.555492660428051	11570	20
11572	-573.4121	11572	19.57957721702342	11572	20
11574	-573.3728000000001	11574	19.591314347512181	11574	20
11576	-573.33310000000006	11576	19.634428622930063	11576	20
11578	-573.2934	11578	19.670357185778297	11578	20
11580	-573.2535	11580	19.716964321480976	11580	20
11582	-573.2136	11582	19.755803601233207	11582	20
11584	-573.1737	11584	19.788169667693403	11584	20
11586	-573.1339	11586	19.806808056412322	11586	20
11588	-573.09390000000008	11588	19.839006713673903	11588	20
11590	-573.0537	11590	19.88250559473051	11590	20
11592	-573.0137	11592	19.902087995615204	11592	20
11594	-572.9737	11594	19.918406663009641	11594	20
11596	-572.9339	11596	19.91533888584252	11596	20
11598	-572.8945	11598	19.879449071535479	11598	20
11600	-572.8546	11600	19.89120755961196	11600	20
11602	-572.8147	11602	19.901006299675696	11602	20
11604	-572.7748	11604	19.909171916395476	11604	20
11606	-572.7347	11606	19.932643263667249	11606	20
11608	-572.6947	11608	19.943869386386343	11608	20
11610	-572.6544	11610	19.978224488655453	11610	20
11612	-572.6142	11612	19.998520407215135	11612	20
11614	-572.57390000000009	11614	20.023767006003308	11614	20
11616	-572.5335	11616	20.053139171676975	11616	20
11618	-572.4932	11618	20.069282643064316	11618	20
11620	-572.4527	11620	20.09940220254958	11620	20
11622	-572.4122	11622	20.124501835463441	11622	20
11624	-572.3719000000001	11624	20.12875152954356	11624	20
11626	-572.3316	11626	20.13229294129594	11626	20
11628	-572.29140000000007	11628	20.126910784406071	11628	20
11630	-572.2509	11630	20.147425653677185	11630	20
11632	-572.2104	11632	20.164521378060304	11632	20
11634	-572.17000000000007	11634	20.170434481714995	11634	20
11636	-572.1294	11636	20.192028734765859	11636	20
11638	-572.0889	11638	20.20169061231034	11638	20
11640	-572.0483	11640	20.218075510252511	11640	20
11642	-572.0075	11642	20.248396258542943	11642	20
11644	-571.9672	11644	20.231996882119287	11644	20
11646	-571.9268	11646	20.226664068440289	11646	20
11648	-571.88650000000007	11648	20.213886723690933	11648	20
11650	-571.8463	11650	20.194905603078038	11650	20
11652	-571.8063	11652	20.16242133590481	11652	20
11654	-571.7661	11654	20.152017779913461	11654	20
11656	-571.72620000000006	11656	20.118348149926945	11656	20
11658	-571.68630000000007	11658	20.090290124938182	11658	20
11660	-571.6466	11660	20.050241770785064	11660	20
11662	-571.6065000000001	11662	20.050201475649096	11662	20
11664	-571.5666	11664	20.033501229716116	11664	20
11666	-571.5266	11666	20.027917691427067	11666	20
11668	-571.48660000000007	11668	20.023264742852859	11668	20
11670	-571.44620000000009	11670	20.052720619042127	11670	20
11672	-571.4061	11672	20.052267182539456	11672	20
11674	-571.3661	11674	20.043555985455992	11674	20
11676	-571.3261	11676	20.03629665454363	11676	20
11678	-571.2861	11678	20.030247212116659	11678	20
11680	-571.24610000000007	11680	20.025206010094184	11680	20
11682	-571.2063	11682	20.004338341746305	11682	20
11684	-571.16630000000009	11684	20.003615284785557	11684	20
11686	-571.1262	11686	20.011346070658981	11686	20
11688	-571.086	11688	20.026121725551409	11688	20
11690	-571.04590000000007	11690	20.030101437954382	11690	20
11692	-571.00520000000006	11692	20.083417864963259	11692	20
11694	-570.9648	11694	20.102848220810266	11694	20
11696	-570.9243	11696	20.127373517337872	11696	20
11698	-570.88380000000006	11698	20.147811264444211	11698	20
11700	-570.8434	11700	20.156509387044395	11700	20
11702	-570.8024	11702	20.213757822531996	11702	20
11704	-570.7618	11704	20.228131518780028	11704	20
11706	-570.721	11706	20.256776265649204	11706	20
11708	-570.6802	11708	20.280646888040184	11708	20
11710	-570.6396	11710	20.283872406703519	11710	20
11712	-570.59940000000006	11712	20.253227005579053	11712	20
11714	-570.5588	11714	20.261022504652576	11714	20
11716	-570.5181	11716	20.275852087211756	11716	20
11718	-570.4776	11718	20.27154340600578	11718	20
11720	-570.4373	11720	20.251286171671651	11720	20
11722	-570.3969	11722	20.242738476400593	11722	20
11724	-570.35660000000007	11724	20.227282063657853	11724	20
11726	-570.316	11726	20.239401719718241	11726	20
11728	-570.2758	11728	20.216168099767458	11728	20
11730	-570.2353	11730	20.221806749802198	11730	20
11732	-570.1952	11732	20.193172291506183	11732	20
11734	-570.1549	11734	20.185976909588653	11734	20
11736	-570.1151	11736	20.138314091325029	11736	20
11738	-570.0756	11738	20.073595076102148	11738	20
11740	-570.03600000000006	11740	20.027995896747651	11740	20
11742	-569.9963	11742	19.998329913959619	11742	20
11744	-569.95670000000007	11744	19.965274928295546	11744	20
11746	-569.91730000000007	11746	19.921062440246335	11746	20
11748	-569.87790000000007	11748	19.884218700205324	11748	20
11750	-569.8386	11750	19.845182250173242	11750	20
11752	-569.7989	11752	19.845985208480947	11752	20
11754	-569.75960000000009	11754	19.813321007060118	11754	20
11756	-569.72030000000007	11756	19.786100839218904	11756	20
11758	-569.68080000000009	11758	19.780084032680374	11758	20
11760	-569.64150000000006	11760	19.758403360569115	11760	20
11762	-569.6023	11762	19.732002800478494	11762	20
11764	-569.563	11764	19.718335667067549	11764	20
11766	-569.5237	11766	19.706946389225095	11766	20
11768	-569.4844	11768	19.697455324346908	11768	20
11770	-569.4452	11770	19.681212770293321	11770	20
11772	-569.4057	11772	19.692677308575725	11772	20
11774	-569.36650000000009	11774	19.677231090474528	11774	20
11776	-569.3271	11776	19.681025908738295	11776	20
11778	-569.2875	11778	19.700854923944441	11778	20
11780	-569.2481	11780	19.700712436620414	11780	20
11782	-569.2084	11782	19.725593697186923	11782	20
11784	-569.1686	11784	19.754661414323589	11784	20
11786	-569.1289	11786	19.770551178596762	11786	20
11788	-569.089	11788	19.800459315496365	11788	20
11790	-569.0493	11790	19.808716096250215	11790	20
11792	-569.0093	11792	19.840596746872148	11792	20
11794	-568.96940000000006	11794	19.858830622392517	11794	20
11796	-568.9294	11796	19.882358852000209	11796	20
11798	-568.8895	11798	19.893632376665902	11798	20
11800	-568.84940000000006	11800	19.919693647216462	11800	20
11802	-568.8092	11802	19.949744706015977	11802	20
11804	-568.7691	11804	19.966453921684334	11804	20
11806	-568.72880000000009	11806	19.99704493472764	11806	20
11808	-568.6883	11808	20.03920411227849	11808	20
11810	-568.6481	11810	20.049336760234333	11810	20
11812	-568.6081	11812	20.041113966858912	11812	20
11814	-568.5675	11814	20.084261639052457	11814	20
11816	-568.5272	11816	20.095218032543883	11816	20
11818	-568.48700000000008	11818	20.096015027112689	11818	20
11820	-568.4468	11820	20.096679189262833	11820	20
11822	-568.4066	11822	20.097232657721285	11822	20
11824	-568.3661	11824	20.122693881439861	11824	20
11826	-568.3259	11826	20.118911567859339	11826	20
11828	-568.2854	11828	20.140759639888241	11828	20
11830	-568.245	11830	20.150633033238275	11830	20
11832	-568.2048	11832	20.142194194367487	11832	20
11834	-568.16450000000009	11834	20.1434951619636	11834	20
11836	-568.12430000000006	11836	20.136245968305257	11836	20
11838	-568.0841	11838	20.130204973589972	11838	20
11840	-568.0435	11840	20.158504144661674	11840	20
11842	-568.00290000000007	11842	20.182086787211954	11842	20
11844	-567.96260000000007	11844	20.176738989343463	11844	20
11846	-567.92230000000006	11846	20.17228249111972	11846	20
11848	-567.8815	11848	20.210235409275089	11848	20
11850	-567.8409	11850	20.2251961743898	11850	20
11852	-567.8005	11852	20.220996811989576	11852	20
11854	-567.7598	11854	20.242497343325923	11854	20
11856	-567.7193	11856	20.243747786110394	11856	20
11858	-567.6789	11858	20.236456488423403	11858	20
11860	-567.6382000000001	11860	20.2553804070113	11860	20
11862	-567.5973	11862	20.287817005849316	11862	20
11864	-567.5572	11864	20.248180838212114	11864	20
11866	-567.5168	11866	20.24015069850817	11866	20
11868	-567.4765	11868	20.22512558209031	11868	20
11870	-567.4362	11870	20.212604651742094	11870	20
11872	-567.3958	11872	20.21050387644982	11872	20
11874	-567.3558	11874	20.175419897038488	11874	20
11876	-567.31540000000007	11876	20.179516580863481	11876	20
11878	-567.27510000000007	11878	20.174597150719737	11878	20
11880	-567.2349	11880	20.162164292268706	11880	20
11882	-567.19450000000006	11882	20.16847024355533	11882	20
11884	-567.1544	11884	20.148725202967125	11884	20
11886	-567.1145	11886	20.115604335805	11886	20
11888	-567.07450000000006	11888	20.096336946501136	11888	20
11890	-567.0343	11890	20.096947455419873	11890	20
11892	-566.99420000000009	11892	20.089122879511436	11892	20
11894	-566.95400000000006	11894	20.090935732928454	11894	20
11896	-566.914	11896	20.075779777446822	11896	20
11898	-566.8739	11898	20.071483147867227	11898	20
11900	-566.8336	11900	20.084569289889526	11900	20
11902	-566.79370000000006	11902	20.062141074907	11902	20
11904	-566.75330000000008	11904	20.085117562420574	11904	20
11906	-566.713	11906	20.095931302026784	11906	20
11908	-566.6726	11908	20.113276085020395	11908	20
11910	-566.6324	11910	20.11106340418592	11910	20
11912	-566.5923	11912	20.10088617014981	11912	20
11914	-566.55220000000008	11914	20.092405141786383	11914	20
11916	-566.51200000000006	11916	20.09367095149091	11916	20
11918	-566.4718	11918	20.094725792911351	11918	20
11920	-566.43180000000007	11920	20.078938160756429	11920	20
11922	-566.3913	11922	20.107448467302483	11922	20
11924	-566.3507	11924	20.139540389422102	11924	20
11926	-566.31090000000006	11926	20.099616991176767	11926	20
11928	-566.2703	11928	20.133014159317337	11928	20
11930	-566.2304	11930	20.102511799430175	11930	20
11932	-566.19	11932	20.118759832856554	11932	20
11934	-566.15000000000009	11934	20.098966527377431	11934	20
11936	-566.11	11936	20.082472106154302	11936	20
11938	-566.0697	11938	20.093726755128753	11938	20
11940	-566.02960000000007	11940	20.08643896260217	11940	20
11942	-565.98980000000006	11942	20.055365802169625	11942	20
11944	-565.9501	11944	20.021138168477933	11944	20
11946	-565.9104	11946	19.992615140401522	11946	20
11948	-565.8705	11948	19.985512617000332	11948	20
11950	-565.83080000000007	11950	19.962927180827378	11950	20
11952	-565.79130000000009	11952	19.927439317354104	11952	20
11954	-565.7516	11954	19.914532764464997	11954	20
11956	-565.7123	11956	19.870443970389637	11956	20
11958	-565.6728	11958	19.850369975322653	11958	20
11960	-565.6333	11960	19.833641646109637	11960	20
11962	-565.5942	11962	19.786368038421546	11962	20
11964	-565.55500000000006	11964	19.755306698679377	11964	20
11966	-565.5159	11966	19.721088915572469	11966	20
11968	-565.47700000000009	11968	19.675907429635281	11968	20
11970	-565.4382	11970	19.629922858032526	11970	20
11972	-565.3993	11972	19.599935715028135	11972	20
11974	-565.3609	11974	19.533279762525463	11974	20
11976	-565.3227	11976	19.461066468767946	11976	20
11978	-565.284	11978	19.442555390645168	11978	20
11980	-565.2454	11980	19.418796158868805	11980	20
11982	-565.2068	11982	19.398996799055169	11982	20
11984	-565.168	11984	19.399163999215766	11984	20
11986	-565.12920000000008	11986	19.399303332673455	11986	20
11988	-565.0901	11988	19.424419443900867	11988	20
11990	-565.0512	11990	19.428682869918422	11990	20
11992	-565.0125	11992	19.415569058261095	11992	20
11994	-564.9741	11994	19.379640881886264	11994	20
11996	-564.9356	11996	19.358034068238478	11996	20
11998	-564.8969	11998	19.356695056870613	11998	20
12000	-564.85840000000007	12000	19.338912547382627	12000	20
12002	-564.81950000000006	12002	19.357427122819889	12002	20
12004	-564.78100000000006	12004	19.339522602349831	12004	20
12006	-564.74240000000009	12006	19.332935501956026	12006	20
12008	-564.7034	12008	19.36077958497177	12008	20
12010	-564.6642	12010	19.400649654137897	12010	20
12012	-564.6248	12012	19.450541378448293	12012	20
12014	-564.5856	12014	19.475451148711141	12014	20
12016	-564.54590000000007	12016	19.537875957253053	12016	20
12018	-564.5062	12018	19.589896631047456	12018	20
12020	-564.46620000000007	12020	19.658247192536514	12020	20
12022	-564.42640000000006	12022	19.698539327114915	12022	20
12024	-564.38650000000007	12024	19.740449439261493	12024	20
12026	-564.3464	12026	19.79204119938893	12026	20
12028	-564.3065	12028	19.818367666156504	12028	20
12030	-564.26650000000006	12030	19.848639721794058	12030	20
12032	-564.2263	12032	19.890533101497308	12032	20
12034	-564.1861	12034	19.925444251250013	12034	20
12036	-564.1457	12036	19.971203542706419	12036	20
12038	-564.10560000000009	12038	19.984336285583559	12038	20
12040	-564.0652	12040	20.020280237993852	12040	20
12042	-564.0248	12042	20.050233531659618	12042	20
12044	-563.9846	12044	20.058527943051939	12044	20
12046	-563.9439	12046	20.107106619211223	12046	20
12048	-563.9034	12048	20.130922182672002	12048	20
12050	-563.86290000000008	12050	20.150768485555986	12050	20
12052	-563.82210000000009	12052	20.192307071295836	12052	20
12054	-563.7815	12054	20.210255892749895	12054	20
12056	-563.74070000000006	12056	20.241879910624096	12056	20
12058	-563.69990000000007	12058	20.268233258852597	12058	20
12060	-563.6593	12060	20.273527715713861	12060	20
12062	-563.6182	12062	20.319606429763933	12062	20
12064	-563.5773	12064	20.341338691467033	12064	20
12066	-563.5365	12066	20.351115576221709	12066	20
12068	-563.4956	12068	20.367596313524654	12068	20
12070	-563.4546	12070	20.389663594598879	12070	20
12072	-563.4138	12072	20.391386328831583	12072	20
12074	-563.37290000000007	12074	20.401155274023409	12074	20
12076	-563.33210000000008	12076	20.400962728352024	12076	20
12078	-563.29140000000007	12078	20.392468940294627	12078	20
12080	-563.2507	12080	20.385390783580132	12080	20
12082	-563.21	12082	20.379492319651384	12082	20
12084	-563.1695	12084	20.357910266381612	12084	20
12086	-563.1291	12086	20.33159188864942	12086	20
12088	-563.0887	12088	20.309659907205926	12088	20
12090	-563.0479	12090	20.324716589337456	12090	20
12092	-563.0073	12092	20.320597157784579	12092	20
12094	-562.96670000000006	12094	20.317164298147709	12094	20
12096	-562.9259	12096	20.330970248465082	12096	20
12098	-562.8852	12098	20.334141873712703	12098	20
12100	-562.8442	12100	20.361784894765059	12100	20
12102	-562.8035	12102	20.359820745638824	12102	20
12104	-562.7627	12104	20.366517288031535	12104	20
12106	-562.72210000000007	12106	20.355431073353504	12106	20
12108	-562.6816	12108	20.337859227800045	12108	20
12110	-562.6409	12110	20.339882689834646	12110	20
12112	-562.60020000000009	12112	20.341568908187337	12112	20
12114	-562.5594000000001	12114	20.351307423488631	12114	20
12116	-562.519	12116	20.326089519581409	12116	20
12118	-562.4786	12118	20.305074599649249	12118	20
12120	-562.43810000000008	12120	20.29589549970369	12120	20
12122	-562.3975	12122	20.296579583089773	12122	20
12124	-562.357	12124	20.288816319246937	12124	20
12126	-562.3165	12126	20.282346932701763	12126	20
12128	-562.27590000000009	12128	20.285289110578695	12128	20
12130	-562.23520000000008	12130	20.296074258816855	12130	20
12132	-562.1946	12132	20.296728549017409	12132	20
12134	-562.1541	12134	20.288940457519967	12134	20
12136	-562.1134	12136	20.29911704793458	12136	20
12138	-562.0728	12138	20.299264206606043	12138	20
12140	-562.0321	12140	20.307720172172978	12140	20
12142	-561.99150000000009	12142	20.30643347680471	12142	20
12144	-561.951	12144	20.297027897342716	12144	20
12146	-561.9103	12146	20.305856581120207	12146	20
12148	-561.8697	12148	20.304880484270203	12148	20
12150	-561.8293	12150	20.287400403556578	12150	20
12152	-561.78860000000009	12152	20.297833669622282	12152	20
12154	-561.7482	12154	20.281528058026119	12154	20
12156	-561.70810000000006	12156	20.242940048349976	12156	20
12158	-561.6678	12158	20.227450040291814	12158	20
12160	-561.62790000000007	12160	20.181208366908908	12160	20
12162	-561.5878	12162	20.159340305761773	12162	20
12164	-561.54770000000008	12164	20.14111692146302	12164	20
12166	-561.50780000000009	12166	20.109264101218244	12166	20
12168	-561.4682	12168	20.057720084353875	12168	20
12170	-561.4284	12170	20.031433403629382	12170	20
12172	-561.3889	12172	19.984527836355774	12172	20
12174	-561.34940000000006	12174	19.945439863627769	12174	20
12176	-561.3102	12176	19.887866553027372	12176	20
12178	-561.271	12178	19.839888794193708	12178	20
12180	-561.23160000000007	12180	19.816573995151998	12180	20
12182	-561.1925	12182	19.772144995966318	12182	20
12184	-561.15330000000006	12184	19.743454163300022	12184	20
12186	-561.1143	12186	19.702878469425098	12186	20
12188	-561.0753	12188	19.669065391186521	12188	20
12190	-561.0366	12190	19.615887825984512	12190	20
12192	-560.9976	12192	19.596573188319365	12192	20
12194	-560.9587	12194	19.5721443236005	12194	20
12196	-560.9198	12196	19.551786936334782	12196	20
12198	-560.8806	12198	19.559822446949884	12198	20
12200	-560.8419	12200	19.524852039120645	12200	20
12202	-560.8029	12202	19.520710032599478	12202	20
12204	-560.7637	12204	19.533925027170461	12204	20
12206	-560.7246	12206	19.536604189305567	12206	20
12208	-560.6858	12208	19.51383682442443	12208	20
12210	-560.6463	12210	19.553197353684983	12210	20
12212	-560.60710000000006	12212	19.560997794732241	12212	20
12214	-560.5679	12214	19.567498162281098	12214	20
12216	-560.5285	12216	19.589581801900959	12216	20
12218	-560.4892	12218	19.599651501586269	12218	20
12220	-560.44950000000006	12220	19.641376251315659	12220	20
12222	-560.4102	12222	19.642813542765186	12222	20
12224	-560.3706	12224	19.669011285642991	12224	20
12226	-560.3311	12226	19.682509404700447	12226	20
12228	-560.2915	12228	19.702091170579568	12228	20
12230	-560.25200000000007	12230	19.71007597548093	12230	20
12232	-560.21250000000009	12232	19.716729979565397	12232	20
12234	-560.1731	12234	19.713941649647349	12234	20
12236	-560.1334	12236	19.736618041366562	12236	20
12238	-560.0938	12238	19.74718170114414	12238	20
12240	-560.05400000000009	12240	19.772651417611797	12240	20
12242	-560.0141	12242	19.802209514685032	12242	20
12244	-559.9742	12244	19.826841262236588	12244	20
12246	-559.9343	12246	19.847367718529551	12246	20
12248	-559.8945	12248	19.856139765442443	12248	20
12250	-559.85480000000007	12250	19.855116471195807	12250	20
12252	-559.8147	12252	19.88759705933419	12252	20
12254	-559.77500000000009	12254	19.881330882772261	12254	20
12256	-559.7349	12256	19.909442402314568	12256	20
12258	-559.6949	12258	19.924535335268583	12258	20
12260	-559.65510000000006	12260	19.9204461127155	12260	20
12262	-559.6158	12262	19.875371760598387	12262	20
12264	-559.5757	12264	19.904476467169673	12264	20
12266	-559.5358	12266	19.912063722640458	12266	20
12268	-559.4962	12268	19.893386435529578	12268	20
12270	-559.45620000000008	12270	19.911155362938285	12270	20
12272	-559.4159	12272	19.950962802458211	12272	20
12274	-559.37560000000008	12274	19.984135668705868	12274	20
12276	-559.33490000000006	12276	20.045113057256167	12276	20
12278	-559.29460000000006	12278	20.062594214380308	12278	20
12280	-559.25420000000008	12280	20.085495178648333	12280	20
12282	-559.2139	12282	20.096245982216583	12282	20
12284	-559.1739	12284	20.080204985177456	12284	20
12286	-559.1332	12286	20.12517082098249	12286	20
12288	-559.09260000000006	12288	20.154309017479303	12288	20
12290	-559.0519	12290	20.186924181234026	12290	20
12292	-559.0117	12292	20.172436817697282	12292	20
12294	-558.97120000000007	12294	20.185364014743719	12294	20
12296	-558.93080000000009	12296	20.187803345617841	12296	20
12298	-558.8903	12298	20.19816945468699	12298	20
12300	-558.8497	12300	20.215141212242525	12300	20
12302	-558.809	12302	20.237617676870045	12302	20
12304	-558.7682	12304	20.264681397390888	12304	20
12306	-558.72700000000009	12306	20.320567831149887	12306	20
12308	-558.6862	12308	20.333806525966896	12308	20
12310	-558.6454	12310	20.344838771638262	12310	20
12312	-558.6049	12312	20.329032309694533	12312	20
12314	-558.5642	12314	20.33252692474672	12314	20
12316	-558.5236	12316	20.327105770625632	12316	20
12318	-558.48340000000007	12318	20.289254808847481	12318	20
12320	-558.4432	12320	20.257712340708494	12320	20
12322	-558.4031	12322	20.22309361726143	12322	20
12324	-558.36290000000008	12324	20.202578014377313	12324	20
12326	-558.3225	12326	20.202148345321977	12326	20
12328	-558.28230000000008	12328	20.185123621094434	12328	20
12330	-558.2423	12330	20.154269684251805	12330	20
12332	-558.2021	12332	20.145224736878763	12332	20
12334	-558.16190000000006	12334	20.137687280725089	12334	20
12336	-558.1214	12336	20.156406067276365	12336	20
12338	-558.0813	12338	20.138671722725181	12338	20
12340	-558.04130000000009	12340	20.11555976893462	12340	20
12342	-558.0013	12342	20.09629980745196	12342	20
12344	-557.9612	12344	20.088583172880984	12344	20
12346	-557.9213	12346	20.065485977399881	12346	20
12348	-557.8812	12348	20.062904981161445	12348	20
12350	-557.8411000000001	12350	20.060754150962747	12350	20
12352	-557.801	12352	20.058961792473308	12352	20
12354	-557.7609	12354	20.057468160398773	12354	20
12356	-557.72070000000008	12356	20.064556800325096	12356	20
12358	-557.6804	12358	20.078797333613888	12358	20
12360	-557.64010000000007	12360	20.090664444668935	12360	20
12362	-557.5999	12362	20.092220370559705	12362	20
12364	-557.55950000000007	12364	20.110183642131162	12364	20
12366	-557.5192	12366	20.116819701785609	12366	20
12368	-557.4784	12368	20.164016418153857	12368	20
12370	-557.4382	12370	20.153347015121	12370	20
12372	-557.39820000000009	12372	20.127789179264468	12372	20
12374	-557.3577	12374	20.148157649392516	12374	20
12376	-557.31770000000006	12376	20.123464707824066	12376	20
12378	-557.2775	12378	20.119553923188981	12378	20
12380	-557.23750000000007	12380	20.099628269321119	12380	20
12382	-557.1974	12382	20.091356891105285	12382	20
12384	-557.15690000000006	12384	20.117797409250386	12384	20
12386	-557.1171	12386	20.081497841043142	12386	20
12388	-557.0771	12388	20.067914867542395	12388	20
12390	-557.0371	12390	20.056595722948966	12390	20
12392	-556.9976	12392	20.005496435788761	12392	20
12394	-556.9574	12394	20.021247029826224	12394	20
12396	-556.9177	12396	19.992705858191766	12396	20
12398	-556.878	12398	19.968921548486907	12398	20
12400	-556.8387	12400	19.915767957074561	12400	20
12402	-556.7994	12402	19.871473297564272	12402	20
12404	-556.7604	12404	19.809561081302498	12404	20
12406	-556.72120000000007	12406	19.774634234413504	12406	20
12408	-556.6823	12408	19.720528528678951	12408	20
12410	-556.643	12410	19.708773773901264	12410	20
12412	-556.604	12412	19.67397814491666	12412	20
12414	-556.5644	12414	19.694981787435889	12414	20
12416	-556.5254	12416	19.662484822862179	12416	20
12418	-556.486	12418	19.668737352385193	12418	20
12420	-556.4468	12420	19.657281126982419	12420	20
12422	-556.4076	12422	19.647734272489579	12422	20
12424	-556.3685	12424	19.6314452270715	12424	20
12426	-556.3293	12426	19.626204355897148	12426	20
12428	-556.2898	12428	19.64683696324558	12428	20
12430	-556.2504	12430	19.655697469371361	12430	20
12432	-556.2109	12432	19.671414557807424	12432	20
12434	-556.17140000000006	12434	19.684512131504142	12434	20
12436	-556.13200000000006	12436	19.687093442920165	12436	20
12438	-556.0925	12438	19.697577869107565	12438	20
12440	-556.05310000000009	12440	19.69798155758021	12440	20
12442	-556.0134	12442	19.723317964653418	12442	20
12444	-555.9737	12444	19.744431637214426	12444	20
12446	-555.9337	12446	19.787026364342324	12446	20
12448	-555.89370000000008	12448	19.822521970282239	12448	20
12450	-555.8537	12450	19.852101641908309	12450	20
12452	-555.8139	12452	19.860084701591408	12452	20
12454	-555.7739	12454	19.88340391798981	12454	20
12456	-555.7336	12456	19.927836598325012	12456	20
12458	-555.6939	12458	19.914863831940753	12458	20
12460	-555.65370000000007	12460	19.945719859943413	12460	20
12462	-555.6137	12462	19.954766549959288	12462	20
12464	-555.5736	12464	19.970638791627618	12464	20
12466	-555.5336	12466	19.975532326362792	12466	20
12468	-555.4935	12468	19.987943605297204	12468	20
12470	-555.45350000000008	12470	19.989953004411305	12470	20
12472	-555.413	12472	20.033294170348213	12472	20
12474	-555.37290000000007	12474	20.036078475285056	12474	20
12476	-555.3326	12476	20.055065396080519	12476	20
12478	-555.292	12478	20.095887830060992	12478	20
12480	-555.2514	12480	20.129906525054192	12480	20
12482	-555.211	12482	20.14158877087657	12482	20
12484	-555.17050000000006	12484	20.159657309059792	12484	20
12486	-555.1297	12486	20.199714424225149	12486	20
12488	-555.0892	12488	20.208095353516942	12488	20
12490	-555.0489	12490	20.198412794597619	12490	20
12492	-555.0083	12492	20.215343995501382	12492	20
12494	-554.9678	12494	20.221119996247133	12494	20
12496	-554.9271	12496	20.242599996873885	12496	20
12498	-554.88640000000009	12498	20.260499997386706	12498	20
12500	-554.8459	12500	20.258749997827714	12500	20
12502	-554.8052	12502	20.273958331524369	12502	20
12504	-554.7648	12504	20.26163194293505	12504	20
12506	-554.72440000000006	12506	20.251359952443952	12506	20
12508	-554.68410000000006	12508	20.234466627036795	12508	20
12510	-554.6435	12510	20.245388855867361	12510	20
12512	-554.60290000000009	12512	20.254490713216693	12512	20
12514	-554.5623	12514	20.262075594350609	12514	20
12516	-554.5217	12516	20.268396328628871	12516	20
12518	-554.4815000000001	12518	20.24033027385018	12518	20
12520	-554.441	12520	20.241941894880608	12520	20
12522	-554.4005	12522	20.243284912405965	12522	20
12524	-554.36	12524	20.244404093667619	12524	20
12526	-554.31950000000006	12526	20.245336744718998	12526	20
12528	-554.2789	12528	20.254447287269198	12528	20
12530	-554.2385	12530	20.245372739389072	12530	20
12532	-554.1979	12532	20.25447728282759	12532	20
12534	-554.1574	12534	20.253731069018976	12534	20
12536	-554.1169	12536	20.253109224187938	12536	20
12538	-554.07670000000007	12538	20.2275910201494	12538	20
12540	-554.0364	12540	20.214659183467475	12540	20
12542	-553.99610000000007	12542	20.203882652880257	12542	20
12544	-553.9555	12544	20.219902210736912	12544	20
12546	-553.9152	12546	20.20825184228093	12546	20
12548	-553.875	12548	20.1902098685697	12548	20
12550	-553.83480000000009	12550	20.175174890467535	12550	20
12552	-553.7943	12552	20.187645742061736	12552	20
12554	-553.7536	12554	20.214704785052721	12554	20
12556	-553.7132	12556	20.21225398754201	12556	20
12558	-553.67230000000006	12558	20.251878322948762	12558	20
12560	-553.6316	12560	20.26823193579191	12560	20
12562	-553.591	12562	20.273526613163291	12562	20
12564	-553.5503	12564	20.28627217763735	12564	20
12566	-553.5099	12566	20.271893481362536	12566	20
12568	-553.46940000000006	12568	20.268244567798096	12568	20
12570	-553.4288	12570	20.27353713983511	12570	20
12572	-553.3878	12572	20.311280949867061	12572	20
12574	-553.34750000000008	12574	20.284400791546577	12574	20
12576	-553.3069	12576	20.287000659625512	12576	20
12578	-553.2662	12578	20.297500549689204	12578	20
12580	-553.2256	12580	20.297917124744369	12580	20
12582	-553.1853	12582	20.273264270620476	12582	20
12584	-553.1448	12584	20.269386892179714	12584	20
12586	-553.1045	12586	20.249489076816598	12586	20
12588	-553.0643	12588	20.224574230682755	12588	20
12590	-553.0243	12590	20.1871451922326	12590	20
12592	-552.9841	12592	20.172620993529424	12592	20
12594	-552.9443	12594	20.127184161275672	12594	20
12596	-552.9041	12596	20.122653467731986	12596	20
12598	-552.86390000000006	12598	20.118877889769443	12598	20
12600	-552.82400000000007	12600	20.090731574806931	12600	20
12602	-552.78410000000008	12602	20.067276312338173	12602	20
12604	-552.74430000000007	12604	20.039396926949628	12604	20
12606	-552.7047	12606	19.999497439130028	12606	20
12608	-552.66540000000009	12608	19.941247865934354	12608	20
12610	-552.626	12610	19.90103988828815	12610	20
12612	-552.58660000000009	12612	19.8675332402307	12612	20
12614	-552.5476	12614	19.806277700200663	12614	20
12616	-552.5081	12616	19.796898083498508	12616	20
12618	-552.4687	12618	19.780748402915467	12618	20
12620	-552.4293	12620	19.767290335762933	12620	20
12622	-552.3898	12622	19.764408613133732	12622	20
12624	-552.3506	12624	19.737007177615673	12624	20
12626	-552.3114	12626	19.714172648007818	12626	20
12628	-552.27240000000006	12628	19.67847720667212	12628	20
12630	-552.2333	12630	19.657064338899755	12630	20
12632	-552.1942	12632	19.639220282413312	12632	20
12634	-552.15510000000006	12634	19.624350235341275	12634	20
12636	-552.116	12636	19.611958529457382	12636	20
12638	-552.0768	12638	19.609965441209241	12638	20
12640	-552.0379	12640	19.583304534342066	12640	20
12642	-551.9989	12642	19.569420445283992	12642	20
12644	-551.9601	12644	19.54118370440645	12644	20
12646	-551.9211	12646	19.534319753670982	12646	20
12648	-551.88190000000009	12648	19.545266461387239	12648	20
12650	-551.8428	12650	19.546055384495688	12650	20
12652	-551.8035	12652	19.563379487081878	12652	20
12654	-551.7643	12654	19.569482905896322	12654	20
12656	-551.7249	12656	19.591235754913647	12656	20
12658	-551.6857	12658	19.592696462432272	12658	20
12660	-551.64650000000006	12660	19.593913718688317	12660	20
12662	-551.60710000000006	12662	19.611594765573642	12662	20
12664	-551.56770000000006	12664	19.626328971311413	12664	20
12666	-551.52830000000006	12666	19.63860747609289	12666	20
12668	-551.4886	12668	19.673839563413985	12668	20
12670	-551.4488	12670	19.711532969512806	12670	20
12672	-551.4093	12672	19.717944141258627	12672	20
12674	-551.3694	12674	19.756620117714586	12674	20
12676	-551.3295	12676	19.788850098094549	12676	20
12678	-551.2897	12678	19.80737508174661	12678	20
12680	-551.2499	12680	19.822812568123325	12680	20
12682	-551.2101	12682	19.835677140103922	12682	20
12684	-551.1702	12684	19.854730950085663	12684	20
12686	-551.13020000000006	12686	19.878942458401688	12686	20
12688	-551.0904	12688	19.882452048669226	12688	20
12690	-551.0505	12690	19.893710040556751	12690	20
12692	-551.01060000000007	12692	19.903091700463023	12692	20
12694	-550.97070000000008	12694	19.910909750384914	12694	20
12696	-550.9311	12696	19.892424791992767	12696	20
12698	-550.8912	12698	19.902020659993035	12698	20
12700	-550.8515	12700	19.893350549997439	12700	20
12702	-550.81130000000007	12702	19.927792124990653	12702	20
12704	-550.7716	12704	19.914826770828789	12704	20
12706	-550.7311	12706	19.970688975696117	12706	20
12708	-550.6914	12708	19.9505741464072	12708	20
12710	-550.6513	12710	19.967145122010351	12710	20
12712	-550.61110000000008	12712	19.989287601668078	12712	20
12714	-550.571	12714	19.999406334727748	12714	20
12716	-550.5307	12716	20.024505278939959	12716	20
12718	-550.49060000000009	12718	20.028754399111509	12718	20
12720	-550.45040000000006	12720	20.040628665928516	12720	20
12722	-550.4107	12722	20.008857221610342	12722	20
12724	-550.3706	12724	20.015714351346304	12724	20
12726	-550.33	12726	20.063095292782481	12726	20
12728	-550.28960000000006	12728	20.085912743983478	12728	20
12730	-550.2491	12730	20.113260619991689	12730	20
12732	-550.2085	12732	20.144383849996437	12732	20
12734	-550.1676	12734	20.195319874994119	12734	20
12736	-550.1269	12736	20.22109989582971	12736	20
12738	-550.0863	12738	20.23424991318532	12738	20
12740	-550.04550000000006	12740	20.261874927653615	12740	20
12742	-550.0048	12742	20.27656243971262	12742	20
12744	-549.964	12744	20.297135366426367	12744	20
12746	-549.9231	12746	20.322612805361871	12746	20
12748	-549.8823	12748	20.335510671134074	12748	20
12750	-549.84170000000006	12750	20.329592225938956	12750	20
12752	-549.80130000000008	12752	20.307993521613874	12752	20
12754	-549.76060000000007	12754	20.314994601346172	12754	20
12756	-549.72	12756	20.312495501125174	12756	20
12758	-549.6795	12758	20.302079584276434	12758	20
12760	-549.639	12760	20.293399653559678	12760	20
12762	-549.5982	12762	20.311166377965581	12762	20
12764	-549.55760000000009	12764	20.309305314965211	12764	20
12766	-549.51690000000008	12766	20.316087762472286	12766	20
12768	-549.47620000000006	12768	20.321739802061515	12768	20
12770	-549.4356	12770	20.318116501721295	12770	20
12772	-549.3954	12772	20.281763751436671	12772	20
12774	-549.35470000000009	12774	20.293136459522358	12774	20
12776	-549.3143	12776	20.277613716276182	12776	20
12778	-549.2737	12778	20.28134476356685	12778	20
12780	-549.2335	12780	20.251120636298495	12780	20
12782	-549.1932	12782	20.234267196915582	12782	20
12784	-549.1529	12784	20.220222664096486	12784	20
12786	-549.1126	12786	20.208518886747239	12786	20
12788	-549.072	12788	20.223765738959397	12788	20
12790	-549.0318	12790	20.203138115801757	12790	20
12792	-548.9913	12792	20.210948429830779	12792	20
12794	-548.951	12794	20.200790358192485	12794	20
12796	-548.9106	12796	20.200658631825146	12796	20
12798	-548.8703	12798	20.192215526521125	12798	20
12800	-548.8297	12800	20.210179605437634	12800	20
12802	-548.7894	12802	20.200149671198197	12802	20
12804	-548.7491	12804	20.191791392665333	12804	20
12806	-548.70900000000006	12806	20.168159493882655	12806	20
12808	-548.66870000000006	12808	20.165132911569049	12808	20
12810	-548.6285	12810	20.1542774263098	12810	20
12812	-548.58840000000009	12812	20.136897855253043	12812	20
12814	-548.5481	12814	20.139081546053841	12814	20
12816	-548.5083	12816	20.099234621712686	12816	20
12818	-548.4684	12818	20.074362184759632	12818	20
12820	-548.42820000000006	12820	20.078635153959148	12820	20
12822	-548.3889	12822	20.007195961634761	12822	20
12824	-548.3492	12824	19.980996634698879	12824	20
12826	-548.3098	12826	19.934163862249111	12826	20
12828	-548.2708	12828	19.861803218539865	12828	20
12830	-548.2314	12830	19.834836015449934	12830	20
12832	-548.1924	12832	19.779030012873882	12832	20
12834	-548.1532	12834	19.749191677399132	12834	20
12836	-548.1141	12836	19.715993064496125	12836	20
12838	-548.0752	12838	19.671660887081135	12838	20
12840	-548.0363	12840	19.634717405901977	12840	20
12842	-547.99750000000006	12842	19.595597838245297	12842	20
12844	-547.9586	12844	19.571331531872111	12844	20
12846	-547.9197	12846	19.551109609894457	12846	20
12848	-547.8808	12848	19.534258008246411	12848	20
12850	-547.842	12850	19.5118816735418	12850	20
12852	-547.803	12852	19.509901394617106	12852	20
12854	-547.7641	12854	19.49991782884862	12854	20
12856	-547.72520000000009	12856	19.491598190698738	12856	20
12858	-547.6862	12858	19.492998492257364	12858	20
12860	-547.6475	12860	19.469165410210213	12860	20
12862	-547.6083	12862	19.490971175179407	12862	20
12864	-547.5692	12864	19.500809312646354	12864	20
12866	-547.5304	12866	19.484007760541754	12866	20
12868	-547.4912	12868	19.503339800446216	12868	20
12870	-547.4516	12870	19.552783167043852	12870	20
12872	-547.4124	12872	19.560652639197965	12872	20
12874	-547.373	12874	19.583877199331681	12874	20
12876	-547.3337	12876	19.594897666111873	12876	20
12878	-547.2943	12878	19.61241472175994	12878	20
12880	-547.2549	12880	19.627012268133328	12880	20
12882	-547.2152000000001	12882	19.664176890104876	12882	20
12884	-547.1758	12884	19.67014740843025	12884	20
12886	-547.1361	12886	19.700122840352311	12886	20
12888	-547.0964	12888	19.725102366963505	12888	20
12890	-547.0566	12890	19.75425197247074	12890	20
12892	-547.0168	12892	19.778543310393434	12892	20
12894	-546.97710000000006	12894	19.790452758654965	12894	20
12896	-546.9371	12896	19.825377298885581	12896	20
12898	-546.89730000000009	12898	19.837814415729664	12898	20
12900	-546.8573	12900	19.864845346447829	12900	20
12902	-546.8174	12902	19.879037788705588	12902	20
12904	-546.7775	12904	19.890864823920385	12904	20
12906	-546.7375	12906	19.909054019940097	12906	20
12908	-546.6975	12908	19.924211683280383	12908	20
12910	-546.65730000000008	12910	19.953509736059772	12910	20
12912	-546.6168	12912	20.002924780055267	12912	20
12914	-546.5766	12914	20.019103983381648	12914	20
12916	-546.5362	12916	20.049253319482784	12916	20
12918	-546.4956	12918	20.091044432905683	12918	20
12920	-546.45530000000008	12920	20.100870360745429	12920	20
12922	-546.4148	12922	20.125725300626648	12922	20
12924	-546.3741	12924	20.163104417190148	12924	20
12926	-546.3336	12926	20.177587014321105	12926	20
12928	-546.29320000000007	12928	20.181322511932329	12928	20
12930	-546.2528	12930	20.184435426617824	12930	20
12932	-546.2124	12932	20.187029522179596	12932	20
12934	-546.172	12934	20.189191268481071	12934	20
12936	-546.1316	12936	20.1909927237323	12936	20
12938	-546.0911	12938	20.200827269782376	12938	20
12940	-546.0503	12940	20.23402272481783	12940	20
12942	-546.0098	12942	20.236685604010841	12942	20
12944	-545.9693	12944	20.238904670014492	12944	20
12946	-545.9286	12946	20.257420558346684	12946	20
12948	-545.888	12948	20.264517131949464	12948	20
12950	-545.8477	12950	20.245430943291389	12950	20
12952	-545.8073	12952	20.237859119407567	12952	20
12954	-545.767	12954	20.223215932839807	12954	20
12956	-545.7269	12956	20.194346610704191	12956	20
12958	-545.6864	12958	20.203622175582808	12958	20
12960	-545.6462	12960	20.186351812987933	12960	20
12962	-545.60620000000006	12962	20.155293177486914	12962	20
12964	-545.5661	12964	20.137744314576778	12964	20
12966	-545.5262	12966	20.10645359547971	12966	20
12968	-545.48610000000008	12968	20.097044662894636	12968	20
12970	-545.44620000000009	12970	20.072537219077926	12970	20
12972	-545.40600000000006	12972	20.077114349233863	12972	20
12974	-545.366	12974	20.06426195770133	12974	20
12976	-545.32580000000007	12976	20.070218298077229	12976	20
12978	-545.28590000000008	12978	20.050181915063419	12978	20
12980	-545.24610000000007	12980	20.025151595887333	12980	20
12982	-545.20620000000008	12982	20.012626329905174	12982	20
12984	-545.1661	12984	20.018855274925329	12984	20
12986	-545.126	12986	20.024046062442125	12986	20
12988	-545.086	12988	20.020038385365407	12988	20
12990	-545.046	12990	20.01669865446814	12990	20
12992	-545.00600000000009	12992	20.013915545387086	12992	20
12994	-544.9659	12994	20.019929621160255	12994	20
12996	-544.92540000000008	12996	20.058274684296194	12996	20
12998	-544.8852	12998	20.065228903582419	12998	20
13000	-544.84480000000008	13000	20.087690752983423	13000	20
13002	-544.8042	13002	20.123075627489552	13002	20
13004	-544.7636	13004	20.152563022911323	13004	20
13006	-544.7231	13006	20.168802519088754	13006	20
13008	-544.68260000000009	13008	20.182335432569943	13008	20
13010	-544.64190000000008	13010	20.210279527142895	13010	20
13012	-544.6017	13012	20.191899605954671	13012	20
13014	-544.5612	13014	20.201583004967684	13014	20
13016	-544.5207	13016	20.209652504135718	13016	20
13018	-544.4801	13018	20.224710420116462	13018	20
13020	-544.44	13020	20.195592016758596	13020	20
13022	-544.3995	13022	20.204660013970955	13022	20
13024	-544.3591	13024	20.203883344973871	13024	20
13026	-544.3189	13026	20.186569454147151	13026	20
13028	-544.2788	13028	20.163807878450836	13028	20
13030	-544.2385	13030	20.161506565375866	13030	20
13032	-544.1985	13032	20.134588804486334	13032	20
13034	-544.1586	13034	20.103824003737675	13034	20
13036	-544.11830000000009	13036	20.111520003105422	13036	20
13038	-544.0786	13038	20.06793333592443	13038	20
13040	-544.03870000000006	13040	20.048277779936086	13040	20
13042	-543.999	13042	20.015231483283316	13042	20
13044	-543.9593	13044	19.98769290273934	13044	20
13046	-543.9199	13046	19.939744085616162	13046	20
13048	-543.8799	13048	19.949786738010438	13048	20
13050	-543.84030000000007	13050	19.924822281671229	13050	20
13052	-543.8009	13052	19.887351901402212	13052	20
13054	-543.7613	13054	19.872793251164374	13054	20
13056	-543.7218	13056	19.8523277093016	13056	20
13058	-543.68270000000007	13058	19.801939757748183	13058	20
13060	-543.6434	13060	19.776616464792291	13060	20
13062	-543.6041	13062	19.755513720662382	13062	20
13064	-543.5651	13064	19.712928100550922	13064	20
13066	-543.5256	13066	19.719106750457058	13066	20
13068	-543.4865	13068	19.69092229205387	13068	20
13070	-543.4475	13070	19.65910191004383	13070	20
13072	-543.4084	13072	19.640918258366707	13072	20
13074	-543.3694	13074	19.617431881971193	13074	20
13076	-543.33030000000008	13076	19.606193234972842	13076	20
13078	-543.29130000000009	13078	19.588494362476307	13078	20
13080	-543.2519	13080	19.607078635406442	13080	20
13082	-543.2127	13082	19.605898862833456	13082	20
13084	-543.1735	13084	19.60491571903211	13084	20
13086	-543.1342	13086	19.612429765862231	13086	20
13088	-543.0949	13088	19.618691471544523	13088	20
13090	-543.05580000000009	13090	19.60724289295062	13090	20
13092	-543.0163	13092	19.631035744132944	13092	20
13094	-542.97700000000009	13094	19.634196453436783	13094	20
13096	-542.9378	13096	19.628497044534882	13096	20
13098	-542.89830000000006	13098	19.648747537110356	13098	20
13100	-542.8587	13100	19.673956280930636	13100	20
13102	-542.819	13102	19.703296900778774	13102	20
13104	-542.7793	13104	19.727747417309416	13104	20
13106	-542.73970000000008	13106	19.739789514420377	13106	20
13108	-542.6998000000001	13108	19.774824595349376	13108	20
13110	-542.6598	13110	19.812353829464257	13110	20
13112	-542.62	13112	19.8269615245547	13112	20
13114	-542.5796	13114	19.889134603793661	13114	20
13116	-542.5393	13116	19.932612169828218	13116	20
13118	-542.4992	13118	19.952176808194533	13118	20
13120	-542.45900000000006	13120	19.976814006821563	13120	20
13122	-542.4184	13122	20.030678339021335	13122	20
13124	-542.3778	13124	20.075565282521143	13124	20
13126	-542.3372	13126	20.112971068761514	13126	20
13128	-542.2963	13128	20.169142557307826	13128	20
13130	-542.2555	13130	20.207618797755703	13130	20
13132	-542.21490000000006	13132	20.223015664790314	13132	20
13134	-542.1743	13134	20.235846387328625	13134	20
13136	-542.1335	13136	20.263205322773036	13136	20
13138	-542.09300000000007	13138	20.261004435640178	13138	20
13140	-542.0521	13140	20.29250369637338	13140	20
13142	-542.0112	13142	20.318753080308241	13142	20
13144	-541.9705	13144	20.323960900258143	13144	20
13146	-541.92990000000009	13146	20.319967416875681	13146	20
13148	-541.88920000000007	13148	20.324972847397675	13148	20
13150	-541.8486	13150	20.320810706168093	13150	20
13152	-541.8082	13152	20.300675588471485	13152	20
13154	-541.7677	13154	20.292229657065029	13154	20
13156	-541.72700000000009	13156	20.301858047545991	13156	20
13158	-541.6865	13158	20.293215039627118	13158	20
13160	-541.646	13160	20.286012533028057	13160	20
13162	-541.6054	13162	20.288343777517273	13162	20
13164	-541.56490000000008	13164	20.281953147927045	13164	20
13166	-541.52420000000006	13166	20.29329428994048	13166	20
13168	-541.4833	13168	20.3194119082903	13168	20
13170	-541.4428	13170	20.307843256904565	13170	20
13172	-541.4022	13172	20.306536047423837	13172	20
13174	-541.3614	13174	20.322113372852378	13174	20
13176	-541.321	13176	20.301761144041723	13176	20
13178	-541.28	13178	20.334800953372575	13178	20
13180	-541.2394	13180	20.329000794471039	13180	20
13182	-541.1987	13182	20.332500662060475	13182	20
13184	-541.1583	13184	20.310417218381804	13184	20
13186	-541.1179	13186	20.292014348659055	13186	20
13188	-541.0773	13188	20.293345290543105	13188	20
13190	-541.0367	13190	20.294454408789285	13190	20
13192	-540.9964	13192	20.270378673991239	13192	20
13194	-540.9561	13194	20.250315561659534	13194	20
13196	-540.9157	13196	20.241929634714353	13196	20
13198	-540.8754	13198	20.226608028928798	13198	20
13200	-540.8351	13200	20.2138400241075	13200	20
13202	-540.7947	13202	20.211533353420993	13202	20
13204	-540.7547	13204	20.176277794523937	13204	20
13206	-540.71430000000009	13206	20.180231495425215	13206	20
13208	-540.674	13208	20.175192912863984	13208	20
13210	-540.63380000000006	13210	20.162660760712775	13210	20
13212	-540.5937	13212	20.143883967264998	13212	20
13214	-540.5533	13214	20.153236639385575	13214	20
13216	-540.5131	13216	20.144363866156905	13216	20
13218	-540.4731	13218	20.120303221794391	13218	20
13220	-540.4328	13220	20.125252684828826	13220	20
13222	-540.3926	13222	20.12104390402628	13222	20
13224	-540.3526	13224	20.100869920018869	13224	20
13226	-540.3124	13226	20.100724933351316	13226	20
13228	-540.2722	13228	20.100604111128355	13228	20
13230	-540.2317	13230	20.12550342593628	13230	20
13232	-540.1914	13232	20.129586188280403	13232	20
13234	-540.1511	13234	20.132988490233839	13234	20
13236	-540.11070000000007	13236	20.14415707519294	13236	20
13238	-540.0706	13238	20.1284642293318	13238	20
13240	-540.03	13240	20.157053524446532	13240	20
13242	-539.9896	13242	20.164211270370185	13242	20
13244	-539.9493	13244	20.161842725308656	13244	20
13246	-539.90910000000008	13246	20.151535604416665	13246	20
13248	-539.8691	13248	20.126279670353664	13248	20
13250	-539.8291	13250	20.105233058625021	13250	20
13252	-539.789	13252	20.096027548858537	13252	20
13254	-539.7491	13254	20.071689624047842	13254	20
13256	-539.7091	13256	20.059741353370171	13256	20
13258	-539.6693	13258	20.033117794476293	13258	20
13260	-539.6294	13260	20.019264828729305	13260	20
13262	-539.58990000000006	13262	19.974387357272377	13262	20
13264	-539.5506	13264	19.920322797729121	13264	20
13266	-539.5111	13266	19.891935664772223	13266	20
13268	-539.4717	13268	19.859946387310231	13268	20
13270	-539.43260000000009	13270	19.80828865608871	13270	20
13272	-539.3932	13272	19.790240546750113	13272	20
13274	-539.3541	13274	19.750200455621943	13274	20
13276	-539.31490000000008	13276	19.725167046346375	13276	20
13278	-539.27590000000009	13278	19.687639205287585	13278	20
13280	-539.2371	13280	19.63969933774278	13280	20
13282	-539.1984	13282	19.591416114790864	13282	20
13284	-539.1592	13284	19.592846762320477	13284	20
13286	-539.1204	13286	19.560705635270189	13286	20
13288	-539.0815	13288	19.542254696059523	13288	20
13290	-539.0426	13290	19.526878913383968	13290	20
13292	-539.0035	13292	19.530732427816822	13292	20
13294	-538.9646	13294	19.517277023181716	13294	20
13296	-538.9257	13296	19.506064185985796	13296	20
13298	-538.8867	13298	19.505053488320435	13298	20
13300	-538.8478	13300	19.495877906934727	13300	20
13302	-538.80860000000007	13302	19.513231589107029	13302	20
13304	-538.76960000000008	13304	19.511026324254797	13304	20
13306	-538.7305	13306	19.517521936885316	13306	20
13308	-538.6916	13308	19.506268280738794	13308	20
13310	-538.65280000000007	13310	19.488556900609311	13310	20
13312	-538.61380000000008	13312	19.490464083840031	13312	20
13314	-538.5748000000001	13314	19.492053403198966	13314	20
13316	-538.53600000000006	13316	19.476711169335598	13316	20
13318	-538.4969	13318	19.488925974452652	13318	20
13320	-538.4575	13320	19.524104978710589	13320	20
13322	-538.4185	13322	19.520087482257765	13322	20
13324	-538.37930000000006	13324	19.533406235209561	13324	20
13326	-538.3399	13326	19.56117186267468	13326	20
13328	-538.3007	13328	19.567643218899796	13328	20
13330	-538.2611	13330	19.606369349079028	13330	20
13332	-538.2215	13332	19.638641124237861	13332	20
13334	-538.1822	13334	19.640534270200355	13334	20
13336	-538.1426	13336	19.667111891829492	13336	20
13338	-538.1033	13338	19.66425990986005	13338	20
13340	-538.0638	13340	19.678549924881331	13340	20
13342	-538.024	13342	19.715458270735596	13342	20
13344	-537.98430000000008	13344	19.737881892273432	13344	20
13346	-537.9446	13346	19.756568243564438	13346	20
13348	-537.90510000000006	13348	19.755473536301654	13348	20
13350	-537.8654	13350	19.771227946921289	13350	20
13352	-537.8257	13352	19.784356622437652	13352	20
13354	-537.7858	13354	19.811963852030438	13354	20
13356	-537.7456	13356	19.85996987669429	13356	20
13358	-537.7055	13358	19.891641563906784	13358	20
13360	-537.6653	13360	19.926367969924577	13360	20
13362	-537.6251	13362	19.955306641606072	13362	20
13364	-537.5847	13364	19.996088868003135	13364	20
13366	-537.5443	13366	20.030074056667356	13366	20
13368	-537.5041	13368	20.041728380558389	13368	20
13370	-537.4639	13370	20.051440317134251	13370	20
13372	-537.4233	13372	20.092866930939103	13372	20
13374	-537.383	13374	20.102389109116089	13374	20
13376	-537.3423	13376	20.143657590931351	13376	20
13378	-537.3018	13378	20.161381325781583	13378	20
13380	-537.2611	13380	20.192817771476452	13380	20
13382	-537.22030000000007	13382	20.227348142896226	13382	20
13384	-537.1795	13384	20.25612345242218	13384	20
13386	-537.13880000000006	13386	20.27176954367695	13386	20
13388	-537.0982	13388	20.276474619734156	13388	20
13390	-537.0575	13390	20.288728849779737	13390	20
13392	-537.017	13392	20.2822740414791	13392	20
13394	-536.9765	13394	20.276895034571375	13394	20
13396	-536.9362	13396	20.25574586214298	13396	20
13398	-536.89550000000008	13398	20.271454885110952	13398	20
13400	-536.855	13400	20.267879070931251	13400	20
13402	-536.81450000000007	13402	20.264899225772027	13402	20
13404	-536.774	13404	20.262416021482146	13404	20
13406	-536.7337	13406	20.243680017901958	13406	20
13408	-536.69350000000009	13408	20.219733348244418	13408	20
13410	-536.65330000000006	13410	20.199777790205939	13410	20
13412	-536.6131	13412	20.183148158507208	13412	20
13414	-536.5729	13414	20.1692901320916	13414	20
13416	-536.53280000000007	13416	20.149408443404543	13416	20
13418	-536.4928	13418	20.124507036176897	13418	20
13420	-536.4528	13420	20.103755863477716	13420	20
13422	-536.4129	13422	20.078129886230492	13422	20
13424	-536.3727	13424	20.081774905194337	13424	20
13426	-536.3325	13426	20.08481242099754	13426	20
13428	-536.2924	13428	20.079010350826159	13428	20
13430	-536.2522	13430	20.082508625690725	13430	20
13432	-536.2119	13432	20.093757188075774	13432	20
13434	-536.1717	13434	20.094797656732069	13434	20
13436	-536.13110000000006	13436	20.128998047270617	13436	20
13438	-536.0907	13438	20.140831706066397	13438	20
13440	-536.0505	13440	20.134026421714783	13440	20
13442	-536.0103	13442	20.128355351431242	13442	20
13444	-535.96980000000008	13444	20.148629459522017	13444	20
13446	-535.9297	13446	20.132191216272698	13446	20
13448	-535.889	13448	20.168492680228525	13448	20
13450	-535.8487	13450	20.165410566857272	13450	20
13452	-535.8083	13452	20.171175472379137	13452	20
13454	-535.7679	13454	20.175979560314023	13454	20
13456	-535.7272	13456	20.204982966929627	13456	20
13458	-535.6865	13458	20.229152472442632	13458	20
13460	-535.6461	13460	20.2242937270336	13460	20
13462	-535.6053	13462	20.253578105860516	13462	20
13464	-535.56490000000008	13464	20.244648421548504	13464	20
13466	-535.5249	13466	20.2038736846302	13466	20
13468	-535.48480000000006	13468	20.178228070520042	13468	20
13470	-535.4446	13470	20.16519005876896	13470	20
13472	-535.4044	13472	20.154325048976393	13472	20
13474	-535.3642	13474	20.145270874149251	13474	20
13476	-535.32400000000007	13476	20.137725728450494	13476	20
13478	-535.2842	13478	20.098104773709895	13478	20
13480	-535.2441	13480	20.090087311429265	13480	20
13482	-535.2039	13482	20.091739426193314	13482	20
13484	-535.1639	13484	20.076449521824731	13484	20
13486	-535.1237	13486	20.080374601522866	13486	20
13488	-535.0838	13488	20.058645501268117	13488	20
13490	-535.0443	13490	20.007204584388052	13490	20
13492	-535.0045	13492	19.989337153657861	13492	20
13494	-534.96490000000006	13494	19.957780961377413	13494	20
13496	-534.9253	13496	19.931484134486514	13496	20
13498	-534.8861	13498	19.876236778733517	13498	20
13500	-534.8467	13500	19.846863982277977	13500	20
13502	-534.8073	13502	19.822386651898359	13502	20
13504	-534.7683	13504	19.768655543257047	13504	20
13506	-534.7296	13506	19.698879619376616	13506	20
13508	-534.69	13508	19.715733016143041	13508	20
13510	-534.65100000000007	13510	19.679777513451473	13510	20
13512	-534.6121	13512	19.641481261210593	13512	20
13514	-534.5725	13514	19.667901051014166	13514	20
13516	-534.5335	13516	19.639917542510744	13516	20
13518	-534.49420000000009	13518	19.64159795208495	13518	20
13520	-534.45490000000007	13520	19.642998293406265	13520	20
13522	-534.4158	13522	19.627498577844875	13522	20
13524	-534.37650000000008	13524	19.631248814863394	13524	20
13526	-534.3372	13526	19.6343740123883	13526	20
13528	-534.298	13528	19.628645010327816	13528	20
13530	-534.2584	13530	19.657204175269044	13530	20
13532	-534.21890000000008	13532	19.672670146055491	13532	20
13534	-534.1796	13534	19.668891788381714	13534	20
13536	-534.13970000000006	13536	19.715743156983823	13536	20
13538	-534.1004	13538	19.704785964155324	13538	20
13540	-534.0605	13540	19.7456549701285	13540	20
13542	-534.02060000000006	13542	19.779712475106145	13542	20
13544	-533.98060000000009	13544	19.816427062585422	13544	20
13546	-533.9407	13546	19.838689218829717	13546	20
13548	-533.90090000000009	13548	19.848907682349779	13548	20
13550	-533.8608	13550	19.882423068629166	13550	20
13552	-533.821	13552	19.885352557192125	13552	20
13554	-533.7812	13554	19.887793797661256	13554	20
13556	-533.7411	13556	19.914828164722064	13556	20
13558	-533.7012	13558	19.920690137267449	13558	20
13560	-533.6614	13560	19.91724178105736	13560	20
13562	-533.6215	13562	19.92270148421353	13562	20
13564	-533.5815	13564	19.93558457017491	13564	20
13566	-533.54140000000007	13566	19.954653808473967	13566	20
13568	-533.5012	13568	19.978878173730564	13568	20
13570	-533.4609	13570	20.007398478108971	13570	20
13572	-533.4206	13572	20.03116539842431	13572	20
13574	-533.38020000000006	13574	20.059304498685	13574	20
13576	-533.3398	13576	20.08275374891172	13576	20
13578	-533.29950000000008	13578	20.093961457417127	13578	20
13580	-533.2595	13580	20.078301214520717	13580	20
13582	-533.21890000000008	13582	20.11525101209449	13582	20
13584	-533.1783	13584	20.146042510082108	13584	20
13586	-533.1378	13586	20.163368758407213	13586	20
13588	-533.0974	13588	20.169473965337421	13588	20
13590	-533.05670000000009	13590	20.199561637772984	13590	20
13592	-533.0159	13592	20.232968031486145	13592	20
13594	-532.97520000000009	13594	20.252473359563588	13594	20
13596	-532.9344	13596	20.277061132978314	13596	20
13598	-532.8936	13598	20.297550944147776	13598	20
13600	-532.85300000000007	13600	20.297959120117039	13600	20
13602	-532.8124	13602	20.298299266767565	13602	20
13604	-532.7718	13604	20.298582722309668	13604	20
13606	-532.731	13606	20.315485601923907	13606	20
13608	-532.6902	13608	20.329571334935771	13608	20
13610	-532.6494	13610	20.341309445778993	13610	20
13612	-532.6088	13612	20.334424538152525	13612	20
13614	-532.568	13614	20.345353781792955	13614	20
13616	-532.5275	13616	20.329461484823444	13616	20
13618	-532.48660000000007	13618	20.34955123734996	13618	20
13620	-532.446	13620	20.341292697794998	13620	20
13622	-532.4056	13622	20.31774391482724	13622	20
13624	-532.3651	13624	20.30645326236149	13624	20
13626	-532.3246	13626	20.297044385297223	13626	20
13628	-532.2843	13628	20.272536987747856	13628	20
13630	-532.2438	13630	20.268780823128672	13630	20
13632	-532.2034	13632	20.257317352605302	13632	20
13634	-532.1634	13634	20.214431127168055	13634	20
13636	-532.1228	13636	20.228692605976743	13636	20
13638	-532.0825	13638	20.215577171647453	13638	20
13640	-532.04220000000009	13640	20.204647643030238	13640	20
13642	-532.0019	13642	20.195539702534838	13642	20
13644	-531.9618	13644	20.171283085440574	13644	20
13646	-531.9216	13646	20.159402571202737	13646	20
13648	-531.8817	13648	20.12450214266801	13648	20
13650	-531.84170000000006	13650	20.103751785553644	13650	20
13652	-531.8016	13652	20.094793154632388	13652	20
13654	-531.76150000000007	13654	20.0873276288552	13654	20
13656	-531.7214	13656	20.081106357383685	13656	20
13658	-531.6814	13658	20.067588631150041	13658	20
13660	-531.6413	13660	20.064657192629387	13660	20
13662	-531.6013	13662	20.05388099385479	13662	20
13664	-531.5612	13664	20.053234161550009	13664	20
13666	-531.5209	13666	20.069361801291844	13666	20
13668	-531.4804	13668	20.099468167739186	13668	20
13670	-531.4403	13670	20.091223473120341	13670	20
13672	-531.40000000000009	13672	20.101019560924311	13672	20
13674	-531.36020000000008	13674	20.067516300771409	13674	20
13676	-531.32030000000009	13676	20.047930250641905	13676	20
13678	-531.2803	13678	20.039941875541366	13678	20
13680	-531.2403	13680	20.03328489628144	13680	20
13682	-531.2001	13682	20.044404080236792	13682	20
13684	-531.1603	13684	20.02033673353181	13684	20
13686	-531.12010000000009	13686	20.033613944602628	13686	20
13688	-531.08	13688	20.036344953839876	13688	20
13690	-531.03960000000006	13690	20.06362079486464	13690	20
13692	-530.99970000000008	13692	20.044683995719595	13692	20
13694	-530.95990000000006	13694	20.020569996434148	13694	20
13696	-530.9199	13696	20.017141663701569	13696	20
13698	-530.8803	13698	19.980951386413835	13698	20
13700	-530.8404	13700	19.975792822010593	13700	20
13702	-530.8007	13702	19.954827351678738	13702	20
13704	-530.76140000000009	13704	19.904022793058278	13704	20
13706	-530.7218	13706	19.886685660887235	13706	20
13708	-530.6824	13708	19.855571384072739	13708	20
13710	-530.643	13710	19.829642820060663	13710	20
13712	-530.60390000000007	13712	19.783035683380735	13712	20
13714	-530.5647	13714	19.752529736154845	13714	20
13716	-530.5254	13716	19.735441446797843	13716	20
13718	-530.4862	13718	19.712867872326292	13718	20
13720	-530.447	13720	19.694056560276142	13720	20
13722	-530.4079	13722	19.6700471335603	13722	20
13724	-530.3688	13724	19.650039277973235	13724	20
13726	-530.3298	13726	19.6250327316433	13726	20
13728	-530.2906	13728	19.620860609697509	13728	20
13730	-530.2516	13730	19.600717174746862	13730	20
13732	-530.2127	13732	19.575597645623418	13732	20
13734	-530.17360000000008	13734	19.571331371349697	13734	20
13736	-530.13470000000007	13736	19.551109476125777	13736	20
13738	-530.0958	13738	19.534257896772512	13738	20
13740	-530.05680000000007	13740	19.528548247309367	13740	20
13742	-530.01780000000008	13742	19.523790206090077	13742	20
13744	-529.9786	13744	19.53649183841263	13744	20
13746	-529.9392	13746	19.563743198677237	13746	20
13748	-529.90000000000009	13748	19.569785998892453	13748	20
13750	-529.8605	13750	19.599821665751136	13750	20
13752	-529.8211	13752	19.61651805479266	13752	20
13754	-529.7817	13754	19.630431712327262	13754	20
13756	-529.74240000000009	13756	19.633693093598716	13756	20
13758	-529.7028	13758	19.6614109113376	13758	20
13760	-529.6632	13760	19.684509092786673	13760	20
13762	-529.62340000000006	13762	19.720424243980574	13762	20
13764	-529.5837	13764	19.74202020332039	13764	20
13766	-529.5439	13766	19.768350169434811	13766	20
13768	-529.5041	13768	19.790291807863493	13768	20
13770	-529.4645	13770	19.791909839882106	13770	20
13772	-529.4246	13772	19.818258199900818	13772	20
13774	-529.38460000000009	13774	19.848548499914319	13774	20
13776	-529.3446	13776	19.873790416601711	13776	20
13778	-529.3046	13778	19.89482534716506	13778	20
13780	-529.2646	13780	19.912354455977329	13780	20
13782	-529.2241	13782	19.968628713310423	13782	20
13784	-529.1837	13784	20.007190594423427	13784	20
13786	-529.1436	13786	20.014325495357209	13786	20
13788	-529.1034	13788	20.0286045794666	13788	20
13790	-529.063	13790	20.057170482886907	13790	20
13792	-529.02230000000009	13792	20.105975402397554	13792	20
13794	-528.9818	13794	20.129979502003419	13794	20
13796	-528.9411	13796	20.166649585004123	13796	20
13798	-528.9004	13798	20.197207987504711	13798	20
13800	-528.8597	13800	20.222673322921867	13800	20
13802	-528.8189	13802	20.252227769100738	13802	20
13804	-528.778	13804	20.285189807581038	13804	20
13806	-528.73700000000008	13806	20.320991506312531	13806	20
13808	-528.6961	13808	20.342492921933673	13808	20
13810	-528.655	13810	20.377077434947108	13810	20
13812	-528.6143	13812	20.372564529123864	13812	20
13814	-528.5733	13814	20.393803774264885	13814	20
13816	-528.5325	13816	20.394836478553252	13816	20
13818	-528.4917	13818	20.395697065460226	13818	20
13820	-528.451	13820	20.388080887884797	13820	20
13822	-528.4103	13822	20.381734073238608	13822	20
13824	-528.3696	13824	20.376445061033447	13824	20
13826	-528.3287	13826	20.38870421752496	13826	20
13828	-528.288	13828	20.382253514605409	13828	20
13830	-528.24700000000007	13830	20.401877928832842	13830	20
13832	-528.2061	13832	20.409898274033932	13832	20
13834	-528.1653	13834	20.408248561694126	13834	20
13836	-528.1245	13836	20.406873801410953	13836	20
13838	-528.0838	13838	20.397394834510404	13838	20
13840	-528.04320000000007	13840	20.381162362085895	13840	20
13842	-528.0027	13842	20.359301968410371	13842	20
13844	-527.9622	13844	20.341084973671293	13844	20
13846	-527.92180000000008	13846	20.317570811390819	13846	20
13848	-527.88110000000006	13848	20.32297567616029	13848	20
13850	-527.8409	13850	20.285813063469167	13850	20
13852	-527.8005	13852	20.27151088622238	13852	20
13854	-527.7602	13854	20.251259071852154	13854	20
13856	-527.72	13856	20.226049226545719	13856	20
13858	-527.6798	13858	20.205041022123691	13858	20
13860	-527.6395	13860	20.195867518436579	13860	20
13862	-527.59930000000008	13862	20.179889598689936	13862	20
13864	-527.5589	13864	20.183241332249164	13864	20
13866	-527.5183	13866	20.202701110211002	13866	20
13868	-527.4778	13868	20.210584258505151	13868	20
13870	-527.4374	13870	20.208820215419035	13870	20
13872	-527.3966	13872	20.240683512848378	13872	20
13874	-527.3558	13874	20.267236260706163	13874	20
13876	-527.3151	13876	20.281030217256411	13876	20
13878	-527.2744	13878	20.292525181048283	13878	20
13880	-527.2333	13880	20.335437650875953	13880	20
13882	-527.19270000000006	13882	20.329531375723853	13882	20
13884	-527.1521	13884	20.324609479773244	13884	20
13886	-527.111	13886	20.362174566480086	13886	20
13888	-527.0702	13888	20.368478805399253	13888	20
13890	-527.02960000000007	13890	20.357065671159937	13890	20
13892	-526.9886	13892	20.380888059304418	13892	20
13894	-526.94800000000009	13894	20.367406716080907	13894	20
13896	-526.9079	13896	20.314505596738442	13896	20
13898	-526.8671	13898	20.328754663947883	13898	20
13900	-526.8264	13900	20.332295553291178	13900	20
13902	-526.7862	13902	20.293579627744908	13902	20
13904	-526.74610000000007	13904	20.252983023115632	13904	20
13906	-526.7057	13906	20.244152519270578	13906	20
13908	-526.66550000000007	13908	20.220127099384936	13908	20
13910	-526.6255	13910	20.18343924949389	13910	20
13912	-526.5853	13912	20.169532707913834	13912	20
13914	-526.54550000000006	13914	20.124610589919875	13914	20
13916	-526.5054	13916	20.112175491604248	13916	20
13918	-526.4656	13918	20.076812909671357	13918	20
13920	-526.4259	13920	20.039010758062709	13920	20
13922	-526.3861	13922	20.015842298377272	13922	20
13924	-526.3465	13924	19.9798685819864	13924	20
13926	-526.307	13926	19.941557151653289	13926	20
13928	-526.2675	13928	19.90963095970903	13928	20
13930	-526.2284	13930	19.849692466430511	13930	20
13932	-526.1893	13932	19.799743722022274	13932	20
13934	-526.15000000000009	13934	19.774786435011226	13934	20
13936	-526.11110000000008	13936	19.720655362510385	13936	20
13938	-526.07210000000009	13938	19.683879468757592	13938	20
13940	-526.0334	13940	19.628232890636539	13940	20
13942	-525.9944	13942	19.606860742196055	13942	20
13944	-525.9554	13944	19.589050618495651	13944	20
13946	-525.91630000000009	13946	19.582542182076558	13946	20
13948	-525.8773	13948	19.568785151738879	13948	20
13950	-525.8383	13950	19.55732095978134	13950	20
13952	-525.7988	13952	19.589434133149073	13952	20
13954	-525.7594	13954	19.607861777624272	13954	20
13956	-525.7201	13956	19.614884814689031	13956	20
13958	-525.681	13958	19.604070678904375	13958	20
13960	-525.64190000000008	13960	19.595058899083828	13960	20
13962	-525.6027	13962	19.595882415907422	13962	20
13964	-525.5634	13964	19.604902013258322	13964	20
13966	-525.52420000000006	13966	19.604085011043356	13966	20
13968	-525.48520000000008	13968	19.586737509201736	13968	20
13970	-525.4459	13970	19.59728125767025	13970	20
13972	-525.4068	13972	19.589401048064861	13972	20
13974	-525.3676	13974	19.591167540048808	13974	20
13976	-525.3283	13976	19.600972950042813	13976	20
13978	-525.2891	13978	19.600810791706575	13978	20
13980	-525.2498	13980	19.609008993081474	13980	20
13982	-525.2102	13982	19.640840827573232	13982	20
13984	-525.1706	13984	19.66736735630689	13984	20
13986	-525.1312	13986	19.672806130255786	13986	20
13988	-525.0916	13988	19.694005108551828	13988	20
13990	-525.05230000000006	13990	19.686670923785854	13990	20
13992	-525.0128	13992	19.697225769828972	13992	20
13994	-524.9733	13994	19.706021474855433	13994	20
13996	-524.9338	13996	19.71335122904415	13996	20
13998	-524.8943	13998	19.719459357534749	13998	20
14000	-524.85480000000007	14000	19.724549464610245	14000	20
14002	-524.8148	14002	19.770457887181649	14002	20
14004	-524.7747	14004	19.817048239312918	14004	20
14006	-524.735	14006	19.822540199430676	14006	20
14008	-524.6952	14008	19.835450166193382	14008	20
14010	-524.65510000000006	14010	19.871208471822694	14010	20
14012	-524.615	14012	19.901007059856596	14012	20
14014	-524.575	14014	19.9175058832108	14014	20
14016	-524.5349	14016	19.939588236013353	14016	20
14018	-524.4945	14018	19.982990196675871	14018	20
14020	-524.4542	14020	20.01082516389673	14020	20
14022	-524.4139	14022	20.03402096991411	14022	20
14024	-524.374	14024	20.020017474927489	14024	20
14026	-524.33390000000009	14026	20.02501456243445	14026	20
14028	-524.2939	14028	20.020845468701818	14028	20
14030	-524.2538	14030	20.025704557255867	14030	20
14032	-524.21350000000007	14032	20.046420464370584	14032	20
14034	-524.1731	14034	20.072017053649706	14034	20
14036	-524.1326	14036	20.101680878037403	14036	20
14038	-524.09210000000007	14038	20.126400731693817	14038	20
14040	-524.0519	14040	20.122000609747104	14040	20
14042	-524.0117	14042	20.118333841458178	14042	20
14044	-523.9715	14044	20.115278201217407	14044	20
14046	-523.9312	14046	20.121065167681341	14046	20
14048	-523.8907	14048	20.1425543063971	14048	20
14050	-523.85020000000009	14050	20.160461921993566	14050	20
14052	-523.8099	14052	20.158718268337612	14052	20
14054	-523.7695	14054	20.165598556946087	14054	20
14056	-523.7292	14056	20.162998797455241	14056	20
14058	-523.6888	14058	20.16916566454411	14058	20
14060	-523.6486	14060	20.157638053789018	14060	20
14062	-523.6077	14062	20.206365044821272	14062	20
14064	-523.5673	14064	20.205304204015803	14064	20
14066	-523.52690000000007	14066	20.204420170011247	14066	20
14068	-523.4863	14068	20.220350141679404	14068	20
14070	-523.4459	14070	20.216958451397581	14070	20
14072	-523.40550000000007	14072	20.214132042829394	14072	20
14074	-523.3653	14074	20.195110035693421	14074	20
14076	-523.3251	14076	20.179258363080109	14076	20
14078	-523.2847	14078	20.182715302564834	14078	20
14080	-523.2446	14080	20.160596085475046	14080	20
14082	-523.2045	14082	20.142163404557415	14082	20
14084	-523.16460000000006	14084	20.110136170463576	14084	20
14086	-523.1246	14086	20.091780142059424	14086	20
14088	-523.0844	14088	20.093150118385111	14088	20
14090	-523.0442	14090	20.094291765313713	14090	20
14092	-523.004	14092	20.095243137763685	14092	20
14094	-522.9639	14094	20.087702614807423	14094	20
14096	-522.9237	14096	20.089752178998971	14096	20
14098	-522.8835	14098	20.091460149168068	14098	20
14100	-522.8434	14100	20.084550124311075	14100	20
14102	-522.80310000000009	14102	20.095458436916591	14102	20
14104	-522.7627	14104	20.112882030771377	14104	20
14106	-522.7222	14106	20.135735025638798	14106	20
14108	-522.68170000000009	14108	20.154779188028314	14108	20
14110	-522.6411	14110	20.178982656693627	14110	20
14112	-522.6005	14112	20.199152213914722	14112	20
14114	-522.5602	14114	20.190960178262436	14114	20
14116	-522.5198	14116	20.192466815216772	14116	20
14118	-522.4793	14118	20.202055679352767	14118	20
14120	-522.4389	14120	20.201713066125382	14120	20
14122	-522.3984	14122	20.209760888433802	14122	20
14124	-522.3579	14124	20.216467407033626	14124	20
14126	-522.3178	14126	20.188722839189566	14126	20
14128	-522.2775	14128	20.182269032658141	14128	20
14130	-522.2375	14130	20.151890860554897	14130	20
14132	-522.1977	14132	20.109909050454092	14132	20
14134	-522.1575	14134	20.108257542047337	14134	20
14136	-522.1178	14136	20.065214618376025	14136	20
14138	-522.07810000000006	14138	20.029345515307124	14138	20
14140	-522.0385	14140	19.991121262761276	14140	20
14142	-521.999	14142	19.950934385632351	14142	20
14144	-521.96	14144	19.875778654692564	14144	20
14146	-521.9204	14146	19.863148878915808	14146	20
14148	-521.88110000000006	14148	19.827624065755838	14148	20
14150	-521.8418	14150	19.79802005479867	14150	20
14152	-521.8025	14152	19.773350045667698	14152	20
14154	-521.7635	14154	19.727791704722019	14154	20
14156	-521.72440000000006	14156	19.698159753931865	14156	20
14158	-521.6851	14158	19.690133128278692	14158	20
14160	-521.6461	14160	19.658444273564516	14160	20
14162	-521.60710000000006	14162	19.632036894636034	14162	20
14164	-521.5683	14164	19.593364078866486	14164	20
14166	-521.5289	14166	19.611136732388783	14166	20
14168	-521.4899	14168	19.592613943656257	14168	20
14170	-521.4506	14170	19.602178286382351	14170	20
14172	-521.41180000000008	14172	19.568481905312275	14172	20
14174	-521.3726	14174	19.573734921097795	14174	20
14176	-521.3334	14176	19.578112434252393	14176	20
14178	-521.2942	14178	19.581760361871751	14178	20
14180	-521.2549	14180	19.593133634895263	14180	20
14182	-521.21580000000006	14182	19.585944695742903	14182	20
14184	-521.1761	14184	19.629953913122332	14184	20
14186	-521.13650000000007	14186	19.658294927597805	14186	20
14188	-521.0968	14188	19.690245773001415	14188	20
14190	-521.0572	14190	19.708538144173183	14190	20
14192	-521.0177	14192	19.715448453475609	14192	20
14194	-520.9781	14194	19.729540377892203	14194	20
14196	-520.9385	14196	19.741283648248839	14196	20
14198	-520.8986	14198	19.776069706873095	14198	20
14200	-520.85890000000006	14200	19.788391422388017	14200	20
14202	-520.8192	14202	19.798659518659925	14202	20
14204	-520.7795	14204	19.807216265553183	14204	20
14206	-520.73970000000008	14206	19.822680221286	14206	20
14208	-520.6998	14208	19.843900184413535	14208	20
14210	-520.6599	14210	19.861583487010343	14210	20
14212	-520.6197	14212	19.901319572510879	14212	20
14214	-520.5796	14214	19.926099643753943	14214	20
14216	-520.53960000000006	14216	19.938416369791923	14216	20
14218	-520.4996	14218	19.948680308166381	14218	20
14220	-520.4595	14220	19.965566923466859	14220	20
14222	-520.4195	14222	19.971305769562161	14222	20
14224	-520.3795	14224	19.976088141298771	14224	20
14226	-520.3396	14226	19.971740117748038	14226	20
14228	-520.2994	14228	19.99311676479229	14228	20
14230	-520.259	14230	20.027597303991652	14230	20
14232	-520.2186	14232	20.056331086657785	14232	20
14234	-520.1783	14234	20.07194257221499	14234	20
14236	-520.1378	14236	20.101618810184615	14236	20
14238	-520.097	14238	20.15134900848636	14238	20
14240	-520.0565	14240	20.167790840401281	14240	20
14242	-520.0158	14242	20.198159033669011	14242	20
14244	-519.9748	14244	20.248465861395314	14244	20
14246	-519.934	14246	20.273721551161945	14246	20
14248	-519.8932	14248	20.294767959300803	14248	20
14250	-519.8524	14250	20.312306632749852	14250	20
14252	-519.81180000000006	14252	20.310255527285438	14252	20
14254	-519.7709	14254	20.333546272744428	14254	20
14256	-519.7299	14256	20.361288560615357	14256	20
14258	-519.6892	14258	20.359407133847405	14258	20
14260	-519.64830000000006	14260	20.374505944869927	14260	20
14262	-519.60750000000007	14262	20.378754954057456	14262	20
14264	-519.5665	14264	20.39896246171902	14264	20
14266	-519.5257	14266	20.399135384765032	14266	20
14268	-519.48480000000006	14268	20.407612820634615	14268	20
14270	-519.4439	14270	20.41467735053541	14270	20
14272	-519.4032	14272	20.403897792114115	14272	20
14274	-519.3626	14274	20.386581493422323	14274	20
14276	-519.32220000000007	14276	20.35548457785001	14276	20
14278	-519.282	14278	20.312903814877266	14278	20
14280	-519.2418	14280	20.277419845733313	14280	20
14282	-519.20170000000007	14282	20.239516538105971	14282	20
14284	-519.1617	14284	20.199597115094754	14284	20
14286	-519.1221	14286	20.132997595908158	14286	20
14288	-519.0823	14288	20.094164663257949	14288	20
14290	-519.04230000000007	14290	20.078470552711927	14290	20
14292	-519.0026	14292	20.040392127263186	14292	20
14294	-518.9629	14294	20.0086601060559	14294	20
14296	-518.92320000000007	14296	19.982216755040351	14296	20
14298	-518.8833	14298	19.976847295875494	14298	20
14300	-518.8437	14300	19.947372746558774	14300	20
14302	-518.8037	14302	19.956143955462615	14302	20
14304	-518.764	14304	19.93845329622209	14304	20
14306	-518.7241	14306	19.940377746850803	14306	20
14308	-518.6842	14308	19.941981455708063	14308	20
14310	-518.6448	14310	19.901651213090098	14310	20
14312	-518.605	14312	19.901376010909566	14312	20
14314	-518.5652	14314	19.901146675759122	14314	20
14316	-518.5254	14316	19.900955563133753	14316	20
14318	-518.4853	14318	19.925796302606336	14318	20
14320	-518.4449	14320	19.971496918846164	14320	20
14322	-518.4047	14322	19.992914099031257	14322	20
14324	-518.3645	14324	20.010761749194973	14324	20
14326	-518.3242	14326	20.033968124329313	14326	20
14328	-518.2838	14328	20.061640103605836	14328	20
14330	-518.2435	14330	20.076366753005033	14330	20
14332	-518.20310000000006	14332	20.096972294168935	14332	20
14334	-518.163	14334	20.089143578478463	14334	20
14336	-518.1228	14336	20.090952982067645	14336	20
14338	-518.0825	14338	20.100794151723207	14338	20
14340	-518.04230000000007	14340	20.100661793095458	14340	20
14342	-518.0022	14342	20.092218160917234	14342	20
14344	-517.9624	14344	20.060181800765513	14344	20
14346	-517.9222	14346	20.066818167306852	14346	20
14348	-517.8823	14348	20.047348472754773	14348	20
14350	-517.84260000000006	14350	20.014457060622746	14350	20
14352	-517.8025	14352	20.020380883856639	14352	20
14354	-517.7626	14354	20.008650736546262	14354	20
14356	-517.7226	14356	20.007208947118855	14356	20
14358	-517.6829	14358	19.981007455935625	14358	20
14360	-517.643	14360	19.975839546612082	14360	20
14362	-517.6035	14362	19.93819962217469	14362	20
14364	-517.5637	14364	19.931833018480059	14364	20
14366	-517.5243	14366	19.893194182066761	14366	20
14368	-517.4851	14368	19.844328485059865	14368	20
14370	-517.4457	14370	19.820273737549932	14370	20
14372	-517.40640000000008	14372	19.791894781284274	14372	20
14374	-517.3676	14374	19.726578984406686	14374	20
14376	-517.3286	14376	19.688815820337844	14376	20
14378	-517.28960000000006	14378	19.657346516947143	14378	20
14380	-517.2505	14380	19.639455430795607	14380	20
14382	-517.2115	14382	19.616212858995279	14382	20
14384	-517.1724	14384	19.605177382492915	14384	20
14386	-517.1333	14386	19.595981152083748	14386	20
14388	-517.0942	14388	19.588317626733307	14388	20
14390	-517.05500000000006	14390	19.590264688939179	14390	20
14392	-517.0163	14392	19.550220574121198	14392	20
14394	-516.97710000000006	14394	19.558517145095756	14394	20
14396	-516.938	14396	19.55709762091945	14396	20
14398	-516.8993	14398	19.52258135076195	14398	20
14400	-516.8601	14400	19.535484458972523	14400	20
14402	-516.82120000000009	14402	19.521237049135326	14402	20
14404	-516.7822	14404	19.517697540954519	14404	20
14406	-516.7428	14406	19.548081284128809	14406	20
14408	-516.70350000000008	14408	19.565067736766672	14408	20
14410	-516.6639	14410	19.604223113977564	14410	20
14412	-516.6242	14412	19.645185928317883	14412	20
14414	-516.5845	14414	19.679321606925338	14414	20
14416	-516.5448	14416	19.707768005774358	14416	20
14418	-516.5053	14418	19.714806671476587	14418	20
14420	-516.46530000000007	14420	19.762338892894125	14420	20
14422	-516.4258	14422	19.760282410752531	14422	20
14424	-516.3863	14424	19.758568675625064	14424	20
14426	-516.3464	14426	19.790473896353284	14426	20
14428	-516.30680000000007	14428	19.792061580290266	14428	20
14430	-516.26690000000008	14430	19.818384650240951	14430	20
14432	-516.2268	14432	19.856987208538477	14432	20
14434	-516.1869	14434	19.872489340447792	14434	20
14436	-516.1467	14436	19.910407783708752	14436	20
14438	-516.10660000000007	14438	19.933673153085504	14438	20
14440	-516.0664	14440	19.961394294240179	14440	20
14442	-516.0261	14442	19.992828578533651	14442	20
14444	-515.98570000000007	14444	20.027357148776119	14444	20
14446	-515.94540000000006	14446	20.047797623980269	14446	20
14448	-515.90510000000006	14448	20.064831353317061	14448	20
14450	-515.865	14450	20.062359461101902	14450	20
14452	-515.82450000000006	14452	20.093632884247569	14452	20
14454	-515.7838	14454	20.136360736874249	14454	20
14456	-515.74340000000007	14456	20.146967280726617	14456	20
14458	-515.70260000000007	14458	20.189139400604695	14458	20
14460	-515.6621	14460	20.199282833842705	14460	20
14462	-515.6219	14462	20.18273569487118	14462	20
14464	-515.5814	14464	20.193946412388634	14464	20
14466	-515.5409	14466	20.203288676995985	14466	20
14468	-515.50020000000006	14468	20.22774056415512	14468	20
14470	-515.4594	14470	20.256450470137924	14470	20
14472	-515.4184	14472	20.297042058443271	14472	20
14474	-515.37740000000008	14474	20.33086838203106	14474	20
14476	-515.33660000000009	14476	20.342390318358397	14476	20
14478	-515.2958	14478	20.351991931973988	14478	20
14480	-515.2549	14480	20.368326609975412	14480	20
14482	-515.214	14482	20.381938841643265	14482	20
14484	-515.1731	14484	20.39328236804262	14484	20
14486	-515.1324	14486	20.386068640036793	14486	20
14488	-515.0913	14488	20.4133905333569	14488	20
14490	-515.0502	14490	20.436158777799797	14490	20
14492	-515.00970000000007	14492	20.405132314829146	14492	20
14494	-514.9686	14494	20.42927692902667	14494	20
14496	-514.9276	14496	20.441064107526696	14496	20
14498	-514.88650000000007	14498	20.459220089598485	14498	20
14500	-514.8455	14500	20.466016741336542	14500	20
14502	-514.8044	14502	20.480013951116167	14502	20
14504	-514.7635	14504	20.475011625927227	14504	20
14506	-514.7226	14506	20.470843021603113	14506	20
14508	-514.68170000000009	14508	20.467369184666349	14508	20
14510	-514.6409	14510	20.456140987230615	14510	20
14512	-514.60020000000009	14512	20.438450822683979	14512	20
14514	-514.5596	14514	20.415375685573348	14514	20
14516	-514.5189	14516	20.404479737979067	14516	20
14518	-514.4783	14518	20.387066448319253	14518	20
14520	-514.438	14520	20.347555373599548	14520	20
14522	-514.3975	14522	20.331296144662272	14522	20
14524	-514.3572	14524	20.301080120552061	14524	20
14526	-514.31680000000006	14526	20.28423343379146	14526	20
14528	-514.27600000000007	14528	20.303527861492064	14528	20
14530	-514.2355	14530	20.294606551248844	14530	20
14532	-514.1947	14532	20.312172126039886	14532	20
14534	-514.1539	14534	20.326810105032422	14534	20
14536	-514.1134	14536	20.314008420865811	14536	20
14538	-514.0723	14538	20.353340350714415	14538	20
14540	-514.03190000000006	14540	20.327783625593423	14540	20
14542	-513.9912	14542	20.331486354662459	14542	20
14544	-513.9505	14544	20.334571962219993	14544	20
14546	-513.9099	14546	20.328809968520027	14546	20
14548	-513.8694	14548	20.315674973762672	14548	20
14550	-513.82900000000006	14550	20.296395811466969	14550	20
14552	-513.7882	14552	20.313663176231131	14552	20
14554	-513.7474	14554	20.32805264685846	14554	20
14556	-513.707	14556	20.306710539046794	14556	20
14558	-513.6662	14558	20.322258782538178	14558	20
14560	-513.6254	14560	20.335215652114332	14560	20
14562	-513.585	14562	20.312679710093352	14562	20
14564	-513.54460000000006	14564	20.293899758409204	14564	20
14566	-513.5044	14566	20.261583132009928	14566	20
14568	-513.4645	14568	20.209652610007335	14568	20
14570	-513.42450000000008	14570	20.174710508336414	14570	20
14572	-513.38460000000009	14572	20.137258756946075	14572	20
14574	-513.3449	14574	20.089382297458307	14574	20
14576	-513.3053	14576	20.041151914553929	14576	20
14578	-513.2661	14578	19.967626595456363	14578	20
14580	-513.2265	14580	19.939688829552306	14580	20
14582	-513.1871	14582	19.899740691293633	14582	20
14584	-513.1478	14584	19.858117242746832	14584	20
14586	-513.1083	14586	19.840097702286982	14586	20
14588	-513.0693	14588	19.783414751904758	14588	20
14590	-513.0302	14590	19.744512293250814	14590	20
14592	-512.9913	14592	19.695426911043377	14592	20
14594	-512.9523	14594	19.662855759201754	14594	20
14596	-512.9133	14596	19.635713132667068	14596	20
14598	-512.8746	14598	19.588094277227771	14598	20
14600	-512.83570000000009	14600	19.565078564348031	14600	20
14602	-512.7971	14602	19.520898803630665	14602	20
14604	-512.7582	14604	19.509082336359921	14604	20
14606	-512.71940000000006	14606	19.49090194696025	14606	20
14608	-512.68080000000009	14608	19.459084955798041	14608	20
14610	-512.6418	14610	19.465904129840116	14610	20
14612	-512.6028	14612	19.471586774865703	14612	20
14614	-512.56400000000008	14614	19.459655645715067	14614	20
14616	-512.5252	14616	19.449713038099013	14616	20
14618	-512.4863	14618	19.449760865083544	14618	20
14620	-512.4475	14620	19.441467387572743	14620	20
14622	-512.4085	14622	19.451222822976224	14622	20
14624	-512.3695	14624	19.459352352479126	14624	20
14626	-512.3306	14626	19.45779362706697	14626	20
14628	-512.2916	14628	19.464828022554748	14628	20
14630	-512.2527	14630	19.462356685463323	14630	20
14632	-512.2138	14632	19.460297237887133	14632	20
14634	-512.1749	14634	19.458581031573644	14634	20
14636	-512.1359	14636	19.465484192976977	14636	20
14638	-512.0969	14638	19.471236827479753	14638	20
14640	-512.05770000000007	14640	19.492697356227882	14640	20
14642	-512.0185	14642	19.510581130194133	14642	20
14644	-511.9792	14644	19.533817608497248	14644	20
14646	-511.93960000000004	14646	19.578181340410236	14646	20
14648	-511.90020000000004	14648	19.598484450341907	14648	20
14650	-511.86080000000004	14650	19.615403708618302	14650	20
14652	-511.82120000000003	14652	19.646169757182516	14652	20
14654	-511.7817	14654	19.663474797654789	14654	20
14656	-511.74210000000005	14656	19.686228998041521	14656	20
14658	-511.7025	14658	19.705190831706606	14658	20
14660	-511.66290000000004	14660	19.720992359751367	14660	20
14662	-511.6232	14662	19.742493633129385	14662	20
14664	-511.5835	14664	19.760411360939663	14664	20
14666	-511.54370000000006	14666	19.783676134112802	14666	20
14668	-511.50370000000004	14668	19.819730111762375	14668	20
14670	-511.4635	14670	19.866441759804239	14670	20
14672	-511.4235	14672	19.888701466505239	14672	20
14674	-511.3835	14674	19.907251222084668	14674	20
14676	-511.34340000000003	14676	19.931042685070171	14676	20
14678	-511.30330000000004	14678	19.950868904224759	14678	20
14680	-511.2631	14680	19.975724086856225	14680	20
14682	-511.2229	14682	19.996436739049113	14682	20
14684	-511.1827	14684	20.013697282538448	14684	20
14686	-511.14230000000003	14686	20.044747735446784	14686	20
14688	-511.1016	14688	20.095623112873596	14688	20
14690	-511.0615	14690	20.088019260727613	14690	20
14692	-511.02110000000005	14692	20.106682717271088	14692	20
14694	-510.9807	14694	20.122235597728718	14694	20
14696	-510.9402	14696	20.143529664774654	14696	20
14698	-510.89970000000005	14698	20.161274720641529	14698	20
14700	-510.8592	14700	20.176062267206731	14700	20
14702	-510.8188	14702	20.180051889337019	14702	20
14704	-510.77830000000006	14704	20.191709907776833	14704	20
14706	-510.73800000000006	14706	20.184758256480862	14706	20
14708	-510.6976	14708	20.187298547070196	14708	20
14710	-510.6575	14710	20.164415455891444	14710	20
14712	-510.61740000000003	14712	20.145346213242487	14712	20
14714	-510.577	14714	20.154455177704882	14714	20
14716	-510.5367	14716	20.15371264808757	14716	20
14718	-510.4965	14718	20.144760540070497	14718	20
14720	-510.4567	14720	20.103967116726565	14720	20
14722	-510.4167	14722	20.086639263940508	14722	20
14724	-510.3764	14724	20.097199386617259	14724	20
14726	-510.3364	14726	20.080999488844686	14726	20
14728	-510.29630000000003	14728	20.075832907370188	14728	20
14730	-510.2558	14730	20.104860756142546	14730	20
14732	-510.2155	14732	20.112383963452292	14732	20
14734	-510.17560000000003	14734	20.085319969542638	14734	20
14736	-510.1354	14736	20.087766641287789	14736	20
14738	-510.09530000000007	14738	20.081472201068035	14738	20
14740	-510.0554	14740	20.059560167560495	14740	20
14742	-510.015	14742	20.082966806303222	14742	20
14744	-509.975	14744	20.069139005249653	14744	20
14746	-509.9348	14746	20.074282504376971	14746	20
14748	-509.8944	14748	20.095235420312218	14748	20
14750	-509.85440000000006	14750	20.079362850257152	14750	20
14752	-509.8145	14752	20.057802375218092	14752	20
14754	-509.7746	14754	20.039835312680804	14754	20
14756	-509.7345	14756	20.04152942723362	14756	20
14758	-509.69440000000003	14758	20.042941189360967	14758	20
14760	-509.6544	14760	20.035784324469176	14760	20
14762	-509.6142	14762	20.046486937059907	14762	20
14764	-509.57390000000004	14764	20.063739114212019	14764	20
14766	-509.534	14766	20.044782595180482	14766	20
14768	-509.4938	14768	20.053985495981259	14768	20
14770	-509.45360000000005	14770	20.061654579981905	14770	20
14772	-509.4132	14772	20.084712149987734	14772	20
14774	-509.3729	14774	20.095593458323279	14774	20
14776	-509.3324	14776	20.121327881936789	14776	20
14778	-509.29220000000004	14778	20.117773234944845	14778	20
14780	-509.2517	14780	20.139811029121425	14780	20
14782	-509.21130000000005	14782	20.149842524265932	14782	20
14784	-509.1709	14784	20.158202103557755	14784	20
14786	-509.1306	14786	20.156835086298297	14786	20
14788	-509.0902	14788	20.164029238584725	14788	20
14790	-509.04990000000004	14790	20.161691032149367	14790	20
14792	-509.01	14792	20.126409193461605	14792	20
14794	-508.96950000000004	14794	20.147007661213987	14794	20
14796	-508.9295	14796	20.122506384346693	14796	20
14798	-508.8894	14798	20.110421986955192	14798	20
14800	-508.8496	14800	20.075351655797146	14800	20
14802	-508.8098	14802	20.046126379832106	14802	20
14804	-508.76980000000003	14804	20.038438649857056	14804	20
14806	-508.73	14806	20.0153655415487	14806	20
14808	-508.6902	14808	19.996137951291736	14808	20
14810	-508.6508	14810	19.946781626076493	14810	20
14812	-508.6114	14812	19.905651355063789	14812	20
14814	-508.57210000000003	14814	19.863042795883892	14814	20
14816	-508.53270000000003	14816	19.835868996569957	14816	20
14818	-508.49340000000007	14818	19.804890830472367	14818	20
14820	-508.45400000000006	14820	19.787409025393686	14820	20
14822	-508.4148	14822	19.756174187832304	14822	20
14824	-508.37520000000006	14824	19.763478489856116	14824	20
14826	-508.33570000000003	14826	19.761232074882788	14826	20
14828	-508.29630000000003	14828	19.751026729069036	14828	20
14830	-508.2568	14830	19.750855607560222	14830	20
14832	-508.21760000000006	14832	19.725713006294942	14832	20
14834	-508.17810000000003	14834	19.729760838581811	14834	20
14836	-508.1387	14836	19.724800698818221	14836	20
14838	-508.09940000000006	14838	19.712333915679253	14838	20
14840	-508.0598	14840	19.72694492973805	14840	20
14842	-508.0203	14842	19.730787441446331	14842	20
14844	-507.98040000000003	14844	19.767322867871005	14844	20
14846	-507.9407	14846	19.78110238989575	14846	20
14848	-507.90090000000004	14848	19.800918658242875	14848	20
14850	-507.861	14850	19.825765548539525	14850	20
14852	-507.8211	14852	19.846471290448665	14852	20
14854	-507.7813	14854	19.855392742041705	14854	20
14856	-507.74160000000006	14856	19.85449395169519	14856	20
14858	-507.70180000000005	14858	19.862078293080476	14858	20
14860	-507.6618	14860	19.885065244235435	14860	20
14862	-507.6219	14862	19.895887703533326	14862	20
14864	-507.5819	14864	19.913239752941408	14864	20
14866	-507.5417	14866	19.944366460786764	14866	20
14868	-507.5015	14868	19.970305383986492	14868	20
14870	-507.46130000000005	14870	19.9919211533196	14870	20
14872	-507.42100000000005	14872	20.0182676277665	14872	20
14874	-507.38110000000006	14874	20.006889689804481	14874	20
14876	-507.341	14876	20.014074741508086	14876	20
14878	-507.3008	14878	20.028395617925664	14878	20
14880	-507.2604	14880	20.056996348269461	14880	20
14882	-507.2201	14882	20.072496956891385	14882	20
14884	-507.1797	14884	20.09374746407423	14884	20
14886	-507.13930000000005	14886	20.111456220059935	14886	20
14888	-507.09900000000005	14888	20.117880183383448	14888	20
14890	-507.0584	14890	20.14823348615624	14890	20
14892	-507.0178	14892	20.173527905128829	14892	20
14894	-506.97700000000003	14894	20.211273254273205	14894	20
14896	-506.9363	14896	20.234394378562278	14896	20
14898	-506.8954	14898	20.270328648803726	14898	20
14900	-506.8546	14900	20.291940540668953	14900	20
14902	-506.8138	14902	20.309950450556645	14902	20
14904	-506.7727	14904	20.349958708799587	14904	20
14906	-506.7318	14906	20.366632257330078	14906	20
14908	-506.6908	14908	20.388860214441468	14908	20
14910	-506.6498	14910	20.407383512034293	14910	20
14912	-506.6091	14912	20.397819593363188	14912	20
14914	-506.5683	14914	20.398182994468506	14914	20
14916	-506.5276	14916	20.390152495391696	14916	20
14918	-506.487	14918	20.375127079491708	14918	20
14920	-506.4458	14920	20.412605899576711	14920	20
14922	-506.4049	14922	20.418838249649088	14922	20
14924	-506.36390000000006	14924	20.432365208035908	14924	20
14926	-506.3231	14926	20.426971006700509	14926	20
14928	-506.2823	14928	20.422475838916274	14928	20
14930	-506.24160000000006	14930	20.410396532426763	14930	20
14932	-506.20090000000005	14932	20.400330443690244	14932	20
14934	-506.16020000000003	14934	20.391942036409812	14934	20
14936	-506.1197	14936	20.368285030342232	14936	20
14938	-506.07910000000004	14938	20.356904191950488	14938	20
14940	-506.03870000000006	14940	20.33075349329015	14940	20
14942	-505.99830000000003	14942	20.308961244411268	14942	20
14944	-505.95820000000003	14944	20.265801037009005	14944	20
14946	-505.91830000000004	14946	20.2131675308399	14946	20
14948	-505.8783	14948	20.177639609034955	14948	20
14950	-505.83820000000003	14950	20.156366340862078	14950	20
14952	-505.79830000000004	14952	20.121971950717462	14952	20
14954	-505.7583	14954	20.101643292266257	14954	20
14956	-505.7183	14956	20.084702743556917	14956	20
14958	-505.67820000000006	14958	20.078918952958976	14958	20
14960	-505.6382	14960	20.065765794138922	14960	20
14962	-505.5982	14962	20.05480482844607	14962	20
14964	-505.5581	14964	20.054004023704675	14964	20
14966	-505.5181	14966	20.045003353088934	14966	20
14968	-505.47790000000003	14968	20.054169460904966	14968	20
14970	-505.43770000000006	14970	20.061807884084995	14970	20
14972	-505.39740000000006	14972	20.076506570070997	14972	20
14974	-505.35720000000003	14974	20.080422141728089	14974	20
14976	-505.3172	14976	20.067018451441779	14976	20
14978	-505.2772	14978	20.055848709536519	14978	20
14980	-505.23720000000003	14980	20.046540591277402	14980	20
14982	-505.19710000000003	14982	20.047117159397452	14982	20
14984	-505.1571	14984	20.039264299499582	14984	20
14986	-505.11670000000004	14986	20.066053582914392	14986	20
14988	-505.0766	14988	20.063377985766344	14988	20
14990	-505.03650000000005	14990	20.061148321466831	14990	20
14992	-504.9965	14992	20.050956934557398	14992	20
14994	-504.95660000000004	14994	20.034130778796893	14994	20
14996	-504.91650000000004	14996	20.036775648997025	14996	20
14998	-504.87620000000004	14998	20.055646374164358	14998	20
15000	-504.83630000000005	15000	20.038038645136027	15000	20
15002	-504.79630000000003	15002	20.031698870948393	15002	20
15004	-504.7565	15004	20.009749059124811	15004	20
15006	-504.7169	15006	19.974790882604609	15006	20
15008	-504.6771	15008	19.962325735504994	15008	20
15010	-504.6376	15010	19.926938112918783	15010	20
15012	-504.5982	15012	19.889115094099033	15012	20
15014	-504.55870000000004	15014	19.865929245080483	15014	20
15016	-504.51890000000003	15016	19.871607704234886	15016	20
15018	-504.47950000000003	15018	19.843006420195785	15018	20
15020	-504.44000000000005	15020	19.827505350161111	15020	20
15022	-504.401	15022	19.772921125137938	15022	20
15024	-504.3619	15024	19.7357676042832	15024	20
15026	-504.3224	15026	19.738139670233956	15026	20
15028	-504.28340000000003	15028	19.698449725193903	15028	20
15030	-504.24440000000004	15030	19.665374770993857	15030	20
15032	-504.20540000000005	15032	19.637812309160488	15032	20
15034	-504.16630000000004	15034	19.62317692430199	15034	20
15036	-504.12750000000005	15036	19.585980770250043	15036	20
15038	-504.0889	15038	19.538317308544272	15038	20
15040	-504.05	15040	19.523597757121259	15040	20
15042	-504.01120000000003	15042	19.502998130932767	15042	20
15044	-503.9723	15044	19.49416510911167	15044	20
15046	-503.9332	15046	19.503470924261311	15046	20
15048	-503.89410000000004	15048	19.511225770214608	15048	20
15050	-503.85490000000004	15050	19.526021475178332	15050	20
15052	-503.8158	15052	19.53001789598353	15052	20
15054	-503.77680000000004	15054	19.525014913318547	15054	20
15056	-503.73760000000004	15056	19.537512427764948	15056	20
15058	-503.6985	15058	19.539593689805709	15058	20
15060	-503.6591	15060	19.566328074838136	15060	20
15062	-503.6197	15062	19.588606729031824	15062	20
15064	-503.58050000000003	15064	19.590505607526012	15064	20
15066	-503.541	15066	19.617088006274368	15066	20
15068	-503.5017	15068	19.622573338559377	15068	20
15070	-503.4624	15070	19.627144448801619	15070	20
15072	-503.42310000000003	15072	19.630953707332086	15072	20
15074	-503.3835	15074	19.659128089444003	15074	20
15076	-503.3441	15076	19.665940074536714	15076	20
15078	-503.30420000000004	15078	19.713283395446325	15078	20
15080	-503.26430000000005	15080	19.752736162871	15080	20
15082	-503.2244	15082	19.785613469062962	15082	20
15084	-503.18460000000005	15084	19.804677890882218	15084	20
15086	-503.1449	15086	19.812231575738426	15086	20
15088	-503.1053	15088	19.81019297978262	15088	20
15090	-503.0654	15090	19.833494149817913	15090	20
15092	-503.02520000000004	15092	19.877911791512449	15092	20
15094	-502.985	15094	19.9149264929293	15094	20
15096	-502.9449	15096	19.937438744107364	15096	20
15098	-502.90470000000005	15098	19.964532286753659	15098	20
15100	-502.86420000000004	15100	20.012110238962105	15100	20
15102	-502.8238	15102	20.0434251991379	15102	20
15104	-502.7837	15104	20.0445209992812	15104	20
15106	-502.7434	15106	20.0621008327345	15106	20
15108	-502.7026	15108	20.118417360611268	15108	20
15110	-502.6621	15110	20.140347800510114	15110	20
15112	-502.6215	15112	20.166956500423723	15112	20
15114	-502.5813	15114	20.155797083688693	15114	20
15116	-502.54080000000005	15116	20.171497569736559	15116	20
15118	-502.4999	15118	20.21791464144896	15118	20
15120	-502.45910000000003	15120	20.24826220120665	15120	20
15122	-502.41830000000004	15122	20.273551834338058	15122	20
15124	-502.3777	15124	20.277959861951746	15124	20
15126	-502.3365	15126	20.331633218293412	15126	20
15128	-502.2961	15128	20.30969434857592	15128	20
15130	-502.2552	15130	20.333078623815094	15130	20
15132	-502.2144	15132	20.344232186511761	15132	20
15134	-502.1739	15134	20.328526822093856	15134	20
15136	-502.13280000000003	15136	20.365439018409191	15136	20
15138	-502.0919	15138	20.37953251534282	15138	20
15140	-502.0511	15140	20.382943762784866	15140	20
15142	-502.01000000000005	15142	20.41078646898503	15142	20
15144	-501.96950000000004	15144	20.383988724154914	15144	20
15146	-501.92870000000005	15146	20.386657270128278	15146	20
15148	-501.8879	15148	20.388881058444149	15148	20
15150	-501.8475	15150	20.357400882034867	15150	20
15152	-501.80690000000004	15152	20.347834068361017	15152	20
15154	-501.76610000000005	15154	20.356528390300031	15154	20
15156	-501.72540000000004	15156	20.3554403252513	15156	20
15158	-501.6847	15158	20.354533604377359	15158	20
15160	-501.64430000000004	15160	20.328778003645876	15160	20
15162	-501.6032	15162	20.365648336373944	15162	20
15164	-501.5622	15164	20.388040280311355	15164	20
15166	-501.5212	15166	20.406700233592531	15166	20
15168	-501.48010000000005	15168	20.43058352799142	15168	20
15170	-501.43890000000005	15170	20.458819606659805	15170	20
15172	-501.39770000000004	15172	20.482349672216792	15172	20
15174	-501.3568	15174	20.47695806018249	15174	20
15176	-501.31550000000004	15176	20.505798383483604	15176	20
15178	-501.2746	15178	20.496498652904833	15178	20
15180	-501.2336	15180	20.497082210753764	15180	20
15182	-501.1926	15182	20.497568508961205	15182	20
15184	-501.1515	15184	20.506307090803386	15184	20
15186	-501.11080000000004	15186	20.480255908999357	15186	20
15188	-501.07000000000005	15188	20.466879924165312	15188	20
15190	-501.0292	15190	20.455733270141678	15190	20
15192	-500.9886	15192	20.429777725116693	15192	20
15194	-500.94780000000003	15194	20.42481477092976	15194	20
15196	-500.9069	15196	20.429012309109961	15196	20
15198	-500.8661	15198	20.424176924257484	15198	20
15200	-500.8256	15200	20.39514743688196	15200	20
15202	-500.7848	15202	20.395956197400814	15202	20
15204	-500.7441	15204	20.388296831168621	15204	20
15206	-500.7037	15206	20.356914025971925	15206	20
15208	-500.66290000000004	15208	20.364095021642452	15208	20
15210	-500.6223	15210	20.353412518038741	15210	20
15212	-500.5821	15212	20.311177098363139	15212	20
15214	-500.5414	15214	20.317647581970558	15214	20
15216	-500.5011	15216	20.289706318308966	15216	20
15218	-500.4608	15218	20.266421931924306	15218	20
15220	-500.4207	15220	20.230351609936537	15220	20
15222	-500.38050000000004	15222	20.208626341611303	15222	20
15224	-500.3403	15224	20.190521951345012	15224	20
15226	-500.30010000000004	15226	20.1754349594517	15226	20
15228	-500.26030000000003	15228	20.129529132877568	15228	20
15230	-500.2205	15230	20.091274277399126	15230	20
15232	-500.18100000000004	15232	20.034395231163895	15232	20
15234	-500.14110000000005	15234	20.020329359302309	15234	20
15236	-500.1018	15236	19.958607799420729	15236	20
15238	-500.0625	15238	19.90717316618608	15238	20
15240	-500.02320000000003	15240	19.864310971819137	15240	20
15242	-499.9837	15242	19.845259143185306	15242	20
15244	-499.94440000000003	15244	19.812715952651825	15244	20
15246	-499.9051	15246	19.785596627211991	15246	20
15248	-499.86600000000004	15248	19.746330522673507	15248	20
15250	-499.82680000000005	15250	19.721942102227413	15250	20
15252	-499.78770000000003	15252	19.693285085191096	15252	20
15254	-499.74890000000005	15254	19.644404237657632	15254	20
15256	-499.70980000000003	15256	19.628670198049612	15256	20
15258	-499.6709	15258	19.598891831709043	15258	20
15260	-499.632	15260	19.574076526425234	15260	20
15262	-499.59290000000004	15262	19.570063772017878	15262	20
15264	-499.55400000000003	15264	19.550053143349263	15264	20
15266	-499.5149	15266	19.550044286125971	15266	20
15268	-499.476	15268	19.533370238439339	15268	20
15270	-499.437	15270	19.52780853203172	15270	20
15272	-499.398	15272	19.52317377669204	15272	20
15274	-499.35880000000003	15274	19.535978147242858	15274	20
15276	-499.31960000000004	15276	19.546648456035207	15276	20
15278	-499.2805	15278	19.54720704669759	15278	20
15280	-499.2413	15280	19.556005872247482	15280	20
15282	-499.2019	15282	19.580004893539613	15282	20
15284	-499.16270000000003	15284	19.583337411282503	15284	20
15286	-499.12350000000004	15286	19.586114509401579	15286	20
15288	-499.0842	15288	19.59676209117012	15288	20
15290	-499.045	15290	19.59730174264126	15290	20
15292	-499.0058	15292	19.597751452200541	15292	20
15294	-498.9666	15294	19.598126210166608	15294	20
15296	-498.92740000000003	15296	19.598438508471666	15296	20
15298	-498.88820000000004	15298	19.598698757059214	15298	20
15300	-498.8491	15300	19.590582297550931	15300	20
15302	-498.8099	15302	19.592151914625269	15302	20
15304	-498.7705	15304	19.610126595521102	15304	20
15306	-498.73130000000003	15306	19.608438829600409	15306	20
15308	-498.69190000000003	15308	19.623699024667054	15308	20
15310	-498.65250000000003	15310	19.636415853889257	15310	20
15312	-498.6129	15312	19.663679878241645	15312	20
15314	-498.5733	15314	19.686399898535303	15314	20
15316	-498.53380000000004	15316	19.696999915444042	15316	20
15318	-498.49440000000004	15318	19.697499929536747	15318	20
15320	-498.4547	15320	19.722916607950534	15320	20
15322	-498.41490000000005	15322	19.75243050662186	15322	20
15324	-498.37530000000004	15324	19.760358755518816	15324	20
15326	-498.3358	15326	19.75863229626837	15326	20
15328	-498.2961	15328	19.773860246888816	15328	20
15330	-498.2563	15330	19.794883539075165	15330	20
15332	-498.21630000000005	15332	19.829069615892941	15332	20
15334	-498.1763	15334	19.857558013245821	15334	20
15336	-498.136	15336	19.906298344371688	15336	20
15338	-498.09560000000005	15338	19.955248620307817	15338	20
15340	-498.05530000000005	15340	19.987707183590015	15340	20
15342	-498.0149	15342	20.023089319661157	15342	20
15344	-497.9744	15344	20.060907766385018	15344	20
15346	-497.93390000000005	15346	20.092423138650165	15346	20
15348	-497.89320000000004	15348	20.135352615543081	15348	20
15350	-497.85290000000003	15350	20.137793846286069	15350	20
15352	-497.81230000000005	15352	20.164828205237018	15352	20
15354	-497.77180000000004	15354	20.179023504364903	15354	20
15356	-497.73170000000005	15356	20.157519586970366	15356	20
15358	-497.6913	15358	20.16459965581145	15358	20
15360	-497.65110000000004	15360	20.153833046507064	15360	20
15362	-497.61080000000004	15362	20.153194205422722	15362	20
15364	-497.57050000000004	15364	20.152661837852438	15364	20
15366	-497.52970000000005	15366	20.193884864876214	15366	20
15368	-497.4891	15368	20.211570720733544	15368	20
15370	-497.44870000000003	15370	20.209642267276028	15370	20
15372	-497.4085	15372	20.191368556065616	15372	20
15374	-497.3679	15374	20.209473796719976	15374	20
15376	-497.32770000000005	15376	20.191228163930838	15376	20
15378	-497.28720000000004	15378	20.201023469943088	15378	20
15380	-497.24690000000004	15380	20.192519558286076	15380	20
15382	-497.20660000000004	15382	20.185432965238565	15382	20
15384	-497.1664	15384	20.171194137701061	15384	20
15386	-497.1265	15386	20.134328448083281	15386	20
15388	-497.08660000000003	15388	20.103607040068464	15388	20
15390	-497.04650000000004	15390	20.094672533390003	15390	20
15392	-497.00660000000005	15392	20.070560444490731	15392	20
15394	-496.9666	15394	20.058800370410648	15394	20
15396	-496.9263	15396	20.074000308675707	15396	20
15398	-496.8865	15398	20.045000257230907	15398	20
15400	-496.84680000000003	15400	20.012500214357598	15400	20
15402	-496.80670000000003	15402	20.018750178630945	15402	20
15404	-496.76660000000004	15404	20.023958482192072	15404	20
15406	-496.72670000000005	15406	20.011632068492457	15406	20
15408	-496.6863	15408	20.043026723746525	15408	20
15410	-496.6462	15410	20.044188936455054	15410	20
15412	-496.60580000000004	15412	20.070157447043954	15412	20
15414	-496.5654	15414	20.091797872539441	15414	20
15416	-496.5249	15416	20.11816489378359	15416	20
15418	-496.4845	15418	20.131804078151067	15418	20
15420	-496.444	15420	20.151503398459944	15420	20
15422	-496.4035	15422	20.167919498717342	15422	20
15424	-496.36310000000003	15424	20.173266248929195	15424	20
15426	-496.32250000000005	15426	20.194388540772959	15426	20
15428	-496.28200000000004	15428	20.203657117311522	15428	20
15430	-496.24120000000005	15430	20.236380931092118	15430	20
15432	-496.2006	15432	20.246984109246796	15432	20
15434	-496.16040000000004	15434	20.222486757703187	15434	20
15436	-496.12030000000004	15436	20.193738964752271	15436	20
15438	-496.0803	15438	20.161449137295264	15438	20
15440	-496.0403	15440	20.134540947747759	15440	20
15442	-496.00030000000004	15442	20.112117456453436	15442	20
15444	-495.9605	15444	20.076764547045681	15444	20
15446	-495.92080000000004	15446	20.038970455869908	15446	20
15448	-495.88140000000004	15448	19.982475379891635	15448	20
15450	-495.84200000000004	15450	19.935396149909742	15450	20
15452	-495.8027	15452	19.887830124926925	15452	20
15454	-495.7633	15454	19.856525104105817	15454	20
15456	-495.7241	15456	19.813770920087673	15456	20
15458	-495.6852	15458	19.753142433407426	15458	20
15460	-495.6463	15460	19.702618694507219	15460	20
15462	-495.6077	15462	19.635515578753846	15462	20
15464	-495.56910000000005	15464	19.579596315626038	15464	20
15466	-495.53020000000004	15466	19.557996929689395	15466	20
15468	-495.4911	15468	19.556664108076081	15468	20
15470	-495.45230000000004	15470	19.530553423395119	15470	20
15472	-495.41330000000005	15472	19.525461186161539	15472	20
15474	-495.3745	15474	19.504550988471074	15474	20
15476	-495.3356	15476	19.49545915706026	15476	20
15478	-495.29690000000005	15478	19.471215964212625	15478	20
15480	-495.2579	15480	19.4760133035142	15480	20
15482	-495.2189	15482	19.480011086260774	15482	20
15484	-495.1797	15484	19.500009238550138	15484	20
15486	-495.1408	15486	19.491674365459481	15486	20
15488	-495.10150000000004	15488	19.518061971213637	15488	20
15490	-495.06210000000004	15490	19.548384976011409	15490	20
15492	-495.0226	15492	19.5819874800122	15492	20
15494	-494.98330000000004	15494	19.593322900007568	15494	20
15496	-494.94370000000004	15496	19.627769083340237	15496	20
15498	-494.9039	15498	19.673140902784681	15498	20
15500	-494.8648	15500	19.652617418988818	15500	20
15502	-494.8247	15502	19.718847849156965	15502	20
15504	-494.7848	15504	19.757373207629868	15504	20
15506	-494.745	15506	19.781144339692709	15506	20
15508	-494.7049	15508	19.825953616410207	15508	20
15510	-494.6648	15510	19.863294680341454	15510	20
15512	-494.62480000000005	15512	19.886078900281515	15512	20
15514	-494.5847	15514	19.91339908357228	15514	20
15516	-494.5443	15516	19.961165902974976	15516	20
15518	-494.50390000000004	15518	20.000971585810557	15518	20
15520	-494.4635	15520	20.034142988178274	15520	20
15522	-494.42310000000003	15522	20.061785823479973	15522	20
15524	-494.38250000000005	15524	20.10148818623194	15524	20
15526	-494.3421	15526	20.117906821862761	15526	20
15528	-494.30190000000005	15528	20.114922351549822	15528	20
15530	-494.26120000000003	15530	20.154101959626129	15530	20
15532	-494.2207	15532	20.17008496635583	15532	20
15534	-494.18010000000004	15534	20.191737471961822	15534	20
15536	-494.1395	15536	20.209781226638217	15536	20
15538	-494.09900000000005	15538	20.216484355527829	15538	20
15540	-494.05830000000003	15540	20.238736962941132	15540	20
15542	-494.01750000000004	15542	20.265614135783458	15542	20
15544	-493.9768	15544	20.279678446487491	15544	20
15546	-493.9361	15546	20.291398705407516	15546	20
15548	-493.8953	15548	20.309498921172114	15548	20
15550	-493.85450000000003	15550	20.324582434309278	15550	20
15552	-493.8138	15552	20.328818695259006	15552	20
15554	-493.77290000000005	15554	20.349015579379593	15554	20
15556	-493.73220000000003	15556	20.34917964948427	15556	20
15558	-493.69120000000004	15558	20.374316374569961	15558	20
15560	-493.6503	15560	20.386930312143463	15560	20
15562	-493.60940000000005	15562	20.397441926783308	15562	20
15564	-493.56850000000003	15564	20.406201605654587	15564	20
15566	-493.52750000000003	15566	20.421834671378559	15566	20
15568	-493.48670000000004	15568	20.418195559481315	15568	20
15570	-493.4458	15570	20.423496299569592	15570	20
15572	-493.40470000000005	15572	20.444580249638971	15572	20
15574	-493.3639	15574	20.437150208036392	15574	20
15576	-493.32280000000003	15576	20.455958506694635	15576	20
15578	-493.2819	15578	20.454965422247358	15578	20
15580	-493.2413	15580	20.429137851871428	15580	20
15582	-493.2008	15582	20.399281543226913	15582	20
15584	-493.15990000000005	15584	20.407734619352851	15584	20
15586	-493.11920000000003	15586	20.39811218279532	15586	20
15588	-493.079	15588	20.348426818998359	15588	20
15590	-493.0385	15590	20.332022349166021	15590	20
15592	-492.99780000000004	15592	20.335018624301554	15592	20
15594	-492.95730000000003	15594	20.32084885358535	15594	20
15596	-492.9169	15596	20.3007073779906	15596	20
15598	-492.8765	15598	20.283922814990245	15598	20
15600	-492.83590000000004	15600	20.286602345823834	15600	20
15602	-492.7955	15602	20.272168621522674	15602	20
15604	-492.7552	15604	20.2518071846024	15604	20
15606	-492.71470000000005	15606	20.251505987164649	15606	20
15608	-492.67470000000003	15608	20.209588322638911	15608	20
15610	-492.6347	15610	20.174656935534131	15610	20
15612	-492.5949	15612	20.128880779612928	15612	20
15614	-492.55510000000004	15614	20.09073398300719	15614	20
15616	-492.5153	15616	20.058944985840476	15616	20
15618	-492.4751	15618	20.065787488202655	15618	20
15620	-492.43510000000003	15620	20.054822906832516	15620	20
15622	-492.3947	15622	20.079019089029909	15622	20
15624	-492.35470000000004	15624	20.065849240855226	15624	20
15626	-492.31440000000003	15626	20.079874367379524	15626	20
15628	-492.274	15628	20.099895306152415	15628	20
15630	-492.2339	15630	20.091579421793295	15630	20
15632	-492.1936	15632	20.101316184827915	15632	20
15634	-492.1535	15634	20.092763487356212	15634	20
15636	-492.1134	15636	20.085636239463124	15636	20
15638	-492.0733	15638	20.079696866218885	15638	20
15640	-492.033	15640	20.091414055182572	15640	20
15642	-491.993	15642	20.076178379320513	15642	20
15644	-491.9529	15644	20.071815316100043	15644	20
15646	-491.913	15646	20.051512763415765	15646	20
15648	-491.8732	15648	20.026260636180957	15648	20
15650	-491.83340000000004	15650	20.005217196813881	15650	20
15652	-491.7935	15652	19.996014330682033	15652	20
15654	-491.7536	15654	19.988345275567422	15654	20
15656	-491.7137	15656	19.981954396305248	15656	20
15658	-491.67400000000004	15658	19.959961996919549	15658	20
15660	-491.6345	15660	19.924968330768984	15660	20
15662	-491.595	15662	19.895806942305441	15662	20
15664	-491.5556	15664	19.863172451921248	15664	20
15666	-491.5158	15666	19.86931037660219	15666	20
15668	-491.4764	15668	19.841091980501869	15668	20
15670	-491.4372	15670	19.800909983751048	15670	20
15672	-491.3983	15672	19.742424986460239	15672	20
15674	-491.35920000000004	15674	19.710354155380383	15674	20
15676	-491.32050000000004	15676	19.650295129484132	15676	20
15678	-491.28220000000005	15678	19.566912607902815	15678	20
15680	-491.2432	15680	19.555760506589358	15680	20
15682	-491.2046	15682	19.513133755488965	15682	20
15684	-491.1659	15684	19.485944796241284	15684	20
15686	-491.12690000000003	15686	19.488287330200009	15686	20
15688	-491.08840000000004	15688	19.4485727751666	15688	20
15690	-491.0496	15690	19.440477312641956	15690	20
15692	-491.01050000000004	15692	19.458731093865147	15692	20
15694	-490.9716	15694	19.457275911555321	15694	20
15696	-490.9329	15696	19.439396592963245	15696	20
15698	-490.89390000000003	15698	19.449497160801641	15698	20
15700	-490.85510000000005	15700	19.441247633999755	15700	20
15702	-490.81620000000004	15702	19.442706361667494	15702	20
15704	-490.77770000000004	15704	19.410588634722835	15704	20
15706	-490.7389	15706	19.408823862272154	15706	20
15708	-490.7001	15708	19.407353218558512	15708	20
15710	-490.66130000000004	15710	19.406127682130478	15710	20
15712	-490.6224	15712	19.413439735109762	15712	20
15714	-490.58320000000003	15714	19.44453311259096	15714	20
15716	-490.54380000000003	15716	19.487110927159179	15716	20
15718	-490.50440000000003	15718	19.522592439299363	15718	20
15720	-490.4651	15720	19.543827032751608	15720	20
15722	-490.42560000000003	15722	19.57818919395763	15722	20
15724	-490.38620000000003	15724	19.598490994964738	15724	20
15726	-490.3466	15726	19.632075829137879	15726	20
15728	-490.30690000000004	15728	19.668396524280073	15728	20
15730	-490.26730000000003	15730	19.690330436900659	15730	20
15732	-490.2275	15732	19.725275364085036	15732	20
15734	-490.18800000000005	15734	19.729396136735485	15734	20
15736	-490.14860000000004	15736	19.724496780612949	15736	20
15738	-490.1089	15738	19.745413983847367	15738	20
15740	-490.06910000000005	15740	19.771178319869222	15740	20
15742	-490.0294	15742	19.784315266560931	15742	20
15744	-489.9893	15744	19.82859605546706	15744	20
15746	-489.94890000000004	15746	19.890496712887291	15746	20
15748	-489.9087	15748	19.925413927408336	15748	20
15750	-489.86850000000004	15750	19.954511606171135	15750	20
15752	-489.8281	15752	19.995426338478758	15752	20
15754	-489.78790000000004	15754	20.012855282063153	15754	20
15756	-489.7475	15756	20.044046068388774	15756	20
15758	-489.70750000000004	15758	20.036705056987614	15758	20
15760	-489.66740000000004	15760	20.038920880822626	15760	20
15762	-489.6272	15762	20.049100734021113	15762	20
15764	-489.58700000000005	15764	20.057583945015118	15764	20
15766	-489.54690000000005	15766	20.056319954178882	15766	20
15768	-489.5067	15768	20.063599961817992	15768	20
15770	-489.4666	15770	20.061333301514608	15770	20
15772	-489.4264	15772	20.067777751264433	15772	20
15774	-489.38590000000005	15774	20.098148126049676	15774	20
15776	-489.3453	15776	20.131790105044761	15776	20
15778	-489.30490000000003	15778	20.143158420868708	15778	20
15780	-489.2644	15780	20.160965350724645	15780	20
15782	-489.2242	15782	20.150804458939461	15782	20
15784	-489.1838	15784	20.159003715780962	15784	20
15786	-489.14340000000004	15786	20.165836429815545	15786	20
15788	-489.1028	15788	20.188197024849654	15788	20
15790	-489.0618	15790	20.240164187374447	15790	20
15792	-489.0212	15792	20.250136822810667	15792	20
15794	-488.98040000000003	15794	20.275114019008072	15794	20
15796	-488.9399	15796	20.270928349174117	15796	20
15798	-488.89930000000004	15798	20.275773624310393	15798	20
15800	-488.8584	15800	20.304811353593823	15800	20
15802	-488.8177	15802	20.312342794662793	15802	20
15804	-488.77680000000004	15804	20.335285662216084	15804	20
15806	-488.73600000000005	15806	20.346071385179251	15806	20
15808	-488.69550000000004	15808	20.330059487650097	15808	20
15810	-488.6549	15810	20.325049573045114	15810	20
15812	-488.6143	15812	20.320874644202892	15812	20
15814	-488.57370000000003	15814	20.317395536834372	15814	20
15816	-488.5332	15816	20.306162947362697	15816	20
15818	-488.49240000000003	15818	20.321802456134762	15818	20
15820	-488.45160000000004	15820	20.334835380111485	15820	20
15822	-488.41060000000004	15822	20.362362816759308	15822	20
15824	-488.3697	15824	20.376969013967919	15824	20
15826	-488.32890000000003	15826	20.380807511639116	15826	20
15828	-488.2882	15828	20.375672926367205	15828	20
15830	-488.24690000000004	15830	20.4213941053042	15830	20
15832	-488.20570000000004	15832	20.451161754420454	15832	20
15834	-488.1648	15834	20.450968128685542	15834	20
15836	-488.1236	15836	20.475806773904907	15836	20
15838	-488.0829	15838	20.454838978255363	15838	20
15840	-488.04170000000005	15840	20.479032481875024	15840	20
15842	-488.0008	15842	20.474193734897682	15842	20
15844	-487.9596	15844	20.495161445748359	15844	20
15846	-487.9187	15846	20.487634538125462	15846	20
15848	-487.8777	15848	20.489695448437622	15848	20
15850	-487.8367	15850	20.491412873697755	15850	20
15852	-487.79600000000005	15852	20.467844061411331	15852	20
15854	-487.7551	15854	20.464870051177936	15854	20
15856	-487.71430000000004	15856	20.454058375980797	15856	20
15858	-487.6736	15858	20.436715313318604	15858	20
15860	-487.6327	15860	20.438929427767331	15860	20
15862	-487.5919	15862	20.432441189805292	15862	20
15864	-487.55080000000004	15864	20.452034324835385	15864	20
15866	-487.50980000000004	15866	20.460028604029223	15866	20
15868	-487.4691	15868	20.441690503358959	15868	20
15870	-487.4282	15870	20.443075419467629	15870	20
15872	-487.3877	15872	20.410896182890411	15872	20
15874	-487.34740000000005	15874	20.36741348573744	15874	20
15876	-487.3066	15876	20.372844571451786	15876	20
15878	-487.26590000000004	15878	20.369037142873026	15878	20
15880	-487.2253	15880	20.357530952397553	15880	20
15882	-487.1848	15882	20.339609126998685	15882	20
15884	-487.14480000000003	15884	20.283007605829205	15884	20
15886	-487.10510000000005	15886	20.210839671522848	15886	20
15888	-487.0652	15888	20.167366392939506	15888	20
15890	-487.02570000000003	15890	20.097805327447546	15890	20
15892	-486.9864	15892	20.023171106208427	15892	20
15894	-486.947	15894	19.969309255173734	15894	20
15896	-486.9078	15896	19.907757712644269	15896	20
15898	-486.86850000000004	15898	19.864798093867627	15898	20
15900	-486.8294	15900	19.812331744891274	15900	20
15902	-486.7905	15902	19.751943120743761	15902	20
15904	-486.7516	15904	19.701619267287498	15904	20
15906	-486.7123	15906	19.693016056070316	15906	20
15908	-486.6734	15908	19.652513380059627	15908	20
15910	-486.63460000000003	15910	19.61042781671474	15910	20
15912	-486.5955	15912	19.600356513930535	15912	20
15914	-486.55620000000005	15914	19.60863042827285	15914	20
15916	-486.5171	15916	19.598858690228958	15916	20
15918	-486.47810000000004	15918	19.582382241856404	15918	20
15920	-486.43890000000005	15920	19.585318534879828	15920	20
15922	-486.40000000000003	15922	19.562765445734222	15922	20
15924	-486.3605	15924	19.593971204781209	15924	20
15926	-486.32140000000004	15926	19.586642670647855	15926	20
15928	-486.2825	15928	19.563868892207577	15928	20
15930	-486.2434	15930	19.561557410174565	15930	20
15932	-486.2044	15932	19.551297841811078	15932	20
15934	-486.1651	15934	19.567748201511371	15934	20
15936	-486.1259	15936	19.573123501258969	15936	20
15938	-486.08660000000003	15938	19.585936251046544	15938	20
15940	-486.0475	15940	19.579946875873706	15940	20
15942	-486.00820000000004	15942	19.591622396558822	15942	20
15944	-485.9692	15944	19.57635199713603	15944	20
15946	-485.92960000000005	15946	19.613626664275888	15946	20
15948	-485.89050000000003	15948	19.603022220231491	15948	20
15950	-485.851	15950	19.627518516862267	15950	20
15952	-485.81170000000003	15952	19.63126543071596	15952	20
15954	-485.7722	15954	19.651054525599324	15954	20
15956	-485.73290000000003	15956	19.650878771330174	15956	20
15958	-485.6934	15958	19.667398976111169	15958	20
15960	-485.654	15960	19.672832480092687	15960	20
15962	-485.6147	15962	19.669027066741307	15962	20
15964	-485.5754	15964	19.665855888953228	15964	20
15966	-485.536	15966	19.671546574127735	15966	20
15968	-485.4963	15968	19.701288811771622	15968	20
15970	-485.45660000000004	15970	19.726074009808194	15970	20
15972	-485.4169	15972	19.746728341510075	15972	20
15974	-485.3772	15974	19.763940284590237	15974	20
15976	-485.3372	15976	19.803283570493569	15976	20
15978	-485.2971	15978	19.844402975410922	15978	20
15980	-485.2572	15980	19.862002479508163	15980	20
15982	-485.2173	15982	19.876668732922532	15982	20
15984	-485.1772	15984	19.905557277435058	15984	20
15986	-485.1369	15986	19.946297731196051	15986	20
15988	-485.0967	15988	19.971914775998968	15988	20
15990	-485.0568	15990	19.968262313331536	15990	20
15992	-485.0167	15992	19.98188526110923	15992	20
15994	-484.9766	15994	19.993237717590642	15994	20
15996	-484.9365	15996	20.002698097991818	15996	20
15998	-484.8965	15998	20.002248414994888	15998	20
16000	-484.8564	16000	20.010207012495357	16000	20
16002	-484.81620000000004	16002	20.025172510410322	16002	20
16004	-484.7765	16004	19.995977092011845	16004	20
16006	-484.7364	16006	20.004980910009486	16006	20
16008	-484.69640000000004	16008	20.004150758338209	16008	20
16010	-484.65630000000004	16010	20.01179229861479	16010	20
16012	-484.6168	16012	19.968160248848349	16012	20
16014	-484.57640000000004	16014	20.0068002073717	16014	20
16016	-484.53630000000004	16016	20.014000172809364	16016	20
16018	-484.4964	16018	20.003333477344935	16018	20
16020	-484.4565	16020	19.994444564453175	16020	20
16022	-484.41700000000003	16022	19.953703803708937	16022	20
16024	-484.37760000000003	16024	19.911419836424159	16024	20
16026	-484.3381	16026	19.884516530356159	16026	20
16028	-484.29850000000005	16028	19.870430441959329	16028	20
16030	-484.25910000000005	16030	19.842025368299485	16030	20
16032	-484.2192	16032	19.86002114025337	16032	20
16034	-484.17990000000003	16034	19.825017616875211	16034	20
16036	-484.1401	16036	19.837514680730493	16036	20
16038	-484.09990000000005	16038	19.8812622339396	16038	20
16040	-484.0598	16040	19.909385194954019	16040	20
16042	-484.0196	16042	19.941154329125872	16042	20
16044	-483.9798	16044	19.934295274272714	16044	20
16046	-483.9395	16046	19.9702460618941	16046	20
16048	-483.89910000000003	16048	20.008538384909823	16048	20
16050	-483.8587	16050	20.04044865409433	16050	20
16052	-483.81850000000003	16052	20.050373878409463	16052	20
16054	-483.77880000000005	16054	20.016978232006394	16054	20
16056	-483.73920000000004	16056	19.980815193339261	16056	20
16058	-483.6993	16058	19.975679327786516	16058	20
16060	-483.6594	16060	19.971399439821159	16060	20
16062	-483.61920000000003	16062	19.992832866515155	16062	20
16064	-483.579	16064	20.010694055431554	16064	20
16066	-483.5389	16066	20.017245046192578	16066	20
16068	-483.49870000000004	16068	20.031037538491336	16068	20
16070	-483.4583	16070	20.059197948745592	16070	20
16072	-483.4182	16072	20.05766495728761	16072	20
16074	-483.37800000000004	16074	20.0647207977372	16074	20
16076	-483.33790000000005	16076	20.062267331447281	16076	20
16078	-483.2977	16078	20.06855610954166	16078	20
16080	-483.25750000000005	16080	20.073796757948905	16080	20
16082	-483.2173	16082	20.078163964959678	16082	20
16084	-483.177	16084	20.090136637466568	16084	20
16086	-483.1367	16086	20.100113864555642	16086	20
16088	-483.0966	16088	20.091761553795983	16088	20
16090	-483.0564	16090	20.093134628165579	16090	20
16092	-483.01590000000004	16092	20.119278856800634	16092	20
16094	-482.9757	16094	20.116065714002787	16094	20
16096	-482.93550000000005	16096	20.113388094999845	16096	20
16098	-482.89520000000005	16098	20.119490079166706	16098	20
16100	-482.85490000000004	16100	20.124575065972422	16100	20
16102	-482.815	16102	20.095479221647484	16102	20
16104	-482.77500000000003	16104	20.079566018036537	16104	20
16106	-482.73510000000005	16106	20.057971681696177	16106	20
16108	-482.69530000000003	16108	20.031643068081298	16108	20
16110	-482.6553	16110	20.026369223402785	16110	20
16112	-482.61530000000005	16112	20.021974352832622	16112	20
16114	-482.5758	16114	19.976645294029876	16114	20
16116	-482.5362	16116	19.947204411692162	16116	20
16118	-482.497	16118	19.88933700974296	16118	20
16120	-482.4576	16120	19.857780841452513	16120	20
16122	-482.41830000000004	16122	19.82315070120783	16122	20
16124	-482.37890000000004	16124	19.802625584339903	16124	20
16126	-482.33970000000005	16126	19.768854653616078	16126	20
16128	-482.3007	16128	19.724045544683744	16128	20
16130	-482.26160000000004	16130	19.69503795389997	16130	20
16132	-482.2226	16132	19.662531628253653	16132	20
16134	-482.18350000000004	16134	19.643776356874895	16134	20
16136	-482.1444	16136	19.628146964063998	16136	20
16138	-482.10510000000005	16138	19.6317891367174	16138	20
16140	-482.0661	16140	19.609824280601512	16140	20
16142	-482.02660000000003	16142	19.633186900499215	16142	20
16144	-481.98740000000004	16144	19.627655750415503	16144	20
16146	-481.9479	16146	19.648046458682277	16146	20
16148	-481.90810000000005	16148	19.690038715564981	16148	20
16150	-481.86850000000004	16150	19.708365596304748	16150	20
16152	-481.8288	16152	19.731971330257203	16152	20
16154	-481.7891	16154	19.751642775212844	16154	20
16156	-481.7497	16156	19.74303564601075	16156	20
16158	-481.71040000000005	16158	19.727529705006361	16158	20
16160	-481.6707	16160	19.74794142084188	16160	20
16162	-481.6311	16162	19.756617850702163	16162	20
16164	-481.59090000000003	16164	19.813848208915992	16164	20
16166	-481.55100000000004	16166	19.836540174095724	16166	20
16168	-481.51090000000005	16168	19.872116811746054	16168	20
16170	-481.4707	16170	19.910097343123969	16170	20
16172	-481.4306	16172	19.933414452602921	16172	20
16174	-481.3904	16174	19.961178710504694	16174	20
16176	-481.35	16176	20.000982258751986	16176	20
16178	-481.3097	16178	20.025818548960157	16178	20
16180	-481.26930000000004	16180	20.054848790798207	16180	20
16182	-481.2287	16182	20.095707325668538	16182	20
16184	-481.18800000000005	16184	20.138089438053651	16184	20
16186	-481.14730000000003	16186	20.173407865045984	16186	20
16188	-481.10630000000003	16188	20.227839887538057	16188	20
16190	-481.0656	16190	20.248199906282988	16190	20
16192	-481.0246	16192	20.290166588568891	16192	20
16194	-480.9837	16194	20.316805490475904	16194	20
16196	-480.94280000000003	16196	20.339004575393677	16196	20
16198	-480.9017	16198	20.374170479497113	16198	20
16200	-480.8607	16200	20.395142066247331	16200	20
16202	-480.8193	16202	20.44595172187362	16202	20
16204	-480.77840000000003	16204	20.446626434891773	16204	20
16206	-480.73720000000003	16206	20.472188695743434	16206	20
16208	-480.696	16208	20.493490579786485	16208	20
16210	-480.6551	16210	20.486242149823898	16210	20
16212	-480.6137	16212	20.521868458187424	16212	20
16214	-480.57250000000005	16214	20.534890381818407	16214	20
16216	-480.53130000000004	16216	20.545741984848963	16216	20
16218	-480.49030000000005	16218	20.538118320707206	16218	20
16220	-480.44910000000004	16220	20.548431933922959	16220	20
16222	-480.40770000000003	16222	20.573693278269975	16222	20
16224	-480.3663	16224	20.594744398559154	16224	20
16226	-480.3249	16226	20.612286998800137	16226	20
16228	-480.28340000000003	16228	20.635239165665531	16228	20
16230	-480.2422	16230	20.629365971388232	16230	20
16232	-480.2008	16232	20.641138309491037	16232	20
16234	-480.15990000000005	16234	20.609281924572954	16234	20
16236	-480.1188	16236	20.599401603813178	16236	20
16238	-480.0779	16238	20.57450133651281	16238	20
16240	-480.0373	16240	20.528751113759306	16240	20
16242	-479.99620000000004	16242	20.532292594797063	16242	20
16244	-479.9556	16244	20.493577162334251	16244	20
16246	-479.9151	16246	20.452980968612597	16246	20
16248	-479.87480000000005	16248	20.402484140505926	16248	20
16250	-479.8342	16250	20.38540345042497	16250	20
16252	-479.7936	16252	20.371169542019437	16252	20
16254	-479.75320000000005	16254	20.342641285014274	16254	20
16256	-479.71270000000004	16256	20.327201070845952	16256	20
16258	-479.67220000000003	16258	20.314334225705682	16258	20
16260	-479.6318	16260	20.295278521424212	16260	20
16262	-479.59110000000004	16262	20.304398767850046	16262	20
16264	-479.5505	16264	20.303665639878403	16264	20
16266	-479.51000000000005	16266	20.294721366561319	16266	20
16268	-479.4696	16268	20.278934472137244	16268	20
16270	-479.42920000000004	16270	20.265778726779114	16270	20
16272	-479.3887	16272	20.263148938983317	16272	20
16274	-479.3484	16274	20.244290782486267	16274	20
16276	-479.3079	16276	20.24524231873928	16276	20
16278	-479.26750000000004	16278	20.23770193228081	16278	20
16280	-479.2269	16280	20.248084943570706	16280	20
16282	-479.1863	16282	20.256737452974217	16282	20
16284	-479.1458	16284	20.255614544145903	16284	20
16286	-479.1052	16286	20.263012120120216	16286	20
16288	-479.0645	16288	20.277510100101455	16288	20
16290	-479.0238	16290	20.289591750085822	16290	20
16292	-478.98290000000003	16292	20.316326458401942	16292	20
16294	-478.9422	16294	20.321938715336227	16294	20
16296	-478.9014	16296	20.334948929446039	16296	20
16298	-478.8609	16298	20.320790774539088	16298	20
16300	-478.82030000000003	16300	20.31732564544787	16300	20
16302	-478.77970000000005	16302	20.314438037871852	16302	20
16304	-478.73940000000005	16304	20.287031698226713	16304	20
16306	-478.6994	16306	20.239193081857298	16306	20
16308	-478.6594	16308	20.19932756821612	16308	20
16310	-478.61960000000005	16310	20.149439640176517	16310	20
16312	-478.58000000000004	16312	20.091199700147698	16312	20
16314	-478.54040000000003	16314	20.042666416790347	16314	20
16316	-478.5011	16316	19.977222013994094	16316	20
16318	-478.46160000000003	16318	19.939351678326368	16318	20
16320	-478.4221	16320	19.907793065274664	16320	20
16322	-478.38300000000004	16322	19.848160887725737	16322	20
16324	-478.344	16324	19.790134073108458	16324	20
16326	-478.30490000000003	16326	19.750111727587232	16326	20
16328	-478.266	16328	19.700093106323724	16328	20
16330	-478.2271	16330	19.658410921937467	16330	20
16332	-478.1881	16332	19.632009101613495	16332	20
16334	-478.1496	16334	19.56834091801117	16334	20
16336	-478.1113	16336	19.498617431675346	16336	20
16338	-478.0731	16338	19.432181193064253	16338	20
16340	-478.03490000000005	16340	19.376817660883603	16340	20
16342	-477.9968	16342	19.32234805073989	16342	20
16344	-477.9587	16344	19.276956708948727	16344	20
16346	-477.92040000000003	16346	19.255797257456646	16346	20
16348	-477.8818	16348	19.263164381216441	16348	20
16350	-477.84340000000003	16350	19.252636984344313	16350	20
16352	-477.8048	16352	19.2605308202895	16352	20
16354	-477.7661	16354	19.275442350241729	16354	20
16356	-477.7277	16356	19.26286862519872	16356	20
16358	-477.6892	16358	19.260723854332191	16358	20
16360	-477.65040000000005	16360	19.283936545275211	16360	20
16362	-477.6114	16362	19.319947121066352	16362	20
16364	-477.5724	16364	19.349955934220898	16364	20
16366	-477.5333	16366	19.383296611852334	16366	20
16368	-477.4943	16368	19.402747176542551	16368	20
16370	-477.4553	16370	19.418955980451063	16370	20
16372	-477.41630000000004	16372	19.432463317041492	16372	20
16374	-477.3772	16374	19.452052764202829	16374	20
16376	-477.3381	16376	19.468377303503942	16376	20
16378	-477.2991	16378	19.47364775291889	16378	20
16380	-477.2595	16380	19.528039794099673	16380	20
16382	-477.22	16382	19.565033161747682	16382	20
16384	-477.1805	16384	19.595860968125759	16384	20
16386	-477.141	16386	19.62155080676942	16386	20
16388	-477.1014	16388	19.651292338975114	16388	20
16390	-477.0615	16390	19.701076949144991	16390	20
16392	-477.0217	16392	19.734230790955312	16392	20
16394	-476.98150000000004	16394	19.795192325793614	16394	20
16396	-476.9413	16396	19.845993604830269	16396	20
16398	-476.90110000000004	16398	19.888328004022746	16398	20
16400	-476.8612	16400	19.898606670022755	16400	20
16402	-476.8211	16402	19.923838891685243	16402	20
16404	-476.781	16404	19.94486574307065	16404	20
16406	-476.7407	16406	19.979054785892377	16406	20
16408	-476.7006	16408	19.990878988243264	16408	20
16410	-476.66	16410	20.042399156868015	16410	20
16412	-476.6197	16412	20.060332630723515	16412	20
16414	-476.57930000000005	16414	20.083610525601006	16414	20
16416	-476.53880000000004	16416	20.111342104668228	16416	20
16418	-476.49850000000004	16418	20.117785087223691	16418	20
16420	-476.45820000000003	16420	20.123154239353244	16420	20
16422	-476.4177	16422	20.144295199461759	16422	20
16424	-476.377	16424	20.178579332886073	16424	20
16426	-476.33610000000004	16426	20.223816110735484	16426	20
16428	-476.2955	16428	20.23651342561627	16428	20
16430	-476.25460000000004	16430	20.27209452134398	16430	20
16432	-476.21410000000003	16432	20.268412101120706	16432	20
16434	-476.1736	16434	20.265343417601311	16434	20
16436	-476.1333	16436	20.246119514667928	16436	20
16438	-476.09270000000004	16438	20.255099595555237	16438	20
16440	-476.05190000000005	16440	20.279249662961881	16440	20
16442	-476.01090000000005	16442	20.316041385801302	16442	20
16444	-475.9699	16444	20.34670115483889	16444	20
16446	-475.9291	16446	20.355584295698257	16446	20
16448	-475.88840000000005	16448	20.354653579745083	16448	20
16450	-475.84770000000003	16450	20.353877983122178	16450	20
16452	-475.8068	16452	20.369898319270309	16452	20
16454	-475.76640000000003	16454	20.341581932723333	16454	20
16456	-475.72580000000005	16456	20.334651610601405	16456	20
16458	-475.6852	16458	20.328876342171203	16458	20
16460	-475.64500000000004	16460	20.290730285140192	16460	20
16462	-475.6046	16462	20.275608570952972	16462	20
16464	-475.5645	16464	20.238007142460425	16464	20
16466	-475.5244	16466	20.206672618716638	16466	20
16468	-475.4844	16468	20.172227182265569	16468	20
16470	-475.44390000000004	16470	20.185189318550623	16470	20
16472	-475.4033	16472	20.204324432128885	16472	20
16474	-475.36280000000005	16474	20.211937026770055	16474	20
16476	-475.3227	16476	20.184947522312729	16476	20
16478	-475.2823	16478	20.187456268592015	16478	20
16480	-475.24190000000004	16480	20.189546890491421	16480	20
16482	-475.2013	16482	20.207955742079548	16482	20
16484	-475.1609	16484	20.206629785064365	16484	20
16486	-475.1202	16486	20.230524820888245	16486	20
16488	-475.0792	16488	20.275437350739939	16488	20
16490	-475.0385	16490	20.287864458951223	16490	20
16492	-474.9982	16492	20.264887049126187	16492	20
16494	-474.95750000000004	16494	20.279072540935026	16494	20
16496	-474.9168	16496	20.2908937841138	16496	20
16498	-474.8758	16498	20.325744820094567	16498	20
16500	-474.8351	16500	20.329787350080082	16500	20
16502	-474.7941	16502	20.358156125066472	16502	20
16504	-474.75320000000005	16504	20.373463437552484	16504	20
16506	-474.7123	16506	20.386219531295566	16506	20
16508	-474.6714	16508	20.3968496094148	16508	20
16510	-474.63050000000004	16510	20.405708007842758	16510	20
16512	-474.5896	16512	20.413090006537459	16512	20
16514	-474.5487	16514	20.419241672116378	16514	20
16516	-474.5076	16516	20.441034726761291	16516	20
16518	-474.4666	16518	20.45086227230081	16518	20
16520	-474.42560000000003	16520	20.459051893583744	16520	20
16522	-474.38480000000004	16522	20.44920991131897	16522	20
16524	-474.3441	16524	20.432674926100418	16524	20
16526	-474.30350000000004	16526	20.410562438415646	16526	20
16528	-474.2631	16528	20.375468698682518	16528	20
16530	-474.22270000000003	16530	20.346223915566842	16530	20
16532	-474.1822	16532	20.330186596306422	16532	20
16534	-474.1419	16534	20.300155496922187	16534	20
16536	-474.1016	16536	20.27512958076866	16536	20
16538	-474.06140000000005	16538	20.245941317304737	16538	20
16540	-474.0215	16540	20.196617764424413	16540	20
16542	-473.98150000000004	16542	20.163848137017315	16542	20
16544	-473.94190000000003	16544	20.10320678084836	16544	20
16546	-473.9019	16546	20.086005650708671	16546	20
16548	-473.86240000000004	16548	20.030004708921847	16548	20
16550	-473.82280000000003	16550	19.991670590768805	16550	20
16552	-473.78310000000005	16552	19.968058825639179	16552	20
16554	-473.7436	16554	19.931715688035339	16554	20
16556	-473.704	16556	19.909763073363383	16556	20
16558	-473.66450000000003	16558	19.88313589446744	16558	20
16560	-473.62510000000003	16560	19.852613245389577	16560	20
16562	-473.5858	16562	19.818844371160118	16562	20
16564	-473.5464	16564	19.799036975966811	16564	20
16566	-473.5072	16566	19.7658641466385	16566	20
16568	-473.46770000000004	16568	19.763220122196707	16568	20
16570	-473.42850000000004	16570	19.736016768496746	16570	20
16572	-473.389	16572	19.738347307083313	16572	20
16574	-473.3498	16574	19.715289422568919	16574	20
16576	-473.3107	16576	19.687741185475684	16576	20
16578	-473.27110000000005	16578	19.706450987892264	16578	20
16580	-473.23170000000005	16580	19.7053758232436	16580	20
16582	-473.1925	16582	19.687813186040565	16582	20
16584	-473.153	16584	19.69817765503176	16584	20
16586	-473.1136	16586	19.698481379193179	16586	20
16588	-473.0743	16588	19.690401149329787	16588	20
16590	-473.03470000000004	16590	19.708667624437354	16590	20
16592	-472.99510000000004	16592	19.723889687031726	16592	20
16594	-472.95520000000005	16594	19.761574739192167	16594	20
16596	-472.9155	16596	19.776312282663383	16596	20
16598	-472.8759	16598	19.780260235553417	16598	20
16600	-472.8364	16600	19.775216862959137	16600	20
16602	-472.7968	16602	19.77934738579988	16602	20
16604	-472.75710000000004	16604	19.791122821498409	16604	20
16606	-472.7174	16606	19.800935684585252	16606	20
16608	-472.67780000000005	16608	19.80077973715024	16608	20
16610	-472.63800000000003	16610	19.81731644762635	16610	20
16612	-472.5982	16612	19.831097039689777	16612	20
16614	-472.5584	16614	19.8425808664093	16614	20
16616	-472.5187	16616	19.843817388672925	16616	20
16618	-472.47860000000003	16618	19.878181157227054	16618	20
16620	-472.4388	16620	19.881817631023697	16620	20
16622	-472.39860000000004	16622	19.918181359183937	16622	20
16624	-472.35880000000003	16624	19.915151132654433	16624	20
16626	-472.3188	16626	19.929292610547066	16626	20
16628	-472.2789	16628	19.932743842121617	16628	20
16630	-472.23900000000003	16630	19.935619868433744	16630	20
16632	-472.199	16632	19.946349890363159	16632	20
16634	-472.15900000000005	16634	19.9552915752996	16634	20
16636	-472.1191	16636	19.9544096460868	16636	20
16638	-472.07890000000003	16638	19.978674705069853	16638	20
16640	-472.0387	16640	19.998895587560469	16640	20
16642	-471.99850000000004	16642	20.015746322964581	16642	20
16644	-471.9583	16644	20.029788602472742	16644	20
16646	-471.9182	16646	20.033157168726902	16646	20
16648	-471.8781	16648	20.035964307272035	16648	20
16650	-471.83790000000005	16650	20.046636922724218	16650	20
16652	-471.7975	16652	20.072197435606327	16652	20
16654	-471.75730000000004	16654	20.07683119633613	16654	20
16656	-471.7176	16656	20.03902599695002	16656	20
16658	-471.6775	16658	20.040854997457966	16658	20
16660	-471.63750000000005	16660	20.034045831211941	16660	20
16662	-471.59770000000003	16662	20.011704859344437	16662	20
16664	-471.5577	16664	20.009754049455402	16664	20
16666	-471.5178	16666	19.999795041211897	16666	20
16668	-471.4778	16668	19.999829201011618	16668	20
16670	-471.43800000000005	16670	19.98319100083943	16670	20
16672	-471.3978	16672	20.002659167368449	16672	20
16674	-471.3578	16674	20.002215972808745	16674	20
16676	-471.31780000000003	16676	20.001846644004257	16676	20
16678	-471.27770000000004	16678	20.009872203336496	16678	20
16680	-471.23780000000005	16680	19.999893502779475	16680	20
16682	-471.19780000000003	16682	19.999911252317933	16682	20
16684	-471.15790000000004	16684	19.991592710264005	16684	20
16686	-471.1181	16686	19.976327258554488	16686	20
16688	-471.07820000000004	16688	19.9719393821278	16688	20
16690	-471.0385	16690	19.951616151776413	16690	20
16692	-470.9988	16692	19.934680126478852	16692	20
16694	-470.9592	16694	19.912233438732976	16694	20
16696	-470.9196	16696	19.893527865611411	16696	20
16698	-470.8797	16698	19.902939888008572	16698	20
16700	-470.8397	16700	19.91911657334218	16700	20
16702	-470.7998	16702	19.924263811117545	16702	20
16704	-470.75980000000004	16704	19.936886509261591	16704	20
16706	-470.71950000000004	16706	19.972405424384828	16706	20
16708	-470.67940000000004	16708	19.98533785365364	16708	20
16710	-470.6392	16710	20.004448211380293	16710	20
16712	-470.5991	16712	20.01204017614986	16712	20
16714	-470.5588	16714	20.035033480125051	16714	20
16716	-470.5185	16716	20.054194566771045	16716	20
16718	-470.47810000000004	16718	20.078495472307281	16718	20
16720	-470.4383	16720	20.048746226923885	16720	20
16722	-470.398	16722	20.065621855770072	16722	20
16724	-470.35790000000003	16724	20.063018213141341	16724	20
16726	-470.3175	16726	20.08584851095393	16726	20
16728	-470.2772	16728	20.096540425795112	16728	20
16730	-470.23690000000005	16730	20.10545035482469	16730	20
16732	-470.19660000000005	16732	20.11287529568741	16732	20
16734	-470.1562	16734	20.127396079742319	16734	20
16736	-470.1157	16736	20.147830066452656	16736	20
16738	-470.0754	16738	20.14819172204405	16738	20
16740	-470.0351	16740	20.148493101703544	16740	20
16742	-469.9945	16742	20.173744251418249	16742	20
16744	-469.9545	16744	20.144786876183581	16744	20
16746	-469.9142	16746	20.145655730153152	16746	20
16748	-469.8743	16748	20.113046441793355	16748	20
16750	-469.83430000000004	16750	20.094205368158097	16750	20
16752	-469.7944	16752	20.070171140135546	16752	20
16754	-469.7549	16754	20.016809283444243	16754	20
16756	-469.71540000000005	16756	19.972341069534824	16756	20
16758	-469.67580000000004	16758	19.943617557946286	16758	20
16760	-469.63640000000004	16760	19.90301463162195	16760	20
16762	-469.5973	16762	19.844178859686544	16762	20
16764	-469.5584	16764	19.77848238307315	16764	20
16766	-469.51910000000004	16766	19.75706865255836	16766	20
16768	-469.4803	16768	19.697557210468425	16768	20
16770	-469.4415	16770	19.647964342055406	16770	20
16772	-469.40250000000003	16772	19.623303618378444	16772	20
16774	-469.3639	16774	19.569419681984609	16774	20
16776	-469.3245	16776	19.591183068320554	16776	20
16778	-469.2858	16778	19.550985890267608	16778	20
16780	-469.24710000000005	16780	19.517488241885417	16780	20
16782	-469.2085	16782	19.481240201573751	16782	20
16784	-469.17	16784	19.44270016797805	16784	20
16786	-469.13160000000005	16786	19.402250139978985	16786	20
16788	-469.09270000000004	16788	19.410208449983518	16788	20
16790	-469.05400000000003	16790	19.400173708320075	16790	20
16792	-469.01520000000005	16792	19.40014475693178	16792	20
16794	-468.97630000000004	16794	19.408453964110848	16794	20
16796	-468.9375	16796	19.407044970095498	16796	20
16798	-468.8985	16798	19.422537475078521	16798	20
16800	-468.8596	16800	19.427114562566466	16800	20
16802	-468.8206	16802	19.439262135470994	16802	20
16804	-468.78130000000004	16804	19.474385112889898	16804	20
16806	-468.7421	16806	19.495320927412479	16806	20
16808	-468.7029	16808	19.51276743950989	16808	20
16810	-468.66380000000004	16810	19.518972866255091	16810	20
16812	-468.6247	16812	19.524144055214162	16812	20
16814	-468.58540000000005	16814	19.545120046009202	16814	20
16816	-468.54580000000004	16816	19.587600038341602	16816	20
16818	-468.50600000000003	16818	19.639666698619152	16818	20
16820	-468.4662	16820	19.68305558218378	16820	20
16822	-468.4262	16822	19.73587965182152	16822	20
16824	-468.3865	16824	19.754899709849777	16824	20
16826	-468.34630000000004	16826	19.812416424872335	16826	20
16828	-468.30620000000005	16828	19.852013687393228	16828	20
16830	-468.26640000000003	16830	19.860011406162176	16830	20
16832	-468.22580000000005	16832	19.933342838467109	16832	20
16834	-468.1856	16834	19.961119032058182	16834	20
16836	-468.14500000000004	16836	20.017599193380448	16836	20
16838	-468.1048	16838	20.031332661152632	16838	20
16840	-468.06460000000004	16840	20.042777217624717	16840	20
16842	-468.02430000000004	16842	20.0606476813541	16842	20
16844	-467.98400000000004	16844	20.07553973446192	16844	20
16846	-467.9434	16846	20.112949778721632	16846	20
16848	-467.90270000000004	16848	20.152458148931228	16848	20
16850	-467.862	16850	20.1853817907773	16850	20
16852	-467.821	16852	20.237818158980819	16852	20
16854	-467.7801	16854	20.273181799152511	16854	20
16856	-467.73920000000004	16856	20.30265149929085	16856	20
16858	-467.69820000000004	16858	20.335542916075443	16858	20
16860	-467.65720000000005	16860	20.362952430062606	16860	20
16862	-467.61650000000003	16862	20.360793691720115	16862	20
16864	-467.5752	16864	20.40899474310303	16864	20
16866	-467.5339	16866	20.449162285917389	16866	20
16868	-467.49260000000004	16868	20.482635238262688	16868	20
16870	-467.45160000000004	16870	20.485529365218643	16870	20
16872	-467.4107	16872	20.479607804350696	16872	20
16874	-467.36960000000005	16874	20.491339836956556	16874	20
16876	-467.32840000000004	16876	20.509449864130751	16876	20
16878	-467.2873	16878	20.516208220111341	16878	20
16880	-467.2459	16880	20.546840183426959	16880	20
16882	-467.2051	16882	20.522366819521647	16882	20
16884	-467.1641	16884	20.518639016267773	16884	20
16886	-467.1234	16886	20.490532513557753	16886	20
16888	-467.08270000000005	16888	20.46711042796133	16888	20
16890	-467.0419	16890	20.45592535663836	16890	20
16892	-467.00120000000004	16892	20.438271130528502	16892	20
16894	-466.9605	16894	20.423559275441693	16894	20
16896	-466.9198	16896	20.411299396202686	16896	20
16898	-466.8792	16898	20.392749496834202	16898	20
16900	-466.83860000000004	16900	20.377291247360464	16900	20
16902	-466.7979	16902	20.372742706134996	16902	20
16904	-466.75690000000003	16904	20.393952255112232	16904	20
16906	-466.71610000000004	16906	20.394960212592711	16906	20
16908	-466.6755	16908	20.37913351049729	16908	20
16910	-466.63480000000004	16910	20.374277925410944	16910	20
16912	-466.594	16912	20.37856493784637	16912	20
16914	-466.55330000000004	16914	20.373804114868513	16914	20
16916	-466.5124	16916	20.386503429058923	16916	20
16918	-466.4717	16918	20.380419524217043	16918	20
16920	-466.4309	16920	20.383682936846718	16920	20
16922	-466.3903	16922	20.369735780704229	16922	20
16924	-466.3493	16924	20.391446483919925	16924	20
16926	-466.30830000000003	16926	20.409538736599671	16926	20
16928	-466.2676	16928	20.399615613834335	16928	20
16930	-466.2268	16930	20.399679678194463	16930	20
16932	-466.18600000000004	16932	20.399733065161236	16932	20
16934	-466.14520000000005	16934	20.399777554300211	16934	20
16936	-466.10450000000003	16936	20.391481295251452	16936	20
16938	-466.0638	16938	20.384567746044151	16938	20
16940	-466.0233	16940	20.362139788370847	16940	20
16942	-465.98260000000005	16942	20.360116490305575	16942	20
16944	-465.94190000000003	16944	20.358430408589253	16944	20
16946	-465.9014	16946	20.3403586738251	16946	20
16948	-465.86100000000005	16948	20.316965561518995	16948	20
16950	-465.82030000000003	16950	20.322471301267104	16950	20
16952	-465.77970000000005	16952	20.318726084387883	16952	20
16954	-465.7391	16954	20.3156050703266	16954	20
16956	-465.69890000000004	16956	20.279670891936355	16956	20
16958	-465.65810000000005	16958	20.299725743279478	16958	20
16960	-465.61780000000005	16960	20.274771452733066	16960	20
16962	-465.57750000000004	16962	20.253976210611057	16962	20
16964	-465.5373	16964	20.228313508844806	16964	20
16966	-465.497	16966	20.215261257370841	16966	20
16968	-465.4567	16968	20.204384381142535	16968	20
16970	-465.4171	16970	20.136986984286043	16970	20
16972	-465.37710000000004	16972	20.114155820235339	16972	20
16974	-465.33790000000005	16974	20.028463183528942	16974	20
16976	-465.29850000000005	16976	19.973719319607497	16976	20
16978	-465.25910000000005	16978	19.928099433006292	16978	20
16980	-465.2196	16980	19.8984161941746	16980	20
16982	-465.1802	16982	19.865346828478881	16982	20
16984	-465.1411	16984	19.812789023733984	16984	20
16986	-465.10220000000004	16986	19.752324186441282	16986	20
16988	-465.0631	16988	19.718603488702652	16988	20
16990	-465.02410000000003	16990	19.682169573917815	16990	20
16992	-464.9852	16992	19.643474644932542	16992	20
16994	-464.9463	16994	19.611228870778149	16994	20
16996	-464.9075	16996	19.576024058980178	16996	20
16998	-464.86850000000004	16998	19.563353382482418	16998	20
17000	-464.8299	17000	19.519461152071255	17000	20
17002	-464.7914	17002	19.474550960059304	17002	20
17004	-464.75260000000003	17004	19.462125800047804	17004	20
17006	-464.7142	17006	19.418438166708523	17006	20
17008	-464.6762	17008	19.348698472258015	17008	20
17010	-464.6378	17010	19.323915393545626	17010	20
17012	-464.5991	17012	19.328262827955168	17012	20
17014	-464.5607	17014	19.306885689964659	17014	20
17016	-464.5221	17016	19.305738074968382	17016	20
17018	-464.4834	17018	19.313115062474129	17018	20
17020	-464.445	17020	19.294262552063792	17020	20
17022	-464.4062	17022	19.311885460051545	17022	20
17024	-464.3673	17024	19.334904550043987	17024	20
17026	-464.3286	17026	19.337420458370467	17026	20
17028	-464.28970000000004	17028	19.356183715305018	17028	20
17030	-464.2504	17030	19.405153096089652	17030	20
17032	-464.2112	17032	19.437627580074203	17032	20
17034	-464.1719	17034	19.473022983397307	17034	20
17036	-464.13280000000003	17036	19.485852486161271	17036	20
17038	-464.0937	17038	19.49654373846931	17038	20
17040	-464.0546	17040	19.505453115392676	17040	20
17042	-464.0154	17042	19.521210929493389	17042	20
17044	-463.97610000000003	17044	19.542675774575226	17044	20
17046	-463.9366	17046	19.577229812148712	17046	20
17048	-463.89730000000003	17048	19.589358176787997	17048	20
17050	-463.8577	17050	19.624465147323928	17050	20
17052	-463.8181	17052	19.653720956103871	17052	20
17054	-463.7785	17054	19.678100796753824	17054	20
17056	-463.7386	17056	19.72341733062725	17056	20
17058	-463.69870000000003	17058	19.761181108855105	17058	20
17060	-463.6587	17060	19.800984257380961	17060	20
17062	-463.6186	17062	19.842486881150418	17062	20
17064	-463.5781	17064	19.910405734292738	17064	20
17066	-463.538	17066	19.933671445243565	17066	20
17068	-463.4975	17068	19.986392871037026	17068	20
17070	-463.45730000000003	17070	20.005327392528379	17070	20
17072	-463.4173	17072	20.004439493775354	17072	20
17074	-463.37690000000003	17074	20.037032911477539	17074	20
17076	-463.3364	17076	20.072527426232003	17076	20
17078	-463.2962	17078	20.077106188528926	17078	20
17080	-463.25570000000005	17080	20.105921823770089	17080	20
17082	-463.2155	17082	20.104934853143998	17082	20
17084	-463.1748	17084	20.145779044287941	17084	20
17086	-463.1342	17086	20.171482536905248	17086	20
17088	-463.09360000000004	17088	20.192902114086337	17088	20
17090	-463.05260000000004	17090	20.244085095071682	17090	20
17092	-463.0117	17092	20.278404245894897	17092	20
17094	-462.97110000000004	17094	20.282003538244378	17094	20
17096	-462.9304	17096	20.293336281871589	17096	20
17098	-462.8902	17098	20.261113568228584	17098	20
17100	-462.84970000000004	17100	20.259261306853137	17100	20
17102	-462.80920000000003	17102	20.257717755711671	17102	20
17104	-462.76860000000005	17104	20.26476479642502	17104	20
17106	-462.7278	17106	20.287303997024768	17106	20
17108	-462.6872	17108	20.289419997519268	17108	20
17110	-462.64700000000005	17110	20.257849997930247	17110	20
17112	-462.6064	17112	20.264874998278572	17112	20
17114	-462.5661	17114	20.245729165232312	17114	20
17116	-462.52590000000004	17116	20.22144097102445	17116	20
17118	-462.4852	17118	20.242867475854982	17118	20
17120	-462.44480000000004	17120	20.235722896543894	17120	20
17122	-462.40430000000003	17122	20.2381024137873	17122	20
17124	-462.3638	17124	20.24008534482347	17124	20
17126	-462.32320000000004	17126	20.250071120684854	17126	20
17128	-462.2828	17128	20.241725933906856	17128	20
17130	-462.2427	17130	20.209771611588664	17130	20
17132	-462.20230000000004	17132	20.208143009655295	17132	20
17134	-462.1621	17134	20.190119174715004	17134	20
17136	-462.12170000000003	17136	20.191765978927247	17136	20
17138	-462.0813	17138	20.193138315775517	17138	20
17140	-462.0409	17140	20.194281929811005	17140	20
17142	-462.0008	17142	20.170234941508788	17142	20
17144	-461.9603	17144	20.183529117924714	17144	20
17146	-461.9196	17146	20.211274264938538	17146	20
17148	-461.8792	17148	20.209395220780191	17148	20
17150	-461.83860000000004	17150	20.224496017315456	17150	20
17152	-461.79810000000003	17152	20.228746681096936	17152	20
17154	-461.75730000000004	17154	20.257288900913295	17154	20
17156	-461.71680000000003	17156	20.256074084095136	17156	20
17158	-461.67670000000004	17158	20.221728403412229	17158	20
17160	-461.6363	17160	20.218107002846335	17160	20
17162	-461.59610000000004	17162	20.198422502369468	17162	20
17164	-461.55580000000003	17164	20.19035208530806	17164	20
17166	-461.5154	17166	20.191960071092861	17166	20
17168	-461.4751	17168	20.184966725910886	17168	20
17170	-461.4347	17170	20.18747227159048	17170	20
17172	-461.39410000000004	17172	20.206226892990696	17172	20
17174	-461.35360000000003	17174	20.2135224108263	17174	20
17176	-461.3129	17176	20.23626867568986	17176	20
17178	-461.2724	17178	20.238557229742273	17178	20
17180	-461.2316	17180	20.265464358117743	17180	20
17182	-461.19100000000003	17182	20.27122029843008	17182	20
17184	-461.151	17184	20.226016915360105	17184	20
17186	-461.1112	17186	20.171680762801241	17186	20
17188	-461.0708	17188	20.176400635665775	17188	20
17190	-461.03060000000005	17190	20.163667196385667	17190	20
17192	-460.9904	17192	20.153055996990314	17192	20
17194	-460.9504	17194	20.1275466641603	17194	20
17196	-460.9105	17196	20.09795555346598	17196	20
17198	-460.87080000000003	17198	20.056629627886824	17198	20
17200	-460.8312	17200	20.013858023239617	17200	20
17202	-460.79150000000004	17202	19.98654835269819	17202	20
17204	-460.75190000000003	17204	19.955456960582424	17204	20
17206	-460.7122	17206	19.9378808004886	17206	20
17208	-460.6725	17208	19.923234000405674	17208	20
17210	-460.6331	17210	19.88602833367144	17210	20
17212	-460.5937	17212	19.855023611392912	17212	20
17214	-460.5545	17214	19.812519676160253	17214	20
17216	-460.5151	17216	19.793766396800255	17216	20
17218	-460.4759	17218	19.761471997333036	17218	20
17220	-460.4368	17220	19.726226664445782	17220	20
17222	-460.39770000000004	17222	19.696855553701667	17222	20
17224	-460.3586	17224	19.672379628086308	17224	20
17226	-460.31960000000004	17226	19.643649690070863	17226	20
17228	-460.28060000000005	17228	19.619708075057989	17228	20
17230	-460.2414	17230	19.616423395885889	17230	20
17232	-460.2022	17232	19.613686163237734	17232	20
17234	-460.1632	17234	19.594738469363715	17234	20
17236	-460.12420000000003	17236	19.578948724468702	17236	20
17238	-460.08520000000004	17238	19.565790603722856	17238	20
17240	-460.04600000000005	17240	19.57149216976854	17240	20
17242	-460.0067	17242	19.584576808142589	17242	20
17244	-459.96720000000005	17244	19.612147340116781	17244	20
17246	-459.92780000000005	17246	19.626789450097363	17246	20
17248	-459.88840000000005	17248	19.638991208414513	17248	20
17250	-459.8489	17250	19.657492673681453	17250	20
17252	-459.80940000000004	17252	19.672910561399167	17252	20
17254	-459.76980000000003	17254	19.694092134499904	17254	20
17256	-459.72990000000004	17256	19.736743445415648	17256	20
17258	-459.69010000000003	17258	19.763952871180859	17258	20
17260	-459.65040000000005	17260	19.77829405931589	17260	20
17262	-459.6104	17262	19.815245049431613	17262	20
17264	-459.5704	17264	19.846037541194715	17264	20
17266	-459.53060000000005	17266	19.855031284325346	17266	20
17268	-459.4907	17268	19.870859403608254	17268	20
17270	-459.45090000000005	17270	19.87571616966996	17270	20
17272	-459.4108	17272	19.904763474729318	17272	20
17274	-459.37100000000004	17274	19.903969562270849	17274	20
17276	-459.3313	17276	19.894974635228952	17276	20
17278	-459.29130000000004	17278	19.912478862687763	17278	20
17280	-459.25120000000004	17280	19.935399052239418	17280	20
17282	-459.2114	17282	19.929499210200667	17282	20
17284	-459.1712	17284	19.957916008502814	17284	20
17286	-459.1308	17286	19.998263340417086	17286	20
17288	-459.0906	17288	20.015219450349829	17288	20
17290	-459.0504	17290	20.029349541955714	17290	20
17292	-459.0099	17292	20.066124618297149	17292	20
17294	-458.96950000000004	17294	20.088437181912365	17294	20
17296	-458.9288	17296	20.132030984928246	17296	20
17298	-458.88820000000004	17298	20.160025820772166	17298	20
17300	-458.8478	17300	20.166688183979616	17300	20
17302	-458.8072	17302	20.188906819981643	17302	20
17304	-458.7663	17304	20.232422349986532	17304	20
17306	-458.72580000000005	17306	20.235351958318091	17306	20
17308	-458.685	17308	20.262793298602329	17308	20
17310	-458.64410000000004	17310	20.293994415499029	17310	20
17312	-458.60330000000005	17312	20.31166201291504	17312	20
17314	-458.5627	17314	20.309718344099231	17314	20
17316	-458.52180000000004	17316	20.333098620079781	17316	20
17318	-458.4812	17318	20.327582183403184	17318	20
17320	-458.4409	17320	20.297985152836155	17320	20
17322	-458.4005	17322	20.281654294028204	17322	20
17324	-458.36	17324	20.276378578357559	17324	20
17326	-458.31980000000004	17326	20.24698214862882	17326	20
17328	-458.27950000000004	17328	20.230818457190853	17328	20
17330	-458.23920000000004	17330	20.21734871432588	17330	20
17332	-458.199	17332	20.197790595273826	17332	20
17334	-458.1587	17334	20.18982549606169	17334	20
17336	-458.1184	17336	20.183187913384909	17336	20
17338	-458.0783	17338	20.160989927820374	17338	20
17340	-458.03830000000005	17340	20.134158273180613	17340	20
17342	-457.99830000000003	17342	20.111798560985548	17342	20
17344	-457.95820000000003	17344	20.101498800820906	17344	20
17346	-457.91810000000004	17346	20.092915667350372	17346	20
17348	-457.8781	17348	20.077429722793681	17348	20
17350	-457.83820000000003	17350	20.056191435660462	17350	20
17352	-457.79830000000004	17352	20.038492863049449	17352	20
17354	-457.759	17354	19.973744052543346	17354	20
17356	-457.7191	17356	19.969786710451849	17356	20
17358	-457.67940000000004	17358	19.949822258708384	17358	20
17360	-457.6394	17360	19.958185215592025	17360	20
17362	-457.5994	17362	19.965154346328394	17362	20
17364	-457.5595	17364	19.962628621939391	17364	20
17366	-457.51980000000003	17366	19.943857184948	17366	20
17368	-457.48	17368	19.936547654124485	17368	20
17370	-457.4402	17370	19.930456378438222	17370	20
17372	-457.40020000000004	17372	19.94204698202882	17372	20
17374	-457.36010000000005	17374	19.9600391516903	17374	20
17376	-457.3197	17376	20.000032626411393	17376	20
17378	-457.2794	17378	20.025027188676329	17378	20
17380	-457.2391	17380	20.045855990563776	17380	20
17382	-457.1988	17382	20.063213325469981	17382	20
17384	-457.1585	17384	20.077677771225154	17384	20
17386	-457.1182	17386	20.089731476021132	17386	20
17388	-457.0779	17388	20.099776230017778	17388	20
17390	-457.0376	17390	20.108146858348316	17390	20
17392	-456.9974	17392	20.10678904862112	17392	20
17394	-456.9569	17394	20.130657540518321	17394	20
17396	-456.91650000000004	17396	20.142214617096677	17396	20
17398	-456.8763	17398	20.135178847582822	17398	20
17400	-456.8363	17400	20.112649039654055	17400	20
17402	-456.7959	17402	20.127207533043123	17402	20
17404	-456.7558	17404	20.114339610868885	17404	20
17406	-456.71610000000004	17406	20.070283009055913	17406	20
17408	-456.67560000000003	17408	20.10023584088065	17408	20
17410	-456.63550000000004	17410	20.091863200733492	17410	20
17412	-456.5958	17412	20.051552667281154	17412	20
17414	-456.5565	17414	19.984627222731696	17414	20
17416	-456.5169	17416	19.953856018943679	17416	20
17418	-456.47740000000005	17418	19.919880015784354	17418	20
17420	-456.4382	17420	19.866566679824526	17420	20
17422	-456.3988	17422	19.838805566520485	17422	20
17424	-456.3595	17424	19.807337972097805	17424	20
17426	-456.32030000000003	17426	19.77278164341433	17426	20
17428	-456.2806	17428	19.785651369515186	17428	20
17430	-456.24150000000003	17430	19.746376141259503	17430	20
17432	-456.2024	17432	19.713646784384505	17432	20
17434	-456.1634	17434	19.678038986986024	17434	20
17436	-456.1241	17436	19.673365822490492	17436	20
17438	-456.0849	17438	19.661138185408234	17438	20
17440	-456.0459	17440	19.634281821172468	17440	20
17442	-456.0065	17442	19.6452348509771	17442	20
17444	-455.96790000000004	17444	19.587695709145414	17444	20
17446	-455.9291	17446	19.556413090957637	17446	20
17448	-455.89050000000003	17448	19.513677575795864	17448	20
17450	-455.8517	17450	19.494731313166344	17450	20
17452	-455.81300000000005	17452	19.470609427634361	17452	20
17454	-455.7739	17454	19.483841189696886	17454	20
17456	-455.73470000000003	17456	19.503200991413564	17456	20
17458	-455.69550000000004	17458	19.519334159510795	17458	20
17460	-455.65630000000004	17460	19.532778466258488	17460	20
17462	-455.617	17462	19.552315388550877	17462	20
17464	-455.57750000000004	17464	19.585262823790352	17464	20
17466	-455.53810000000004	17466	19.604385686492005	17466	20
17468	-455.4984	17468	19.645321405413249	17468	20
17470	-455.45860000000005	17470	19.687767837840791	17470	20
17472	-455.4189	17472	19.714806531537238	17472	20
17474	-455.37940000000003	17474	19.72067210961232	17474	20
17476	-455.3394	17476	19.767226758011972	17476	20
17478	-455.2995	17478	19.797688965009041	17478	20
17480	-455.25980000000004	17480	19.806407470839375	17480	20
17482	-455.2196	17482	19.85533955903507	17482	20
17484	-455.1795	17484	19.887782965862172	17484	20
17486	-455.13930000000005	17486	19.923152471549333	17486	20
17488	-455.0994	17488	19.927627059628243	17488	20
17490	-455.05960000000005	17490	19.923022549686618	17490	20
17492	-455.0197	17492	19.927518791409312	17492	20
17494	-454.97990000000004	17494	19.922932326170844	17494	20
17496	-454.9399	17496	19.93577693847741	17496	20
17498	-454.8999	17498	19.946480782066214	17498	20
17500	-454.8598	17500	19.963733985054795	17500	20
17502	-454.81960000000004	17502	19.986444987543184	17502	20
17504	-454.7796	17504	19.988704156287692	17504	20
17506	-454.7398	17506	19.973920130240895	17506	20
17508	-454.6997	17508	19.986600108533693	17508	20
17510	-454.65950000000004	17510	20.005500090442268	17510	20
17512	-454.61920000000003	17512	20.029583408702059	17512	20
17514	-454.579	17514	20.041319507253974	17514	20
17516	-454.53860000000003	17516	20.067766256043054	17516	20
17518	-454.4982	17518	20.089805213372024	17518	20
17520	-454.4578	17520	20.10817101114143	17520	20
17522	-454.41740000000004	17522	20.123475842615935	17522	20
17524	-454.3767	17524	20.161229868847887	17524	20
17526	-454.33590000000004	17526	20.201024890705753	17526	20
17528	-454.2952	17528	20.225854075589403	17528	20
17530	-454.25440000000003	17530	20.254878396323686	17530	20
17532	-454.2133	17532	20.30406533027212	17532	20
17534	-454.17240000000004	17534	20.328387775223856	17534	20
17536	-454.13160000000005	17536	20.340323146019063	17536	20
17538	-454.0907	17538	20.35860262168438	17538	20
17540	-454.0495	17540	20.398835518070605	17540	20
17542	-454.0084	17542	20.424029598394554	17542	20
17544	-453.9673	17544	20.445024665326439	17544	20
17546	-453.92580000000004	17546	20.495853887770782	17546	20
17548	-453.88500000000005	17548	20.479878239808166	17548	20
17550	-453.844	17550	20.483231866511275	17550	20
17552	-453.8029	17552	20.494359888757039	17552	20
17554	-453.762	17554	20.486966573966029	17554	20
17556	-453.721	17556	20.489138811638092	17556	20
17558	-453.67990000000003	17558	20.499282343029385	17558	20
17560	-453.6388	17560	20.507735285860203	17560	20
17562	-453.5978	17562	20.506446071549906	17562	20
17564	-453.557	17564	20.488705059624102	17564	20
17566	-453.5163	17566	20.465587549688028	17566	20
17568	-453.47560000000004	17568	20.446322958069892	17568	20
17570	-453.4349	17570	20.430269131726185	17570	20
17572	-453.3942	17572	20.416890943106431	17572	20
17574	-453.3535	17574	20.405742452589969	17574	20
17576	-453.31280000000004	17576	20.396452043821512	17576	20
17578	-453.2719	17578	20.405376703186423	17578	20
17580	-453.2314	17580	20.379480585989409	17580	20
17582	-453.19100000000003	17582	20.349567154989249	17582	20
17584	-453.1505	17584	20.33297262915843	17584	20
17586	-453.11010000000005	17586	20.310810524296766	17586	20
17588	-453.0697	17588	20.292342103583451	17588	20
17590	-453.0294	17590	20.268618419653045	17590	20
17592	-452.98900000000003	17592	20.257182016375612	17592	20
17594	-452.9484	17594	20.264318346983043	17594	20
17596	-452.90810000000005	17596	20.245265289147966	17596	20
17598	-452.8677	17598	20.237721074292782	17598	20
17600	-452.8276	17600	20.206434228576935	17600	20
17602	-452.7868	17602	20.238695190479962	17602	20
17604	-452.7463	17604	20.240579325400692	17604	20
17606	-452.70590000000004	17606	20.233816104498651	17606	20
17608	-452.66540000000003	17608	20.236513420416266	17608	20
17610	-452.62510000000003	17610	20.222094517013723	17610	20
17612	-452.5849	17612	20.201745430847026	17612	20
17614	-452.54490000000004	17614	20.16812119236949	17614	20
17616	-452.5045	17616	20.173434326977386	17616	20
17618	-452.4644	17618	20.152861939147439	17618	20
17620	-452.4246	17620	20.110718282624017	17620	20
17622	-452.3845	17622	20.100598568852963	17622	20
17624	-452.3446	17624	20.07549880737653	17624	20
17626	-452.3046	17626	20.062915672815478	17626	20
17628	-452.26480000000004	17628	20.035763060675983	17628	20
17630	-452.2248	17630	20.029802550565023	17630	20
17632	-452.1849	17632	20.016502125469916	17632	20
17634	-452.14500000000004	17634	20.005418437890658	17634	20
17636	-452.10580000000004	17636	19.937848698241705	17636	20
17638	-452.0659	17638	19.939873915205219	17638	20
17640	-452.0265	17640	19.899894929337727	17640	20
17642	-451.98740000000004	17642	19.841579107778287	17642	20
17644	-451.94800000000004	17644	19.817982589815283	17644	20
17646	-451.9089	17646	19.773318824847653	17646	20
17648	-451.86990000000003	17648	19.727765687371981	17648	20
17650	-451.831	17650	19.68147140614435	17650	20
17652	-451.79200000000003	17652	19.651226171785897	17652	20
17654	-451.75280000000004	17654	19.642688476487738	17654	20
17656	-451.71380000000005	17656	19.618907063738721	17656	20
17658	-451.67470000000003	17658	19.607422553117186	17658	20
17660	-451.6359	17660	19.572852127600779	17660	20
17662	-451.59680000000003	17662	19.569043439664163	17662	20
17664	-451.5579	17664	19.549202866387834	17664	20
17666	-451.5188	17666	19.549335721991447	17666	20
17668	-451.4796	17668	19.557779768325698	17668	20
17670	-451.4407	17670	19.539816473605779	17670	20
17672	-451.4015	17672	19.54984706133764	17672	20
17674	-451.36240000000004	17674	19.549872551111548	17674	20
17676	-451.3231	17676	19.566560459261762	17676	20
17678	-451.28400000000005	17678	19.563800382714984	17678	20
17680	-451.24440000000004	17680	19.603166985596417	17680	20
17682	-451.2051	17682	19.610972487999152	17682	20
17684	-451.1662	17684	19.584143740000325	17684	20
17686	-451.1266	17686	19.620119783334204	17686	20
17688	-451.0871	17688	19.641766486109791	17688	20
17690	-451.0477	17690	19.651472071758203	17690	20
17692	-451.00800000000004	17692	19.684560059797011	17692	20
17694	-450.96860000000004	17694	19.68713338316422	17694	20
17696	-450.9291	17696	19.697611152639542	17696	20
17698	-450.8895	17698	19.714675960533551	17698	20
17700	-450.8498	17700	19.7372299671098	17700	20
17702	-450.81030000000004	17702	19.739358305922789	17702	20
17704	-450.77090000000004	17704	19.732798588269034	17704	20
17706	-450.73150000000004	17706	19.727332156890906	17706	20
17708	-450.6918	17708	19.747776797412332	17708	20
17710	-450.6521	17710	19.764813997842118	17710	20
17712	-450.61220000000003	17712	19.795678331534162	17712	20
17714	-450.57230000000004	17714	19.821398609610863	17714	20
17716	-450.5326	17716	19.8261655080123	17716	20
17718	-450.49240000000003	17718	19.87180459000777	17718	20
17720	-450.45250000000004	17720	19.884837158338872	17720	20
17722	-450.4123	17722	19.920697631951317	17722	20
17724	-450.37190000000004	17724	19.967248026624173	17724	20
17726	-450.33140000000003	17726	20.014373355520867	17726	20
17728	-450.2909	17728	20.053644462934777	17728	20
17730	-450.2504	17730	20.086370385779702	17730	20
17732	-450.2099	17732	20.113641988150473	17732	20
17734	-450.1695	17734	20.128034990123471	17734	20
17736	-450.12940000000003	17736	20.115029158435842	17736	20
17738	-450.08910000000003	17738	20.120857632030038	17738	20
17740	-450.0484	17740	20.159048026692975	17740	20
17742	-450.00780000000003	17742	20.182540022242776	17742	20
17744	-449.96700000000004	17744	20.218783351868161	17744	20
17746	-449.92650000000003	17746	20.223986126557524	17746	20
17748	-449.88570000000004	17748	20.253321772130452	17748	20
17750	-449.8449	17750	20.277768143445961	17750	20
17752	-449.80440000000004	17752	20.273140119534283	17752	20
17754	-449.76390000000004	17754	20.269283432945958	17754	20
17756	-449.7233	17756	20.274402860791664	17756	20
17758	-449.6825	17758	20.295335717325568	17758	20
17760	-449.642	17760	20.287779764438696	17760	20
17762	-449.6014	17762	20.289816470364208	17762	20
17764	-449.5611	17764	20.266513725303675	17764	20
17766	-449.52090000000004	17766	20.238761437750586	17766	20
17768	-449.48080000000004	17768	20.207301198125105	17768	20
17770	-449.44050000000004	17770	20.197750998437755	17770	20
17772	-449.4001	17772	20.198125832034275	17772	20
17774	-449.35990000000004	17774	20.181771526692753	17774	20
17776	-449.31980000000004	17776	20.15980960557691	17776	20
17778	-449.2794	17778	20.166508004650236	17778	20
17780	-449.2393	17780	20.147090003874812	17780	20
17782	-449.199	17782	20.147575003229178	17782	20
17784	-449.1587	17784	20.147979169357818	17784	20
17786	-449.1188	17786	20.114982641130577	17786	20
17788	-449.0786	17788	20.112485534277738	17788	20
17790	-449.0382	17790	20.127071278562859	17790	20
17792	-448.9981	17792	20.114226065468664	17792	20
17794	-448.9581	17794	20.095188387892257	17794	20
17796	-448.9176	17796	20.120990323244271	17796	20
17798	-448.8774	17798	20.117491936034416	17798	20
17800	-448.8369	17800	20.139576613362735	17800	20
17802	-448.79670000000004	17802	20.132980511133134	17802	20
17804	-448.7559	17804	20.177483759281529	17804	20
17806	-448.71540000000005	17806	20.189569799397258	17806	20
17808	-448.6746	17808	20.224641499501633	17808	20
17810	-448.634	17810	20.237201249583322	17810	20
17812	-448.59360000000004	17812	20.231001041317512	17812	20
17814	-448.55310000000003	17814	20.234167534431982	17814	20
17816	-448.5126	17816	20.23680627869404	17816	20
17818	-448.47200000000004	17818	20.247338565576996	17818	20
17820	-448.4315	17820	20.247782137981552	17820	20
17822	-448.3911	17822	20.239818448320772	17822	20
17824	-448.3507	17824	20.233182040265387	17824	20
17826	-448.3102	17826	20.23598503355521	17826	20
17828	-448.2699	17828	20.221654194629512	17828	20
17830	-448.2294	17830	20.226378495525314	17830	20
17832	-448.189	17832	20.221982079602505	17832	20
17834	-448.1487	17834	20.209985066335591	17834	20
17836	-448.1084	17836	20.199987555279829	17836	20
17838	-448.0684	17838	20.166656296068229	17838	20
17840	-448.028	17840	20.172213580054933	17840	20
17842	-447.98810000000003	17842	20.135177983378174	17842	20
17844	-447.9484	17844	20.087648319485055	17844	20
17846	-447.90840000000003	17846	20.073040266234514	17846	20
17848	-447.8684	17848	20.060866888530466	17848	20
17850	-447.82890000000003	17850	20.009055740440012	17850	20
17852	-447.7893	17852	19.974213117033941	17852	20
17854	-447.7498	17854	19.936844264197642	17854	20
17856	-447.7103	17856	19.905703553495989	17856	20
17858	-447.67080000000004	17858	19.879752961244613	17858	20
17860	-447.63120000000004	17860	19.866460801037775	17860	20
17862	-447.5919	17862	19.83038400086695	17862	20
17864	-447.55280000000005	17864	19.783653334052641	17864	20
17866	-447.5135	17866	19.761377778379337	17866	20
17868	-447.4744	17868	19.726148148651031	17868	20
17870	-447.4352	17870	19.705123457208686	17870	20
17872	-447.39590000000004	17872	19.695936214337973	17872	20
17874	-447.3568	17874	19.671613511949896	17874	20
17876	-447.3177	17876	19.651344593293164	17876	20
17878	-447.27880000000005	17878	19.617787161073931	17878	20
17880	-447.2395	17880	19.623155967563747	17880	20
17882	-447.2004	17882	19.610963306304708	17882	20
17884	-447.1612	17884	19.609136088586748	17884	20
17886	-447.122	17886	19.607613407155114	17886	20
17888	-447.083	17888	19.589677839294868	17888	20
17890	-447.0435	17890	19.61639819941508	17890	20
17892	-447.0041	17892	19.630331832845947	17892	20
17894	-446.96450000000004	17894	19.658609860700818	17894	20
17896	-446.92490000000004	17896	19.682174883917945	17896	20
17898	-446.8852	17898	19.710145736601532	17898	20
17900	-446.8453	17900	19.750121447167007	17900	20
17902	-446.8057	17902	19.758434539306439	17902	20
17904	-446.7661	17904	19.765362116089296	17904	20
17906	-446.72630000000004	17906	19.787801763404161	17906	20
17908	-446.6866	17908	19.798168136173381	17908	20
17910	-446.6467	17910	19.823473446810212	17910	20
17912	-446.6071	17912	19.819561205675775	17912	20
17914	-446.56710000000004	17914	19.849634338060117	17914	20
17916	-446.5271	17916	19.87469528171847	17916	20
17918	-446.487	17918	19.903912734765008	17918	20
17920	-446.447	17920	19.919927278972544	17920	20
17922	-446.40700000000004	17922	19.933272732474091	17922	20
17924	-446.3668	17924	19.961060610397332	17924	20
17926	-446.3265	17926	19.992550508664614	17926	20
17928	-446.28650000000005	17928	19.993792090550816	17928	20
17930	-446.2464	17930	20.003160075463363	17930	20
17932	-446.2062	17932	20.019300062883659	17932	20
17934	-446.1662	17934	20.016083385738089	17934	20
17936	-446.12620000000004	17936	20.013402821445375	17936	20
17938	-446.0863	17938	20.002835684541612	17938	20
17940	-446.04650000000004	17940	19.985696403781091	17940	20
17942	-446.00660000000005	17942	19.979747003149971	17942	20
17944	-445.9666	17944	19.983122502626681	17944	20
17946	-445.92650000000003	17946	19.994268752188518	17946	20
17948	-445.8865	17948	19.995223960158803	17948	20
17950	-445.8464	17950	20.004353300131953	17950	20
17952	-445.8064	17952	20.003627750111665	17952	20
17954	-445.7662	17954	20.019689791757244	17954	20
17956	-445.72610000000003	17956	20.024741493130652	17956	20
17958	-445.68580000000003	17958	20.045617910942379	17958	20
17960	-445.6456	17960	20.054681592454241	17960	20
17962	-445.60560000000004	17962	20.045567993708836	17962	20
17964	-445.56510000000003	17964	20.079639994758086	17964	20
17966	-445.5251	17966	20.066366662300108	17966	20
17968	-445.4844	17968	20.113638885251365	17968	20
17970	-445.4438	17970	20.144699071041433	17970	20
17972	-445.4032	17972	20.170582559199822	17972	20
17974	-445.3625	17974	20.200485466001126	17974	20
17976	-445.3219	17976	20.217071221666234	17976	20
17978	-445.281	17978	20.25589268472369	17978	20
17980	-445.24010000000004	17980	20.2882439039335	17980	20
17982	-445.1993	17982	20.3068699199485	17982	20
17984	-445.1585	17984	20.322391599956266	17984	20
17986	-445.118	17986	20.31032633329761	17986	20
17988	-445.0774	17988	20.308605277746636	17988	20
17990	-445.0369	17990	20.298837731456253	17990	20
17992	-444.9963	17992	20.299031442878839	17992	20
17994	-444.9558	17994	20.290859535733087	17994	20
17996	-444.9151	17996	20.300716279778847	17996	20
17998	-444.87440000000004	17998	20.308930233145574	17998	20
18000	-444.8337	18000	20.315775194289255	18000	20
18002	-444.79330000000004	18002	20.296479328572456	18002	20
18004	-444.7527	18004	20.297066107147078	18004	20
18006	-444.7123	18006	20.280888422620642	18006	20
18008	-444.6719	18008	20.267407018853348	18008	20
18010	-444.63160000000005	18010	20.24783918237322	18010	20
18012	-444.59130000000005	18012	20.231532651977851	18012	20
18014	-444.5507	18014	20.242943876651573	18014	20
18016	-444.51030000000003	18016	20.235786563874388	18016	20
18018	-444.4701	18018	20.213155469897583	18018	20
18020	-444.42990000000003	18020	20.194296224912176	18020	20
18022	-444.3897	18022	20.17858018742907	18022	20
18024	-444.3492	18024	20.190483489524947	18024	20
18026	-444.3089	18026	20.183736241270957	18026	20
18028	-444.2687	18028	20.169780201056653	18028	20
18030	-444.2282	18030	20.183150167547932	18030	20
18032	-444.18780000000004	18032	20.185958472954685	18032	20
18034	-444.14770000000004	18034	20.163298727461854	18034	20
18036	-444.10720000000003	18036	20.177748939552266	18036	20
18038	-444.06710000000004	18038	20.156457449626505	18038	20
18040	-444.02680000000004	18040	20.155381208022256	18040	20
18042	-443.9863	18042	20.171151006685935	18042	20
18044	-443.946	18044	20.167625838905114	18044	20
18046	-443.9056	18046	20.173021532423739	18046	20
18048	-443.8655	18048	20.152517943686064	18048	20
18050	-443.8254	18050	20.135431619738004	18050	20
18052	-443.78560000000004	18052	20.096193016444751	18052	20
18054	-443.7456	18054	20.080160847038997	18054	20
18056	-443.7058	18056	20.050134039200316	18056	20
18058	-443.6662	18058	20.008445032667527	18058	20
18060	-443.6266	18060	19.973704193890203	18060	20
18062	-443.5871	18062	19.936420161573125	18062	20
18064	-443.5473	18064	19.930350134645423	18064	20
18066	-443.5077	18066	19.908625112205119	18066	20
18068	-443.4681	18068	19.890520926838196	18068	20
18070	-443.42900000000003	18070	19.83376743902868	18070	20
18072	-443.3897	18072	19.803139532526039	18072	20
18074	-443.3507	18074	19.752616277103971	18074	20
18076	-443.3113	18076	19.743846897586689	18076	20
18078	-443.2722	18078	19.711539081323824	18078	20
18080	-443.23330000000004	18080	19.667949234432815	18080	20
18082	-443.1942	18082	19.648291028695596	18082	20
18084	-443.1557	18084	19.581909190579587	18084	20
18086	-443.1172	18086	19.526590992149583	18086	20
18088	-443.0786	18088	19.488825826793889	18088	20
18090	-443.03990000000005	18090	19.465688188990651	18090	20
18092	-443.00120000000004	18092	19.446406824159354	18092	20
18094	-442.9626	18094	19.422005686802034	18094	20
18096	-442.9241	18096	19.393338072334952	18096	20
18098	-442.88530000000003	18098	19.394448393610844	18098	20
18100	-442.84650000000005	18100	19.395373661340756	18100	20
18102	-442.8079	18102	19.379478051119868	18102	20
18104	-442.769	18104	19.39123170926759	18104	20
18106	-442.7302	18106	19.39269309105471	18106	20
18108	-442.6916	18108	19.377244242548162	18108	20
18110	-442.6526	18110	19.39770353545574	18110	20
18112	-442.6138	18112	19.398086279544835	18112	20
18114	-442.5751	18114	19.390071899621173	18114	20
18116	-442.53610000000003	18116	19.40839324968325	18116	20
18118	-442.49690000000004	18118	19.440327708068867	18118	20
18120	-442.45750000000004	18120	19.483606423390768	18120	20
18122	-442.4182	18122	19.51133868616111	18122	20
18124	-442.37890000000004	18124	19.534448905131661	18124	20
18126	-442.33930000000004	18126	19.578707420943651	18126	20
18128	-442.2998	18128	19.607256184122402	18128	20
18130	-442.2601	18130	19.647713486767177	18130	20
18132	-442.22040000000004	18132	19.681427905637822	18132	20
18134	-442.1807	18134	19.709523254701431	18134	20
18136	-442.141	18136	19.732936045583035	18136	20
18138	-442.101	18138	19.777446704654235	18138	20
18140	-442.06100000000004	18140	19.814538920542166	18140	20
18142	-442.02090000000004	18142	19.853782433784755	18142	20
18144	-441.9811	18144	19.861485361488448	18144	20
18146	-441.9407	18146	19.917904467909853	18146	20
18148	-441.9006	18148	19.939920389924492	18148	20
18150	-441.8604	18150	19.9666003249346	18150	20
18152	-441.8201	18152	19.99716693744567	18152	20
18154	-441.77970000000005	18154	20.030972447869466	18154	20
18156	-441.73940000000005	18156	20.050810373224724	18156	20
18158	-441.69910000000004	18158	20.067341977687438	18158	20
18160	-441.65880000000004	18160	20.0811183147397	18160	20
18162	-441.6186	18162	20.084265262285342	18162	20
18164	-441.5781	18164	20.11188771857184	18164	20
18166	-441.5376	18166	20.134906432143922	18166	20
18168	-441.4973	18168	20.137422026786769	18168	20
18170	-441.4569	18170	20.14785168898705	18170	20
18172	-441.4166	18172	20.148209740822711	18172	20
18174	-441.37620000000004	18174	20.156841450683668	18174	20
18176	-441.33590000000004	18176	20.155701208903224	18176	20
18178	-441.29560000000004	18178	20.154751007419524	18178	20
18180	-441.2552	18180	20.162292506185747	18180	20
18182	-441.21500000000003	18182	20.151910421818979	18182	20
18184	-441.1754	18184	20.093258684849747	18184	20
18186	-441.1347	18186	20.136048904042731	18186	20
18188	-441.09450000000004	18188	20.130040753366465	18188	20
18190	-441.05420000000004	18190	20.133367294472222	18190	20
18192	-441.0138	18192	20.144472745396332	18192	20
18194	-440.9739	18194	20.112060621162673	18194	20
18196	-440.9336	18196	20.118383850969064	18196	20
18198	-440.8929	18198	20.156986542475494	18198	20
18200	-440.8526	18200	20.155822118729748	18200	20
18202	-440.8125	18202	20.138185098941072	18202	20
18204	-440.7722	18204	20.140154249117728	18204	20
18206	-440.7318	18206	20.150128540929515	18206	20
18208	-440.69140000000004	18208	20.158440450772673	18208	20
18210	-440.65090000000004	18210	20.173700375644618	18210	20
18212	-440.6107	18212	20.161416979706107	18212	20
18214	-440.57	18214	20.192847483089697	18214	20
18216	-440.52950000000004	18216	20.20237290257073	18216	20
18218	-440.48920000000004	18218	20.193644085475778	18218	20
18220	-440.4488	18220	20.19470340456596	18220	20
18222	-440.4087	18222	20.17058617047125	18222	20
18224	-440.3686	18224	20.150488475392322	18224	20
18226	-440.3285	18226	20.133740396159883	18226	20
18228	-440.2882	18228	20.136450330133403	18228	20
18230	-440.24800000000005	18230	20.13037527510869	18230	20
18232	-440.20750000000004	18232	20.150312729257966	18232	20
18234	-440.1671	18234	20.158593941051116	18234	20
18236	-440.1267	18236	20.165494950874006	18236	20
18238	-440.086	18238	20.196245792396279	18238	20
18240	-440.0457	18240	20.188538160330403	18240	20
18242	-440.005	18242	20.215448466943279	18242	20
18244	-439.96430000000004	18244	20.237873722449269	18244	20
18246	-439.9237	18246	20.248228102044422	18246	20
18248	-439.8829	18248	20.273523418369535	18248	20
18250	-439.8426	18250	20.252936181974782	18250	20
18252	-439.80190000000005	18252	20.26911348497552	18252	20
18254	-439.7609	18254	20.307594570817404	18254	20
18256	-439.72040000000004	18256	20.297995475677151	18256	20
18258	-439.6798	18258	20.298329563067657	18258	20
18260	-439.63870000000003	18260	20.340274635887358	18260	20
18262	-439.59810000000004	18262	20.333562196571428	18262	20
18264	-439.55740000000003	18264	20.336301830477467	18264	20
18266	-439.5167	18266	20.3385848587325	18266	20
18268	-439.476	18268	20.340487382278358	18268	20
18270	-439.4354	18270	20.333739485230595	18270	20
18272	-439.39480000000003	18272	20.328116237690793	18272	20
18274	-439.35450000000003	18274	20.298430198075831	18274	20
18276	-439.314	18276	20.290358498397246	18276	20
18278	-439.274	18278	20.241965415332743	18278	20
18280	-439.2343	18280	20.176637846109127	18280	20
18282	-439.1942	18282	20.155531538423887	18282	20
18284	-439.1542	18284	20.129609615354944	18284	20
18286	-439.1145	18286	20.083008012794295	18286	20
18288	-439.07480000000004	18288	20.044173343993755	18288	20
18290	-439.03520000000003	18290	20.00347778666206	18290	20
18292	-438.9956	18292	19.969564822218981	18292	20
18294	-438.9558	18294	19.957970685183636	18294	20
18296	-438.91630000000004	18296	19.923308904317651	18296	20
18298	-438.8767	18298	19.902757420265306	18298	20
18300	-438.8373	18300	19.8689645168878	18300	20
18302	-438.7982	18302	19.815803764074751	18302	20
18304	-438.7592	18304	19.763169803394565	18304	20
18306	-438.7201	18306	19.727641502830387	18306	20
18308	-438.68120000000005	18308	19.681367919021618	18308	20
18310	-438.6426	18310	19.617806599187254	18310	20
18312	-438.60360000000003	18312	19.598172165988316	18312	20
18314	-438.5645	18314	19.590143471658514	18314	20
18316	-438.5256	18316	19.566786226383126	18316	20
18318	-438.4862	18318	19.588988521985982	18318	20
18320	-438.447	18320	19.590823768321144	18320	20
18322	-438.40770000000003	18322	19.600686473598355	18322	20
18324	-438.36850000000004	18324	19.600572061331455	18324	20
18326	-438.32890000000003	18326	19.633810051110146	18326	20
18328	-438.28950000000003	18328	19.6448417092585	18328	20
18330	-438.24960000000004	18330	19.695701424381145	18330	20
18332	-438.21000000000004	18332	19.713084520318219	18332	20
18334	-438.1705	18334	19.719237100267875	18334	20
18336	-438.13070000000005	18336	19.749364250219646	18336	20
18338	-438.09090000000003	18338	19.774470208517524	18338	20
18340	-438.0507	18340	19.828725173766863	18340	20
18342	-438.0108	18342	19.848937644804781	18342	20
18344	-437.9708	18344	19.874114704005688	18344	20
18346	-437.93080000000003	18346	19.895095586668376	18346	20
18348	-437.8906	18348	19.929246322225904	18348	20
18350	-437.85060000000004	18350	19.94103860185189	18350	20
18352	-437.81030000000004	18352	19.97586550154341	18352	20
18354	-437.7701	18354	19.996554584621766	18354	20
18356	-437.7298	18356	20.022128820518308	18356	20
18358	-437.6895	18358	20.043440683765425	18358	20
18360	-437.64910000000003	18360	20.06953390313593	18360	20
18362	-437.6086	18362	20.099611585947329	18362	20
18364	-437.5684	18364	20.099676321625033	18364	20
18366	-437.5282	18366	20.099730268018384	18366	20
18368	-437.4879	18368	20.108108556682154	18368	20
18370	-437.44780000000003	18370	20.098423797234744	18370	20
18372	-437.4075	18372	20.107019831029124	18372	20
18374	-437.3673	18374	20.105849859193196	18374	20
18376	-437.327	18376	20.113208215994497	18376	20
18378	-437.2869	18378	20.102673513328362	18378	20
18380	-437.24690000000004	18380	20.085561261103937	18380	20
18382	-437.2067	18382	20.087967717588871	18382	20
18384	-437.1668	18384	20.064973097989789	18384	20
18386	-437.1265	18386	20.079144248324994	18386	20
18388	-437.0863	18388	20.082620206939755	18388	20
18390	-437.0461	18390	20.085516839113986	18390	20
18392	-437.0058	18392	20.096264032595158	18392	20
18394	-436.9655	18394	20.1052200271628	18394	20
18396	-436.9254	18396	20.096016689301951	18396	20
18398	-436.8854	18398	20.08001390775333	18398	20
18400	-436.845	18400	20.100011589792516	18400	20
18402	-436.8047	18402	20.108342991493931	18402	20
18404	-436.76460000000003	18404	20.09861915957789	18404	20
18406	-436.72400000000005	18406	20.132182632980204	18406	20
18408	-436.68350000000004	18408	20.15181886081756	18408	20
18410	-436.64300000000003	18410	20.168182384015356	18410	20
18412	-436.6026	18412	20.173485320015608	18412	20
18414	-436.56190000000004	18414	20.202904433342876	18414	20
18416	-436.5212	18416	20.227420361120338	18416	20
18418	-436.48060000000004	18418	20.23951696759891	18418	20
18420	-436.44010000000003	18420	20.24126413966648	18420	20
18422	-436.3996	18422	20.242720116389457	18422	20
18424	-436.3591	18424	20.243933430325271	18424	20
18426	-436.31870000000004	18426	20.2366111919358	18426	20
18428	-436.2787	18428	20.19717599328154	18428	20
18430	-436.2389	18430	20.147646661069103	18430	20
18432	-436.1988	18432	20.131372217557203	18432	20
18434	-436.15880000000004	18434	20.109476847961304	18434	20
18436	-436.11870000000005	18436	20.099564039967369	18436	20
18438	-436.0783	18438	20.116303366642285	18438	20
18440	-436.0382	18440	20.105252805534853	18440	20
18442	-435.9981	18442	20.096044004611993	18442	20
18444	-435.958	18444	20.088370003842943	18444	20
18446	-435.91790000000003	18446	20.081975003202068	18446	20
18448	-435.8779	18448	20.068312502670096	18448	20
18450	-435.83770000000004	18450	20.073593752222603	18450	20
18452	-435.7977	18452	20.061328126853873	18452	20
18454	-435.75800000000004	18454	20.026106772376735	18454	20
18456	-435.7176	18456	20.055088976983424	18456	20
18458	-435.6777	18458	20.037574147485248	18458	20
18460	-435.6379	18460	20.014645122905524	18460	20
18462	-435.5976	18462	20.037204269088104	18462	20
18464	-435.5575	18464	20.03933689090637	18464	20
18466	-435.5176	18466	20.024447409087703	18466	20
18468	-435.4773	18468	20.045372840906587	18468	20
18470	-435.4372	18470	20.046144034088439	18470	20
18472	-435.3967	18472	20.080120028407755	18472	20
18474	-435.3562	18474	20.108433357007186	18474	20
18476	-435.3161	18476	20.098694464172272	18476	20
18478	-435.2758	18478	20.107245386810394	18478	20
18480	-435.2355	18480	20.114371155675496	18480	20
18482	-435.19550000000004	18482	20.095309296393214	18482	20
18484	-435.1551	18484	20.112757746997158	18484	20
18486	-435.1147	18486	20.127298122495706	18486	20
18488	-435.07460000000003	18488	20.11441510207937	18488	20
18490	-435.0348	18490	20.078679251733959	18490	20
18492	-434.99490000000003	18492	20.057232709777363	18492	20
18494	-434.95500000000004	18494	20.039360591480197	18494	20
18496	-434.91490000000005	18496	20.041133826233114	18496	20
18498	-434.87510000000003	18498	20.017611521862079	18498	20
18500	-434.8353	18500	19.998009601552884	18500	20
18502	-434.7953	18502	19.998341334629107	18502	20
18504	-434.75570000000005	18504	19.965284445520119	18504	20
18506	-434.7162	18506	19.929403704602791	18506	20
18508	-434.67670000000004	18508	19.899503087166948	18508	20
18510	-434.63730000000004	18510	19.866252572639169	18510	20
18512	-434.598	18512	19.830210477201447	18512	20
18514	-434.5588	18514	19.79184206433403	18514	20
18516	-434.51980000000003	18516	19.7432017202773	18516	20
18518	-434.48080000000004	18518	19.702668100230021	18518	20
18520	-434.4417	18520	19.677223416859935	18520	20
18522	-434.4031	18522	19.614352847385849	18522	20
18524	-434.3641	18524	19.595294039487147	18524	20
18526	-434.3252	18526	19.571078366240322	18526	20
18528	-434.28630000000004	18528	19.550898638529898	18528	20
18530	-434.24760000000003	18530	19.517415532108725	18530	20
18532	-434.2087	18532	19.506179610091635	18532	20
18534	-434.1698	18534	19.496816341744061	18534	20
18536	-434.13100000000003	18536	19.4806802847851	18536	20
18538	-434.0923	18538	19.458900237321398	18538	20
18540	-434.05330000000004	18540	19.46575019776677	18540	20
18542	-434.0145	18542	19.454791831475433	18542	20
18544	-433.9757	18544	19.445659859561246	18544	20
18546	-433.9366	18546	19.46304988296929	18546	20
18548	-433.89770000000004	18548	19.460874902470703	18548	20
18550	-433.8585	18550	19.484062418729817	18550	20
18552	-433.8195	18552	19.486718682273786	18552	20
18554	-433.7807	18554	19.472265568559873	18554	20
18556	-433.7413	18556	19.510221307133271	18556	20
18558	-433.7019	18558	19.54185108927777	18558	20
18560	-433.6626	18560	19.559875907733613	18560	20
18562	-433.62280000000004	18562	19.616563256441093	18562	20
18564	-433.583	18564	19.663802713702061	18564	20
18566	-433.5435	18566	19.678168928087743	18566	20
18568	-433.5038	18568	19.706807440071628	18568	20
18570	-433.46410000000003	18570	19.730672866724866	18570	20
18572	-433.4246	18572	19.733894055606747	18572	20
18574	-433.3849	18574	19.753245046337465	18574	20
18576	-433.3449	18576	19.794370871949592	18576	20
18578	-433.30510000000004	18578	19.811975726621075	18578	20
18580	-433.2651	18580	19.843313105519268	18580	20
18582	-433.2251	18582	19.869427587934428	18582	20
18584	-433.185	18584	19.899522989944973	18584	20
18586	-433.1449	18586	19.924602491620426	18586	20
18588	-433.10450000000003	18588	19.970502076348431	18588	20
18590	-433.06440000000003	18590	19.983751730289974	18590	20
18592	-433.024	18592	20.01979310857779	18592	20
18594	-432.9836	18594	20.049827590479566	18594	20
18596	-432.9434	18596	20.05818965873523	18596	20
18598	-432.9031	18598	20.073491382279528	18598	20
18600	-432.86260000000004	18600	20.102909485228924	18600	20
18602	-432.822	18602	20.1357579043608	18602	20
18604	-432.7816	18604	20.146464920298744	18604	20
18606	-432.7411	18606	20.163720766916342	18606	20
18608	-432.70070000000004	18608	20.169767305761695	18608	20
18610	-432.6603	18610	20.174806088137558	18610	20
18612	-432.6198	18612	20.187338406782022	18612	20
18614	-432.5792	18614	20.206115338983647	18614	20
18616	-432.5387	18616	20.213429449153761	18616	20
18618	-432.4982	18618	20.21952454096219	18618	20
18620	-432.45750000000004	18620	20.241270450798361	18620	20
18622	-432.41700000000003	18622	20.242725375666023	18622	20
18624	-432.37690000000003	18624	20.2106044797213	18624	20
18626	-432.3362	18626	20.233837066435694	18626	20
18628	-432.2959	18628	20.219864222029912	18628	20
18630	-432.25530000000003	18630	20.233220185023555	18630	20
18632	-432.21500000000003	18632	20.219350154186465	18632	20
18634	-432.1746	18634	20.216125128491534	18634	20
18636	-432.13390000000004	18636	20.238437607072814	18636	20
18638	-432.09340000000003	18638	20.2403646725614	18638	20
18640	-432.0527	18640	20.258637227135775	18640	20
18642	-432.0122	18642	20.257197689280535	18642	20
18644	-431.97180000000003	18644	20.247664741065186	18644	20
18646	-431.93120000000005	18646	20.256387284219617	18646	20
18648	-431.8903	18648	20.288656070184842	18648	20
18650	-431.84970000000004	18650	20.290546725152666	18650	20
18652	-431.80940000000004	18652	20.267122270960723	18652	20
18654	-431.769	18654	20.255935225803412	18654	20
18656	-431.7287	18656	20.238279354836347	18656	20
18658	-431.6886	18658	20.206899462363239	18658	20
18660	-431.6483	18660	20.197416218636203	18660	20
18662	-431.608	18662	20.189513515530336	18662	20
18664	-431.5677	18664	20.182927929608784	18664	20
18666	-431.5273	18666	20.185773274672062	18666	20
18668	-431.48670000000004	18668	20.204811062225346	18668	20
18670	-431.44640000000004	18670	20.195675885187956	18670	20
18672	-431.4057	18672	20.221396570991239	18672	20
18674	-431.36510000000004	18674	20.234497142491328	18674	20
18676	-431.3243	18676	20.262080952080026	18676	20
18678	-431.28360000000004	18678	20.276734126729892	18678	20
18680	-431.2429	18680	20.288945105609518	18680	20
18682	-431.2022	18682	20.299120921342539	18682	20
18684	-431.1616	18684	20.299267434450744	18684	20
18686	-431.1213	18686	20.274389528709122	18686	20
18688	-431.0806	18688	20.286991273925544	18688	20
18690	-431.03990000000005	18690	20.297492728267823	18690	20
18692	-430.99940000000004	18692	20.289577273557242	18692	20
18694	-430.9588	18694	20.2913143946344	18694	20
18696	-430.91790000000003	18696	20.317761995525757	18696	20
18698	-430.8772	18698	20.323134996272739	18698	20
18700	-430.83660000000003	18700	20.319279163559244	18700	20
18702	-430.79560000000004	18702	20.349399302965772	18702	20
18704	-430.755	18704	20.341166085808176	18704	20
18706	-430.7142	18706	20.350971738172664	18706	20
18708	-430.6737	18708	20.334143115144609	18708	20
18710	-430.6331	18710	20.32845259595247	18710	20
18712	-430.59270000000004	18712	20.307043829958467	18712	20
18714	-430.55240000000003	18714	20.280869858298892	18714	20
18716	-430.51230000000004	18716	20.242391548582027	18716	20
18718	-430.47270000000003	18718	20.168659623818954	18718	20
18720	-430.43280000000004	18720	20.132216353181523	18720	20
18722	-430.3929	18722	20.1018469609884	18722	20
18724	-430.3532	18724	20.059872467488841	18724	20
18726	-430.31350000000003	18726	20.024893722905876	18726	20
18728	-430.2742	18728	19.962411435757033	18728	20
18730	-430.23470000000003	18730	19.927009529795484	18730	20
18732	-430.1954	18732	19.88084127483171	18732	20
18734	-430.1558	18734	19.867367729027023	18734	20
18736	-430.11650000000003	18736	19.831139774186589	18736	20
18738	-430.0774	18738	19.784283145157076	18738	20
18740	-430.03790000000004	18740	19.778569287628851	18740	20
18742	-429.99870000000004	18742	19.7488077396902	18742	20
18744	-429.9599	18744	19.690673116411624	18744	20
18746	-429.92130000000003	18746	19.625560930340853	18746	20
18748	-429.8826	18748	19.579634108617856	18748	20
18750	-429.8441	18750	19.524695090514804	18750	20
18752	-429.8054	18752	19.495579242096149	18752	20
18754	-429.76660000000004	18754	19.479649368411842	18754	20
18756	-429.7278	18756	19.466374473679661	18756	20
18758	-429.6891	18758	19.446978728066863	18758	20
18760	-429.65020000000004	18760	19.447482273385347	18760	20
18762	-429.61150000000004	18762	19.431235227821603	18762	20
18764	-429.5727	18764	19.426029356521127	18764	20
18766	-429.5339	18766	19.421691130432659	18766	20
18768	-429.495	18768	19.426409275361582	18768	20
18770	-429.4561	18770	19.430341062802349	18770	20
18772	-429.4171	18772	19.441950885667563	18772	20
18774	-429.37800000000004	18774	19.459959071386486	18774	20
18776	-429.33910000000003	18776	19.458299226156438	18776	20
18778	-429.30010000000004	18778	19.465249355129302	18778	20
18780	-429.2609	18780	19.487707795945315	18780	20
18782	-429.22200000000004	18782	19.48142316328406	18782	20
18784	-429.1825	18784	19.526185969406075	18784	20
18786	-429.1429	18786	19.571821641172328	18786	20
18788	-429.10330000000005	18788	19.609851367639468	18788	20
18790	-429.0636	18790	19.6498761397028	18790	20
18792	-429.02360000000004	18792	19.708230116415969	18792	20
18794	-428.9835	18794	19.765191763684324	18794	20
18796	-428.94370000000004	18796	19.787659803066685	18796	20
18798	-428.9037	18798	19.823049835890608	18798	20
18800	-428.8636	18800	19.86087486324179	18800	20
18802	-428.82370000000003	18802	19.875729052700553	18802	20
18804	-428.78380000000004	18804	19.888107543916188	18804	20
18806	-428.74420000000003	18806	19.87342295326409	18806	20
18808	-428.70430000000005	18808	19.886185794385803	18808	20
18810	-428.6643	18810	19.905154828656542	18810	20
18812	-428.62440000000004	18812	19.912629023879514	18812	20
18814	-428.5845	18814	19.918857519903394	18814	20
18816	-428.5441	18816	19.965714599917572	18816	20
18818	-428.5038	18818	19.996428833264812	18818	20
18820	-428.4639	18820	19.988690694386406	18820	20
18822	-428.4232	18822	20.048908911989948	18822	20
18824	-428.38280000000003	18824	20.074090759989698	18824	20
18826	-428.34290000000004	18826	20.053408966657145	18826	20
18828	-428.3027	18828	20.061174138883214	18828	20
18830	-428.2624	18830	20.075978449069513	18830	20
18832	-428.2226	18832	20.046648707559079	18832	20
18834	-428.1821	18834	20.080540589633287	18834	20
18836	-428.142	18836	20.075450491360687	18836	20
18838	-428.10220000000004	18838	20.046208742796988	18838	20
18840	-428.0618	18840	20.0718406190003	18840	20
18842	-428.02160000000003	18842	20.076533849164441	18842	20
18844	-427.9814	18844	20.080444874305961	18844	20
18846	-427.9407	18846	20.125370728589576	18846	20
18848	-427.9003	18848	20.137808940489389	18848	20
18850	-427.8596	18850	20.173174117075767	18850	20
18852	-427.8186	18852	20.227645097562874	18852	20
18854	-427.7778	18854	20.25637091463491	18854	20
18856	-427.7371	18856	20.271975762197034	18856	20
18858	-427.6965	18858	20.276646468496157	18858	20
18860	-427.6557	18860	20.297205390412646	18860	20
18862	-427.615	18862	20.306004492011812	18862	20
18864	-427.57410000000004	18864	20.330003743340267	18864	20
18866	-427.5333	18866	20.341669786120807	18866	20
18868	-427.4927	18868	20.334724821765967	18868	20
18870	-427.452	18870	20.337270684806249	18870	20
18872	-427.4112	18872	20.347725570671056	18872	20
18874	-427.37030000000004	18874	20.364771308889637	18874	20
18876	-427.3295	18876	20.37064275741195	18876	20
18878	-427.2887	18878	20.375535631175808	18878	20
18880	-427.2479	18880	20.379613025979022	18880	20
18882	-427.20730000000003	18882	20.366344188314482	18882	20
18884	-427.16650000000004	18884	20.371953490261252	18884	20
18886	-427.1259	18886	20.359961241887742	18886	20
18888	-427.0853	18888	20.349967701571746	18888	20
18890	-427.0448	18890	20.333306417977177	18890	20
18892	-427.0043	18892	20.319422014981704	18892	20
18894	-426.96360000000004	18894	20.324518345814624	18894	20
18896	-426.92330000000004	18896	20.295431954845689	18896	20
18898	-426.88300000000004	18898	20.271193295704911	18898	20
18900	-426.8428	18900	20.242661079756353	18900	20
18902	-426.8023	18902	20.243884233131016	18902	20
18904	-426.762	18904	20.228236860942683	18904	20
18906	-426.7215	18906	20.231864050786292	18906	20
18908	-426.6809	18908	20.243220042320541	18908	20
18910	-426.64050000000003	18910	20.23601670193186	18910	20
18912	-426.5998	18912	20.255013918277825	18912	20
18914	-426.5595	18914	20.237511598565025	18914	20
18916	-426.519	18916	20.239592998804909	18916	20
18918	-426.4785	18918	20.241327499004814	18918	20
18920	-426.43800000000005	18920	20.242772915833328	18920	20
18922	-426.39750000000004	18922	20.243977429861829	18922	20
18924	-426.35720000000003	18924	20.228314524885025	18924	20
18926	-426.3168	18926	20.223595437407	18926	20
18928	-426.27660000000003	18928	20.20299619783669	18928	20
18930	-426.2363	18930	20.194163498197412	18930	20
18932	-426.196	18932	20.18680291516468	18932	20
18934	-426.1556	18934	20.189002429306711	18934	20
18936	-426.11580000000004	18936	20.14083535775201	18936	20
18938	-426.07590000000005	18938	20.109029464792403	18938	20
18940	-426.036	18940	20.082524553997466	18940	20
18942	-425.9963	18942	20.043770461663065	18942	20
18944	-425.9565	18944	20.019808718053707	18944	20
18946	-425.9168	18946	19.991507265043264	18946	20
18948	-425.8772	18948	19.959589387536653	18948	20
18950	-425.83790000000005	18950	19.907991156277948	18950	20
18952	-425.79830000000004	18952	19.889992630232221	18952	20
18954	-425.759	18954	19.84999385852899	18954	20
18956	-425.72	18956	19.791661548773096	18956	20
18958	-425.6809	18958	19.751384623979163	18958	20
18960	-425.64160000000004	18960	19.734487186646707	18960	20
18962	-425.6025	18962	19.703739322207174	18962	20
18964	-425.5634	18964	19.678116101840896	18964	20
18966	-425.5242	18966	19.665096751533572	18966	20
18968	-425.4848	18968	19.670913959611354	18968	20
18970	-425.4459	18970	19.634094966343827	18970	20
18972	-425.4065	18972	19.645079138619902	18972	20
18974	-425.3675	18974	19.62089928218219	18974	20
18976	-425.3283	18976	19.617416068484651	18976	20
18978	-425.2891	18978	19.614513390403367	18978	20
18980	-425.25	18980	19.603761158671059	18980	20
18982	-425.21090000000004	18982	19.594800965556065	18982	20
18984	-425.17150000000004	18984	19.612334137963433	18984	20
18986	-425.13230000000004	18986	19.610278448302353	18986	20
18988	-425.09270000000004	18988	19.641898706919225	18988	20
18990	-425.05330000000004	18990	19.651582255766066	18990	20
18992	-425.0136	18992	19.6846518798083	18992	20
18994	-424.9739	18994	19.712209899838758	18994	20
18996	-424.93420000000003	18996	19.735174916530806	18996	20
18998	-424.8944	18998	19.762645763776824	18998	20
19000	-424.8546	19000	19.78553813648184	19000	20
19002	-424.8149	19002	19.796281780400044	19002	20
19004	-424.77520000000004	19004	19.805234816998546	19004	20
19006	-424.7353	19006	19.829362347502585	19006	20
19008	-424.69550000000004	19008	19.841135289581903	19008	20
19010	-424.6556	19010	19.859279407988716	19010	20
19012	-424.61560000000003	19012	19.882732839987565	19012	20
19014	-424.5756	19014	19.902277366658009	19014	20
19016	-424.53520000000003	19016	19.951897805546416	19016	20
19018	-424.4952	19018	19.959914837957051	19018	20
19020	-424.4549	19020	19.991595698297711	19020	20
19022	-424.41450000000003	19022	20.026329748579503	19022	20
19024	-424.3741	19024	20.055274790485729	19024	20
19026	-424.3338	19026	20.071062325404942	19026	20
19028	-424.2935	19028	20.084218604504287	19028	20
19030	-424.2533	19030	20.086848837084428	19030	20
19032	-424.21250000000003	19032	20.139040697569538	19032	20
19034	-424.1721	19034	20.149200581310758	19034	20
19036	-424.1315	19036	20.174333817757596	19036	20
19038	-424.0912	19038	20.17027818146483	19038	20
19040	-424.05060000000003	19040	20.191898484552656	19040	20
19042	-424.0101	19042	20.201582070461267	19042	20
19044	-423.96950000000004	19044	20.217985058716351	19044	20
19046	-423.9287	19046	20.248320882267546	19046	20
19048	-423.88800000000003	19048	20.265267401886156	19048	20
19050	-423.8476	19050	20.254389501574607	19050	20
19052	-423.807	19052	20.261991251310803	19052	20
19054	-423.7663	19054	20.276659376093612	19054	20
19056	-423.7257	19056	20.28054948007664	19056	20
19058	-423.68510000000003	19058	20.283791233395828	19058	20
19060	-423.6445	19060	20.286492694499888	19060	20
19062	-423.6042	19062	20.26374391208341	19062	20
19064	-423.5641	19064	20.22811992673579	19064	20
19066	-423.5238	19066	20.215099938946661	19066	20
19068	-423.4834	19068	20.212583282453625	19068	20
19070	-423.4433	19070	20.185486068710969	19070	20
19072	-423.4032	19072	20.162905057258754	19072	20
19074	-423.3629	19074	20.160754214382465	19074	20
19076	-423.32280000000003	19076	20.142295178651668	19076	20
19078	-423.2824	19078	20.1519126488792	19078	20
19080	-423.24240000000003	19080	20.126593874062969	19080	20
19082	-423.20230000000004	19082	20.113828228385422	19082	20
19084	-423.16200000000003	19084	20.119856856988022	19084	20
19086	-423.1218	19086	20.116547380825612	19086	20
19088	-423.0812	19088	20.147122817353306	19088	20
19090	-423.04080000000005	19090	20.155935681125833	19090	20
19092	-423.0006	19092	20.14661306760712	19092	20
19094	-422.9605	19094	20.130510889672216	19094	20
19096	-422.92040000000003	19096	20.117092408059797	19096	20
19098	-422.88050000000004	19098	20.089243673382228	19098	20
19100	-422.8405	19100	20.07436972782023	19100	20
19102	-422.8005	19102	20.061974773185231	19102	20
19104	-422.7601	19104	20.084978977652433	19104	20
19106	-422.71970000000005	19106	20.10414914804177	19106	20
19108	-422.6795	19108	20.1034576233704	19108	20
19110	-422.6392	19110	20.111214686142169	19110	20
19112	-422.59860000000003	19112	20.142678905117105	19112	20
19114	-422.5582	19114	20.152232420933732	19114	20
19116	-422.51820000000004	19116	20.126860350775079	19116	20
19118	-422.4776	19118	20.155716958982598	19118	20
19120	-422.4374	19120	20.146430799149687	19120	20
19122	-422.3969	19122	20.163692332625462	19122	20
19124	-422.35650000000004	19124	20.169743610519294	19124	20
19126	-422.31620000000004	19126	20.166453008766247	19126	20
19128	-422.27610000000004	19128	20.147044173971487	19128	20
19130	-422.23580000000004	19130	20.147536811643075	19130	20
19132	-422.1956	19132	20.139614009704822	19132	20
19134	-422.15520000000004	19134	20.14967834141876	19134	20
19136	-422.11490000000003	19136	20.149731951182467	19136	20
19138	-422.07480000000004	19138	20.13310995931834	19138	20
19140	-422.03470000000004	19140	20.119258299431564	19140	20
19142	-421.9946	19142	20.107715249530656	19142	20
19144	-421.95480000000003	19144	20.073096041271963	19144	20
19146	-421.9144	19146	20.094246701062779	19146	20
19148	-421.8745	19148	20.070205584218044	19148	20
19150	-421.8347	19150	20.041837986849522	19150	20
19152	-421.7944	19152	20.059864989041436	19152	20
19154	-421.75480000000005	19154	20.016554157530393	19154	20
19156	-421.7151	19156	19.988795131278572	19156	20
19158	-421.6754	19158	19.96566260939732	19158	20
19160	-421.6361	19160	19.913052174499906	19160	20
19162	-421.5964	19162	19.902543478748431	19162	20
19164	-421.5568	19164	19.885452898957624	19164	20
19166	-421.5172	19166	19.871210749131951	19166	20
19168	-421.4775	19168	19.867675624275133	19168	20
19170	-421.4379	19170	19.856396353563209	19170	20
19172	-421.39860000000004	19172	19.821996961300076	19172	20
19174	-421.3593	19174	19.793330801085535	19174	20
19176	-421.3202	19176	19.752775667572863	19176	20
19178	-421.28110000000004	19178	19.718979722974236	19178	20
19180	-421.2421	19180	19.682483102482209	19180	20
19182	-421.2028	19182	19.677069252065909	19182	20
19184	-421.16400000000004	19184	19.630891043386644	19184	20
19186	-421.1252	19186	19.592409202825326	19186	20
19188	-421.0864	19188	19.560341002352825	19188	20
19190	-421.04720000000003	19190	19.566950835293511	19190	20
19192	-421.0085	19192	19.530792362745071	19192	20
19194	-420.96930000000003	19194	19.542326968953716	19194	20
19196	-420.92990000000003	19196	19.568605807461477	19196	20
19198	-420.89050000000003	19198	19.590504839551276	19198	20
19200	-420.8512	19200	19.600420699628202	19200	20
19202	-420.81210000000004	19202	19.592017249687018	19202	20
19204	-420.773	19204	19.585014374740766	19204	20
19206	-420.7337	19206	19.595845312286109	19206	20
19208	-420.6943	19208	19.613204426905135	19208	20
19210	-420.6549	19210	19.627670355754326	19210	20
19212	-420.61530000000005	19212	19.656391963124467	19212	20
19214	-420.5756	19214	19.688659969273633	19214	20
19216	-420.5362	19216	19.690549974394738	19216	20
19218	-420.4966	19218	19.708791645329548	19218	20
19220	-420.457	19220	19.723993037775223	19220	20
19222	-420.4169	19222	19.778327531478968	19222	20
19224	-420.37690000000003	19224	19.815272942896108	19224	20
19226	-420.3373	19226	19.812727452414023	19226	20
19228	-420.2973	19228	19.843939543680058	19228	20
19230	-420.25730000000004	19230	19.869949619730352	19230	20
19232	-420.21700000000004	19232	19.916624683108797	19232	20
19234	-420.177	19234	19.930520569259034	19234	20
19236	-420.1368	19236	19.958767141051453	19236	20
19238	-420.0967	19238	19.973972617542493	19238	20
19240	-420.0563	19240	20.011643847950154	19240	20
19242	-420.016	19242	20.0347032066253	19242	20
19244	-419.9755	19244	20.070586005521804	19244	20
19246	-419.935	19246	20.100488337935559	19246	20
19248	-419.8945	19248	20.125406948280354	19248	20
19250	-419.8539	19250	20.154505790232257	19250	20
19252	-419.81300000000005	19252	20.203754825190636	19252	20
19254	-419.7724	19254	20.219795687662227	19254	20
19256	-419.73150000000004	19256	20.258163073048944	19256	20
19258	-419.6907	19258	20.281802560878038	19258	20
19260	-419.65020000000004	19260	20.276502134061015	19260	20
19262	-419.6089	19262	20.338751778387113	19262	20
19264	-419.5684	19264	20.323959815323317	19264	20
19266	-419.5281	19266	20.294966512769598	19266	20
19268	-419.487	19268	20.337472093972309	19268	20
19270	-419.4465	19270	20.322893411644312	19270	20
19272	-419.40610000000004	19272	20.302411176368334	19272	20
19274	-419.3654	19274	20.310342646974888	19274	20
19276	-419.3251	19276	20.283618872479241	19276	20
19278	-419.2844	19278	20.294682393733975	19278	20
19280	-419.24420000000003	19280	20.262235328109167	19280	20
19282	-419.2037	19282	20.260196106758361	19282	20
19284	-419.1632	19284	20.258496755632688	19284	20
19286	-419.1227	19286	20.257080629694627	19286	20
19288	-419.08230000000003	19288	20.247567191410266	19288	20
19290	-419.0417	19290	20.256305992845252	19290	20
19292	-419.00140000000005	19292	20.238588327366472	19292	20
19294	-418.961	19294	20.232156939474873	19294	20
19296	-418.9203	19296	20.251797449563668	19296	20
19298	-418.88	19298	20.234831207969894	19298	20
19300	-418.8394	19300	20.245692673306873	19300	20
19302	-418.7991	19302	20.229743894422562	19302	20
19304	-418.7584	19304	20.249786578686745	19304	20
19306	-418.718	19306	20.241488815570364	19306	20
19308	-418.6775	19308	20.242907346309359	19308	20
19310	-418.6372	19310	20.2274227885913	19310	20
19312	-418.5965	19312	20.24785232382736	19312	20
19314	-418.5561	19314	20.239876936520876	19314	20
19316	-418.5158	19316	20.224897447100897	19316	20
19318	-418.4755	19318	20.212414539250915	19318	20
19320	-418.4352	19320	20.2020121160426	19320	20
19322	-418.39500000000004	19322	20.185010096699688	19322	20
19324	-418.3546	19324	20.187508413919218	19324	20
19326	-418.3145	19326	20.164590344932297	19326	20
19328	-418.27410000000003	19328	20.170491954108321	19328	20
19330	-418.2334	19330	20.200409961758211	19330	20
19332	-418.1933	19332	20.175341634798126	19332	20
19334	-418.1531	19334	20.162784695667362	19334	20
19336	-418.1127	19336	20.168987246387545	19336	20
19338	-418.0725	19338	20.157489371991879	19338	20
19340	-418.03200000000004	19340	20.172907809989216	19340	20
19342	-417.99150000000003	19342	20.185756508325067	19342	20
19344	-417.95120000000003	19344	20.179797090271059	19344	20
19346	-417.9107	19346	20.191497575226606	19346	20
19348	-417.87010000000004	19348	20.209581312687469	19348	20
19350	-417.8297	19350	20.207984427242369	19350	20
19352	-417.7893	19352	20.206653689366718	19352	20
19354	-417.7488	19354	20.213878074472987	19354	20
19356	-417.70860000000005	19356	20.194898395391679	19356	20
19358	-417.6682	19358	20.19574866282921	19358	20
19360	-417.6279	19360	20.188123885691176	19360	20
19362	-417.5873	19362	20.206769904741275	19362	20
19364	-417.5473	19364	20.172308253952767	19364	20
19366	-417.5072	19366	20.151923544960255	19366	20
19368	-417.4671	19368	20.134936287466495	19368	20
19370	-417.427	19370	20.120780239555028	19370	20
19372	-417.38710000000003	19372	20.092316866294919	19372	20
19374	-417.34720000000004	19374	20.068597388578162	19374	20
19376	-417.3072	19376	20.057164490483508	19376	20
19378	-417.2677	19378	20.00597040873895	19378	20
19380	-417.2285	19380	19.938308673948615	19380	20
19382	-417.1892	19382	19.890257228287915	19382	20
19384	-417.15000000000003	19384	19.841881023572753	19384	20
19386	-417.1109	19386	19.793234186312212	19386	20
19388	-417.0718	19388	19.752695155261762	19388	20
19390	-417.03270000000003	19390	19.718912629381652	19390	20
19392	-416.9939	19392	19.665760524487833	19392	20
19394	-416.9551	19394	19.621467103738247	19394	20
19396	-416.91610000000003	19396	19.601222586447477	19396	20
19398	-416.8772	19398	19.576018822040595	19398	20
19400	-416.83840000000004	19400	19.54668235169888	19400	20
19402	-416.7996	19402	19.522235293085526	19402	20
19404	-416.7609	19404	19.493529410905083	19404	20
19406	-416.7221	19406	19.477941175752623	19406	20
19408	-416.68350000000004	19408	19.448284313125018	19408	20
19410	-416.6449	19410	19.423570260940085	19410	20
19412	-416.6061	19412	19.419641884115123	19412	20
19414	-416.5674	19414	19.408034903429748	19414	20
19416	-416.52880000000005	19416	19.390029086189287	19416	20
19418	-416.4903	19418	19.3666909051624	19418	20
19420	-416.45160000000004	19420	19.363909087631075	19420	20
19422	-416.4128	19422	19.369924239695688	19422	20
19424	-416.3741	19424	19.36660353308022	19424	20
19426	-416.3349	19426	19.405502944233007	19426	20
19428	-416.296	19428	19.412919120195205	19428	20
19430	-416.2567	19430	19.452432600160073	19430	20
19432	-416.2172	19432	19.502027166802751	19432	20
19434	-416.1778	19434	19.535022639002339	19434	20
19436	-416.1386	19436	19.545852199168106	19436	20
19438	-416.0992	19438	19.5715434993068	19438	20
19440	-416.06	19440	19.576286249421823	19440	20
19442	-416.0206	19442	19.596905207851563	19442	20
19444	-415.98150000000004	19444	19.589087673206485	19444	20
19446	-415.9422	19446	19.59923972767421	19446	20
19448	-415.9028	19448	19.616033106395221	19448	20
19450	-415.86350000000004	19450	19.621694255326755	19450	20
19452	-415.8238	19452	19.65974521277554	19452	20
19454	-415.78430000000003	19454	19.674787677310906	19454	20
19456	-415.7446	19456	19.703989731095668	19456	20
19458	-415.7049	19458	19.728324775911567	19458	20
19460	-415.665	19460	19.765270646592036	19460	20
19462	-415.62530000000004	19462	19.779392205491874	19462	20
19464	-415.58570000000003	19464	19.782826837910495	19464	20
19466	-415.5461	19466	19.785689031592678	19466	20
19468	-415.50640000000004	19468	19.796407526325741	19468	20
19470	-415.4667	19470	19.805339605274696	19470	20
19472	-415.427	19472	19.812783004394088	19472	20
19474	-415.3872	19474	19.827319170329559	19474	20
19476	-415.34770000000003	19476	19.814432641939256	19476	20
19478	-415.3079	19478	19.828693868283864	19478	20
19480	-415.26800000000003	19480	19.848911556902284	19480	20
19482	-415.22790000000003	19482	19.882426297418185	19482	20
19484	-415.1879	19484	19.902021914516858	19484	20
19486	-415.1474	19486	19.960018262098103	19486	20
19488	-415.1069	19488	20.00834855174914	19488	20
19490	-415.0665	19490	20.040290459789027	19490	20
19492	-415.0262	19492	20.058575383157692	19492	20
19494	-414.98580000000004	19494	20.082146152629484	19494	20
19496	-414.9454	19496	20.101788460527381	19496	20
19498	-414.9047	19498	20.14315705044076	19498	20
19500	-414.8641	19500	20.169297542032595	19500	20
19502	-414.8233	19502	20.207747951693012	19502	20
19504	-414.7825	19504	20.239789959743359	19504	20
19506	-414.7421	19506	20.233158299788943	19506	20
19508	-414.70120000000003	19508	20.269298583154541	19508	20
19510	-414.66060000000004	19510	20.274415485960745	19510	20
19512	-414.6202	19512	20.2620129049701	19512	20
19514	-414.5795	19514	20.27667742080969	19514	20
19516	-414.5389	19516	20.280564517340039	19516	20
19518	-414.4984	19518	20.275470431117423	19518	20
19520	-414.458	19520	20.262892025929261	19520	20
19522	-414.4177	19522	20.244076688274554	19522	20
19524	-414.3775	19524	20.220063906897721	19524	20
19526	-414.3373	19526	20.200053255745622	19526	20
19528	-414.29720000000003	19528	20.175044379787636	19528	20
19530	-414.2572	19530	20.1458703164914	19530	20
19532	-414.2169	19532	20.146558597076336	19532	20
19534	-414.1768	19534	20.130465497563229	19534	20
19536	-414.1368	19536	20.108721247971062	19536	20
19538	-414.09680000000003	19538	20.090601039972853	19538	20
19540	-414.0565	19540	20.100500866644214	19540	20
19542	-414.0163	19542	20.100417388872437	19542	20
19544	-413.9759	19544	20.117014490725108	19544	20
19546	-413.9357	19546	20.114178742273182	19546	20
19548	-413.8951	19548	20.145148951892949	19548	20
19550	-413.85450000000003	19550	20.17095745990942	19550	20
19552	-413.81390000000005	19552	20.192464549923145	19552	20
19554	-413.77340000000004	19554	20.202053791603344	19554	20
19556	-413.7327	19556	20.226711493004061	19556	20
19558	-413.692	19558	20.247259577504661	19558	20
19560	-413.651	19560	20.28938298125362	19560	20
19562	-413.6105	19562	20.282819151045405	19562	20
19564	-413.57	19564	20.27734929253856	19564	20
19566	-413.52930000000003	19566	20.289457743778669	19566	20
19568	-413.4886	19568	20.299548119816833	19568	20
19570	-413.44780000000003	19570	20.316290099846544	19570	20
19572	-413.4071	19572	20.321908416540062	19572	20
19574	-413.3663	19574	20.334923680449233	19574	20
19576	-413.32550000000003	19576	20.345769733706877	19576	20
19578	-413.2848	19578	20.346474778090339	19578	20
19580	-413.2445	19580	20.31372898174212	19580	20
19582	-413.2042	19582	20.286440818118603	19582	20
19584	-413.16380000000004	19584	20.27203401509691	19584	20
19586	-413.12330000000003	19586	20.268361679248148	19586	20
19588	-413.0831	19588	20.240301399375713	19588	20
19590	-413.0428	19590	20.225251166146595	19590	20
19592	-413.00260000000003	19592	20.204375971786352	19592	20
19594	-412.9621	19594	20.211979976489349	19594	20
19596	-412.9221	19596	20.176649980409497	19596	20
19598	-412.8816	19598	20.1888749836753	19598	20
19600	-412.8415	19600	20.165729153062365	19600	20
19602	-412.8011	19602	20.17144096088338	19602	20
19604	-412.761	19604	20.151200800735765	19604	20
19606	-412.72090000000003	19606	20.134334000612753	19606	20
19608	-412.68120000000005	19608	20.086945000509136	19608	20
19610	-412.64140000000003	19610	20.055787500425431	19610	20
19612	-412.6019	19612	20.004822917023883	19612	20
19614	-412.5627	19614	19.937352430852727	19614	20
19616	-412.52320000000003	19616	19.90612702570856	19616	20
19618	-412.4841	19618	19.846772521425386	19618	20
19620	-412.4449	19620	19.805643767853979	19620	20
19622	-412.40540000000004	19622	19.796369806542938	19622	20
19624	-412.3664	19624	19.746974838789459	19624	20
19626	-412.32730000000004	19626	19.714145698988066	19626	20
19628	-412.2883	19628	19.678454749160398	19628	20
19630	-412.2491	19630	19.665378957633155	19630	20
19632	-412.2097	19632	19.671149131361009	19632	20
19634	-412.17080000000004	19634	19.634290942797136	19634	20
19636	-412.1315	19636	19.636909118999753	19636	20
19638	-412.0922	19638	19.639090932501933	19638	20
19640	-412.053	19640	19.632575777084437	19640	20
19642	-412.01370000000003	19642	19.635479814234433	19642	20
19644	-411.9744	19644	19.6378998451975	19644	20
19646	-411.9352	19646	19.631583204330742	19646	20
19648	-411.8958	19648	19.642986003608996	19648	20
19650	-411.85630000000003	19650	19.660821669672121	19650	20
19652	-411.8166	19652	19.692351391396677	19652	20
19654	-411.77700000000004	19654	19.710292826159762	19654	20
19656	-411.7373	19656	19.733577355136379	19656	20
19658	-411.6975	19658	19.761314462614802	19658	20
19660	-411.6575	19660	19.801095385509303	19660	20
19662	-411.61760000000004	19662	19.825912821256814	19662	20
19664	-411.5774	19664	19.871594017716269	19664	20
19666	-411.5373	19666	19.901328348096506	19666	20
19668	-411.4972	19668	19.926106956746704	19668	20
19670	-411.4571	19670	19.946755797288535	19670	20
19672	-411.4171	19672	19.955629831075484	19672	20
19674	-411.3772	19674	19.9546915258953	19674	20
19676	-411.3372	19676	19.962242938247787	19676	20
19678	-411.29670000000004	19678	20.010202448535804	19678	20
19680	-411.2567	19680	20.008502040448207	19680	20
19682	-411.2164	19682	20.032085033707009	19682	20
19684	-411.1764	19684	20.02673752809088	19684	20
19686	-411.1363	19686	20.030614606742017	19686	20
19688	-411.09590000000003	19688	20.058845505616421	19688	20
19690	-411.0556	19690	20.074037921347188	19690	20
19692	-411.0152	19692	20.095031601125466	19692	20
19694	-410.9746	19694	20.129193000936517	19694	20
19696	-410.9341	19696	20.149327500781155	19696	20
19698	-410.8935	19698	20.174439583982924	19698	20
19700	-410.85330000000005	19700	20.162032986649958	19700	20
19702	-410.81260000000003	19702	20.193360822209574	19702	20
19704	-410.7721	19704	20.202800685175365	19704	20
19706	-410.73170000000005	19706	20.20233390431088	19706	20
19708	-410.6911	19708	20.218611586929097	19708	20
19710	-410.6506	19710	20.223842989108302	19710	20
19712	-410.6102	19712	20.219869157588327	19712	20
19714	-410.56940000000003	19714	20.249890964656121	19714	20
19716	-410.52880000000005	19716	20.258242470545397	19716	20
19718	-410.48830000000004	19718	20.25686872545522	19718	20
19720	-410.4477	19720	20.26405727121605	19720	20
19722	-410.4071	19722	20.270047726012002	19722	20
19724	-410.36670000000004	19724	20.258373105008079	19724	20
19726	-410.3258	19726	20.290310920841893	19726	20
19728	-410.28540000000004	19728	20.275259100699653	19728	20
19730	-410.245	19730	20.262715917252521	19730	20
19732	-410.2042	19732	20.285596597709617	19732	20
19734	-410.16380000000004	19734	20.271330498089423	19734	20
19736	-410.1234	19736	20.259442081743998	19736	20
19738	-410.08320000000003	19738	20.232868401450855	19738	20
19740	-410.04290000000003	19740	20.219057001209215	19740	20
19742	-410.00260000000003	19742	20.207547501007848	19742	20
19744	-409.9621	19744	20.214622917507263	19744	20
19746	-409.92130000000003	19746	20.245519097921903	19746	20
19748	-409.8811	19748	20.221265914937177	19748	20
19750	-409.8407	19750	20.217721595779057	19750	20
19752	-409.80060000000003	19752	20.189767996482164	19752	20
19754	-409.7604	19754	20.174806663737396	19754	20
19756	-409.72040000000004	19756	20.145672219778131	19756	20
19758	-409.6805	19758	20.113060183152239	19758	20
19760	-409.6406	19760	20.085883485959261	19760	20
19762	-409.60060000000004	19762	20.071569571629688	19762	20
19764	-409.5607	19764	20.051307976361873	19764	20
19766	-409.5208	19766	20.034423313633955	19766	20
19768	-409.4809	19768	20.020352761360691	19768	20
19770	-409.44050000000004	19770	20.050293967798652	19770	20
19772	-409.4001	19772	20.075244973168356	19772	20
19774	-409.35970000000003	19774	20.096037477638372	19774	20
19776	-409.3193	19776	20.113364564701456	19776	20
19778	-409.2791	19778	20.111137137248736	19778	20
19780	-409.2388	19780	20.117614281040783	19780	20
19782	-409.1986	19782	20.114678567536245	19782	20
19784	-409.15840000000003	19784	20.112232139611059	19784	20
19786	-409.1182	19786	20.110193449678142	19786	20
19788	-409.07800000000003	19788	20.108494541395974	19788	20
19790	-409.038	19790	20.090412117831683	19790	20
19792	-408.9982	19792	20.058676764860888	19792	20
19794	-408.9581	19794	20.057230637383689	19794	20
19796	-408.9182	19796	20.039358864485472	19796	20
19798	-408.8784	19798	20.016132387072378	19798	20
19800	-408.83820000000003	19800	20.030110322557839	19800	20
19802	-408.79830000000004	19802	20.016758602130594	19802	20
19804	-408.7584	19804	20.00563216844596	19804	20
19806	-408.7185	19806	19.996360140370694	19806	20
19808	-408.6787	19808	19.980300116976728	19808	20
19810	-408.639	19810	19.95858343081245	19810	20
19812	-408.59950000000003	19812	19.923819525674997	19812	20
19814	-408.5605	19814	19.853182938066176	19814	20
19816	-408.52070000000003	19816	19.860985781718231	19816	20
19818	-408.4812	19818	19.842488151434551	19818	20
19820	-408.442	19820	19.802073459528284	19820	20
19822	-408.403	19822	19.751727882939175	19822	20
19824	-408.36420000000004	19824	19.693106569114363	19824	20
19826	-408.3251	19826	19.669255474263554	19826	20
19828	-408.2859	19828	19.65771289521912	19828	20
19830	-408.2468	19830	19.639760746017519	19830	20
19832	-408.20770000000005	19832	19.624800621678116	19832	20
19834	-408.1686	19834	19.612333851400013	19834	20
19836	-408.1293	19836	19.618611542835481	19836	20
19838	-408.0905	19838	19.582176285694619	19838	20
19840	-408.0518	19840	19.543480238079326	19840	20
19842	-408.0131	19842	19.51123353173325	19842	20
19844	-407.97450000000003	19844	19.476027943108875	19844	20
19846	-407.9357	19846	19.463356619260519	19846	20
19848	-407.8971	19848	19.436130516048266	19848	20
19850	-407.8586	19850	19.40510876337348	19850	20
19852	-407.82	19852	19.387590636147138	19852	20
19854	-407.7814	19854	19.372992196787113	19854	20
19856	-407.7427	19856	19.36916016398974	19856	20
19858	-407.7035	19858	19.407633469990941	19858	20
19860	-407.6642	19860	19.448027891661255	19860	20
19862	-407.6249	19862	19.481689909715115	19862	20
19864	-407.5855	19864	19.51807492476264	19864	20
19866	-407.5462	19866	19.540062437304339	19866	20
19868	-407.507	19868	19.550052031086441	19868	20
19870	-407.4676	19870	19.575043359238745	19870	20
19872	-407.42850000000004	19872	19.570869466029137	19872	20
19874	-407.38910000000004	19874	19.592391221690992	19874	20
19876	-407.3498	19876	19.60199268474463	19876	20
19878	-407.3104	19878	19.618327237287236	19878	20
19880	-407.27070000000003	19880	19.65693936440454	19880	20
19882	-407.231	19882	19.689116137007026	19882	20
19884	-407.1915	19884	19.69926344750381	19884	20
19886	-407.1519	19886	19.716052872920439	19886	20
19888	-407.112	19888	19.755044060766096	19888	20
19890	-407.0722	19890	19.7792033839729	19890	20
19892	-407.0319	19892	19.841002819977586	19892	20
19894	-406.99170000000004	19894	19.884169016645512	19894	20
19896	-406.95160000000004	19896	19.911807513870876	19896	20
19898	-406.9114	19898	19.943172928227987	19898	20
19900	-406.8715	19900	19.944310773522385	19900	20
19902	-406.8315	19902	19.953592311270359	19902	20
19904	-406.7912	19904	19.9863269260588	19904	20
19906	-406.7511	19906	19.996939105048618	19906	20
19908	-406.71070000000003	19908	20.030782587538592	19908	20
19910	-406.6702	19910	20.067318822949549	19910	20
19912	-406.6295	19912	20.114432352459232	19912	20
19914	-406.5889	19914	20.145360293714656	19914	20
19916	-406.54810000000003	19916	20.187800244761394	19916	20
19918	-406.50730000000004	19918	20.223166870633676	19918	20
19920	-406.46630000000005	19920	20.2693057255278	19920	20
19922	-406.4252	19922	20.316088104608884	19922	20
19924	-406.3843	19924	20.338406753842566	19924	20
19926	-406.3432	19926	20.373672294866449	19926	20
19928	-406.3023	19928	20.386393579057202	19928	20
19930	-406.2613	19930	20.405327982547405	19930	20
19932	-406.22020000000003	19932	20.429439985453815	19932	20
19934	-406.17940000000004	19934	20.424533321210696	19934	20
19936	-406.1385	19936	20.42877776767741	19936	20
19938	-406.0976	19938	20.43231480639967	19938	20
19940	-406.0565	19940	20.4519290053307	19940	20
19942	-406.0154	19942	20.4682741711113	19942	20
19944	-405.9744	19944	20.473561809259152	19944	20
19946	-405.9334	19946	20.477968174382362	19946	20
19948	-405.8924	19948	20.481640145318369	19948	20
19950	-405.85130000000004	19950	20.493033454429618	19950	20
19952	-405.8106	19952	20.46919454535929	19952	20
19954	-405.77000000000004	19954	20.440995454464705	19954	20
19956	-405.7293	19956	20.425829545388531	19956	20
19958	-405.689	19958	20.37985795449061	19958	20
19960	-405.6487	19960	20.341548295409012	19960	20
19962	-405.6086	19962	20.292956912840459	19962	20
19964	-405.5683	19964	20.269130760700552	19964	20
19966	-405.52790000000005	19966	20.257608967248537	19966	20
19968	-405.48760000000004	19968	20.23967413937395	19968	20
19970	-405.4472	19970	20.233061782814435	19970	20
19972	-405.40720000000005	19972	20.19421815234233	19972	20
19974	-405.3666	19974	20.211848460288639	19974	20
19976	-405.32620000000003	19976	20.209873716905275	19976	20
19978	-405.2859	19978	20.199894764087897	19978	20
19980	-405.24530000000004	19980	20.216578970071875	19980	20
19982	-405.20480000000003	19982	20.222149141727286	19982	20
19984	-405.1642	19984	20.235124284776102	19984	20
19986	-405.1239	19986	20.220936903980252	19986	20
19988	-405.0835	19988	20.217447419981621	19988	20
19990	-405.0432	19990	20.206206183318187	19990	20
19992	-405.0029	19992	20.19683848609866	19992	20
19994	-404.9623	19994	20.214032071747511	19994	20
19996	-404.9219	19996	20.211693393125739	19996	20
19998	-404.8813	19998	20.226411160936745	19998	20
20000	-404.8406	20000	20.247009300781897	20000	20
20002	-404.79990000000004	20002	20.264174417314784	20002	20
20004	-404.759	20004	20.295145347764148	20004	20
20006	-404.7183	20006	20.304287789804732	20006	20
20008	-404.6775	20008	20.32023982483646	20008	20
20010	-404.6368	20010	20.325199854031659	20010	20
20012	-404.5962	20012	20.320999878358347	20012	20
20014	-404.5556	20014	20.317499898630583	20014	20
20016	-404.5149	20016	20.322916582193429	20016	20
20018	-404.4746	20018	20.294097151828026	20018	20
20020	-404.4345	20020	20.253414293189639	20020	20
20022	-404.3944	20022	20.219511910990981	20022	20
20024	-404.3544	20024	20.182926592494191	20024	20
20026	-404.31440000000003	20026	20.152438827075461	20026	20
20028	-404.2746	20028	20.1103656892307	20028	20
20030	-404.2348	20030	20.075304741026734	20030	20
20032	-404.195	20032	20.046087284190097	20032	20
20034	-404.1547	20034	20.063406070158582	20034	20
20036	-404.1152	20036	20.011171725130108	20036	20
20038	-404.0756	20038	19.97597643760902	20038	20
20040	-404.036	20040	19.946647031341449	20040	20
20042	-403.9964	20042	19.922205859451807	20042	20
20044	-403.9569	20044	19.893504882874463	20044	20
20046	-403.9176	20046	19.852920735730859	20046	20
20048	-403.8784	20048	19.810767279775206	20048	20
20050	-403.83950000000004	20050	19.750639399808968	20050	20
20052	-403.80080000000004	20052	19.683866166507951	20052	20
20054	-403.762	20054	19.63655513875975	20054	20
20056	-403.7233	20056	19.588795948966936	20056	20
20058	-403.6843	20058	19.573996624138051	20058	20
20060	-403.64570000000003	20060	19.528330520112874	20060	20
20062	-403.60630000000003	20062	19.556942100094108	20062	20
20064	-403.5672	20064	19.55578508341334	20064	20
20066	-403.5281	20066	19.554820902846036	20066	20
20068	-403.48920000000004	20068	19.537350752367992	20068	20
20070	-403.4501	20070	19.539458960308245	20070	20
20072	-403.411	20072	19.541215800258456	20072	20
20074	-403.37210000000005	20074	19.526013166878343	20074	20
20076	-403.333	20076	19.530010972400206	20076	20
20078	-403.2944	20078	19.491675810336076	20078	20
20080	-403.2556	20080	19.476396508611781	20080	20
20082	-403.2171	20082	19.43866375717641	20082	20
20084	-403.1782	20084	19.440553130981375	20084	20
20086	-403.1395	20086	19.425460942484957	20086	20
20088	-403.10040000000004	20088	19.446217452067646	20088	20
20090	-403.0613	20090	19.463514543391291	20090	20
20092	-403.0219	20092	19.502928786159455	20092	20
20094	-402.9828	20094	19.510773988467797	20094	20
20096	-402.9432	20096	19.558978323723764	20096	20
20098	-402.90380000000005	20098	19.58248193643178	20098	20
20100	-402.86420000000004	20100	19.618734947027082	20100	20
20102	-402.82460000000003	20102	19.648945789189835	20102	20
20104	-402.785	20104	19.674121490992128	20104	20
20106	-402.7455	20106	19.6867679091628	20106	20
20108	-402.706	20108	19.697306590966956	20108	20
20110	-402.6664	20110	19.71442215913973	20110	20
20112	-402.627	20112	19.712018465949821	20112	20
20114	-402.58750000000003	20114	19.718348721622807	20114	20
20116	-402.54830000000004	20116	19.698623934685163	20116	20
20118	-402.5088	20118	19.707186612240328	20118	20
20120	-402.4692	20120	19.722655510200873	20120	20
20122	-402.4295	20122	19.74387959183257	20122	20
20124	-402.3901	20124	19.736566326527186	20124	20
20126	-402.3501	20126	19.780471938774358	20126	20
20128	-402.31010000000003	20128	19.8170599489756	20128	20
20130	-402.2706	20130	19.805883290815693	20130	20
20132	-402.23060000000004	20132	19.838236075676715	20132	20
20134	-402.19050000000004	20134	19.873530063063544	20134	20
20136	-402.1504	20136	19.902941719223971	20136	20
20138	-402.1104	20138	19.919118099350278	20138	20
20140	-402.07050000000004	20140	19.92426508279096	20140	20
20142	-402.03040000000004	20142	19.945220902325417	20142	20
20144	-401.9903	20144	19.962684085275534	20144	20
20146	-401.9504	20146	19.960570071062008	20146	20
20148	-401.9101	20148	19.992141725885176	20148	20
20150	-401.87	20150	20.001784771570595	20150	20
20152	-401.8294	20152	20.051487309640791	20152	20
20154	-401.7887	20154	20.101239424701934	20154	20
20156	-401.7481	20156	20.13436618725024	20156	20
20158	-401.7071	20158	20.195305156041602	20158	20
20160	-401.6668	20160	20.187754296701502	20160	20
20162	-401.62640000000005	20162	20.189795247249329	20162	20
20164	-401.58590000000004	20164	20.199829372708496	20164	20
20166	-401.5453	20166	20.216524477260446	20166	20
20168	-401.5047	20168	20.230437064382333	20168	20
20170	-401.4642	20170	20.233697553652664	20170	20
20172	-401.4237	20172	20.23641462804461	20172	20
20174	-401.3833	20174	20.230345523368584	20174	20
20176	-401.3428	20176	20.233621269474543	20176	20
20178	-401.30190000000005	20178	20.269684391225876	20178	20
20180	-401.2609	20180	20.308070326026034	20180	20
20182	-401.2199	20182	20.340058605021429	20182	20
20184	-401.1788	20184	20.3750488375155	20184	20
20186	-401.1379	20186	20.387540697931414	20186	20
20188	-401.0971	20188	20.389617248275361	20188	20
20190	-401.0565	20190	20.374681040228097	20190	20
20192	-401.016	20192	20.353900866857469	20192	20
20194	-400.9753	20194	20.353250722382498	20194	20
20196	-400.9349	20196	20.327708935316824	20196	20
20198	-400.89410000000004	20198	20.339757446096534	20198	20
20200	-400.85360000000003	20200	20.324797871747833	20200	20
20202	-400.8132	20202	20.303998226459338	20202	20
20204	-400.7728	20204	20.286665188714192	20204	20
20206	-400.7325	20206	20.263887657261996	20206	20
20208	-400.69190000000003	20208	20.269906381050294	20208	20
20210	-400.6514	20210	20.266588650875967	20210	20
20212	-400.611	20212	20.25549054239945	20212	20
20214	-400.5708	20214	20.229575451997064	20214	20
20216	-400.5305	20216	20.216312876664389	20216	20
20218	-400.4904	20218	20.188594063886608	20218	20
20220	-400.4501	20220	20.182161719905675	20220	20
20222	-400.40950000000004	20222	20.201801433253358	20222	20
20224	-400.3689	20224	20.218167861047831	20224	20
20226	-400.32820000000004	20226	20.240139884203064	20226	20
20228	-400.2875	20228	20.258449903503827	20228	20
20230	-400.2468	20230	20.273708252921132	20230	20
20232	-400.2062	20232	20.278090210766241	20232	20
20234	-400.16540000000003	20234	20.29840850897105	20234	20
20236	-400.1249	20236	20.290340424143263	20236	20
20238	-400.0842	20238	20.300283686787328	20238	20
20240	-400.0435	20240	20.308569738990716	20240	20
20242	-400.0029	20242	20.307141449157559	20242	20
20244	-399.96270000000004	20244	20.272617874295488	20244	20
20246	-399.92240000000004	20246	20.252181561913076	20246	20
20248	-399.88210000000004	20248	20.2351513015944	20248	20
20250	-399.84200000000004	20250	20.204292751328282	20250	20
20252	-399.80190000000005	20252	20.178577292773184	20252	20
20254	-399.762	20254	20.140481077314785	20254	20
20256	-399.72200000000004	20256	20.117067564425955	20256	20
20258	-399.6823	20258	20.072556303691542	20258	20
20260	-399.6426	20260	20.035463586408127	20260	20
20262	-399.603	20262	19.996219655340706	20262	20
20264	-399.5634	20264	19.963516379451185	20264	20
20266	-399.5237	20266	19.944596982874497	20266	20
20268	-399.48400000000004	20268	19.92883081906059	20268	20
20270	-399.44440000000003	20270	19.907359015884424	20270	20
20272	-399.4046	20272	19.906132513238173	20272	20
20274	-399.3647	20274	19.913443761030873	20274	20
20276	-399.3253	20276	19.877869800859106	20276	20
20278	-399.28560000000004	20278	19.873224834047765	20278	20
20280	-399.24620000000004	20280	19.844354028373182	20280	20
20282	-399.20680000000004	20282	19.820295023644363	20282	20
20284	-399.1673	20284	19.808579186372995	20284	20
20286	-399.12760000000003	20286	19.815482655309339	20286	20
20288	-399.0883	20288	19.787902212759921	20288	20
20290	-399.0487	20290	19.789918510633864	20290	20
20292	-399.0095	20292	19.758265425527711	20292	20
20294	-398.96970000000005	20294	19.781887854602843	20294	20
20296	-398.92990000000003	20296	19.801573212170187	20296	20
20298	-398.8901	20298	19.81797767680964	20298	20
20300	-398.8503	20300	19.831648064009187	20300	20
20302	-398.8109	20302	19.8097067200077	20302	20
20304	-398.7712	20304	19.816422266671591	20304	20
20306	-398.73170000000005	20306	19.805351888890947	20306	20
20308	-398.692	20308	19.8127932407457	20308	20
20310	-398.6523	20310	19.818994367286592	20310	20
20312	-398.6127	20312	19.815828639406092	20312	20
20314	-398.5731	20314	19.813190532839009	20314	20
20316	-398.5333	20316	19.827658777366992	20316	20
20318	-398.4936	20318	19.831382314471004	20318	20
20320	-398.4537	20320	19.8511519287249	20320	20
20322	-398.4137	20322	19.875959940605789	20322	20
20324	-398.3741	20324	19.863299950505422	20324	20
20326	-398.3342	20326	19.877749958753579	20326	20
20328	-398.29420000000005	20328	19.898124965624952	20328	20
20330	-398.25390000000004	20330	19.940104138020963	20330	20
20332	-398.2138	20332	19.95842011502182	20332	20
20334	-398.1737	20334	19.973683429184465	20334	20
20336	-398.1334	20336	20.003069524320555	20336	20
20338	-398.09340000000003	20338	20.002557936930764	20338	20
20340	-398.053	20340	20.035464947445114	20340	20
20342	-398.01250000000005	20342	20.071220789533577	20342	20
20344	-397.97220000000004	20344	20.084350657944817	20344	20
20346	-397.9313	20346	20.145292214955845	20346	20
20348	-397.8906	20348	20.179410179131146	20348	20
20350	-397.8501	20350	20.191175149276678	20350	20
20352	-397.809	20352	20.25097929106154	20352	20
20354	-397.7683	20354	20.267482742552559	20354	20
20356	-397.7273	20356	20.306235618793536	20356	20
20358	-397.6864	20358	20.330196348996441	20358	20
20360	-397.64500000000004	20360	20.391830290826473	20360	20
20362	-397.6041	20362	20.401525242357224	20362	20
20364	-397.56300000000005	20364	20.426271035295329	20364	20
20366	-397.5221	20366	20.430225862747935	20366	20
20368	-397.48130000000003	20368	20.425188218955796	20368	20
20370	-397.44050000000004	20370	20.420990182462347	20370	20
20372	-397.3998	20372	20.409158485386566	20372	20
20374	-397.35920000000004	20374	20.390965404487435	20374	20
20376	-397.3188	20376	20.359137837075675	20376	20
20378	-397.2782	20378	20.349281530895023	20378	20
20380	-397.23740000000004	20380	20.357734609078367	20380	20
20382	-397.1969	20382	20.33977884089936	20382	20
20384	-397.1565	20384	20.316482367418946	20384	20
20386	-397.1159	20386	20.313735306181083	20386	20
20388	-397.0754	20388	20.303112755151624	20388	20
20390	-397.0351	20390	20.277593962626522	20390	20
20392	-396.995	20392	20.239661635521717	20392	20
20394	-396.95500000000004	20394	20.1997180295984	20394	20
20396	-396.9151	20396	20.158098358002466	20396	20
20398	-396.875	20398	20.14008196500167	20398	20
20400	-396.8355	20400	20.075068304166013	20400	20
20402	-396.7959	20402	20.02922358680561	20402	20
20404	-396.7559	20404	20.024352989006381	20404	20
20406	-396.7162	20406	19.995294157503828	20406	20
20408	-396.6763	20408	19.987745131252254	20408	20
20410	-396.63640000000004	20410	19.981454276042609	20410	20
20412	-396.59610000000004	20412	20.009545230035677	20412	20
20414	-396.55600000000004	20414	20.016287691696014	20414	20
20416	-396.51590000000004	20416	20.021906409746293	20416	20
20418	-396.4757	20418	20.03492200812417	20418	20
20420	-396.43530000000004	20420	20.062435006768219	20420	20
20422	-396.39500000000004	20422	20.077029172307018	20422	20
20424	-396.3551	20424	20.055857643592979	20424	20
20426	-396.3152	20426	20.038214702993212	20426	20
20428	-396.2754	20428	20.01517891916216	20428	20
20430	-396.2355	20430	20.004315765967529	20430	20
20432	-396.1956	20432	19.995263138305337	20432	20
20434	-396.1553	20434	20.021052615254614	20434	20
20436	-396.11510000000004	20436	20.034210512709702	20436	20
20438	-396.0747	20438	20.061842093927563	20438	20
20440	-396.0344	20440	20.076535078273139	20440	20
20442	-395.994	20442	20.097112565225693	20442	20
20444	-395.95340000000004	20444	20.130927137686708	20444	20
20446	-395.91290000000004	20446	20.150772614739644	20446	20
20448	-395.8727	20448	20.142310512285295	20448	20
20450	-395.8324	20450	20.143592093571247	20450	20
20452	-395.79220000000004	20452	20.136326744640229	20452	20
20454	-395.75210000000004	20454	20.121938953866472	20454	20
20456	-395.7121	20456	20.101615794890431	20456	20
20458	-395.6725	20458	20.051346495742624	20458	20
20460	-395.6331	20460	19.992788746452231	20460	20
20462	-395.59360000000004	20462	19.952323955374816	20462	20
20464	-395.55440000000004	20464	19.893603296145173	20464	20
20466	-395.5149	20466	19.869669413457004	20466	20
20468	-395.47540000000004	20468	19.849724511212127	20468	20
20470	-395.4359	20470	19.83310375934613	20470	20
20472	-395.3962	20472	19.835919799453617	20472	20
20474	-395.3568	20474	19.813266499544724	20474	20
20476	-395.31730000000005	20476	19.802722082951892	20476	20
20478	-395.27840000000003	20478	19.743935069127609	20478	20
20480	-395.2391	20480	19.728279224275145	20480	20
20482	-395.1999	20482	19.706899353562111	20482	20
20484	-395.1608	20484	19.680749461303343	20484	20
20486	-395.12190000000004	20486	19.642291217749083	20486	20
20488	-395.0829	20488	19.618576014794581	20488	20
20490	-395.0443	20490	19.565480012326649	20490	20
20492	-395.0056	20492	19.529566676939353	20492	20
20494	-394.9671	20494	19.482972230782721	20494	20
20496	-394.928	20496	19.494143525653854	20496	20
20498	-394.8888	20498	19.511786271377705	20498	20
20500	-394.84950000000003	20500	19.534821892812158	20500	20
20502	-394.8102	20502	19.554018244012269	20502	20
20504	-394.7711	20504	19.553348536678477	20504	20
20506	-394.732	20506	19.552790447228915	20506	20
20508	-394.6929	20508	19.552325372692348	20508	20
20510	-394.6538	20510	19.55193781057854	20510	20
20512	-394.6147	20512	19.551614842145632	20512	20
20514	-394.5758	20514	19.534679035122391	20514	20
20516	-394.5366	20516	19.545565862601485	20516	20
20518	-394.4975	20518	19.546304885502824	20518	20
20520	-394.4586	20520	19.530254071253385	20520	20
20522	-394.4191	20522	19.566878392709111	20522	20
20524	-394.3799	20524	19.572398660590416	20524	20
20526	-394.3403	20526	19.610332217159279	20526	20
20528	-394.3005	20528	19.658610180967216	20528	20
20530	-394.2608	20530	19.690508484137855	20530	20
20532	-394.2216	20532	19.675423736781038	20532	20
20534	-394.182	20534	19.69618644731813	20534	20
20536	-394.1426	20536	19.696822039431819	20536	20
20538	-394.1033	20538	19.68901836619532	20538	20
20540	-394.06370000000004	20540	19.70751530515863	20540	20
20542	-394.02410000000003	20542	19.722929420966125	20542	20
20544	-393.9844	20544	19.744107850808348	20544	20
20546	-393.9447	20546	19.761756542338798	20546	20
20548	-393.9048	20548	19.793130451948059	20548	20
20550	-393.86490000000003	20550	19.819275376622446	20550	20
20552	-393.82480000000004	20552	19.857729480518319	20552	20
20554	-393.7848	20554	19.881441233766971	20554	20
20556	-393.74490000000003	20556	19.89286769480487	20556	20
20558	-393.7047	20558	19.927389745672983	20558	20
20560	-393.6643	20560	19.972824788058894	20560	20
20562	-393.62420000000003	20562	19.985687323382027	20562	20
20564	-393.5838	20564	20.021406102821167	20564	20
20566	-393.5436	20566	20.034505085681829	20566	20
20568	-393.5033	20568	20.053754238068361	20568	20
20570	-393.46320000000003	20570	20.053128531723249	20570	20
20572	-393.423	20572	20.060940443104965	20572	20
20574	-393.3825	20574	20.092450369254859	20574	20
20576	-393.3419	20576	20.127041974377679	20576	20
20578	-393.30170000000004	20578	20.122534978645589	20578	20
20580	-393.2613	20580	20.135445815540802	20580	20
20582	-393.2208	20582	20.154538179618058	20582	20
20584	-393.18	20584	20.195448483014232	20584	20
20586	-393.1392	20586	20.229540402511041	20586	20
20588	-393.0984	20588	20.257950335425051	20588	20
20590	-393.0577	20590	20.273291946188817	20590	20
20592	-393.017	20592	20.286076621825288	20592	20
20594	-392.9757	20594	20.346730518185936	20594	20
20596	-392.9349	20596	20.35560876515413	20596	20
20598	-392.8938	20598	20.388007304297492	20598	20
20600	-392.853	20600	20.390006086913758	20600	20
20602	-392.8122	20602	20.391671739093979	20602	20
20604	-392.7714	20604	20.3930597825775	20604	20
20606	-392.73060000000004	20606	20.394216485480431	20606	20
20608	-392.6895	20608	20.420180404569408	20608	20
20610	-392.64860000000004	20610	20.425150337138263	20610	20
20612	-392.6076	20612	20.437625280953025	20612	20
20614	-392.5665	20614	20.456354400791831	20614	20
20616	-392.5254	20616	20.471962000662241	20616	20
20618	-392.4844	20618	20.476635000551603	20618	20
20620	-392.44350000000003	20620	20.472195833790092	20620	20
20622	-392.4026	20622	20.468496528160237	20622	20
20624	-392.362	20624	20.440413773465494	20624	20
20626	-392.3211	20626	20.442011477889739	20626	20
20628	-392.2807	20628	20.401676231572857	20628	20
20630	-392.24010000000004	20630	20.384730192976011	20630	20
20632	-392.19910000000004	20632	20.403941827479745	20632	20
20634	-392.1587	20634	20.3699515229026	20634	20
20636	-392.11830000000003	20636	20.341626269083577	20636	20
20638	-392.0779	20638	20.318021890905793	20638	20
20640	-392.0375	20640	20.298351575752903	20640	20
20642	-391.99710000000005	20642	20.28195964645883	20642	20
20644	-391.9567	20644	20.268299705385171	20644	20
20646	-391.916	20646	20.281916421155586	20646	20
20648	-391.87530000000004	20648	20.293263684292857	20648	20
20650	-391.8345	20650	20.311053070247965	20650	20
20652	-391.7939	20652	20.309210891871935	20652	20
20654	-391.75300000000004	20654	20.332675743223703	20654	20
20656	-391.7121	20656	20.352229786021582	20656	20
20658	-391.6714	20658	20.351858155019261	20658	20
20660	-391.6306	20660	20.359881795848565	20660	20
20662	-391.58950000000004	20662	20.391568163204781	20662	20
20664	-391.5484	20664	20.4179734693397	20664	20
20666	-391.5074	20666	20.431644557782818	20666	20
20668	-391.4665	20668	20.434703798154178	20668	20
20670	-391.4257	20670	20.428919831794332	20670	20
20672	-391.3849	20672	20.424099859827791	20672	20
20674	-391.3442	20674	20.411749883191103	20674	20
20676	-391.3036	20676	20.393124902657881	20676	20
20678	-391.26300000000003	20678	20.377604085546864	20678	20
20680	-391.22220000000004	20680	20.381336737954904	20680	20
20682	-391.182	20682	20.334447281631345	20682	20
20684	-391.1421	20684	20.270372734691851	20684	20
20686	-391.1023	20686	20.208643945577695	20686	20
20688	-391.0625	20688	20.157203287982565	20688	20
20690	-391.02270000000004	20690	20.114336073315219	20690	20
20692	-390.9832	20692	20.053613394432041	20692	20
20694	-390.9436	20694	20.011344495360632	20694	20
20696	-390.9042	20696	19.959453746133907	20696	20
20698	-390.8647	20698	19.924544788442876	20698	20
20700	-390.8256	20700	19.862120657037316	20700	20
20702	-390.7864	20702	19.818433880863921	20702	20
20704	-390.74710000000005	20704	19.790361567384004	20704	20
20706	-390.7078	20706	19.76696797282214	20706	20
20708	-390.6687	20708	19.730806644020035	20708	20
20710	-390.62960000000004	20710	19.70067220334688	20710	20
20712	-390.591	20712	19.633893502791636	20712	20
20714	-390.55240000000003	20714	19.578244585657529	20714	20
20716	-390.51370000000003	20716	19.540203821381752	20716	20
20718	-390.4753	20718	19.483503184486811	20718	20
20720	-390.437	20720	19.427919320405046	20720	20
20722	-390.39840000000004	20722	19.406599433668703	20722	20
20724	-390.36	20724	19.372166194725938	20724	20
20726	-390.3213	20726	19.368471828938759	20726	20
20728	-390.2825	20728	19.373726524114019	20728	20
20730	-390.2437	20730	19.378105436764809	20730	20
20732	-390.2052	20732	19.356754530637264	20732	20
20734	-390.1662	20734	19.380628775529992	20734	20
20736	-390.1275	20736	19.375523979608804	20736	20
20738	-390.0881	20738	19.429603316340714	20738	20
20740	-390.0489	20740	19.458002763616754	20740	20
20742	-390.0101	20742	19.448335636345682	20742	20
20744	-389.971	20744	19.465279696956319	20744	20
20746	-389.93190000000004	20746	19.479399747460448	20746	20
20748	-389.8929	20748	19.482833122887385	20748	20
20750	-389.8539	20750	19.485694269071761	20750	20
20752	-389.8147	20752	19.50474522422596	20752	20
20754	-389.7756	20754	19.512287686856553	20754	20
20756	-389.7362	20756	19.543573072380507	20756	20
20758	-389.697	20758	19.552977560316581	20758	20
20760	-389.65770000000003	20760	19.569147966927886	20760	20
20762	-389.6184	20762	19.582623305775378	20762	20
20764	-389.57910000000004	20764	19.593852754810218	20764	20
20766	-389.5398	20766	19.603210629010654	20766	20
20768	-389.5	20768	19.652675524176697	20768	20
20770	-389.46070000000003	20770	19.652229603477984	20770	20
20772	-389.4211	20772	19.676858002898918	20772	20
20774	-389.38190000000003	20774	19.664048335748589	20774	20
20776	-389.3423	20776	19.686706946457758	20776	20
20778	-389.303	20778	19.680589122050268	20778	20
20780	-389.2634	20780	19.700490935042488	20780	20
20782	-389.2237	20782	19.725409112533917	20782	20
20784	-389.1839	20784	19.754507593779415	20784	20
20786	-389.1435	20786	19.828756328147588	20786	20
20788	-389.1028	20788	19.915630273457598	20788	20
20790	-389.0627	20790	19.938025227880946	20790	20
20792	-389.0224	20792	19.973354356567622	20792	20
20794	-388.9819	20794	20.019461963807075	20794	20
20796	-388.9415	20796	20.049551636503971	20796	20
20798	-388.9015	20798	20.041293030421681	20798	20
20800	-388.8613	20800	20.051077525348923	20800	20
20802	-388.8208	20802	20.084231271124825	20802	20
20804	-388.78040000000004	20804	20.103526059268763	20804	20
20806	-388.7402	20806	20.102938382726226	20806	20
20808	-388.70050000000003	20808	20.060781985603697	20808	20
20810	-388.66040000000004	20810	20.058984988002695	20810	20
20812	-388.6204	20812	20.049154156670618	20812	20
20814	-388.5799	20814	20.082628463892902	20814	20
20816	-388.5394	20816	20.110523719911473	20816	20
20818	-388.4989	20818	20.133769766593616	20818	20
20820	-388.45840000000004	20820	20.15314147215733	20820	20
20822	-388.41810000000004	20822	20.152617893464612	20822	20
20824	-388.3774	20824	20.185514911221784	20824	20
20826	-388.33750000000003	20826	20.146262426017216	20826	20
20828	-388.2973	20828	20.138552021683271	20828	20
20830	-388.25710000000004	20830	20.132126684733581	20830	20
20832	-388.21700000000004	20832	20.118438903944266	20832	20
20834	-388.1766	20834	20.132032419956367	20834	20
20836	-388.1365	20836	20.118360349963254	20836	20
20838	-388.0964	20838	20.106966958302326	20838	20
20840	-388.0563	20840	20.097472465251553	20840	20
20842	-388.0162	20842	20.089560387709241	20842	20
20844	-387.9762	20844	20.074633656426073	20844	20
20846	-387.93600000000004	20846	20.078861380352585	20846	20
20848	-387.8955	20848	20.107384483627875	20848	20
20850	-387.8553	20850	20.10615373635882	20850	20
20852	-387.8152	20852	20.096794780298634	20852	20
20854	-387.7748	20854	20.113995650246938	20854	20
20856	-387.7345	20856	20.11999637520595	20856	20
20858	-387.69440000000003	20858	20.108330312671242	20858	20
20860	-387.654	20860	20.123608593895515	20860	20
20862	-387.61350000000004	20862	20.144673828242244	20862	20
20864	-387.5734	20864	20.128894856872886	20864	20
20866	-387.533	20866	20.140745714058813	20866	20
20868	-387.49280000000005	20868	20.1339547617132	20868	20
20870	-387.4524	20870	20.144962301430478	20870	20
20872	-387.41220000000004	20872	20.137468584522921	20872	20
20874	-387.3718	20874	20.147890487105247	20874	20
20876	-387.3313	20876	20.164908739255093	20876	20
20878	-387.2905	20878	20.204090616045093	20878	20
20880	-387.2499	20880	20.22007551336954	20880	20
20882	-387.2095	20882	20.216729594477428	20882	20
20884	-387.1692	20884	20.205607995398026	20884	20
20886	-387.12870000000004	20886	20.21300666282767	20886	20
20888	-387.0881	20888	20.227505552359755	20888	20
20890	-387.0475	20890	20.239587960298426	20890	20
20892	-387.00690000000003	20892	20.249656633580649	20892	20
20894	-386.9663	20894	20.258047194653905	20894	20
20896	-386.92600000000004	20896	20.240039328873685	20896	20
20898	-386.8858	20898	20.216699440730331	20898	20
20900	-386.8455	20900	20.205582867275446	20900	20
20902	-386.80510000000004	20902	20.20465238939428	20902	20
20904	-386.7647	20904	20.203876991164712	20904	20
20906	-386.7244	20906	20.194897492637431	20906	20
20908	-386.68420000000003	20908	20.179081243862047	20908	20
20910	-386.64430000000004	20910	20.140901036550769	20910	20
20912	-386.6046	20912	20.092417530462217	20912	20
20914	-386.565	20914	20.043681275385779	20914	20
20916	-386.5253	20916	20.011401062819992	20916	20
20918	-386.4857	20918	19.976167552350592	20918	20
20920	-386.4461	20920	19.946806293626093	20920	20
20922	-386.4067	20922	19.905671911355121	20922	20
20924	-386.3672	20924	19.87972659279389	20924	20
20926	-386.3277	20926	19.8581054939976	20926	20
20928	-386.28860000000003	20928	19.806754578328182	20928	20
20930	-386.24940000000004	20930	19.772295481939643	20930	20
20932	-386.2101	20932	19.751912901618507	20932	20
20934	-386.17060000000004	20934	19.751594084680043	20934	20
20936	-386.1315	20936	19.717995070568289	20936	20
20938	-386.0922	20938	19.706662558809047	20938	20
20940	-386.0529	20940	19.69721879900494	20940	20
20942	-386.01370000000003	20942	19.681015665836942	20942	20
20944	-385.9744	20944	19.675846388199588	20944	20
20946	-385.9352	20946	19.663205323499149	20946	20
20948	-385.8961	20948	19.644337769584208	20948	20
20950	-385.8567	20950	19.653614807986884	20950	20
20952	-385.8172	20952	19.669679006653691	20952	20
20954	-385.7778	20954	19.674732505544789	20954	20
20956	-385.73830000000004	20956	19.687277087951948	20956	20
20958	-385.69870000000003	20958	19.706064239960554	20958	20
20960	-385.659	20960	19.730053533303707	20960	20
20962	-385.61940000000004	20962	19.741711277748951	20962	20
20964	-385.5793	20964	19.793092731461812	20964	20
20966	-385.5394	20966	19.819243942883904	20966	20
20968	-385.49960000000004	20968	19.832703285733004	20968	20
20970	-385.4596	20970	19.860586071445876	20970	20
20972	-385.41970000000003	20972	19.875488392870626	20972	20
20974	-385.3797	20974	19.896240327393894	20974	20
20976	-385.34000000000003	20976	19.888533606160088	20976	20
20978	-385.2998	20978	19.923778005135667	20978	20
20980	-385.2597	20980	19.944815004279338	20980	20
20982	-385.2194	20982	19.979012503566285	20982	20
20984	-385.1788	20984	20.032510419637198	20984	20
20986	-385.1384	20986	20.060425349700477	20986	20
20988	-385.098	20988	20.083687791415141	20988	20
20990	-385.05740000000003	20990	20.119739826177913	20990	20
20992	-385.0167	20992	20.158116521816204	20992	20
20994	-384.9762	20994	20.17343043484756	20994	20
20996	-384.93530000000004	20996	20.219525362370057	20996	20
20998	-384.89480000000003	20998	20.224604468642436	20998	20
21000	-384.8544	21000	20.220503723871509	21000	20
21002	-384.8139	21002	20.225419769893648	21002	20
21004	-384.7735	21004	20.221183141576116	21004	20
21006	-384.7327	21006	20.250985951312611	21006	20
21008	-384.692	21008	20.267488292761783	21008	20
21010	-384.65110000000004	21010	20.297906910631909	21010	20
21012	-384.61	21012	20.339922425528972	21012	20
21014	-384.56890000000004	21014	20.374935354605118	21014	20
21016	-384.52790000000005	21016	20.395779462170665	21016	20
21018	-384.487	21018	20.404816218477382	21018	20
21020	-384.446	21020	20.420680182064221	21020	20
21022	-384.4046	21022	20.467233485054358	21022	20
21024	-384.36330000000004	21024	20.497694570876828	21024	20
21026	-384.32210000000003	21026	20.51474547573098	21026	20
21028	-384.28090000000003	21028	20.528954563109437	21028	20
21030	-384.2402	21030	20.499128802592473	21030	20
21032	-384.1993	21032	20.490940668828891	21032	20
21034	-384.1585	21034	20.475783890689925	21034	20
21036	-384.1181	21036	20.429819908906346	21036	20
21038	-384.0772	21038	20.433183257423785	21038	20
21040	-384.0367	21040	20.402652714520542	21040	20
21042	-383.9961	21042	20.385543928765749	21042	20
21044	-383.956	21044	20.329619940637741	21044	20
21046	-383.9155	21046	20.316349950532175	21046	20
21048	-383.8748	21048	20.321958292111422	21048	20
21050	-383.8345	21050	20.293298576759685	21050	20
21052	-383.7941	21052	20.277748813964479	21052	20
21054	-383.75370000000004	21054	20.264790678301807	21054	20
21056	-383.71340000000004	21056	20.24565889858501	21056	20
21058	-383.67310000000003	21058	20.229715748821011	21058	20
21060	-383.6333	21060	20.174763124018661	21060	20
21062	-383.593	21062	20.170635936682388	21062	20
21064	-383.5532	21064	20.125529947236476	21064	20
21066	-383.5134	21066	20.087941622698214	21066	20
21068	-383.47360000000003	21068	20.056618018911593	21068	20
21070	-383.4336	21070	20.047181682428032	21070	20
21072	-383.3937	21072	20.030984735355755	21072	20
21074	-383.35380000000004	21074	20.017487279462191	21074	20
21076	-383.31350000000003	21076	20.039572732885329	21076	20
21078	-383.27340000000004	21078	20.041310610737391	21078	20
21080	-383.23290000000003	21080	20.076092175615216	21080	20
21082	-383.1927	21082	20.080076813014937	21082	20
21084	-383.15250000000003	21084	20.083397344176635	21084	20
21086	-383.11220000000003	21086	20.094497786814031	21086	20
21088	-383.0719	21088	20.103748155678527	21088	20
21090	-383.0315	21090	20.119790129734916	21090	20
21092	-382.9912	21092	20.1248251081126	21092	20
21094	-382.9513	21094	20.095687590092894	21094	20
21096	-382.91130000000004	21096	20.079739658407714	21096	20
21098	-382.8714	21098	20.058116382010226	21098	20
21100	-382.8313	21100	20.056763651674803	21100	20
21102	-382.791	21102	20.072303043062504	21102	20
21104	-382.75050000000005	21104	20.101919202548071	21104	20
21106	-382.71020000000004	21106	20.109932668790229	21106	20
21108	-382.66990000000004	21108	20.116610557325359	21108	20
21110	-382.6297	21110	20.113842131106725	21110	20
21112	-382.58950000000004	21112	20.111535109253126	21112	20
21114	-382.54970000000003	21114	20.076279257712091	21114	20
21116	-382.50980000000004	21116	20.055232714759139	21116	20
21118	-382.4701	21118	20.021027262302528	21118	20
21120	-382.4305	21120	19.984189385252705	21120	20
21122	-382.3912	21122	19.928491154374658	21122	20
21124	-382.3518	21124	19.89040929531226	21124	20
21126	-382.3127	21126	19.833674412761802	21126	20
21128	-382.27360000000004	21128	19.786395343965019	21128	20
21130	-382.2345	21130	19.746996119972433	21130	20
21132	-382.19550000000004	21132	19.705830099975966	21132	20
21134	-382.1562	21134	19.696525083315443	21134	20
21136	-382.1166	21136	19.713770902763468	21136	20
21138	-382.0776	21138	19.678142418968495	21138	20
21140	-382.0385	21140	19.656785349141998	21140	20
21142	-381.99960000000004	21142	19.622321124281296	21142	20
21144	-381.9608	21144	19.58526760357087	21144	20
21146	-381.9225	21146	19.512723002975097	21146	20
21148	-381.884	21148	19.468935835812506	21148	20
21150	-381.8449	21150	19.48244652984534	21150	20
21152	-381.8062	21152	19.460372108204929	21152	20
21154	-381.7676	21154	19.433643423501941	21154	20
21156	-381.7294	21156	19.378036186253084	21156	20
21158	-381.6906	21158	19.381696821875956	21158	20
21160	-381.6523	21160	19.343080684896	21160	20
21162	-381.6134	21162	19.3609005707477	21162	20
21164	-381.57460000000003	21164	19.367417142288133	21164	20
21166	-381.5357	21166	19.381180951907808	21166	20
21168	-381.4968	21168	19.392650793257538	21168	20
21170	-381.4581	21170	19.385542327715093	21170	20
21172	-381.41880000000003	21172	19.429618606426647	21172	20
21174	-381.3795	21174	19.466348838691012	21174	20
21176	-381.3406	21176	19.463624032243541	21176	20
21178	-381.3014	21178	19.486353360202443	21178	20
21180	-381.262	21180	19.521961133502082	21180	20
21182	-381.2224	21182	19.568300944585665	21182	20
21184	-381.18330000000003	21184	19.56525078715157	21184	20
21186	-381.1438	21186	19.596042322629	21186	20
21188	-381.10450000000003	21188	19.605035268854902	21188	20
21190	-381.06530000000004	21190	19.604196057378577	21190	20
21192	-381.02590000000004	21192	19.62016338114886	21192	20
21194	-380.9861	21194	19.6668028176252	21194	20
21196	-380.94620000000003	21196	19.714002348020063	21196	20
21198	-380.9064	21198	19.745001956684536	21198	20
21200	-380.8666	21200	19.770834963904932	21200	20
21202	-380.8269	21202	19.784029136585954	21202	20
21204	-380.78720000000004	21204	19.795024280486803	21204	20
21206	-380.7473	21206	19.820853567076135	21206	20
21208	-380.7074	21208	19.84237797256251	21208	20
21210	-380.66740000000004	21210	19.868648310465726	21210	20
21212	-380.62710000000004	21212	19.915540258721606	21212	20
21214	-380.5871	21214	19.929616882269709	21214	20
21216	-380.5471	21216	19.941347401893129	21216	20
21218	-380.50690000000003	21218	19.96778950157513	21218	20
21220	-380.4664	21220	20.014824584646664	21220	20
21222	-380.42600000000004	21222	20.045687153870297	21222	20
21224	-380.38550000000004	21224	20.079739294892637	21224	20
21226	-380.3448	21226	20.12478274574514	21226	20
21228	-380.30440000000004	21228	20.137318954785691	21228	20
21230	-380.2635	21230	20.189432462323239	21230	20
21232	-380.2232	21232	20.182860385269535	21232	20
21234	-380.1827	21234	20.194050321058668	21234	20
21236	-380.1419	21236	20.228375267548074	21236	20
21238	-380.1014	21238	20.231979389624119	21238	20
21240	-380.06100000000004	21240	20.226649491351509	21240	20
21242	-380.0205	21242	20.230541242793645	21242	20
21244	-379.97970000000004	21244	20.258784368993886	21244	20
21246	-379.9393	21246	20.248986974164385	21246	20
21248	-379.8989	21248	20.240822478468395	21248	20
21250	-379.8586	21250	20.225685398723833	21250	20
21252	-379.8176	21252	20.271404498936263	21252	20
21254	-379.77680000000004	21254	20.29283708244607	21254	20
21256	-379.7361	21256	20.302364235373002	21256	20
21258	-379.69550000000004	21258	20.301970196142797	21258	20
21260	-379.6551	21260	20.284975163455144	21260	20
21262	-379.6146	21262	20.279145969546676	21262	20
21264	-379.5743	21264	20.257621641289067	21264	20
21266	-379.5339	21266	20.248018034405632	21266	20
21268	-379.4936	21268	20.231681695338196	21268	20
21270	-379.45320000000004	21270	20.226401412779907	21270	20
21272	-379.41290000000004	21272	20.213667843983426	21272	20
21274	-379.3722	21274	20.236389869987462	21274	20
21276	-379.3317	21276	20.238658224990274	21276	20
21278	-379.29110000000003	21278	20.24888185415719	21278	20
21280	-379.2504	21280	20.2657348784656	21280	20
21282	-379.2096	21282	20.288112398720518	21282	20
21284	-379.16880000000003	21284	20.306760332266279	21284	20
21286	-379.1279	21286	20.330633610223728	21286	20
21288	-379.0869	21288	20.358861341852844	21288	20
21290	-379.04580000000004	21290	20.390717784875012	21290	20
21292	-379.0051	21292	20.383931487397117	21292	20
21294	-378.9647	21294	20.35327623950041	21294	20
21296	-378.9241	21296	20.344396866248971	21296	20
21298	-378.8835	21298	20.336997388539437	21298	20
21300	-378.8428	21300	20.339164490450806	21300	20
21302	-378.802	21302	20.349303742041521	21302	20
21304	-378.76140000000004	21304	20.341086451699898	21304	20
21306	-378.7207	21306	20.342572043084523	21306	20
21308	-378.67990000000003	21308	20.352143369236284	21308	20
21310	-378.63910000000004	21310	20.360119474362751	21310	20
21312	-378.5982	21312	20.375099561970789	21312	20
21314	-378.5573	21314	20.38758296831082	21314	20
21316	-378.5165	21316	20.389652473591532	21316	20
21318	-378.4758	21318	20.38304372799422	21318	20
21320	-378.4352	21320	20.369203106660478	21320	20
21322	-378.3944	21322	20.374335922216247	21322	20
21324	-378.3539	21324	20.353613268514263	21324	20
21326	-378.3134	21326	20.336344390429275	21326	20
21328	-378.2728	21328	20.330286992023026	21328	20
21330	-378.2321	21330	20.3335724933538	21330	20
21332	-378.1916	21332	20.319643744462223	21332	20
21334	-378.1512	21334	20.29970312038326	21334	20
21336	-378.11080000000004	21336	20.283085933650792	21336	20
21338	-378.0706	21338	20.252571611377917	21338	20
21340	-378.0305	21340	20.218809676147881	21340	20
21342	-377.9902	21342	20.207341396790071	21342	20
21344	-377.9502	21344	20.172784497326763	21344	20
21346	-377.91020000000003	21346	20.143987081102605	21346	20
21348	-377.8704	21348	20.103322567586655	21348	20
21350	-377.83090000000004	21350	20.044435472986834	21350	20
21352	-377.79150000000004	21352	19.987029560822407	21352	20
21354	-377.75210000000004	21354	19.939191300685383	21354	20
21356	-377.7129	21356	19.882659417242049	21356	20
21358	-377.6736	21358	19.84388284769911	21358	20
21360	-377.6345	21360	19.794902373084177	21360	20
21362	-377.5955	21362	19.745751977569086	21362	20
21364	-377.5568	21364	19.679793314641383	21364	20
21366	-377.5177	21366	19.658161095536069	21366	20
21368	-377.4787	21368	19.631800912945664	21368	20
21370	-377.4395	21370	19.626500760787547	21370	20
21372	-377.4001	21372	19.638750633989666	21372	20
21374	-377.3609	21374	19.632292194990882	21374	20
21376	-377.3217	21376	19.626910162491892	21376	20
21378	-377.2825	21378	19.6224251354094	21378	20
21380	-377.24350000000004	21380	19.60202094617344	21380	20
21382	-377.2045	21382	19.585017455148211	21382	20
21384	-377.1659	21384	19.537514545954675	21384	20
21386	-377.1268	21386	19.539595454963813	21386	20
21388	-377.0878	21388	19.532996212468781	21388	20
21390	-377.0488	21390	19.527496843722922	21390	20
21392	-377.00960000000003	21392	19.539580703101926	21392	20
21394	-376.9705	21394	19.541317252586524	21394	20
21396	-376.9313	21396	19.551097710488261	21396	20
21398	-376.892	21398	19.567581425409021	21398	20
21400	-376.8527	21400	19.58131785450492	21400	20
21402	-376.8133	21402	19.601098212087479	21402	20
21404	-376.7738	21404	19.625915176742257	21404	20
21406	-376.7343	21406	19.646595980616503	21406	20
21408	-376.6947	21408	19.672163317181017	21408	20
21410	-376.6553	21410	19.676802764317561	21410	20
21412	-376.61580000000004	21412	19.689002303595924	21412	20
21414	-376.5767	21414	19.665835252998189	21414	20
21416	-376.5374	21416	19.663196044167297	21416	20
21418	-376.4979	21418	19.67766337013737	21418	20
21420	-376.45840000000004	21420	19.68971947511243	21420	20
21422	-376.4189	21422	19.699766229263048	21422	20
21424	-376.3792	21424	19.72480519105105	21424	20
21426	-376.3394	21426	19.754004325877027	21426	20
21428	-376.2995	21428	19.786670271563253	21428	20
21430	-376.25980000000004	21430	19.797225226301219	21430	20
21432	-376.22	21432	19.814354355252167	21432	20
21434	-376.18010000000004	21434	19.8369619627092	21434	20
21436	-376.1403	21436	19.847468302258818	21436	20
21438	-376.10020000000003	21438	19.8812235852153	21438	20
21440	-376.0604	21440	19.884352987680568	21440	20
21442	-376.02090000000004	21442	19.861960823065097	21442	20
21444	-375.9817	21444	19.818300685891813	21444	20
21446	-375.942	21446	19.823583904908354	21446	20
21448	-375.9023	21448	19.827986587422139	21448	20
21450	-375.8625	21450	19.839988822852934	21450	20
21452	-375.8226	21452	19.858324019043174	21452	20
21454	-375.7823	21454	19.906936682536148	21454	20
21456	-375.74190000000004	21456	19.9557805687782	21456	20
21458	-375.7018	21458	19.971483807319515	21458	20
21460	-375.66130000000004	21460	20.017903172762246	21460	20
21462	-375.62100000000004	21462	20.039919310635373	21462	20
21464	-375.5806	21464	20.066599425532289	21464	20
21466	-375.5402	21466	20.088832854608317	21466	20
21468	-375.4993	21468	20.149027378842092	21468	20
21470	-375.4588	21470	20.1658561490358	21470	20
21472	-375.41830000000004	21472	20.179880124192483	21472	20
21474	-375.37800000000004	21474	20.174900103493904	21474	20
21476	-375.3373	21476	20.204083419579529	21476	20
21478	-375.2969	21478	20.20340284965242	21478	20
21480	-375.25640000000004	21480	20.211169041373	21480	20
21482	-375.2156	21482	20.242640867814753	21482	20
21484	-375.175	21484	20.252200723177591	21484	20
21486	-375.13460000000003	21486	20.243500602646069	21486	20
21488	-375.0939	21488	20.261250502206334	21488	20
21490	-375.0536	21490	20.24270875183878	21490	20
21492	-375.01320000000004	21492	20.235590626530392	21492	20
21494	-374.9728	21494	20.229658855444804	21494	20
21496	-374.9321	21496	20.249715712871946	21496	20
21498	-374.89140000000003	21498	20.26642976072316	21498	20
21500	-374.85110000000003	21500	20.2470248006028	21500	20
21502	-374.8106	21502	20.247520667169724	21502	20
21504	-374.77020000000005	21504	20.239600555972846	21504	20
21506	-374.72950000000003	21506	20.25800046331198	21506	20
21508	-374.6889	21508	20.265000386096681	21508	20
21510	-374.64840000000004	21510	20.262500321743218	21510	20
21512	-374.60810000000004	21512	20.243750268119516	21512	20
21514	-374.5675	21514	20.253125223436296	21514	20
21516	-374.5272	21516	20.235937686197083	21516	20
21518	-374.4869	21518	20.221614738497738	21518	20
21520	-374.4463	21520	20.234678948746744	21520	20
21522	-374.4058	21522	20.237232457289675	21522	20
21524	-374.3652	21524	20.24769371440669	21524	20
21526	-374.3247	21526	20.248078095339629	21526	20
21528	-374.2844	21528	20.231731746116527	21528	20
21530	-374.2437	21530	20.251443121765046	21530	20
21532	-374.2033	21532	20.242869268135614	21532	20
21534	-374.16310000000004	21534	20.219057723443868	21534	20
21536	-374.1227	21536	20.215881436206036	21536	20
21538	-374.0819	21538	20.246567863504211	21538	20
21540	-374.0412	21540	20.263806552921451	21540	20
21542	-374.0002	21542	20.30317212743428	21542	20
21544	-373.95930000000004	21544	20.327643439525655	21544	20
21546	-373.9184	21546	20.34803619960654	21546	20
21548	-373.8777	21548	20.348363499673393	21548	20
21550	-373.8372	21550	20.331969583061884	21550	20
21552	-373.797	21552	20.293307985882425	21552	20
21554	-373.7568	21554	20.261089988237611	21554	20
21556	-373.7166	21556	20.2342416568622	21556	20
21558	-373.6766	21558	20.195201380720203	21558	20
21560	-373.6367	21560	20.154334483932566	21560	20
21562	-373.5969	21562	20.111945403278291	21562	20
21564	-373.55740000000003	21564	20.051621169396533	21564	20
21566	-373.5178	21566	20.009684307831044	21566	20
21568	-373.4784	21568	19.958070256525914	21568	20
21570	-373.4391	21570	19.906725213773733	21570	20
21572	-373.3996	21572	19.8806043448094	21572	20
21574	-373.3604	21574	19.833836954007324	21574	20
21576	-373.3209	21576	19.819864128342129	21576	20
21578	-373.2821	21578	19.749886773616826	21578	20
21580	-373.24330000000003	21580	19.691572311345741	21580	20
21582	-373.2044	21582	19.651310259455816	21582	20
21584	-373.1655	21584	19.617758549547545	21584	20
21586	-373.1266	21586	19.589798791290654	21586	20
21588	-373.08770000000004	21588	19.566498992738509	21588	20
21590	-373.0486	21590	19.563749160617011	21590	20
21592	-373.0099	21592	19.528124300514655	21592	20
21594	-372.97090000000003	21594	19.523436917094486	21594	20
21596	-372.9322	21596	19.494530764245884	21596	20
21598	-372.8928	21598	19.528775636871615	21598	20
21600	-372.85380000000004	21600	19.523979697391951	21600	20
21602	-372.8147	21602	19.528316414494878	21602	20
21604	-372.7754	21604	19.548597012081203	21604	20
21606	-372.7362	21606	19.557164176733828	21606	20
21608	-372.69710000000003	21608	19.55597014727504	21608	20
21610	-372.6576	21610	19.588308456065224	21610	20
21612	-372.6182	21612	19.606923713387733	21612	20
21614	-372.5788	21614	19.622436427823157	21614	20
21616	-372.5396	21616	19.618697023185454	21616	20
21618	-372.5002	21618	19.632247519321258	21618	20
21620	-372.4606	21620	19.660206266101646	21620	20
21622	-372.4203	21622	19.741838555084875	21622	20
21624	-372.3802	21624	19.793198795903677	21624	20
21626	-372.3401	21626	19.835998996586014	21626	20
21628	-372.2996	21628	19.9049991638224	21628	20
21630	-372.2594	21630	19.937499303182854	21630	20
21632	-372.2187	21632	20.006249419320319	21632	20
21634	-372.1782	21634	20.046874516100988	21634	20
21636	-372.1378	21636	20.072395430082231	21636	20
21638	-372.0974	21638	20.09366285840467	21638	20
21640	-372.0571	21640	20.103052382004062	21640	20
21642	-372.0167	21642	20.119210318334794	21642	20
21644	-371.97630000000004	21644	20.132675265277072	21644	20
21646	-371.9363	21646	20.110562721065932	21646	20
21648	-371.8958	21648	20.133802267555666	21648	20
21650	-371.8552	21650	20.161501889628351	21650	20
21652	-371.81460000000004	21652	20.184584908022256	21652	20
21654	-371.77410000000003	21654	20.195487423352603	21654	20
21656	-371.7335	21656	20.212906186130535	21656	20
21658	-371.6927	21658	20.244088488441296	21658	20
21660	-371.6519	21660	20.270073740366929	21660	20
21662	-371.6111	21662	20.291728116971623	21662	20
21664	-371.5702	21664	20.318106764144847	21664	20
21666	-371.5291	21666	20.356755636785014	21666	20
21668	-371.4882	21668	20.372296363989339	21668	20
21670	-371.4476	21670	20.360246969989745	21670	20
21672	-371.4069	21672	20.358539141659396	21672	20
21674	-371.3661	21674	20.365449284715346	21674	20
21676	-371.3251	21676	20.387874403929192	21676	20
21678	-371.28430000000003	21678	20.389895336606841	21678	20
21680	-371.24350000000004	21680	20.391579447171551	21680	20
21682	-371.20250000000004	21682	20.409649539309363	21682	20
21684	-371.1614	21684	20.433041282760186	21684	20
21686	-371.1204	21686	20.444201068966557	21686	20
21688	-371.0797	21688	20.428500890806738	21688	20
21690	-371.0385	21690	20.457084075672572	21690	20
21692	-370.9977	21692	20.447570063059658	21692	20
21694	-370.9565	21694	20.472975052550005	21694	20
21696	-370.9157	21696	20.460812543790855	21696	20
21698	-370.875	21698	20.442343786493655	21698	20
21700	-370.8345	21700	20.410286488745434	21700	20
21702	-370.79380000000003	21702	20.400238740617731	21702	20
21704	-370.75280000000004	21704	20.416865617181177	21704	20
21706	-370.7121	21706	20.405721347652257	21706	20
21708	-370.6712	21708	20.413101123045376	21708	20
21710	-370.6306	21710	20.394250935869774	21710	20
21712	-370.59020000000004	21712	20.361875779889555	21712	20
21714	-370.5496	21714	20.351563149911328	21714	20
21716	-370.509	21716	20.3429692915914	21716	20
21718	-370.46880000000004	21718	20.302474409657023	21718	20
21720	-370.42830000000004	21720	20.293728674714909	21720	20
21722	-370.3876	21722	20.303107228930365	21722	20
21724	-370.3471	21724	20.294256024109359	21724	20
21726	-370.3068	21726	20.270213353424634	21726	20
21728	-370.2668	21728	20.225177794522232	21728	20
21730	-370.2268	21730	20.187648162098828	21730	20
21732	-370.1865	21732	20.18137346841586	21732	20
21734	-370.1464	21734	20.159477890346164	21734	20
21736	-370.10630000000003	21736	20.141231575288085	21736	20
21738	-370.06620000000004	21738	20.126026312739686	21738	20
21740	-370.0258	21740	20.138355260619218	21740	20
21742	-369.9857	21742	20.123629383848964	21742	20
21744	-369.94550000000004	21744	20.119691153204993	21744	20
21746	-369.9053	21746	20.116409294339753	21746	20
21748	-369.86490000000003	21748	20.130341078614538	21748	20
21750	-369.82460000000003	21750	20.133617565512285	21750	20
21752	-369.7842	21752	20.144681304596382	21752	20
21754	-369.7436	21754	20.170567753828948	21754	20
21756	-369.7031	21756	20.183806461524846	21756	20
21758	-369.6628	21758	20.178172051270874	21758	20
21760	-369.6224	21760	20.181810042723804	21760	20
21762	-369.582	21762	20.184841702272649	21762	20
21764	-369.5419	21764	20.162368085226824	21764	20
21766	-369.50190000000003	21766	20.13530673768599	21766	20
21768	-369.4617	21768	20.129422281407251	21768	20
21770	-369.4216	21770	20.116185234505657	21770	20
21772	-369.3816	21772	20.09682102875642	21772	20
21774	-369.3415	21774	20.0890175239633	21774	20
21776	-369.3018	21776	20.049181269967924	21776	20
21778	-369.262	21778	20.024317724974424	21778	20
21780	-369.2224	21780	19.986931437479285	21780	20
21782	-369.18260000000004	21782	19.972442864562488	21782	20
21784	-369.1435	21784	19.902035720470327	21784	20
21786	-369.1042	21786	19.860029767060745	21786	20
21788	-369.06530000000004	21788	19.791691472546916	21788	20
21790	-369.02660000000003	21790	19.718076227122907	21790	20
21792	-368.98810000000003	21792	19.640063522602347	21792	20
21794	-368.9494	21794	19.5917196021691	21794	20
21796	-368.9107	21796	19.551433001808061	21796	20
21798	-368.87190000000004	21798	19.52619416817177	21798	20
21800	-368.833	21800	19.513495140144173	21800	20
21802	-368.7942	21802	19.494579283456602	21802	20
21804	-368.7552	21804	19.495482736212775	21804	20
21806	-368.7166	21806	19.462902280175143	21806	20
21808	-368.6777	21808	19.460751900146985	21808	20
21810	-368.6385	21810	19.483959916788645	21810	20
21812	-368.5996	21812	19.478299930658235	21812	20
21814	-368.5606	21814	19.481916608880802	21814	20
21816	-368.5215	21816	19.493263840735587	21816	20
21818	-368.4826	21818	19.48605320061402	21818	20
21820	-368.44390000000004	21820	19.463377667174093	21820	20
21822	-368.4049	21822	19.469481389315423	21822	20
21824	-368.3659	21824	19.474567824428458	21824	20
21826	-368.32710000000003	21826	19.462139853688768	21826	20
21828	-368.2882	21828	19.460116544741673	21828	20
21830	-368.2488	21830	19.500097120618108	21830	20
21832	-368.2094	21832	19.5334142671818	21832	20
21834	-368.1701	21834	19.552845222653637	21834	20
21836	-368.1302	21836	19.619037685543759	21836	20
21838	-368.0905	21838	19.657531404618307	21838	20
21840	-368.0512	21840	19.656276170517394	21840	20
21842	-368.01160000000004	21842	19.680230142093691	21842	20
21844	-367.97200000000004	21844	19.700191785078676	21844	20
21846	-367.9322	21846	19.733493154233383	21846	20
21848	-367.8922	21848	19.777910961862858	21848	20
21850	-367.8526	21850	19.781592468219646	21850	20
21852	-367.81300000000005	21852	19.7846603901789	21852	20
21854	-367.7733	21854	19.795550325152327	21854	20
21856	-367.7335	21856	19.812958604294757	21856	20
21858	-367.6936	21858	19.835798836911358	21858	20
21860	-367.65340000000003	21860	19.879832364090323	21860	20
21862	-367.61330000000004	21862	19.908193636741551	21862	20
21864	-367.57320000000004	21864	19.931828030617574	21864	20
21866	-367.5331	21866	19.951523358852331	21866	20
21868	-367.4931	21868	19.959602799040578	21868	20
21870	-367.4529	21870	19.983002332536074	21870	20
21872	-367.4128	21872	19.994168610446344	21872	20
21874	-367.3729	21874	19.986807175371016	21874	20
21876	-367.3329	21876	19.98900597947755	21876	20
21878	-367.29310000000004	21878	19.97417164956104	21878	20
21880	-367.2532	21880	19.970143041304663	21880	20
21882	-367.21340000000004	21882	19.958452534416967	21882	20
21884	-367.1735	21884	19.957043778684604	21884	20
21886	-367.1334	21886	19.972536482236784	21886	20
21888	-367.09360000000004	21888	19.960447068527071	21888	20
21890	-367.05310000000003	21890	20.008705890439948	21890	20
21892	-367.0128	21892	20.032254908700125	21892	20
21894	-366.9728	21894	20.026879090585144	21894	20
21896	-366.9325	21896	20.047399242154455	21896	20
21898	-366.8921	21898	20.072832701793455	21898	20
21900	-366.8518	21900	20.085693918161382	21900	20
21902	-366.8115	21902	20.096411598467988	21902	20
21904	-366.7712	21904	20.105342998723494	21904	20
21906	-366.7309	21906	20.112785832269747	21906	20
21908	-366.6907	21908	20.110654860227047	21908	20
21910	-366.6501	21910	20.142212383521169	21910	20
21912	-366.61	21912	20.126843652933925	21912	20
21914	-366.56940000000003	21914	20.155703044110233	21914	20
21916	-366.5289	21916	20.171419203425916	21916	20
21918	-366.48830000000004	21918	20.192849336186892	21918	20
21920	-366.44780000000003	21920	20.202374446823132	21920	20
21922	-366.4073	21922	20.21031203902	21922	20
21924	-366.3668	21924	20.216926699184054	21924	20
21926	-366.32640000000004	21926	20.214105582651452	21926	20
21928	-366.28610000000003	21928	20.20342131887638	21928	20
21930	-366.2461	21930	20.169517765732021	21930	20
21932	-366.2058	21932	20.166264804776851	21932	20
21934	-366.1653	21934	20.180220670648097	21934	20
21936	-366.1249	21936	20.183517225538157	21936	20
21938	-366.08410000000003	21938	20.219597687947648	21938	20
21940	-366.0435	21940	20.232998073293071	21940	20
21942	-366.00300000000004	21942	20.235831727740209	21942	20
21944	-365.96270000000004	21944	20.221526439783677	21944	20
21946	-365.9221	21946	20.234605366489763	21946	20
21948	-365.8816	21948	20.237171138742191	21948	20
21950	-365.8407	21950	20.272642615615581	21950	20
21952	-365.8	21952	20.28553551301426	21952	20
21954	-365.75960000000003	21954	20.271279594176626	21954	20
21956	-365.7191	21956	20.267732995147909	21956	20
21958	-365.6788	21958	20.248110829290095	21958	20
21960	-365.6383	21960	20.248425691075802	21960	20
21962	-365.598	21962	20.232021409230004	21962	20
21964	-365.55760000000004	21964	20.226684507689747	21964	20
21966	-365.517	21966	20.238903756411489	21966	20
21968	-365.47630000000004	21968	20.257419797006111	21968	20
21970	-365.4357	21970	20.264516497508456	21970	20
21972	-365.3949	21972	20.287097081256228	21972	20
21974	-365.3543	21974	20.289247567712152	21974	20
21976	-365.3136	21976	20.299372973094737	21976	20
21978	-365.2726	21978	20.332810810912015	21978	20
21980	-365.2316	21980	20.360675675759747	21980	20
21982	-365.1908	21982	20.367229729798972	21982	20
21984	-365.15020000000004	21984	20.356024774831106	21984	20
21986	-365.10970000000003	21986	20.338353979026643	21986	20
21988	-365.0693	21988	20.315294982525014	21988	20
21990	-365.0288	21990	20.304412485438235	21990	20
21992	-364.9887	21992	20.262010404531477	21992	20
21994	-364.9486	21994	20.226675337109178	21994	20
21996	-364.9083	21996	20.213896114257818	21996	20
21998	-364.86850000000004	21998	20.161580095211264	21998	20
22000	-364.8285	22000	20.134650079344425	22000	20
22002	-364.78860000000003	22002	20.103875066119418	22002	20
22004	-364.74870000000004	22004	20.078229221765245	22004	20
22006	-364.7089	22006	20.048524351472189	22006	20
22008	-364.6694	22008	19.998770292896182	22008	20
22010	-364.6301	22010	19.940641910744223	22010	20
22012	-364.591	22012	19.875534925621771	22012	20
22014	-364.55170000000004	22014	19.837945771348878	22014	20
22016	-364.51230000000004	22016	19.814954809457443	22016	20
22018	-364.47360000000003	22018	19.737462341215014	22018	20
22020	-364.4346	22020	19.697885284349525	22020	20
22022	-364.3955	22022	19.673237736954786	22022	20
22024	-364.3566	22024	19.636031447463353	22024	20
22026	-364.3176	22026	19.613359539551734	22026	20
22028	-364.2787	22028	19.586132949627476	22028	20
22030	-364.2397	22030	19.571777458021835	22030	20
22032	-364.20050000000003	22032	19.576481215017687	22032	20
22034	-364.1616	22034	19.55540101251577	22034	20
22036	-364.1224	22036	19.562834177095965	22036	20
22038	-364.0833	22038	19.560695147581555	22038	20
22040	-364.04400000000004	22040	19.575579289648697	22040	20
22042	-364.0049	22042	19.571316074708832	22042	20
22044	-363.966	22044	19.55109672892506	22044	20
22046	-363.92650000000003	22046	19.584247274102172	22046	20
22048	-363.88730000000004	22048	19.586872728417969	22048	20
22050	-363.84770000000003	22050	19.622393940348907	22050	20
22052	-363.80830000000003	22052	19.635328283624133	22052	20
22054	-363.7687	22054	19.662773569687378	22054	20
22056	-363.7291	22056	19.685644641406746	22056	20
22058	-363.6897	22058	19.688037201172335	22058	20
22060	-363.6499	22060	19.72336433431143	22060	20
22062	-363.6103	22062	19.736136945260125	22062	20
22064	-363.5706	22064	19.755114121048614	22064	20
22066	-363.53090000000003	22066	19.770928434205686	22066	20
22068	-363.4911	22068	19.792440361839223	22068	20
22070	-363.45120000000003	22070	19.818700301531749	22070	20
22072	-363.4115	22072	19.82391691794637	22072	20
22074	-363.372	22074	19.81159743161993	22074	20
22076	-363.3327	22076	19.784664526352081	22076	20
22078	-363.29310000000004	22078	19.787220438622597	22078	20
22080	-363.25350000000003	22080	19.789350365519429	22080	20
22082	-363.21410000000003	22082	19.774458637932902	22082	20
22084	-363.1743	22084	19.79538219827857	22084	20
22086	-363.1345	22086	19.812818498566628	22086	20
22088	-363.09430000000003	22088	19.860682082136378	22088	20
22090	-363.05400000000003	22090	19.908901735113819	22090	20
22092	-363.0135	22092	19.965751445928905	22092	20
22094	-362.9733	22094	19.988126204943011	22094	20
22096	-362.9327	22096	20.040105170784472	22096	20
22098	-362.89230000000003	22098	20.066754308985136	22098	20
22100	-362.85200000000003	22100	20.080628590821114	22100	20
22102	-362.8118	22102	20.083857159019853	22102	20
22104	-362.7717	22104	20.078214299182825	22104	20
22106	-362.7312	22106	20.106845249319743	22106	20
22108	-362.6911	22108	20.0973710410994	22108	20
22110	-362.65110000000004	22110	20.081142534246471	22110	20
22112	-362.6112	22112	20.059285445209191	22112	20
22114	-362.57120000000003	22114	20.049404537671297	22114	20
22116	-362.53130000000004	22116	20.032837114725144	22116	20
22118	-362.49100000000004	22118	20.052364262271123	22118	20
22120	-362.4508	22120	20.060303551894862	22120	20
22122	-362.4105	22122	20.075252959912554	22122	20
22124	-362.3702	22124	20.087710799927297	22124	20
22126	-362.33000000000004	22126	20.089758999936937	22126	20
22128	-362.28970000000004	22128	20.099799166614282	22128	20
22130	-362.24960000000004	22130	20.091499305511519	22130	20
22132	-362.2094	22132	20.092916087928526	22132	20
22134	-362.1694	22134	20.077430073275476	22134	20
22136	-362.1293	22136	20.072858394395844	22136	20
22138	-362.0889	22138	20.094048661994613	22138	20
22140	-362.0493	22140	20.045040551662776	22140	20
22142	-362.0093	22142	20.037533793054017	22142	20
22144	-361.9697	22144	19.997944827545613	22144	20
22146	-361.92940000000004	22146	20.02328735628344	22146	20
22148	-361.889	22148	20.052739463572344	22148	20
22150	-361.8487	22150	20.068949552977124	22150	20
22152	-361.808	22152	20.115791294148877	22152	20
22154	-361.7674	22154	20.146492745122693	22154	20
22156	-361.7268	22156	20.172077287600874	22156	20
22158	-361.6864	22158	20.176731073003541	22158	20
22160	-361.646	22160	20.180609227501026	22160	20
22162	-361.60540000000003	22162	20.200507689582818	22162	20
22164	-361.56530000000004	22164	20.175423074651963	22164	20
22166	-361.5247	22166	20.196185895546666	22166	20
22168	-361.4845	22168	20.180154912953078	22168	20
22170	-361.44460000000004	22170	20.141795760793293	22170	20
22172	-361.4048	22172	20.101496467328897	22172	20
22174	-361.36490000000003	22174	20.076247056106475	22174	20
22176	-361.325	22176	20.055205880092526	22176	20
22178	-361.2846	22178	20.079338233408514	22178	20
22180	-361.24420000000003	22180	20.099448527838504	22180	20
22182	-361.2038	22182	20.116207106534898	22182	20
22184	-361.16380000000004	22184	20.096839255442717	22184	20
22186	-361.1238	22186	20.080699379537304	22186	20
22188	-361.08340000000004	22188	20.100582816279161	22188	20
22190	-361.04330000000004	22190	20.092152346898917	22190	20
22192	-361.0032	22192	20.085126955753449	22192	20
22194	-360.9631	22194	20.079272463127488	22194	20
22196	-360.9229	22196	20.082727052603762	22196	20
22198	-360.8827	22198	20.08560587717206	22198	20
22200	-360.8426	22200	20.079671564309667	22200	20
22202	-360.8021	22202	20.108059636925443	22202	20
22204	-360.76160000000004	22204	20.131716364100519	22204	20
22206	-360.72090000000003	22206	20.168096970085042	22206	20
22208	-360.6802	22208	20.198414141738809	22208	20
22210	-360.6395	22210	20.223678451450283	22210	20
22212	-360.599	22212	20.22806537620929	22212	20
22214	-360.55870000000004	22214	20.215054480169837	22214	20
22216	-360.51840000000004	22216	20.204212066808367	22216	20
22218	-360.47810000000004	22218	20.195176722340474	22218	20
22220	-360.43780000000004	22220	20.18764726861723	22220	20
22222	-360.39750000000004	22222	20.181372723847861	22222	20
22224	-360.3575	22224	20.15114393654159	22224	20
22226	-360.3174	22226	20.134286613784273	22226	20
22228	-360.2774	22228	20.111905511488597	22228	20
22230	-360.2378	22230	20.059921259574431	22230	20
22232	-360.1985	22232	19.99160104964276	22232	20
22234	-360.15950000000004	22234	19.909667541367906	22234	20
22236	-360.1202	22236	19.866389617808725	22236	20
22238	-360.08090000000004	22238	19.830324681504674	22238	20
22240	-360.0416	22240	19.8002705679227	22240	20
22242	-360.0022	22242	19.783558806602294	22242	20
22244	-359.96320000000003	22244	19.73629900550085	22244	20
22246	-359.92420000000004	22246	19.696915837916315	22246	20
22248	-359.885	22248	19.680763198267826	22248	20
22250	-359.84590000000003	22250	19.658969331886706	22250	20
22252	-359.8073	22252	19.59914110990816	22252	20
22254	-359.7686	22254	19.557617591590613	22254	20
22256	-359.72970000000004	22256	19.539681326321809	22256	20
22258	-359.69100000000003	22258	19.50806777193532	22258	20
22260	-359.65200000000004	22260	19.506723143278371	22260	20
22262	-359.613	22262	19.505602619402321	22262	20
22264	-359.574	22264	19.504668849500874	22264	20
22266	-359.5348	22266	19.520557374583554	22266	20
22268	-359.495	22268	19.583797812154113	22268	20
22270	-359.45550000000003	22270	19.611498176793049	22270	20
22272	-359.41630000000004	22272	19.6095818139937	22272	20
22274	-359.377	22274	19.616318178330221	22274	20
22276	-359.33770000000004	22276	19.621931815272585	22276	20
22278	-359.29830000000004	22278	19.634943179393865	22278	20
22280	-359.25890000000004	22280	19.645785982828265	22280	20
22282	-359.219	22282	19.696488319027353	22282	20
22284	-359.17900000000003	22284	19.747073599186429	22284	20
22286	-359.139	22286	19.789227999323728	22286	20
22288	-359.0991	22288	19.816023332768836	22288	20
22290	-359.0589	22290	19.863352777309622	22290	20
22292	-359.0186	22292	19.911127314424853	22292	20
22294	-358.9783	22294	19.950939428687548	22294	20
22296	-358.93780000000004	22296	20.000782857235606	22296	20
22298	-358.8974	22298	20.033985714365816	22298	20
22300	-358.8573	22300	20.036654761971128	22300	20
22302	-358.81690000000003	22302	20.06387896830735	22302	20
22304	-358.7764	22304	20.094899140256846	22304	20
22306	-358.7359	22306	20.120749283548093	22306	20
22308	-358.6957	22308	20.117291069625669	22308	20
22310	-358.65520000000004	22310	20.139409224684041	22310	20
22312	-358.615	22312	20.132841020572293	22312	20
22314	-358.5743	22314	20.169034183811519	22314	20
22316	-358.5337	22316	20.190861819841562	22316	20
22318	-358.4932	22318	20.200718183202024	22318	20
22320	-358.4528	22320	20.200598485999762	22320	20
22322	-358.4123	22322	20.208832071667192	22322	20
22324	-358.3714	22324	20.249026726391154	22324	20
22326	-358.33050000000003	22326	20.282522271989716	22326	20
22328	-358.2893	22328	20.335435226658387	22328	20
22330	-358.24850000000004	22330	20.346196022214503	22330	20
22332	-358.2071	22332	20.405163351846262	22332	20
22334	-358.166	22334	20.4293027932076	22334	20
22336	-358.12510000000003	22336	20.432752327670091	22336	20
22338	-358.0844	22338	20.418960273059685	22338	20
22340	-358.0435	22340	20.4241335608849	22340	20
22342	-358.0023	22342	20.45344463407104	22342	20
22344	-357.9613	22344	20.461203861725604	22344	20
22346	-357.9203	22346	20.467669884771073	22346	20
22348	-357.87960000000004	22348	20.448058237305762	22348	20
22350	-357.83860000000004	22350	20.456715197754537	22350	20
22352	-357.7976	22352	20.463929331466584	22352	20
22354	-357.7565	22354	20.478274442886462	22354	20
22356	-357.7157	22356	20.465228702404566	22356	20
22358	-357.67470000000003	22358	20.471023918670209	22358	20
22360	-357.6341	22360	20.442519932228539	22360	20
22362	-357.5939	22362	20.385433276854638	22362	20
22364	-357.55330000000004	22364	20.371194397377494	22364	20
22366	-357.5126	22366	20.367661997815855	22366	20
22368	-357.4724	22368	20.323051664848805	22368	20
22370	-357.4321	22370	20.294209720707507	22370	20
22372	-357.3915	22372	20.295174767254885	22372	20
22374	-357.3509	22374	20.295978972711033	22374	20
22376	-357.3104	22376	20.28831581059325	22376	20
22378	-357.2702	22378	20.2569298421633	22378	20
22380	-357.22970000000004	22380	20.255774868465398	22380	20
22382	-357.1892	22382	20.254812390388555	22382	20
22384	-357.14860000000004	22384	20.262343658655759	22384	20
22386	-357.108	22386	20.268619715549832	22386	20
22388	-357.0674	22388	20.273849762956822	22388	20
22390	-357.0271	22390	20.253208135797522	22390	20
22392	-356.9864	22392	20.269340113165878	22392	20
22394	-356.9459	22394	20.266116760972288	22394	20
22396	-356.906	22396	20.213430634142636	22396	20
22398	-356.8657	22398	20.2028588617857	22398	20
22400	-356.8254	22400	20.194049051488253	22400	20
22402	-356.7851	22402	20.186707542907047	22402	20
22404	-356.74490000000003	22404	20.172256285753395	22404	20
22406	-356.7046	22406	20.168546904794663	22406	20
22408	-356.6642	22408	20.1737890873317	22408	20
22410	-356.62370000000004	22410	20.186490906105732	22410	20
22412	-356.5831	22412	20.205409088424808	22412	20
22414	-356.5426	22414	20.212840907021395	22414	20
22416	-356.5024	22416	20.194034089182018	22416	20
22418	-356.4619	22418	20.203361740985738	22418	20
22420	-356.4218	22420	20.177801450821065	22420	20
22422	-356.3815	22422	20.173167875684388	22422	20
22424	-356.34180000000003	22424	20.119306563068832	22424	20
22426	-356.3019	22426	20.09108880256116	22426	20
22428	-356.26230000000004	22428	20.042574002130163	22428	20
22430	-356.22270000000003	22430	20.002145001775734	22430	20
22432	-356.183	22432	19.976787501483024	22432	20
22434	-356.14320000000004	22434	19.963989584565603	22434	20
22436	-356.10380000000004	22436	19.919991320471382	22436	20
22438	-356.0641	22438	19.908326100396064	22438	20
22440	-356.0247	22440	19.873605083663431	22440	20
22442	-355.98560000000003	22442	19.819670903049708	22442	20
22444	-355.9463	22444	19.791392419210229	22444	20
22446	-355.90700000000004	22446	19.767827016005928	22446	20
22448	-355.86830000000003	22448	19.698189180005418	22448	20
22450	-355.8292	22450	19.673490983339434	22450	20
22452	-355.7905	22452	19.619575819450006	22452	20
22454	-355.7515	22454	19.599646516207276	22454	20
22456	-355.7128	22456	19.558038763506541	22456	20
22458	-355.67470000000003	22458	19.473365636254268	22458	20
22460	-355.6361	22460	19.444471363547795	22460	20
22462	-355.598	22462	19.378726136288648	22462	20
22464	-355.5593	22464	19.373938446907687	22464	20
22466	-355.5206	22466	19.369948705756883	22466	20
22468	-355.4819	22468	19.366623921464548	22468	20
22470	-355.4432	22470	19.363853267887603	22470	20
22472	-355.40450000000004	22472	19.361544389902079	22472	20
22474	-355.3657	22474	19.367953658254859	22474	20
22476	-355.3269	22476	19.373294715210768	22476	20
22478	-355.2882	22478	19.369412262676118	22478	20
22480	-355.24940000000004	22480	19.37451021889515	22480	20
22482	-355.2104	22482	19.395425182416304	22482	20
22484	-355.1714	22484	19.412854318679191	22484	20
22486	-355.13280000000003	22486	19.394045265563825	22486	20
22488	-355.0935	22488	19.436704387971993	22488	20
22490	-355.0546	22490	19.438920323311027	22490	20
22492	-355.01550000000003	22492	19.457433602756037	22492	20
22494	-354.9766	22494	19.456194668964397	22494	20
22496	-354.93710000000004	22496	19.505162224134953	22496	20
22498	-354.8974	22498	19.562635186782373	22498	20
22500	-354.85810000000004	22500	19.577195988982712	22500	20
22502	-354.81850000000003	22502	19.614329990819524	22502	20
22504	-354.77860000000004	22504	19.670274992348666	22504	20
22506	-354.7389	22506	19.7002291602938	22506	20
22508	-354.6993	22508	19.716857633578766	22508	20
22510	-354.6592	22510	19.772381361315254	22510	20
22512	-354.61920000000003	22512	19.810317801093014	22512	20
22514	-354.5793	22514	19.833598167581311	22514	20
22516	-354.5394	22516	19.852998472983487	22516	20
22518	-354.49960000000004	22518	19.860832060815987	22518	20
22520	-354.4599	22520	19.859026717349902	22520	20
22522	-354.41990000000004	22522	19.882522264455222	22522	20
22524	-354.3798	22524	19.910435220383704	22524	20
22526	-354.33950000000004	22526	19.950362683648518	22526	20
22528	-354.2993	22528	19.975302236376024	22528	20
22530	-354.25870000000003	22530	20.029418530311982	22530	20
22532	-354.2182	22532	20.066182108594042	22532	20
22534	-354.17760000000004	22534	20.105151757160332	22534	20
22536	-354.1372	22536	20.12095979763642	22536	20
22538	-354.0966	22538	20.150799831362313	22538	20
22540	-354.05600000000004	22540	20.175666526133892	22540	20
22542	-354.0153	22542	20.20472210511285	22542	20
22544	-353.97470000000004	22544	20.220601754259338	22544	20
22546	-353.9343	22546	20.21716812855226	22546	20
22548	-353.89390000000003	22548	20.214306773791627	22548	20
22550	-353.8535	22550	20.211922311495833	22550	20
22552	-353.8129	22552	20.226601926245156	22552	20
22554	-353.7724	22554	20.230501605205017	22554	20
22556	-353.7316	22556	20.258751337670031	22556	20
22558	-353.6909	22558	20.273959448059635	22558	20
22560	-353.6504	22560	20.269966206717086	22560	20
22562	-353.6098	22562	20.274971838929535	22562	20
22564	-353.5693	22564	20.270809865775334	22564	20
22566	-353.5292	22566	20.234008221479062	22566	20
22568	-353.4889	22568	20.220006851232721	22568	20
22570	-353.4483	22570	20.233339042692563	22570	20
22572	-353.40790000000004	22572	20.227782535575212	22572	20
22574	-353.3675	22574	20.223152112982156	22574	20
22576	-353.327	22576	20.227626760819184	22576	20
22578	-353.2868	22578	20.206355634013509	22578	20
22580	-353.2465	22580	20.196963028344758	22580	20
22582	-353.20640000000003	22582	20.172469190286915	22582	20
22584	-353.16630000000004	22584	20.152057658572044	22584	20
22586	-353.1257	22586	20.176714715480067	22586	20
22588	-353.0855	22588	20.163928929564246	22588	20
22590	-353.0453	22590	20.153274107972464	22590	20
22592	-353.0052	22592	20.136061756643336	22592	20
22594	-352.96520000000004	22594	20.11338479719975	22594	20
22596	-352.925	22596	20.111153997668715	22596	20
22598	-352.8849	22598	20.100961664723545	22598	20
22600	-352.8446	22600	20.109134720603123	22600	20
22602	-352.80420000000004	22602	20.124278933834013	22602	20
22604	-352.76390000000004	22604	20.128565778195181	22604	20
22606	-352.7237	22606	20.12380481516491	22606	20
22608	-352.6836	22608	20.111504012637042	22608	20
22610	-352.6435	22610	20.101253343863817	22610	20
22612	-352.60310000000004	22612	20.117711119884589	22612	20
22614	-352.5624	22614	20.156425933238435	22614	20
22616	-352.5219	22616	20.172021611032751	22616	20
22618	-352.4814	22618	20.185018009194682	22618	20
22620	-352.4409	22620	20.195848340996289	22620	20
22622	-352.4004	22622	20.204873617497629	22622	20
22624	-352.35990000000004	22624	20.212394681244007	22624	20
22626	-352.31960000000004	22626	20.201995567703509	22626	20
22628	-352.27930000000003	22628	20.193329639753092	22628	20
22630	-352.23900000000003	22630	20.186108033127745	22630	20
22632	-352.1984	22632	20.20509002760982	22632	20
22634	-352.15770000000003	22634	20.229241689671387	22634	20
22636	-352.1173	22636	20.224368074728968	22636	20
22638	-352.07660000000004	22638	20.245306728937344	22638	20
22640	-352.03610000000003	22640	20.246088940781842	22640	20
22642	-351.9956	22642	20.24674078398559	22642	20
22644	-351.9553	22644	20.230617319988159	22644	20
22646	-351.9148	22646	20.233847766657522	22646	20
22648	-351.8745	22648	20.219873138881436	22648	20
22650	-351.83430000000004	22650	20.19989428239872	22650	20
22652	-351.7942	22652	20.174911902003284	22652	20
22654	-351.75440000000003	22654	20.129093251665818	22654	20
22656	-351.7147	22656	20.08257770972476	22656	20
22658	-351.67510000000004	22658	20.035481424766495	22658	20
22660	-351.63550000000004	22660	19.996234520639344	22660	20
22662	-351.5962	22662	19.938528767201593	22662	20
22664	-351.55690000000004	22664	19.890440639332063	22664	20
22666	-351.5177	22666	19.842033866114285	22666	20
22668	-351.4785	22668	19.801694888428063	22668	20
22670	-351.4392	22670	19.776412407020789	22670	20
22672	-351.4001	22672	19.738677005852242	22672	20
22674	-351.36080000000004	22674	19.72389750487427	22674	20
22676	-351.3217	22676	19.694914587396809	22676	20
22678	-351.2823	22678	19.695762156164054	22678	20
22680	-351.243	22680	19.68813513013885	22680	20
22682	-351.204	22682	19.656779275114648	22682	20
22684	-351.165	22684	19.630649395927811	22684	20
22686	-351.1258	22686	19.625541163272668	22686	20
22688	-351.08680000000004	22688	19.604617636059494	22688	20
22690	-351.0478	22690	19.587181363386591	22690	20
22692	-351.00870000000003	22692	19.580984469485674	22692	20
22694	-350.96950000000004	22694	19.584153724570886	22694	20
22696	-350.93010000000004	22696	19.60346143714245	22696	20
22698	-350.8908	22698	19.611217864287514	22698	20
22700	-350.8517	22700	19.601014886907848	22700	20
22702	-350.8122	22702	19.625845739087829	22702	20
22704	-350.7728	22704	19.638204782573236	22704	20
22706	-350.73330000000004	22706	19.656837318808986	22706	20
22708	-350.6934	22708	19.705697765677954	22708	20
22710	-350.6539	22710	19.713081471396251	22710	20
22712	-350.6145	22712	19.710901226163589	22712	20
22714	-350.575	22714	19.717417688472349	22714	20
22716	-350.5356	22716	19.714514740393668	22716	20
22718	-350.49600000000004	22718	19.728762283657254	22718	20
22720	-350.4565	22720	19.732301903050402	22720	20
22722	-350.4168	22722	19.751918252540509	22722	20
22724	-350.37690000000003	22724	19.784931877116154	22724	20
22726	-350.3369	22726	19.820776564265167	22726	20
22728	-350.2969	22728	19.850647136889343	22728	20
22730	-350.2568	22730	19.883872614074068	22730	20
22732	-350.2167	22732	19.911560511728005	22732	20
22734	-350.17670000000004	22734	19.926300426436974	22734	20
22736	-350.13640000000004	22736	19.963583688697646	22736	20
22738	-350.096	22738	20.002986407250852	22738	20
22740	-350.0559	22740	20.010822006041991	22740	20
22742	-350.01550000000003	22742	20.042351671699734	22742	20
22744	-349.97540000000004	22744	20.043626393082729	22744	20
22746	-349.9354	22746	20.036355327570647	22746	20
22748	-349.8953	22748	20.03862943964182	22748	20
22750	-349.855	22750	20.057191199701684	22750	20
22752	-349.81460000000004	22752	20.080992666416147	22752	20
22754	-349.7742	22754	20.100827222016267	22754	20
22756	-349.7337	22756	20.125689351680943	22756	20
22758	-349.69300000000004	22758	20.163074459730655	22758	20
22760	-349.6528	22760	20.152562049777803	22760	20
22762	-349.6121	22762	20.185468374816111	22762	20
22764	-349.5716	22764	20.196223645680814	22764	20
22766	-349.5312	22766	20.19685303806542	22766	20
22768	-349.4903	22768	20.239044198389678	22768	20
22770	-349.44980000000004	22770	20.240870165320715	22770	20
22772	-349.40950000000004	22772	20.22572513776743	22772	20
22774	-349.36920000000003	22774	20.213104281473026	22774	20
22776	-349.3287	22776	20.21925356789491	22776	20
22778	-349.2884	22778	20.20771130657926	22778	20
22780	-349.24830000000003	22780	20.181426088815666	22780	20
22782	-349.2078	22782	20.192855074013778	22782	20
22784	-349.1673	22784	20.202379228345539	22784	20
22786	-349.12690000000003	22786	20.201982690286023	22786	20
22788	-349.08660000000003	22788	20.193318908571854	22788	20
22790	-349.0462	22790	20.194432423812689	22790	20
22792	-349.0054	22792	20.228693686509757	22792	20
22794	-348.96500000000003	22794	20.223911405422875	22794	20
22796	-348.9245	22796	20.228259504519784	22796	20
22798	-348.8841	22798	20.223549587102632	22798	20
22800	-348.8435	22800	20.236291322584155	22800	20
22802	-348.80310000000003	22802	20.230242768818204	22802	20
22804	-348.76300000000003	22804	20.200202307348118	22804	20
22806	-348.7226	22806	20.200168589459576	22806	20
22808	-348.6825	22808	20.175140491215927	22808	20
22810	-348.6422	22810	20.170950409346776	22810	20
22812	-348.60200000000003	22812	20.159125341119836	22812	20
22814	-348.5615	22814	20.174271117600586	22814	20
22816	-348.5211	22816	20.178559264669968	22816	20
22818	-348.48040000000003	22818	20.207132720554842	22818	20
22820	-348.44	22820	20.205943933798512	22820	20
22822	-348.3996	22822	20.2049532781635	22822	20
22824	-348.3591	22824	20.212461065136974	22824	20
22826	-348.31870000000004	22826	20.210384220945553	22826	20
22828	-348.2781	22828	20.225320184124659	22828	20
22830	-348.2377	22830	20.221100153435291	22830	20
22832	-348.19730000000004	22832	20.217583461194153	22832	20
22834	-348.1567	22834	20.231319550998492	22834	20
22836	-348.1166	22836	20.201099625831691	22836	20
22838	-348.0767	22838	20.159249688192137	22838	20
22840	-348.0367	22840	20.132708073495152	22840	20
22842	-347.9966	22842	20.118923394578911	22842	20
22844	-347.95590000000004	22844	20.157436162145629	22844	20
22846	-347.9153	22846	20.181196801791391	22846	20
22848	-347.8748	22848	20.192664001493547	22848	20
22850	-347.83430000000004	22850	20.202220001240605	22850	20
22852	-347.7936	22852	20.226850001035114	22852	20
22854	-347.7532	22854	20.222375000865405	22854	20
22856	-347.71270000000004	22856	20.226979167383821	22856	20
22858	-347.6725	22858	20.205815972822109	22858	20
22860	-347.6324	22860	20.179846644018038	22860	20
22862	-347.5923	22862	20.158205536681315	22862	20
22864	-347.55240000000003	22864	20.12350461390016	22864	20
22866	-347.5125	22866	20.094587178253931	22866	20
22868	-347.4721	22868	20.112155981876352	22868	20
22870	-347.43240000000003	22870	20.0684633182288	22870	20
22872	-347.3927	22872	20.032052765193914	22872	20
22874	-347.3524	22874	20.051710637661763	22874	20
22876	-347.3125	22876	20.034758864717197	22876	20
22878	-347.2724	22878	20.037299053930614	22878	20
22880	-347.2326	22880	20.014415878276662	22880	20
22882	-347.1933	22882	19.953679898561287	22882	20
22884	-347.1538	22884	19.919733248803762	22884	20
22886	-347.1145	22886	19.87477770733387	22886	20
22888	-347.0753	22888	19.828981422777716	22888	20
22890	-347.03630000000004	22890	19.774151185647035	22890	20
22892	-346.9972	22892	19.736792654707447	22892	20
22894	-346.9583	22894	19.688993878923903	22894	20
22896	-346.9195	22896	19.64082823243497	22896	20
22898	-346.88050000000004	22898	19.617356860361415	22898	20
22900	-346.84180000000003	22900	19.572797383634992	22900	20
22902	-346.80310000000003	22902	19.535664486362972	22902	20
22904	-346.7638	22904	19.554720405304614	22904	20
22906	-346.7253	22906	19.503933671087104	22906	20
22908	-346.68620000000004	22908	19.511611392569435	22908	20
22910	-346.64750000000004	22910	19.484676160475008	22910	20
22912	-346.60880000000003	22912	19.462230133729651	22912	20
22914	-346.5701	22914	19.443525111441854	22914	20
22916	-346.53110000000004	22916	19.452937592867151	22916	20
22918	-346.4921	22918	19.460781327392972	22918	20
22920	-346.45300000000003	22920	19.47565110615766	22920	20
22922	-346.41380000000004	22922	19.49637592179754	22922	20
22924	-346.3747	22924	19.5053132681662	22924	20
22926	-346.3353	22926	19.537761056805213	22926	20
22928	-346.2962	22928	19.539800880672594	22928	20
22930	-346.25640000000004	22930	19.599834067223579	22930	20
22932	-346.2173	22932	19.591528389354568	22932	20
22934	-346.17740000000003	22934	19.651273657794537	22934	20
22936	-346.1379	22936	19.667728048164804	22936	20
22938	-346.098	22938	19.714773373469733	22938	20
22940	-346.0582	22940	19.745644477892597	22940	20
22942	-346.0185	22942	19.763037064909007	22942	20
22944	-345.97860000000003	22944	19.7941975540899	22944	20
22946	-345.9389	22946	19.803497961744828	22946	20
22948	-345.89910000000003	22948	19.819581634783773	22948	20
22950	-345.8591	22950	19.849651362321517	22950	20
22952	-345.81890000000004	22952	19.891376135265453	22952	20
22954	-345.77860000000004	22954	19.934480112721381	22954	20
22956	-345.7384	22956	19.96206676060341	22956	20
22958	-345.6981	22958	19.993388967169675	22958	20
22960	-345.6578	22960	20.019490805974897	22960	20
22962	-345.6173	22962	20.057909004979802	22962	20
22964	-345.5767	22964	20.098257504148464	22964	20
22966	-345.53610000000003	22966	20.131881253455681	22966	20
22968	-345.4957	22968	20.143234377882546	22968	20
22970	-345.4551	22970	20.169361981567416	22970	20
22972	-345.4144	22972	20.199468317974123	22972	20
22974	-345.3739	22974	20.207890264979159	22974	20
22976	-345.3335	22976	20.206575220814042	22976	20
22978	-345.2932	22978	20.197146017345204	22978	20
22980	-345.25260000000003	22980	20.2142883477863	22980	20
22982	-345.21160000000003	22982	20.261906956488321	22982	20
22984	-345.171	22984	20.268255797076964	22984	20
22986	-345.1302	22986	20.290213164229986	22986	20
22988	-345.08950000000004	22988	20.300177636854858	22988	20
22990	-345.0489	22990	20.300148030715746	22990	20
22992	-345.00800000000004	22992	20.325123358926877	22992	20
22994	-344.9673	22994	20.329269465773674	22994	20
22996	-344.9266	22996	20.332724554812671	22996	20
22998	-344.8861	22998	20.318937129011282	22998	20
23000	-344.8455	23000	20.315780940841364	23000	20
23002	-344.8052	23002	20.288150784034638	23002	20
23004	-344.7647	23004	20.281792320029588	23004	20
23006	-344.72450000000003	23006	20.251493600022179	23006	20
23008	-344.68420000000003	23008	20.234578000018651	23008	20
23010	-344.6438	23010	20.228815000018354	23010	20
23012	-344.6035	23012	20.215679166682129	23012	20
23014	-344.5632	23014	20.204732638901945	23014	20
23016	-344.523	23016	20.187277199082477	23016	20
23018	-344.48290000000003	23018	20.164397665901678	23018	20
23020	-344.4426	23020	20.161998054918232	23020	20
23022	-344.4022	23022	20.168331712434671	23022	20
23024	-344.3619	23024	20.165276427029063	23024	20
23026	-344.32120000000003	23026	20.196063689187422	23026	20
23028	-344.281	23028	20.180053074325109	23028	20
23030	-344.24060000000003	23030	20.183377561935668	23030	20
23032	-344.2002	23032	20.186147968282533	23032	20
23034	-344.1598	23034	20.188456640233522	23034	20
23036	-344.1191	23036	20.21538053352921	23036	20
23038	-344.0785	23038	20.229483777939638	23038	20
23040	-344.0374	23040	20.282903148285413	23040	20
23042	-343.9962	23042	20.335752623571466	23042	20
23044	-343.9553	23044	20.354793852973312	23044	20
23046	-343.9144	23046	20.370661544146255	23046	20
23048	-343.87370000000004	23048	20.36721795345175	23048	20
23050	-343.8324	23050	20.414348294546059	23050	20
23052	-343.7914	23052	20.42862357878812	23052	20
23054	-343.75030000000004	23054	20.448852982321075	23054	20
23056	-343.7095	23056	20.440710818604813	23056	20
23058	-343.6687	23058	20.43392568216986	23058	20
23060	-343.6279	23060	20.4282714018074	23060	20
23062	-343.5874	23062	20.398559501506888	23062	20
23064	-343.5471	23064	20.357132917922577	23064	20
23066	-343.5066	23066	20.33927743160287	23066	20
23068	-343.46590000000003	23068	20.341064526332261	23068	20
23070	-343.4254	23070	20.325887105277605	23070	20
23072	-343.38460000000003	23072	20.338239254397187	23072	20
23074	-343.3444	23074	20.298532711999915	23074	20
23076	-343.3039	23076	20.290443926667319	23076	20
23078	-343.2636	23078	20.267036605556267	23078	20
23080	-343.223	23080	20.27253050462885	23080	20
23082	-343.18260000000004	23082	20.260442087188785	23082	20
23084	-343.1424	23084	20.233701739326246	23084	20
23086	-343.10220000000004	23086	20.211418116102728	23086	20
23088	-343.06210000000004	23088	20.184515096751888	23088	20
23090	-343.02250000000004	23090	20.120429247293838	23090	20
23092	-342.9826	23092	20.092024372748664	23092	20
23094	-342.9427	23094	20.068353643956282	23094	20
23096	-342.9033	23096	20.006961369963612	23096	20
23098	-342.8632	23098	20.014134474969293	23098	20
23100	-342.8235	23100	19.986778729139587	23100	20
23102	-342.784	23102	19.947315607619014	23102	20
23104	-342.7447	23104	19.89776300634658	23104	20
23106	-342.7053	23106	19.864802505288861	23106	20
23108	-342.66630000000004	23108	19.804002087739654	23108	20
23110	-342.627	23110	19.778335073118516	23110	20
23112	-342.5876	23112	19.765279227598807	23112	20
23114	-342.54830000000004	23114	19.746066022996409	23114	20
23116	-342.5091	23116	19.721721685834574	23116	20
23118	-342.47020000000003	23118	19.676434738191773	23118	20
23120	-342.4311	23120	19.655362281828062	23120	20
23122	-342.39230000000003	23122	19.61280190152177	23122	20
23124	-342.3534	23124	19.585668251269173	23124	20
23126	-342.31460000000004	23126	19.554723542722694	23126	20
23128	-342.2756	23128	19.545602952272588	23128	20
23130	-342.2368	23130	19.521335793558876	23130	20
23132	-342.1976	23132	19.53444649463189	23132	20
23134	-342.15860000000004	23134	19.528705412192181	23134	20
23136	-342.11940000000004	23136	19.540587843492975	23136	20
23138	-342.0802	23138	19.55048986958171	23138	20
23140	-342.0409	23140	19.567074891315496	23140	20
23142	-342.0015	23142	19.589229076096291	23142	20
23144	-341.9621	23144	19.607690896746956	23144	20
23146	-341.9228	23146	19.614742413957934	23146	20
23148	-341.8834	23148	19.628952011631657	23148	20
23150	-341.8442	23150	19.624126676359207	23150	20
23152	-341.805	23152	19.620105563632166	23152	20
23154	-341.7658	23154	19.61675463635963	23154	20
23156	-341.7267	23156	19.60562886363461	23156	20
23158	-341.6874	23158	19.613024053026244	23158	20
23160	-341.6481	23160	19.619186710857342	23160	20
23162	-341.6084	23162	19.657655592379626	23162	20
23164	-341.5684	23164	19.714712993651393	23164	20
23166	-341.5287	23166	19.737260828041336	23166	20
23168	-341.4886	23168	19.789384023367397	23168	20
23170	-341.4483	23170	19.849486686139667	23170	20
23172	-341.4083	23172	19.874572238451428	23172	20
23174	-341.3682	23174	19.903810198709138	23174	20
23176	-341.3281	23176	19.928175165590563	23176	20
23178	-341.28810000000004	23178	19.940145971322437	23178	20
23180	-341.2482	23180	19.941788309439161	23180	20
23182	-341.20820000000003	23182	19.951490257862936	23182	20
23184	-341.1684	23184	19.942908548220267	23184	20
23186	-341.1286	23186	19.935757123518041	23186	20
23188	-341.0889	23188	19.921464269596875	23188	20
23190	-341.0487	23190	19.951220224666322	23190	20
23192	-341.0085	23192	19.976016853886126	23192	20
23194	-340.96790000000004	23194	20.030014044903734	23194	20
23196	-340.9277	23196	20.041678370755371	23196	20
23198	-340.8875	23198	20.051398642298402	23198	20
23200	-340.8471	23200	20.076165535246744	23200	20
23202	-340.807	23202	20.071804612705236	23202	20
23204	-340.7665	23204	20.101503843921751	23204	20
23206	-340.7262	23206	20.109586536601629	23206	20
23208	-340.6861	23208	20.099655447167638	23208	20
23210	-340.64570000000003	23210	20.11637953930444	23210	20
23212	-340.6053	23212	20.13031628275651	23212	20
23214	-340.56510000000003	23214	20.12526356896128	23214	20
23216	-340.52500000000003	23216	20.112719640800684	23216	20
23218	-340.48470000000003	23218	20.11893303400074	23218	20
23220	-340.4441	23220	20.14911086167065	23220	20
23222	-340.4035	23222	20.174259051390838	23222	20
23224	-340.3629	23224	20.195215876157661	23224	20
23226	-340.3224	23226	20.204346563465439	23226	20
23228	-340.2822	23228	20.186955469556789	23228	20
23230	-340.2421	23230	20.164129557963605	23230	20
23232	-340.2019	23232	20.153441298300528	23232	20
23234	-340.1618	23234	20.136201081916724	23234	20
23236	-340.1218	23236	20.113500901598975	23236	20
23238	-340.08160000000004	23238	20.11125075133	23238	20
23240	-340.0416	23240	20.092708959443371	23240	20
23242	-340.0014	23242	20.093924132871734	23242	20
23244	-339.9612	23244	20.094936777390636	23244	20
23246	-339.921	23246	20.095780647827787	23246	20
23248	-339.8808	23248	20.096483873187346	23248	20
23250	-339.8404	23250	20.113736560992265	23250	20
23252	-339.8	23252	20.128113800824963	23252	20
23254	-339.7594	23254	20.1567615006861	23254	20
23256	-339.719	23256	20.163967917241227	23256	20
23258	-339.6786	23258	20.169973264365765	23258	20
23260	-339.6386	23260	20.141644386973176	23260	20
23262	-339.59860000000003	23262	20.118036989141284	23262	20
23264	-339.5586	23264	20.098364157619443	23264	20
23266	-339.5185	23266	20.090303464682485	23266	20
23268	-339.4782	23268	20.100252887235573	23268	20
23270	-339.4377	23270	20.1252107393637	23270	20
23272	-339.3974	23272	20.12934228280325	23272	20
23274	-339.35720000000003	23274	20.124451902333565	23274	20
23276	-339.317	23276	20.12037658528023	23276	20
23278	-339.2765	23278	20.141980487734248	23278	20
23280	-339.2359	23280	20.1683170731105	23280	20
23282	-339.1954	23282	20.181930894259473	23282	20
23284	-339.1548	23284	20.201609078548191	23284	20
23286	-339.11420000000004	23286	20.218007565455455	23286	20
23288	-339.0738	23288	20.215006304549025	23288	20
23290	-339.03340000000003	23290	20.21250525378893	23290	20
23292	-338.99330000000003	23292	20.185421044823723	23292	20
23294	-338.95300000000003	23294	20.17951753735327	23294	20
23296	-338.9128	23296	20.166264614463316	23296	20
23298	-338.87260000000003	23298	20.155220512050285	23298	20
23300	-338.83250000000004	23300	20.137683760041519	23300	20
23302	-338.79220000000004	23302	20.139736466701436	23302	20
23304	-338.7523	23304	20.108113722254995	23304	20
23306	-338.7122	23306	20.098428101878778	23306	20
23308	-338.67220000000003	23308	20.082023418229284	23308	20
23310	-338.63230000000004	23310	20.060019515190131	23310	20
23312	-338.5924	23312	20.041682929328907	23312	20
23314	-338.55260000000004	23314	20.018069107770504	23314	20
23316	-338.5131	23316	19.973390923144777	23316	20
23318	-338.4735	23318	19.944492435954579	23318	20
23320	-338.434	23320	19.912077029960106	23320	20
23322	-338.3947	23322	19.868397524968891	23322	20
23324	-338.35540000000003	23324	19.831997937471478	23324	20
23326	-338.31600000000003	23326	19.809998281226278	23326	20
23328	-338.27680000000004	23328	19.774998567688058	23328	20
23330	-338.2378	23330	19.72916547307706	23330	20
23332	-338.1985	23332	19.715971227561621	23332	20
23334	-338.1592	23334	19.704976022970154	23334	20
23336	-338.1204	23336	19.654146685806847	23336	20
23338	-338.0813	23338	19.636788904840625	23338	20
23340	-338.04240000000004	23340	19.605657420696815	23340	20
23342	-338.00370000000004	23342	19.563047850581157	23342	20
23344	-337.9646	23344	19.560873208819217	23344	20
23346	-337.9259	23346	19.525727674016494	23346	20
23348	-337.8869	23348	19.521439728346017	23348	20
23350	-337.84770000000003	23350	19.534533106954505	23350	20
23352	-337.8091	23352	19.495444255797992	23352	20
23354	-337.7697	23354	19.529536879831706	23354	20
23356	-337.73060000000004	23356	19.532947399856603	23356	20
23358	-337.6915	23358	19.535789499882089	23358	20
23360	-337.6523	23360	19.546491249901234	23360	20
23362	-337.61260000000004	23362	19.59707604158287	23362	20
23364	-337.57320000000004	23364	19.614230034652437	23364	20
23366	-337.53380000000004	23366	19.628525028877075	23366	20
23368	-337.4943	23368	19.648770857400255	23368	20
23370	-337.45480000000003	23370	19.665642381164833	23370	20
23372	-337.4151	23372	19.696368650973938	23372	20
23374	-337.37530000000004	23374	19.730307209141365	23374	20
23376	-337.3358	23376	19.733589340953831	23376	20
23378	-337.296	23378	19.76132445079601	23378	20
23380	-337.25620000000004	23380	19.784437042326424	23380	20
23382	-337.2165	23382	19.795364201941933	23382	20
23384	-337.1766	23384	19.821136834950671	23384	20
23386	-337.1367	23386	19.842614029124622	23386	20
23388	-337.09680000000003	23388	19.860511690936246	23388	20
23390	-337.0568	23390	19.883759742448575	23390	20
23392	-337.0168	23392	19.903133118708851	23392	20
23394	-336.97700000000003	23394	19.902610932253793	23394	20
23396	-336.9368	23396	19.935509110213754	23396	20
23398	-336.89660000000003	23398	19.962924258508984	23398	20
23400	-336.8564	23400	19.985770215426413	23400	20
23402	-336.8161	23402	20.013141846188848	23402	20
23404	-336.77570000000003	23404	20.044284871822114	23404	20
23406	-336.73560000000003	23406	20.04523739318471	23406	20
23408	-336.695	23408	20.087697827657291	23408	20
23410	-336.6547	23410	20.09808152304791	23410	20
23412	-336.6145	23412	20.098401269204114	23412	20
23414	-336.574	23414	20.123667724337484	23414	20
23416	-336.53360000000004	23416	20.136389770279312	23416	20
23418	-336.4931	23418	20.155324808566814	23418	20
23420	-336.45230000000004	23420	20.196104007138192	23420	20
23422	-336.4117	23422	20.213420005951857	23422	20
23424	-336.3709	23424	20.244516671625728	23424	20
23426	-336.33000000000004	23426	20.278763893018528	23426	20
23428	-336.2894	23428	20.282303244185471	23428	20
23430	-336.24830000000003	23430	20.3269193701522	23430	20
23432	-336.2074	23432	20.347432808461996	23432	20
23434	-336.1667	23434	20.347860673719605	23434	20
23436	-336.1257	23436	20.373217228099406	23436	20
23438	-336.08520000000004	23438	20.352681023412156	23438	20
23440	-336.0445	23440	20.352234186178073	23440	20
23442	-336.004	23442	20.335195155149115	23442	20
23444	-335.9637	23444	20.304329295957764	23444	20
23446	-335.923	23446	20.311941079966079	23446	20
23448	-335.8824	23448	20.30995089997036	23448	20
23450	-335.8419	23450	20.299959083309357	23450	20
23452	-335.80170000000004	23452	20.266632569421986	23452	20
23454	-335.7611	23454	20.272193807855022	23454	20
23456	-335.7207	23456	20.260161506543927	23456	20
23458	-335.6802	23458	20.258467922120662	23458	20
23460	-335.6397	23460	20.257056601767939	23460	20
23462	-335.5994	23462	20.239213834806783	23462	20
23464	-335.559	23464	20.232678195670395	23464	20
23466	-335.51890000000003	23466	20.202231829724944	23466	20
23468	-335.47880000000004	23468	20.176859858103736	23468	20
23470	-335.4388	23470	20.147383215088151	23470	20
23472	-335.3988	23472	20.122819345908496	23472	20
23474	-335.3585	23474	20.127349454923916	23474	20
23476	-335.3183	23476	20.12279121243412	23476	20
23478	-335.278	23478	20.127326010361934	23478	20
23480	-335.2379	23480	20.114438341967894	23480	20
23482	-335.1974	23482	20.137031951640633	23482	20
23484	-335.15700000000004	23484	20.14752662636527	23484	20
23486	-335.1164	23486	20.172938855307756	23486	20
23488	-335.0759	23488	20.185782379423852	23488	20
23490	-335.03540000000004	23490	20.196485316182525	23490	20
23492	-334.9948	23492	20.2137377634888	23492	20
23494	-334.9543	23494	20.219781469574723	23494	20
23496	-334.914	23496	20.208151224645771	23496	20
23498	-334.87350000000004	23498	20.215126020534125	23498	20
23500	-334.8336	23500	20.170938350448903	23500	20
23502	-334.7934	23502	20.159115292038276	23502	20
23504	-334.7533	23504	20.140929410031511	23504	20
23506	-334.7131	23506	20.134107841695183	23506	20
23508	-334.6727	23508	20.145089868077395	23508	20
23510	-334.6324	23510	20.145908223398	23510	20
23512	-334.59200000000004	23512	20.154923519496407	23512	20
23514	-334.5518	23514	20.145769599582596	23514	20
23516	-334.5116	23516	20.138141332987754	23516	20
23518	-334.4715	23518	20.123451110822742	23518	20
23520	-334.4313	23520	20.119542592349809	23520	20
23522	-334.3915	23522	20.08295216029266	23522	20
23524	-334.3515	23524	20.069126800245588	23524	20
23526	-334.31170000000003	23526	20.040939000201071	23526	20
23528	-334.2721	23528	20.000782500168157	23528	20
23530	-334.2325	23530	19.967318750140731	23530	20
23532	-334.1933	23532	19.9060989584501	23532	20
23534	-334.1539	23534	19.871749132041796	23534	20
23536	-334.1146	23536	19.8347909433703	23536	20
23538	-334.0754	23538	19.795659119474742	23538	20
23540	-334.0362	23540	19.763049266228442	23540	20
23542	-333.9972	23542	19.719207721855973	23542	20
23544	-333.9577	23544	19.724339768216	23544	20
23546	-333.9186	23546	19.695283140176851	23546	20
23548	-333.87960000000004	23548	19.662735950146313	23548	20
23550	-333.8405	23550	19.643946625123512	23550	20
23552	-333.80150000000003	23552	19.6199555209352	23552	20
23554	-333.7625	23554	19.599962934116345	23554	20
23556	-333.7235	23556	19.583302445095892	23556	20
23558	-333.6847	23558	19.552752037578294	23558	20
23560	-333.64590000000004	23560	19.527293364646965	23560	20
23562	-333.6071	23562	19.506077803875595	23562	20
23564	-333.5684	23564	19.480064836563475	23564	20
23566	-333.5298	23566	19.450054030467395	23566	20
23568	-333.49060000000003	23568	19.475045025388987	23568	20
23570	-333.45160000000004	23570	19.479204187823093	23570	20
23572	-333.4124	23572	19.499336823190141	23572	20
23574	-333.37330000000003	23574	19.507780685988635	23574	20
23576	-333.3338	23576	19.548150571659889	23576	20
23578	-333.2944	23578	19.57345880971662	23578	20
23580	-333.2551	23580	19.586215674761252	23580	20
23582	-333.2156	23582	19.613513062303735	23582	20
23584	-333.1757	23584	19.669594218585509	23584	20
23586	-333.136	23586	19.699661848819765	23586	20
23588	-333.096	23588	19.74971820735151	23588	20
23590	-333.0562	23590	19.774765172794076	23590	20
23592	-333.01640000000003	23592	19.79563764399148	23592	20
23594	-332.9764	23594	19.82969803666127	23594	20
23596	-332.93670000000003	23596	19.833081697216233	23596	20
23598	-332.8967	23598	19.860901414348564	23598	20
23600	-332.85650000000004	23600	19.900751178621327	23600	20
23602	-332.8164	23602	19.925625982188791	23602	20
23604	-332.77660000000003	23604	19.921354985153741	23604	20
23606	-332.7363	23606	19.959462487628286	23606	20
23608	-332.69620000000003	23608	19.974552073023187	23608	20
23610	-332.6563	23610	19.970460060856453	23610	20
23612	-332.6162	23612	19.983716717379995	23612	20
23614	-332.5763	23614	19.97809726448239	23614	20
23616	-332.5365	23616	19.965081053736476	23616	20
23618	-332.4966	23618	19.962567544779461	23618	20
23620	-332.45660000000004	23620	19.968806287313186	23620	20
23622	-332.4168	23622	19.95733857276214	23622	20
23624	-332.37690000000003	23624	19.956115477300845	23624	20
23626	-332.3371	23626	19.946762897751857	23626	20
23628	-332.2973	23628	19.938969081461032	23628	20
23630	-332.25690000000003	23630	19.982474234548935	23630	20
23632	-332.21700000000004	23632	19.977061862123175	23632	20
23634	-332.1766	23634	20.014218218438792	23634	20
23636	-332.13620000000003	23636	20.045181848697069	23636	20
23638	-332.096	23638	20.054318207249818	23638	20
23640	-332.0556	23640	20.07859850603959	23640	20
23642	-332.01550000000003	23642	20.07383208836594	23642	20
23644	-331.9751	23644	20.094860073641094	23644	20
23646	-331.9346	23646	20.120716728034967	23646	20
23648	-331.8942	23648	20.13393060669388	23648	20
23650	-331.85360000000003	23650	20.161608838910198	23650	20
23652	-331.8131	23652	20.176340699092552	23652	20
23654	-331.7724	23654	20.205283915911735	23654	20
23656	-331.7316	23656	20.237736596592296	23656	20
23658	-331.6907	23658	20.273113830495408	23658	20
23660	-331.6497	23660	20.310928192079242	23660	20
23662	-331.60900000000004	23662	20.317440160062571	23662	20
23664	-331.5684	23664	20.314533466722175	23664	20
23666	-331.52750000000003	23666	20.33711122226557	23666	20
23668	-331.4869	23668	20.330926018558007	23668	20
23670	-331.44640000000004	23670	20.317438348794322	23670	20
23672	-331.4055	23672	20.339531957330429	23672	20
23674	-331.365	23674	20.324609964442747	23674	20
23676	-331.3243	23676	20.3288416370369	23676	20
23678	-331.28380000000004	23678	20.315701364193398	23678	20
23680	-331.24330000000003	23680	20.304751136828553	23680	20
23682	-331.2027	23682	20.303959280693824	23682	20
23684	-331.1624	23684	20.278299400578355	23684	20
23686	-331.1218	23686	20.281916167147259	23686	20
23688	-331.0813	23688	20.276596805956771	23688	20
23690	-331.041	23690	20.255497338297477	23690	20
23692	-331.00030000000004	23692	20.2712477819111	23692	20
23694	-330.9599	23694	20.259373151595394	23694	20
23696	-330.9195	23696	20.249477626327572	23696	20
23698	-330.879	23698	20.24956468860703	23698	20
23700	-330.8387	23700	20.23297057383936	23700	20
23702	-330.7985	23702	20.21080881153506	23702	20
23704	-330.7583	23704	20.192340676276739	23704	20
23706	-330.7181	23706	20.176950563566209	23706	20
23708	-330.6779	23708	20.16412546963603	23708	20
23710	-330.6379	23710	20.136771224698396	23710	20
23712	-330.5975	23712	20.147309353913407	23712	20
23714	-330.5572	23714	20.147757794928008	23714	20
23716	-330.5168	23716	20.156464829109485	23716	20
23718	-330.47630000000004	23718	20.172054024253885	23718	20
23720	-330.4359	23720	20.176711686881049	23720	20
23722	-330.3954	23722	20.188926405734929	23722	20
23724	-330.35470000000004	23724	20.215772004775644	23724	20
23726	-330.3143	23726	20.213143337315849	23726	20
23728	-330.2742	23728	20.185952781096155	23728	20
23730	-330.2339	23730	20.179960650913632	23730	20
23732	-330.19350000000003	23732	20.183300542426103	23732	20
23734	-330.15340000000003	23734	20.161083785354702	23734	20
23736	-330.113	23736	20.167569821131728	23736	20
23738	-330.07300000000004	23738	20.139641517606744	23738	20
23740	-330.0328	23740	20.133034598007878	23740	20
23742	-329.9928	23742	20.110862165008271	23742	20
23744	-329.9526	23744	20.109051804171081	23744	20
23746	-329.9126	23746	20.090876503477606	23746	20
23748	-329.8725	23748	20.08406375289762	23748	20
23750	-329.8326	23750	20.061719794080414	23750	20
23752	-329.79290000000003	23752	20.026433161732186	23752	20
23754	-329.75370000000004	23754	19.955360968109648	23754	20
23756	-329.7142	23756	19.921134140094065	23756	20
23758	-329.675	23758	19.867611783411213	23758	20
23760	-329.6361	23760	19.798009819510376	23760	20
23762	-329.59700000000004	23762	19.75667484958883	23762	20
23764	-329.55780000000004	23764	19.730562374656849	23764	20
23766	-329.519	23766	19.6754686455505	23766	20
23768	-329.4801	23768	19.63789053795978	23768	20
23770	-329.44100000000003	23770	19.623242114963332	23770	20
23772	-329.4023	23772	19.577701762469921	23772	20
23774	-329.3634	23774	19.556418135392633	23774	20
23776	-329.3243	23776	19.555348446162114	23776	20
23778	-329.2853	23778	19.546123705134033	23778	20
23780	-329.2463	23780	19.538436420943967	23780	20
23782	-329.2074	23782	19.523697017454339	23782	20
23784	-329.16790000000003	23784	19.561414181209905	23784	20
23786	-329.1288	23786	19.559511817676505	23786	20
23788	-329.0899	23788	19.541259848064787	23788	20
23790	-329.05060000000003	23790	19.559383206718056	23790	20
23792	-329.0116	23792	19.549486005602059	23792	20
23794	-328.9725	23794	19.549571671331897	23794	20
23796	-328.9332	23796	19.566309726112053	23796	20
23798	-328.8937	23798	19.596924771758	23798	20
23800	-328.8542	23800	19.622437309801025	23800	20
23802	-328.8147	23802	19.643697758165477	23802	20
23804	-328.77500000000003	23804	19.678081465136405	23804	20
23806	-328.7351	23806	19.7234012209508	23806	20
23808	-328.69530000000003	23808	19.752834350788749	23808	20
23810	-328.6556	23810	19.769028625660535	23810	20
23812	-328.61600000000004	23812	19.774190521379641	23812	20
23814	-328.5763	23814	19.786825434486278	23814	20
23816	-328.5367	23816	19.78902119540583	23816	20
23818	-328.4972	23818	19.782517662836149	23818	20
23820	-328.45750000000004	23820	19.793764719028633	23820	20
23822	-328.41790000000003	23822	19.794803932524459	23822	20
23824	-328.37850000000003	23824	19.779003277103762	23824	20
23826	-328.3387	23826	19.799169397587619	23826	20
23828	-328.2988	23828	19.824307831322077	23828	20
23830	-328.259	23830	19.83692319276955	23830	20
23832	-328.2192	23832	19.847435993975775	23832	20
23834	-328.17920000000004	23834	19.872863328310114	23834	20
23836	-328.1393	23836	19.885719440262225	23836	20
23838	-328.0992	23838	19.91309953355147	23838	20
23840	-328.0591	23840	19.935916277959173	23840	20
23842	-328.0192	23842	19.938263564965041	23842	20
23844	-327.9789	23844	19.97355297080437	23844	20
23846	-327.93870000000004	23846	19.99462747566783	23846	20
23848	-327.8986	23848	20.003856229727543	23848	20
23850	-327.85830000000004	23850	20.028213524768383	23850	20
23852	-327.8184	23852	20.015177937310785	23852	20
23854	-327.7783	23854	20.020981614425271	23854	20
23856	-327.738	23856	20.042484678687895	23856	20
23858	-327.6977	23858	20.060403898906749	23858	20
23860	-327.6572	23860	20.092003249089679	23860	20
23862	-327.6166	23862	20.126669374240027	23862	20
23864	-327.5761	23864	20.147224478534078	23864	20
23866	-327.5356	23866	20.164353732112453	23866	20
23868	-327.495	23868	20.186961443425673	23868	20
23870	-327.4547	23870	20.180801202854898	23870	20
23872	-327.41450000000003	23872	20.167334335709938	23872	20
23874	-327.37420000000003	23874	20.16444527975845	23874	20
23876	-327.334	23876	20.153704399800965	23876	20
23878	-327.2939	23878	20.136420333167088	23878	20
23880	-327.25370000000004	23880	20.130350277636762	23880	20
23882	-327.2137	23882	20.108625231365671	23882	20
23884	-327.1736	23884	20.098854359471009	23884	20
23886	-327.1336	23886	20.082378632894212	23886	20
23888	-327.0937	23888	20.060315527410907	23888	20
23890	-327.0534	23890	20.075262939509258	23890	20
23892	-327.0129	23892	20.104385782925103	23892	20
23894	-326.9724	23894	20.128654819104973	23894	20
23896	-326.9321	23896	20.132212349254313	23896	20
23898	-326.8922	23898	20.101843624377658	23898	20
23900	-326.8519	23900	20.109869686981551	23900	20
23902	-326.8116	23902	20.116558072484793	23902	20
23904	-326.7715	23904	20.10546506040361	23904	20
23906	-326.73150000000004	23906	20.08788755033331	23906	20
23908	-326.6916	23908	20.064906291948223	23908	20
23910	-326.6514	23910	20.070755243287707	23910	20
23912	-326.6112	23912	20.075629369408681	23912	20
23914	-326.57120000000003	23914	20.063024474504203	23914	20
23916	-326.53090000000003	23916	20.07752039542034	23916	20
23918	-326.49060000000003	23918	20.089600329517118	23918	20
23920	-326.4501	23920	20.116333607931654	23920	20
23922	-326.4097	23922	20.130278006612524	23922	20
23924	-326.3691	23924	20.158565005509065	23924	20
23926	-326.3287	23926	20.165470837922296	23926	20
23928	-326.28810000000004	23928	20.187892364933877	23928	20
23930	-326.24760000000003	23930	20.198243637445618	23930	20
23932	-326.2069	23932	20.223536364539289	23932	20
23934	-326.16630000000004	23934	20.236280303781371	23934	20
23936	-326.1258	23936	20.238566919818531	23936	20
23938	-326.0853	23938	20.240472433182831	23938	20
23940	-326.04490000000004	23940	20.233727027650435	23940	20
23942	-326.0045	23942	20.228105856378175	23942	20
23944	-325.96410000000003	23944	20.223421546979889	23944	20
23946	-325.9237	23946	20.219517955819384	23946	20
23948	-325.8831	23948	20.232931629848117	23948	20
23950	-325.84290000000004	23950	20.210776358204289	23950	20
23952	-325.80260000000004	23952	20.20064696517041	23952	20
23954	-325.7624	23954	20.1838724709776	23954	20
23956	-325.7225	23956	20.144893725813731	23956	20
23958	-325.6827	23958	20.104078104845929	23958	20
23960	-325.6428	23960	20.078398420704	23960	20
23962	-325.60310000000004	23962	20.040332017251842	23962	20
23964	-325.56350000000003	23964	20.0002766810438	23964	20
23966	-325.5237	23966	19.983563900870987	23966	20
23968	-325.4842	23968	19.944636584061847	23968	20
23970	-325.4447	23970	19.912197153382827	23970	20
23972	-325.40520000000004	23972	19.885164294483644	23972	20
23974	-325.36560000000003	23974	19.870970245403637	23974	20
23976	-325.326	23976	19.859141871170294	23976	20
23978	-325.2865	23978	19.840951559311272	23978	20
23980	-325.2468	23980	19.8424596327579	23980	20
23982	-325.2074	23982	19.81871636063163	23982	20
23984	-325.1685	23984	19.757263633860724	23984	20
23986	-325.1289	23986	19.764386361551203	23986	20
23988	-325.0899	23988	19.720321967958274	23988	20
23990	-325.0509	23990	19.683601639964166	23990	20
23992	-325.0117	23992	19.669668033302965	23992	20
23994	-324.9728	23994	19.633056694420169	23994	20
23996	-324.9334	23996	19.644213912016852	23996	20
23998	-324.89410000000004	23998	19.645178260011445	23998	20
24000	-324.8548	24000	19.645981883345009	24000	20
24002	-324.8158	24002	19.621651569453114	24002	20
24004	-324.7763	24004	19.643042974546955	24004	20
24006	-324.73670000000004	24006	19.669202478784992	24006	20
24008	-324.6974	24008	19.666002065656297	24008	20
24010	-324.6578	24010	19.68833505471418	24010	20
24012	-324.61850000000004	24012	19.681945878925887	24012	20
24014	-324.5785	24014	19.734954899106611	24014	20
24016	-324.5387	24016	19.762462415923327	24016	20
24018	-324.49920000000003	24018	19.760385346600728	24018	20
24020	-324.4594	24020	19.783654455501757	24020	20
24022	-324.4196	24022	19.803045379585949	24022	20
24024	-324.3798	24024	19.819204482989441	24024	20
24026	-324.3397	24026	19.857670402490818	24026	20
24028	-324.29970000000003	24028	19.881392002072651	24028	20
24030	-324.25980000000004	24030	19.892826668392939	24030	20
24032	-324.2199	24032	19.902355556997914	24032	20
24034	-324.18	24034	19.910296297497325	24034	20
24036	-324.1397	24036	19.950246914581275	24036	20
24038	-324.09950000000003	24038	19.975205762148583	24038	20
24040	-324.05940000000004	24040	19.987671468456767	24040	20
24042	-324.0192	24042	20.006392890382898	24042	20
24044	-323.9792	24044	20.005327408654122	24044	20
24046	-323.9392	24046	20.004439507208737	24046	20
24048	-323.89930000000004	24048	19.995366256006342	24048	20
24050	-323.8595	24050	19.979471880006436	24050	20
24052	-323.8198	24052	19.957893233341942	24052	20
24054	-323.78000000000003	24054	19.9482443611147	24054	20
24056	-323.7402	24056	19.9402036342634	24056	20
24058	-323.7002	24058	19.950169695221206	24058	20
24060	-323.6603	24060	19.9501414126834	24060	20
24062	-323.62010000000004	24062	19.975117843900357	24062	20
24064	-323.5803	24064	19.962598203251449	24064	20
24066	-323.5402	24066	19.977165169375823	24066	20
24068	-323.5	24068	19.997637641148778	24068	20
24070	-323.45980000000003	24070	20.01469803428817	24070	20
24072	-323.4196	24072	20.028915028575732	24072	20
24074	-323.3789	24074	20.082429190481051	24074	20
24076	-323.33860000000004	24076	20.093690992062971	24076	20
24078	-323.29810000000003	24078	20.119742493386532	24078	20
24080	-323.2577	24080	20.13311874449159	24080	20
24082	-323.2173	24082	20.144265620407733	24082	20
24084	-323.17670000000004	24084	20.170221350338405	24084	20
24086	-323.1363	24086	20.175184458618148	24086	20
24088	-323.0953	24088	20.229320382181527	24088	20
24090	-323.0545	24090	20.257766985150454	24090	20
24092	-323.0136	24092	20.289805820960542	24092	20
24094	-322.97290000000004	24094	20.299838184130319	24094	20
24096	-322.932	24096	20.32486515344376	24096	20
24098	-322.8912	24098	20.337387627868981	24098	20
24100	-322.8505	24100	20.339489689892094	24100	20
24102	-322.8098	24102	20.341241408244688	24102	20
24104	-322.76890000000003	24104	20.359367840200996	24104	20
24106	-322.72810000000004	24106	20.366139866833347	24106	20
24108	-322.6872	24108	20.380116555696283	24108	20
24110	-322.6465	24110	20.375097129748177	24110	20
24112	-322.6058	24112	20.370914274791424	24112	20
24114	-322.5648	24114	20.392428562325922	24114	20
24116	-322.524	24116	20.393690468604117	24116	20
24118	-322.48330000000004	24118	20.3864087238333	24118	20
24120	-322.4426	24120	20.380340603195691	24120	20
24122	-322.4019	24122	20.375283835997685	24122	20
24124	-322.3614	24124	20.354403196665459	24124	20
24126	-322.3206	24126	20.362002663887065	24126	20
24128	-322.2797	24128	20.376668886574382	24128	20
24130	-322.23920000000004	24130	20.355557405474634	24130	20
24132	-322.1988	24132	20.329631171231675	24132	20
24134	-322.1585	24134	20.29969264269323	24134	20
24136	-322.1182	24136	20.274743868911195	24136	20
24138	-322.0778	24138	20.262286557424073	24138	20
24140	-322.0373	24140	20.260238797854115	24140	20
24142	-321.99690000000004	24142	20.250198998209839	24142	20
24144	-321.9565	24144	20.241832498511013	24144	20
24146	-321.9158	24146	20.25986041542712	24146	20
24148	-321.8754	24148	20.249883679520675	24148	20
24150	-321.8347	24150	20.266569732935171	24150	20
24152	-321.7944	24152	20.24714144411281	24152	20
24154	-321.7541	24154	20.230951203427509	24154	20
24156	-321.7135	24156	20.242459336188219	24156	20
24158	-321.67310000000003	24158	20.235382780154925	24158	20
24160	-321.6326	24160	20.237818983463161	24160	20
24162	-321.5923	24162	20.223182486219468	24162	20
24164	-321.5519	24164	20.219318738519036	24164	20
24166	-321.5117	24166	20.199432282096719	24166	20
24168	-321.4717	24168	20.166193568415636	24168	20
24170	-321.4315	24170	20.155161307010552	24170	20
24172	-321.3915	24172	20.129301089177165	24172	20
24174	-321.3516	24174	20.099417574313367	24174	20
24176	-321.31170000000003	24176	20.0745146452602	24176	20
24178	-321.27180000000004	24178	20.053762204382565	24178	20
24180	-321.2321	24180	20.019801836988716	24180	20
24182	-321.192	24182	20.02483486415688	24182	20
24184	-321.1522	24184	20.004029053465217	24184	20
24186	-321.11220000000003	24186	20.003357544551317	24186	20
24188	-321.0726	24188	19.96946462046003	24188	20
24190	-321.03290000000004	24190	19.949553850381868	24190	20
24192	-320.9937	24192	19.891294875322455	24192	20
24194	-320.9545	24194	19.842745729434871	24194	20
24196	-320.91540000000003	24196	19.793954774525908	24196	20
24198	-320.8764	24198	19.7449623121086	24198	20
24200	-320.8376	24200	19.687468593422221	24200	20
24202	-320.7989	24202	19.631223827852327	24202	20
24204	-320.76	24204	19.601019856544639	24204	20
24206	-320.7212	24206	19.567516547118917	24206	20
24208	-320.68260000000004	24208	19.522930455930261	24208	20
24210	-320.6437	24210	19.510775379942917	24210	20
24212	-320.6044	24212	19.5339794832879	24212	20
24214	-320.5657	24214	19.503316236073729	24214	20
24216	-320.5267	24216	19.502763530060381	24216	20
24218	-320.4876	24218	19.5106362750519	24218	20
24220	-320.4484	24220	19.525530229209409	24220	20
24222	-320.4097	24222	19.496275191008319	24222	20
24224	-320.3706	24224	19.505229325837114	24224	20
24226	-320.332	24226	19.471024438200168	24226	20
24228	-320.2935	24228	19.4341870318334	24228	20
24230	-320.2547	24230	19.428489193192885	24230	20
24232	-320.2158	24232	19.43207432766177	24232	20
24234	-320.1768	24234	19.443395273050413	24234	20
24236	-320.1374	24236	19.486162727542055	24236	20
24238	-320.0981	24238	19.513468939620516	24238	20
24240	-320.0586	24240	19.552890783015052	24240	20
24242	-320.01910000000004	24242	19.585742319177164	24242	20
24244	-319.9796	24244	19.613118599316994	24244	20
24246	-319.94010000000003	24246	19.635932166095451	24246	20
24248	-319.9004	24248	19.671610138416121	24248	20
24250	-319.86080000000004	24250	19.693008448675965	24250	20
24252	-319.8209	24252	19.735840373900434	24252	20
24254	-319.78110000000004	24254	19.76320031158011	24254	20
24256	-319.7414	24256	19.777666926320002	24256	20
24258	-319.70160000000004	24258	19.79805577192975	24258	20
24260	-319.6617	24260	19.823379809945255	24260	20
24262	-319.6218	24262	19.844483174953442	24262	20
24264	-319.5821	24264	19.845402645793044	24264	20
24266	-319.54200000000003	24266	19.879502204827151	24266	20
24268	-319.5018	24268	19.916251837358217	24268	20
24270	-319.4617	24270	19.938543197798129	24270	20
24272	-319.42150000000004	24272	19.965452664829296	24272	20
24274	-319.3809	24274	20.021210554027778	24274	20
24276	-319.3404	24276	20.059342128357205	24276	20
24278	-319.3002	24278	20.066118440295192	24278	20
24280	-319.2601	24280	20.063432033578941	24280	20
24282	-319.2197	24282	20.086193361318596	24282	20
24284	-319.1791	24284	20.12182780109746	24284	20
24286	-319.1386	24286	20.143189834248606	24286	20
24288	-319.0981	24288	20.160991528541228	24288	20
24290	-319.0577	24290	20.167492940449097	24290	20
24292	-319.01730000000003	24292	20.172910783705657	24292	20
24294	-318.9764	24294	20.219092319756541	24294	20
24296	-318.9359	24296	20.224243599797841	24296	20
24298	-318.8951	24298	20.25353633316405	24298	20
24300	-318.8546	24300	20.252946944304096	24300	20
24302	-318.814	24302	20.260789120252042	24302	20
24304	-318.7735	24304	20.258990933544091	24304	20
24306	-318.7328	24306	20.274159111288018	24306	20
24308	-318.6925	24308	20.253465926073517	24308	20
24310	-318.6521	24310	20.244554938392675	24310	20
24312	-318.6116	24312	20.245462448661286	24312	20
24314	-318.571	24314	20.2545520405497	24314	20
24316	-318.5303	24316	20.270460033792691	24316	20
24318	-318.4895	24318	20.292050028159757	24318	20
24320	-318.44890000000004	24320	20.293375023465092	24320	20
24322	-318.40790000000004	24322	20.32781251955398	24322	20
24324	-318.3672	24324	20.331510432962926	24324	20
24326	-318.32640000000004	24326	20.342925360801619	24326	20
24328	-318.2859	24328	20.327437800668736	24328	20
24330	-318.245	24330	20.347864833892441	24330	20
24332	-318.2042	24332	20.356554028242883	24332	20
24334	-318.1639	24334	20.322128356869239	24334	20
24336	-318.123	24336	20.34344029739286	24336	20
24338	-318.0826	24338	20.319533581158794	24338	20
24340	-318.04200000000003	24340	20.316277984297624	24340	20
24342	-318.00120000000004	24342	20.330231653580537	24342	20
24344	-317.96070000000003	24344	20.316859711317836	24344	20
24346	-317.9201	24346	20.314049759434894	24346	20
24348	-317.8798	24348	20.286708132862582	24348	20
24350	-317.83910000000003	24350	20.297256777382021	24350	20
24352	-317.79830000000004	24352	20.314380647817533	24352	20
24354	-317.7577	24354	20.311983873184641	24354	20
24356	-317.71680000000003	24356	20.334986560984291	24356	20
24358	-317.6761	24358	20.337488800821518	24358	20
24360	-317.6352	24360	20.356240667353095	24360	20
24362	-317.59430000000003	24362	20.371867222791334	24362	20
24364	-317.5537	24364	20.359889352329475	24364	20
24366	-317.51320000000004	24366	20.341574460270547	24366	20
24368	-317.47270000000003	24368	20.326312050226178	24368	20
24370	-317.432	24370	20.330260041856423	24370	20
24372	-317.3913	24372	20.333550034881629	24372	20
24374	-317.3507	24374	20.327958362399986	24374	20
24376	-317.31	24376	20.331631968667931	24376	20
24378	-317.2692	24378	20.343026640555792	24378	20
24380	-317.2283	24380	20.360855533798322	24380	20
24382	-317.1877	24382	20.350712944830565	24382	20
24384	-317.147	24384	20.350594120693412	24384	20
24386	-317.1064	24386	20.342161767243137	24386	20
24388	-317.06600000000003	24388	20.318468139367358	24388	20
24390	-317.0253	24390	20.323723449474073	24390	20
24392	-316.9852	24392	20.278102874561345	24392	20
24394	-316.945	24394	20.248419062136712	24394	20
24396	-316.90500000000003	24396	20.207015885110895	24396	20
24398	-316.8652	24398	20.155846570926897	24398	20
24400	-316.82550000000003	24400	20.104872142437589	24400	20
24402	-316.7858	24402	20.06239345203457	24402	20
24404	-316.7463	24404	20.010327876693431	24404	20
24406	-316.7069	24406	19.958606563911239	24406	20
24408	-316.6675	24408	19.915505469926078	24408	20
24410	-316.628	24410	19.887921224941088	24410	20
24412	-316.58860000000004	24412	19.85660102077955	24412	20
24414	-316.5495	24414	19.80550085065121	24414	20
24416	-316.5104	24416	19.762917375544259	24416	20
24418	-316.4714	24418	19.719097812952487	24418	20
24420	-316.4322	24420	19.699248177459896	24420	20
24422	-316.39320000000004	24422	19.666040147882185	24422	20
24424	-316.3544	24424	19.621700123238281	24424	20
24426	-316.3155	24426	19.593083436032931	24426	20
24428	-316.2769	24428	19.544236196691941	24428	20
24430	-316.238	24430	19.528530163910983	24430	20
24432	-316.19890000000004	24432	19.532108469922669	24432	20
24434	-316.16	24434	19.518423724936589	24434	20
24436	-316.12100000000004	24436	19.515353104112762	24436	20
24438	-316.082	24438	19.512794253430979	24438	20
24440	-316.04290000000003	24440	19.518995211189331	24440	20
24442	-316.0038	24442	19.524162675992695	24442	20
24444	-315.9649	24444	19.511802229994945	24444	20
24446	-315.9254	24446	19.551501858327075	24446	20
24448	-315.88620000000003	24448	19.559584881938722	24448	20
24450	-315.8469	24450	19.574654068284406	24450	20
24452	-315.80740000000003	24452	19.603878390234961	24452	20
24454	-315.7679	24454	19.62823199186516	24454	20
24456	-315.7285	24456	19.640193326554346	24456	20
24458	-315.6891	24458	19.650161105462	24458	20
24460	-315.6492	24460	19.700134254550729	24460	20
24462	-315.6096	24462	19.71677854545954	24462	20
24464	-315.5699	24464	19.738982121214793	24464	20
24466	-315.53020000000004	24466	19.757485101010836	24466	20
24468	-315.4903	24468	19.78957091751283	24468	20
24470	-315.4506	24470	19.7996424312592	24470	20
24472	-315.4108	24472	19.816368692717152	24472	20
24474	-315.3711	24474	19.821973910596135	24474	20
24476	-315.33140000000003	24476	19.826644925495287	24476	20
24478	-315.29150000000004	24478	19.84720410457847	24478	20
24480	-315.252	24480	19.831003420484748	24480	20
24482	-315.2122	24482	19.842502850405108	24482	20
24484	-315.1727	24484	19.827085708668879	24484	20
24486	-315.1332	24486	19.814238090560089	24486	20
24488	-315.093	24488	19.861865075464262	24488	20
24490	-315.05330000000004	24490	19.859887562885394	24490	20
24492	-315.0136	24492	19.858239635741072	24492	20
24494	-314.97380000000004	24494	19.865199696447309	24494	20
24496	-314.9338	24496	19.887666413707795	24496	20
24498	-314.89390000000003	24498	19.898055344755559	24498	20
24500	-314.8539	24500	19.915046120631338	24500	20
24502	-314.8138	24502	19.937538433859064	24502	20
24504	-314.7737	24504	19.9562820282155	24504	20
24506	-314.73380000000003	24506	19.955235023511978	24506	20
24508	-314.694	24508	19.946029186261132	24508	20
24510	-314.6538	24510	19.971690988553203	24510	20
24512	-314.6138	24512	19.976409157124639	24512	20
24514	-314.5738	24514	19.980340964272237	24514	20
24516	-314.5337	24516	19.991950803559813	24516	20
24518	-314.4937	24518	19.99329233630155	24518	20
24520	-314.45390000000003	24520	19.97774361358104	24520	20
24522	-314.41380000000004	24522	19.989786344650483	24522	20
24524	-314.3739	24524	19.983155287212533	24524	20
24526	-314.3337	24526	20.002629406007966	24526	20
24528	-314.2936	24528	20.010524505006252	24528	20
24530	-314.2534	24530	20.02543708750747	24530	20
24532	-314.2129	24532	20.062864239590279	24532	20
24534	-314.1728	24534	20.060720199658181	24534	20
24536	-314.1323	24536	20.092266833049205	24536	20
24538	-314.09180000000003	24538	20.118555694203653	24538	20
24540	-314.05150000000003	24540	20.123796411836548	24540	20
24542	-314.0109	24542	20.153163676533822	24542	20
24544	-313.9706	24544	20.152636397111689	24544	20
24546	-313.9304	24546	20.143863664257264	24546	20
24548	-313.8902	24548	20.136553053549978	24548	20
24550	-313.85	24550	20.130460877955837	24550	20
24552	-313.8097	24552	20.1337173982967	24552	20
24554	-313.7694	24554	20.136431165247419	24554	20
24556	-313.7292	24556	20.130359304375109	24556	20
24558	-313.6888	24558	20.141966086977334	24558	20
24560	-313.6487	24560	20.126638405814059	24560	20
24562	-313.60830000000004	24562	20.138865338176458	24562	20
24564	-313.5675	24564	20.182387781817635	24564	20
24566	-313.5271	24566	20.185323151512772	24566	20
24568	-313.48670000000004	24568	20.187769292925385	24568	20
24570	-313.4465	24570	20.173141077440079	24570	20
24572	-313.4064	24572	20.152617564533013	24572	20
24574	-313.36600000000004	24574	20.160514637108921	24574	20
24576	-313.326	24576	20.133762197592471	24576	20
24578	-313.2858	24578	20.128135164662652	24578	20
24580	-313.2455	24580	20.131779303885711	24580	20
24582	-313.2052	24582	20.134816086571593	24582	20
24584	-313.16470000000004	24584	20.154013405472309	24584	20
24586	-313.124	24586	20.186677837894866	24586	20
24588	-313.08340000000004	24588	20.205564864911018	24588	20
24590	-313.0426	24590	20.2379707207631	24590	20
24592	-313.00190000000003	24592	20.256642267299121	24592	20
24594	-312.9613	24594	20.263868556085967	24594	20
24596	-312.9208	24596	20.261557130072362	24596	20
24598	-312.8802	24598	20.26796427505893	24598	20
24600	-312.8396	24600	20.273303562547738	24600	20
24602	-312.7989	24602	20.286086302124392	24602	20
24604	-312.7584	24604	20.280071918437717	24604	20
24606	-312.718	24606	20.266726598696174	24606	20
24608	-312.678	24608	20.222272165581849	24608	20
24610	-312.6378	24610	20.201893471315731	24610	20
24612	-312.59790000000004	24612	20.159911226095506	24612	20
24614	-312.5579	24614	20.133259355081293	24614	20
24616	-312.51800000000003	24616	20.102716129233475	24616	20
24618	-312.4783	24618	20.060596774364473	24618	20
24620	-312.4386	24620	20.025497311968902	24620	20
24622	-312.3987	24622	20.012914426639814	24622	20
24624	-312.3592	24624	19.96909535553587	24624	20
24626	-312.3199	24626	19.915912796277293	24626	20
24628	-312.2807	24628	19.863260663563903	24628	20
24630	-312.24170000000004	24630	19.802717219635525	24630	20
24632	-312.2026	24632	19.76059768303119	24632	20
24634	-312.1637	24634	19.708831402527021	24634	20
24636	-312.1248	24636	19.665692835440215	24636	20
24638	-312.0858	24638	19.638077362865783	24638	20
24640	-312.0469	24640	19.606731135722516	24640	20
24642	-312.00800000000004	24642	19.58060927976506	24642	20
24644	-311.9691	24644	19.558841066471913	24644	20
24646	-311.9304	24646	19.524034222060408	24646	20
24648	-311.8913	24648	19.528361851718593	24648	20
24650	-311.8524	24650	19.515301543099859	24650	20
24652	-311.81350000000003	24652	19.504417952579512	24652	20
24654	-311.7748	24654	19.47868162715007	24654	20
24656	-311.7359	24656	19.473901355959423	24656	20
24658	-311.69730000000004	24658	19.444917796630683	24658	20
24660	-311.6587	24660	19.420764830528142	24660	20
24662	-311.6198	24662	19.425637358774484	24662	20
24664	-311.5806	24664	19.454697798978227	24664	20
24666	-311.54130000000004	24666	19.487248165812591	24666	20
24668	-311.50210000000004	24668	19.506040138176651	24668	20
24670	-311.46270000000004	24670	19.53836678181392	24670	20
24672	-311.4229	24672	19.598638984846087	24672	20
24674	-311.3833	24674	19.632199154039004	24674	20
24676	-311.3435	24676	19.676832628366988	24676	20
24678	-311.3036	24678	19.722360523638219	24678	20
24680	-311.2638	24680	19.751967103033	24680	20
24682	-311.2235	24682	19.818305919194334	24682	20
24684	-311.1837	24684	19.831921599329764	24684	20
24686	-311.144	24686	19.834934666106644	24686	20
24688	-311.1042	24688	19.845778888423354	24688	20
24690	-311.0642	24690	19.87148240701643	24690	20
24692	-311.0244	24692	19.876235339181509	24692	20
24694	-310.9843	24694	19.905196115984207	24694	20
24696	-310.9442	24696	19.929330096653121	24696	20
24698	-310.904	24698	19.957775080546526	24698	20
24700	-310.86400000000003	24700	19.964812567119075	24700	20
24702	-310.8235	24702	20.012343805933284	24702	20
24704	-310.7835	24704	20.010286504946109	24704	20
24706	-310.7431	24706	20.0419054207865	24706	20
24708	-310.7026	24708	20.076587850656139	24708	20
24710	-310.66200000000003	24710	20.113823208878745	24710	20
24712	-310.62170000000003	24712	20.11985267406579	24712	20
24714	-310.5811	24714	20.149877228391524	24714	20
24716	-310.5407	24716	20.158231023657681	24716	20
24718	-310.5004	24718	20.15685918638157	24718	20
24720	-310.4597	24720	20.189049321985916	24720	20
24722	-310.4192	24722	20.199207768322317	24722	20
24724	-310.3784	24724	20.232673140267782	24724	20
24726	-310.3378	24726	20.243894283555115	24726	20
24728	-310.297	24728	20.269911902961777	24728	20
24730	-310.2563	24730	20.283259919136089	24730	20
24732	-310.2155	24732	20.302716599279258	24732	20
24734	-310.17490000000004	24734	20.302263832731345	24734	20
24736	-310.13390000000004	24736	20.33521986060919	24736	20
24738	-310.093	24738	20.354349883842819	24738	20
24740	-310.0523	24740	20.353624903203624	24740	20
24742	-310.0118	24742	20.336354086003741	24742	20
24744	-309.97130000000004	24744	20.321961738332433	24744	20
24746	-309.93080000000003	24746	20.309968115277751	24746	20
24748	-309.8902	24748	20.308306762734823	24748	20
24750	-309.84950000000003	24750	20.315255635608889	24750	20
24752	-309.8087	24752	20.32937969634466	24752	20
24754	-309.7683	24754	20.307816413618625	24754	20
24756	-309.7274	24756	20.331513678017348	24756	20
24758	-309.68690000000004	24758	20.317928065010438	24758	20
24760	-309.6463	24760	20.314940054178731	24760	20
24762	-309.60560000000004	24762	20.320783378478811	24762	20
24764	-309.565	24764	20.317319482069042	24764	20
24766	-309.52430000000004	24766	20.322766235054072	24766	20
24768	-309.4839	24768	20.302305195881203	24768	20
24770	-309.4434	24770	20.293587663235058	24770	20
24772	-309.4029	24772	20.286323052696606	24772	20
24774	-309.3628	24774	20.246935877246788	24774	20
24776	-309.3225	24776	20.230779897705826	24776	20
24778	-309.2821	24778	20.225649914752932	24778	20
24780	-309.2418	24780	20.213041595627612	24780	20
24782	-309.20140000000004	24782	20.21086799635442	24782	20
24784	-309.1609	24784	20.217389996962737	24784	20
24786	-309.1206	24786	20.206158330802449	24786	20
24788	-309.0801	24788	20.213465275669428	24788	20
24790	-309.03970000000004	24790	20.211221063055934	24790	20
24792	-308.99920000000003	24792	20.217684219214	24792	20
24794	-308.9586	24794	20.231403516015032	24794	20
24796	-308.918	24796	20.24283626334449	24796	20
24798	-308.8775	24798	20.244030219454462	24798	20
24800	-308.8371	24800	20.236691849543462	24800	20
24802	-308.7967	24802	20.230576541289029	24802	20
24804	-308.7565	24804	20.208813784405045	24804	20
24806	-308.7163	24806	20.190678153673129	24806	20
24808	-308.6763	24808	20.158898461391242	24808	20
24810	-308.6361	24810	20.149082051161628	24810	20
24812	-308.59590000000003	24812	20.14090170929888	24812	20
24814	-308.5556	24814	20.142418091082568	24814	20
24816	-308.5152	24816	20.152015075904952	24816	20
24818	-308.4748	24818	20.160012563252202	24818	20
24820	-308.43440000000004	24820	20.166677136041578	24820	20
24822	-308.39390000000003	24822	20.18056428003537	24822	20
24824	-308.3533	24824	20.200470233366172	24824	20
24826	-308.31350000000003	24826	20.150391861134892	24826	20
24828	-308.27320000000003	24828	20.150326550945913	24828	20
24830	-308.2333	24830	20.116938792458726	24830	20
24832	-308.1933	24832	20.097448993712575	24832	20
24834	-308.15360000000004	24834	20.05620749475899	24834	20
24836	-308.11400000000003	24836	20.013506245633089	24836	20
24838	-308.0744	24838	19.977921871361506	24838	20
24840	-308.0349	24840	19.939934892803947	24840	20
24842	-307.9955	24842	19.899945744003336	24842	20
24844	-307.9562	24844	19.858288120000182	24844	20
24846	-307.9169	24846	19.823573433335625	24846	20
24848	-307.8775	24848	19.802977861113067	24848	20
24850	-307.8383	24850	19.769148217593713	24850	20
24852	-307.7991	24852	19.740956847994251	24852	20
24854	-307.76030000000003	24854	19.684130706660262	24854	20
24856	-307.7215	24856	19.636775588886678	24856	20
24858	-307.68260000000004	24858	19.605646324068527	24858	20
24860	-307.6435	24860	19.596371936725358	24860	20
24862	-307.6048	24862	19.55530994727161	24862	20
24864	-307.5663	24864	19.5044249560596	24864	20
24866	-307.528	24866	19.44535413004904	24866	20
24868	-307.4896	24868	19.404461775042886	24868	20
24870	-307.4511	24870	19.378718145868998	24870	20
24872	-307.41270000000003	24872	19.348931788221442	24872	20
24874	-307.3739	24874	19.357443156854327	24874	20
24876	-307.3353	24876	19.347869297376437	24876	20
24878	-307.2966	24878	19.348224414480843	24878	20
24880	-307.2579	24880	19.34852034540118	24880	20
24882	-307.2189	24882	19.373766954499921	24882	20
24884	-307.18010000000004	24884	19.37813912874832	24884	20
24886	-307.1412	24886	19.390115940624632	24886	20
24888	-307.1019	24888	19.433429950522665	24888	20
24890	-307.0627	24890	19.461191625435045	24890	20
24892	-307.0235	24892	19.484326354528697	24892	20
24894	-306.9845	24894	19.486938628772855	24894	20
24896	-306.9454	24896	19.497448857312296	24896	20
24898	-306.906	24898	19.531207381093626	24898	20
24900	-306.86670000000004	24900	19.551006150908758	24900	20
24902	-306.82730000000004	24902	19.575838459090676	24902	20
24904	-306.7876	24904	19.621532049245474	24904	20
24906	-306.74780000000004	24906	19.667943374367646	24906	20
24908	-306.7078	24908	19.723286145308077	24908	20
24910	-306.6676	24910	19.786071787758988	24910	20
24912	-306.6275	24912	19.830059823132107	24912	20
24914	-306.5871	24914	19.89171651927483	24914	20
24916	-306.547	24916	19.918097099395307	24916	20
24918	-306.5068	24918	19.948414249498349	24918	20
24920	-306.4666	24920	19.973678541246148	24920	20
24922	-306.4263	24922	20.003065451038626	24922	20
24924	-306.3859	24924	20.035887875868333	24924	20
24926	-306.3458	24926	20.038239896556561	24926	20
24928	-306.3056	24928	20.048533247127992	24928	20
24930	-306.2656	24930	20.040444372608366	24930	20
24932	-306.2256	24932	20.03370364384201	24932	20
24934	-306.1854	24934	20.04475303653253	24934	20
24936	-306.14500000000004	24936	20.07062753044185	24936	20
24938	-306.1044	24938	20.108856275371572	24938	20
24940	-306.064	24940	20.124046896141053	24940	20
24942	-306.02340000000004	24942	20.153372413449507	24942	20
24944	-305.98310000000004	24944	20.152810344541425	24944	20
24946	-305.9427	24946	20.160675287120664	24946	20
24948	-305.9024	24948	20.158896072600722	24948	20
24950	-305.86220000000003	24950	20.149080060498125	24950	20
24952	-305.8216	24952	20.1742333837518	24952	20
24954	-305.7814	24954	20.161861153124022	24954	20
24956	-305.741	24956	20.168217627606165	24956	20
24958	-305.70070000000004	24958	20.1651813563339	24958	20
24960	-305.6605	24960	20.154317796947176	24960	20
24962	-305.62010000000004	24962	20.161931497454056	24962	20
24964	-305.5797	24964	20.168276247881192	24964	20
24966	-305.539	24966	20.198563539902267	24966	20
24968	-305.4981	24968	20.240469616582313	24968	20
24970	-305.45750000000004	24970	20.250391347150558	24970	20
24972	-305.41650000000004	24972	20.291992789291868	24972	20
24974	-305.3759	24974	20.293327324413255	24974	20
24976	-305.33500000000004	24976	20.319439437008135	24976	20
24978	-305.2943	24978	20.324532864174721	24978	20
24980	-305.2532	24980	20.362110720147982	24980	20
24982	-305.2122	24982	20.385092266789719	24982	20
24984	-305.17130000000003	24984	20.395910222321856	24984	20
24986	-305.1304	24986	20.404925185270042	24986	20
24988	-305.0892	24988	20.437437654391989	24988	20
24990	-305.048	24990	20.464531378660279	24990	20
24992	-305.00690000000003	24992	20.478776148881209	24992	20
24994	-304.96590000000003	24994	20.482313457400743	24994	20
24996	-304.925	24996	20.476927881169114	24996	20
24998	-304.88390000000004	24998	20.489106567638572	24998	20
25000	-304.8431	25000	20.474255473036063	25000	20
25002	-304.8021	25002	20.478546227529787	25002	20
25004	-304.7611	25004	20.482121856274556	25004	20
25006	-304.72040000000004	25006	20.460101546891998	25006	20
25008	-304.6798	25008	20.433417955746698	25008	20
25010	-304.6392	25010	20.411181629787546	25010	20
25012	-304.5989	25012	20.367651358156458	25012	20
25014	-304.5584	25014	20.348042798464437	25014	20
25016	-304.5178	25016	20.34003566538566	25016	20
25018	-304.47720000000004	25018	20.333363054486679	25018	20
25020	-304.4364	25020	20.344469212076149	25020	20
25022	-304.3958	25022	20.337057676728755	25022	20
25024	-304.3552	25024	20.330881397272591	25024	20
25026	-304.3143	25026	20.35073449772899	25026	20
25028	-304.2736	25028	20.3506120814421	25028	20
25030	-304.23310000000004	25030	20.333843401197733	25030	20
25032	-304.1923	25032	20.34486950100203	25032	20
25034	-304.1517	25034	20.337391250833655	25034	20
25036	-304.1111	25036	20.331159375693343	25036	20
25038	-304.07030000000003	25038	20.342632813076968	25038	20
25040	-304.0296	25040	20.343860677565416	25040	20
25042	-303.98900000000003	25042	20.336550564636475	25042	20
25044	-303.9484	25044	20.330458803867096	25044	20
25046	-303.90790000000004	25046	20.317049003218564	25046	20
25048	-303.8673	25048	20.314207502685502	25048	20
25050	-303.827	25050	20.286839585571421	25050	20
25052	-303.7867	25052	20.264032987976353	25052	20
25054	-303.7465	25054	20.236694156644482	25054	20
25056	-303.7069	25056	20.163911797204335	25056	20
25058	-303.6671	25058	20.119926497671432	25058	20
25060	-303.6274	25060	20.074938748058035	25060	20
25062	-303.58770000000004	25062	20.037448956713536	25062	20
25064	-303.5482	25064	19.98954079726397	25064	20
25066	-303.5088	25066	19.941283997720021	25066	20
25068	-303.4697	25068	19.876069998101602	25068	20
25070	-303.4303	25070	19.846724998418047	25070	20
25072	-303.3913	25072	19.788937498680646	25072	20
25074	-303.3523	25074	19.740781248899477	25074	20
25076	-303.3133	25076	19.700651040748504	25076	20
25078	-303.2745	25078	19.650542533960213	25078	20
25080	-303.23560000000003	25080	19.617118778296472	25080	20
25082	-303.1963	25082	19.622598981915864	25082	20
25084	-303.1574	25084	19.593832484930918	25084	20
25086	-303.11850000000004	25086	19.569860404105395	25086	20
25088	-303.0794	25088	19.56655033675608	25088	20
25090	-303.04060000000004	25090	19.53879194729512	25090	20
25092	-303.0017	25092	19.523993289413632	25092	20
25094	-302.96270000000004	25094	19.519994407843633	25094	20
25096	-302.9239	25096	19.499995339872818	25096	20
25098	-302.8851	25098	19.483329449892402	25098	20
25100	-302.8462	25100	19.477774541578032	25100	20
25102	-302.80740000000003	25102	19.464812117980077	25102	20
25104	-302.7683	25104	19.479010098318316	25104	20
25106	-302.7292	25106	19.490841748600182	25106	20
25108	-302.69010000000003	25108	19.500701457163668	25108	20
25110	-302.65090000000004	25110	19.517251214302547	25110	20
25112	-302.61150000000004	25112	19.547709345252169	25112	20
25114	-302.57210000000003	25114	19.573091121043518	25114	20
25116	-302.533	25116	19.569242600871185	25116	20
25118	-302.49350000000004	25118	19.599368834057277	25118	20
25120	-302.4543	25120	19.599474028385295	25120	20
25122	-302.41470000000004	25122	19.632895023650274	25122	20
25124	-302.37530000000004	25124	19.644079186375272	25124	20
25126	-302.3361	25126	19.636732655316958	25126	20
25128	-302.29650000000004	25128	19.663943879426661	25128	20
25130	-302.2568	25130	19.694953232858797	25130	20
25132	-302.2171	25132	19.720794360714173	25132	20
25134	-302.1775	25134	19.733995300595744	25134	20
25136	-302.1379	25136	19.744996083830387	25136	20
25138	-302.0982	25138	19.762496736523833	25138	20
25140	-302.05850000000004	25140	19.777080613768369	25140	20
25142	-302.0188	25142	19.789233844810219	25142	20
25144	-301.9789	25144	19.81602820400758	25144	20
25146	-301.939	25146	19.838356836672045	25146	20
25148	-301.89930000000004	25148	19.840297363891878	25148	20
25150	-301.8595	25150	19.850247803244383	25150	20
25152	-301.8195	25152	19.875206502705357	25152	20
25154	-301.77950000000004	25154	19.8960054189181	25154	20
25156	-301.7395	25156	19.913337849100124	25156	20
25158	-301.6992	25158	19.952781540916938	25158	20
25160	-301.6589	25160	19.985651284097617	25160	20
25162	-301.6186	25162	20.013042736748183	25162	20
25164	-301.5787	25164	20.002535613955882	25164	20
25166	-301.5383	25166	20.035446344966047	25166	20
25168	-301.498	25168	20.054538620805207	25168	20
25170	-301.4577	25170	20.070448850671173	25170	20
25172	-301.4171	25172	20.108707375557941	25172	20
25174	-301.3768	25174	20.115589479631787	25174	20
25176	-301.33660000000003	25176	20.112991233024012	25176	20
25178	-301.2961	25178	20.135826027520732	25178	20
25180	-301.25620000000004	25180	20.104855022933005	25180	20
25182	-301.2163	25182	20.079045852447969	25182	20
25184	-301.1764	25184	20.057538210372371	25184	20
25186	-301.1366	25186	20.031281841978128	25186	20
25188	-301.0971	25188	19.984401534979728	25188	20
25190	-301.0571	25190	19.987001279151478	25190	20
25192	-301.0171	25192	19.9891677326232	25192	20
25194	-300.9771	25194	19.99097311052104	25194	20
25196	-300.9371	25196	19.992477592102571	25196	20
25198	-300.89730000000003	25198	19.97706466008189	25198	20
25200	-300.85720000000003	25200	19.989220550067856	25200	20
25202	-300.8172	25202	19.991017125058253	25202	20
25204	-300.7774	25204	19.975847604216362	25204	20
25206	-300.7377	25206	19.954873003512144	25206	20
25208	-300.6974	25208	19.987394169593621	25208	20
25210	-300.6574	25210	19.989495141329723	25210	20
25212	-300.61740000000003	25212	19.991245951105071	25212	20
25214	-300.5775	25214	19.984371625924691	25214	20
25216	-300.5376	25216	19.97864302160297	25216	20
25218	-300.4979	25218	19.957202518000983	25218	20
25220	-300.458	25220	19.956002098333215	25220	20
25222	-300.41810000000004	25222	19.955001748610076	25222	20
25224	-300.3777	25224	19.995834790511207	25224	20
25226	-300.3373	25226	20.02986232542408	25226	20
25228	-300.2969	25228	20.058218604522878	25228	20
25230	-300.2563	25230	20.098515503767693	25230	20
25232	-300.2156	25232	20.140429586474355	25232	20
25234	-300.1753	25234	20.142024655395463	25234	20
25236	-300.13460000000003	25236	20.176687212826089	25236	20
25238	-300.0938	25238	20.213906010692327	25238	20
25240	-300.05330000000004	25240	20.219921675572923	25240	20
25242	-300.0127	25242	20.2332680629808	25242	20
25244	-299.9723	25244	20.227723385815409	25244	20
25246	-299.93190000000004	25246	20.223102821510917	25246	20
25248	-299.89140000000003	25248	20.227585684593151	25248	20
25250	-299.8507	25250	20.24798807049557	25250	20
25252	-299.81010000000003	25252	20.256656725411602	25252	20
25254	-299.76980000000003	25254	20.238880604509838	25254	20
25256	-299.7294	25256	20.23240050376101	25256	20
25258	-299.6888	25258	20.243667086466136	25258	20
25260	-299.6485	25260	20.228055905388615	25260	20
25262	-299.608	25262	20.231713254491236	25262	20
25264	-299.5676	25264	20.226427712074106	25264	20
25266	-299.52770000000004	25266	20.180356426727485	25266	20
25268	-299.4876	25268	20.15863035561059	25268	20
25270	-299.4475	25270	20.140525296341774	25270	20
25272	-299.40790000000004	25272	20.083771080280673	25272	20
25274	-299.3682	25274	20.044809233570472	25274	20
25276	-299.3286	25276	20.004007694642659	25276	20
25278	-299.289	25278	19.970006412202814	25278	20
25280	-299.24940000000004	25280	19.941672010164876	25280	20
25282	-299.20980000000003	25282	19.918060008471329	25282	20
25284	-299.17040000000003	25284	19.881716673726153	25284	20
25286	-299.13100000000003	25286	19.851430561438505	25286	20
25288	-299.0917	25288	19.817858801200892	25288	20
25290	-299.0525	25290	19.781549001000236	25290	20
25292	-299.01320000000004	25292	19.7596241674976	25292	20
25294	-298.9743	25294	19.708020139582363	25294	20
25296	-298.9355	25296	19.656683449655095	25296	20
25298	-298.8965	25298	19.630569541378183	25298	20
25300	-298.8576	25300	19.600474617816182	25300	20
25302	-298.81870000000004	25302	19.575395514843116	25302	20
25304	-298.78000000000003	25304	19.537829595703077	25304	20
25306	-298.7409	25306	19.539857996420814	25306	20
25308	-298.702	25308	19.524881663685044	25308	20
25310	-298.6628	25310	19.537401386403694	25310	20
25312	-298.6236	25312	19.547834488669238	25312	20
25314	-298.58430000000004	25314	19.564862073888435	25314	20
25316	-298.545	25316	19.5790517282425	25316	20
25318	-298.5058	25318	19.582543106868243	25318	20
25320	-298.4665	25320	19.593785922392343	25320	20
25322	-298.4272	25322	19.603154935324355	25322	20
25324	-298.3879	25324	19.610962446105766	25324	20
25326	-298.3484	25326	19.634135371752762	25326	20
25328	-298.3087	25328	19.670112809797214	25328	20
25330	-298.269	25330	19.700094008162853	25330	20
25332	-298.2291	25332	19.741745006801441	25332	20
25334	-298.18940000000003	25334	19.759787505666377	25334	20
25336	-298.1497	25336	19.774822921391891	25336	20
25338	-298.1096	25338	19.820685767826191	25338	20
25340	-298.0692	25340	19.8839048065199	25340	20
25342	-298.0288	25342	19.936587338769396	25342	20
25344	-297.9886	25344	19.963822782305353	25344	20
25346	-297.9482	25346	20.003185651923939	25346	20
25348	-297.9078	25348	20.035988043268024	25348	20
25350	-297.86740000000003	25350	20.063323369388094	25350	20
25352	-297.8272	25352	20.069436141159002	25352	20
25354	-297.7867	25354	20.099530117633226	25354	20
25356	-297.7463	25356	20.116275098025763	25356	20
25358	-297.7059	25358	20.130229248357615	25358	20
25360	-297.6652	25360	20.166857706961217	25360	20
25362	-297.6248	25362	20.172381422470494	25362	20
25364	-297.584	25364	20.210317852057926	25364	20
25366	-297.5435	25366	20.216931543382326	25366	20
25368	-297.50260000000003	25368	20.255776286149029	25368	20
25370	-297.4615	25370	20.30481357179324	25370	20
25372	-297.4209	25372	20.304011309826329	25372	20
25374	-297.3802	25374	20.311676091523218	25374	20
25376	-297.3392	25376	20.343063409602419	25376	20
25378	-297.2982	25378	20.369219508001752	25378	20
25380	-297.2574	25380	20.374349590000641	25380	20
25382	-297.2167	25382	20.370291325001809	25382	20
25384	-297.176	25384	20.366909437502784	25384	20
25386	-297.1352	25386	20.372424531251504	25386	20
25388	-297.0944	25388	20.377020442708769	25388	20
25390	-297.0538	25390	20.364183702255936	25390	20
25392	-297.0131	25392	20.361819751881221	25392	20
25394	-296.9721	25394	20.384849793234086	25394	20
25396	-296.9311	25396	20.404041494361472	25396	20
25398	-296.8904	25398	20.395034578635837	25398	20
25400	-296.8493	25400	20.420862148860842	25400	20
25402	-296.80830000000003	25402	20.434051790717103	25402	20
25404	-296.76730000000003	25404	20.445043158930655	25404	20
25406	-296.7266	25406	20.429202632443488	25406	20
25408	-296.68580000000003	25408	20.424335527035421	25408	20
25410	-296.6447	25410	20.445279605865231	25410	20
25412	-296.604	25412	20.429399671555636	25412	20
25414	-296.56280000000004	25414	20.457833059625251	25414	20
25416	-296.52180000000004	25416	20.46486088302078	25416	20
25418	-296.4808	25418	20.470717402521789	25418	20
25420	-296.4397	25420	20.4839311687658	25420	20
25422	-296.3988	25422	20.478275973973329	25422	20
25424	-296.35790000000003	25424	20.473563311641531	25424	20
25426	-296.3172	25426	20.452969426369219	25426	20
25428	-296.2764	25428	20.4441411886402	25428	20
25430	-296.2357	25430	20.428450990534774	25430	20
25432	-296.195	25432	20.415375825446919	25432	20
25434	-296.1546	25434	20.379479854537173	25434	20
25436	-296.1139	25436	20.374566545448921	25436	20
25438	-296.0734	25438	20.35380545454149	25438	20
25440	-296.0328	25440	20.344837878783203	25440	20
25442	-295.9925	25442	20.312364898986171	25442	20
25444	-295.9524	25444	20.268637415821424	25444	20
25446	-295.91220000000004	25446	20.240531179848709	25446	20
25448	-295.872	25448	20.217109316542849	25448	20
25450	-295.8319	25450	20.189257763785324	25450	20
25452	-295.79200000000003	25452	20.149381469820167	25452	20
25454	-295.7518	25454	20.141151224852397	25454	20
25456	-295.7117	25456	20.125959354043278	25456	20
25458	-295.6717	25458	20.104966128371103	25458	20
25460	-295.6314	25460	20.112471773642756	25460	20
25462	-295.59110000000004	25462	20.118726478031061	25462	20
25464	-295.5509	25464	20.115605398361474	25464	20
25466	-295.5108	25466	20.104671165300843	25466	20
25468	-295.4707	25468	20.095559304416984	25468	20
25470	-295.4306	25470	20.087966087013768	25470	20
25472	-295.3904	25472	20.0899717391804	25472	20
25474	-295.3501	25474	20.099976449317168	25474	20
25476	-295.3098	25476	20.108313707764477	25476	20
25478	-295.2696	25478	20.106928089801254	25478	20
25480	-295.2294	25480	20.10577340816997	25480	20
25482	-295.1891	25482	20.113144506808478	25482	20
25484	-295.1489	25484	20.110953755671254	25484	20
25486	-295.10880000000003	25486	20.100794796392329	25486	20
25488	-295.0688	25488	20.08399566366198	25488	20
25490	-295.0292	25490	20.036663053052248	25490	20
25492	-294.9895	25492	20.005552544208715	25492	20
25494	-294.9502	25494	19.946293786842734	25494	20
25496	-294.911	25496	19.888578155701769	25496	20
25498	-294.87170000000003	25498	19.848815129748875	25498	20
25500	-294.83250000000004	25500	19.807345941456887	25500	20
25502	-294.7935	25502	19.756121617884418	25502	20
25504	-294.7543	25504	19.730101348236506	25504	20
25506	-294.71520000000004	25506	19.700084456860605	25506	20
25508	-294.6762	25508	19.666737047387514	25508	20
25510	-294.6372	25510	19.638947539488534	25510	20
25512	-294.5982	25512	19.615789616239383	25512	20
25514	-294.5595	25514	19.57149134686663	25514	20
25516	-294.5206	25516	19.551242789056555	25516	20
25518	-294.4817	25518	19.534368990881493	25518	20
25520	-294.44280000000003	25520	19.520307492397539	25520	20
25522	-294.4041	25522	19.491922910331759	25522	20
25524	-294.3653	25524	19.476602425279591	25524	20
25526	-294.3268	25526	19.438835354399583	25526	20
25528	-294.28790000000004	25528	19.440696128662616	25528	20
25530	-294.24940000000004	25530	19.408913440552105	25530	20
25532	-294.2108	25532	19.390761200462659	25532	20
25534	-294.1719	25534	19.400634333719914	25534	20
25536	-294.1333	25536	19.383861944764426	25536	20
25538	-294.0944	25538	19.394884953971388	25538	20
25540	-294.0557	25540	19.387404128309967	25540	20
25542	-294.0162	25542	19.447836773589597	25542	20
25544	-293.97700000000003	25544	19.473197311324157	25544	20
25546	-293.93780000000004	25546	19.494331092769624	25546	20
25548	-293.8985	25548	19.520275910643491	25548	20
25550	-293.8591	25550	19.550229925536289	25550	20
25552	-293.8198	25552	19.566858271282378	25552	20
25554	-293.7804	25554	19.589048559402027	25554	20
25556	-293.7413	25556	19.582540466165206	25556	20
25558	-293.70140000000004	25558	19.643783721803402	25558	20
25560	-293.6617	25560	19.67815310150608	25560	20
25562	-293.6221	25562	19.698460917922333	25562	20
25564	-293.58250000000004	25564	19.715384098264472	25564	20
25566	-293.5428	25566	19.737820081890305	25566	20
25568	-293.5033	25568	19.739850068239878	25568	20
25570	-293.4633	25570	19.783208390201604	25570	20
25572	-293.42330000000004	25572	19.819340325164973	25572	20
25574	-293.3833	25574	19.849450270972515	25574	20
25576	-293.3431	25576	19.891208559146019	25576	20
25578	-293.303	25578	19.917673799287964	25578	20
25580	-293.26300000000003	25580	19.931394832736938	25580	20
25582	-293.2232	25582	19.926162360615265	25582	20
25584	-293.18330000000003	25584	19.930135300511783	25584	20
25586	-293.1434	25586	19.933446083763616	25586	20
25588	-293.1035	25588	19.936205069802075	25588	20
25590	-293.06370000000004	25590	19.930170891498143	25590	20
25592	-293.0236	25592	19.950142409586139	25592	20
25594	-292.9835	25594	19.966785341321398	25594	20
25596	-292.9432	25596	19.997321117768	25596	20
25598	-292.903	25598	20.014434264804187	25598	20
25600	-292.8629	25600	20.020361887336438	25600	20
25602	-292.8222	25602	20.07530157278164	25602	20
25604	-292.7816	25604	20.112751310649998	25604	20
25606	-292.7409	25606	20.152292758876275	25606	20
25608	-292.7003	25608	20.176910632395526	25608	20
25610	-292.6596	25610	20.205758860330882	25610	20
25612	-292.619	25612	20.221465716941029	25612	20
25614	-292.5783	25614	20.242888097452134	25614	20
25616	-292.5378	25616	20.244073414544168	25616	20
25618	-292.4974	25618	20.236727845451551	25618	20
25620	-292.4567	25620	20.255606537877568	25620	20
25622	-292.4162	25622	20.254672114898696	25622	20
25624	-292.3757	25624	20.253893429082968	25624	20
25626	-292.3353	25626	20.244911190900549	25626	20
25628	-292.2948	25628	20.24575932575118	25628	20
25630	-292.2542	25630	20.254799438124614	25630	20
25632	-292.214	25632	20.228999531772772	25632	20
25634	-292.1732	25634	20.257499609809827	25634	20
25636	-292.13280000000003	25636	20.247916341506265	25636	20
25638	-292.0922	25638	20.256596951258587	25638	20
25640	-292.05170000000004	25640	20.255497459378137	25640	20
25642	-292.0113	25642	20.246247882817926	25642	20
25644	-291.97090000000003	25644	20.238539902346346	25644	20
25646	-291.9302	25646	20.257116585289896	25646	20
25648	-291.89	25648	20.230930487743837	25648	20
25650	-291.84970000000004	25650	20.217442073115294	25650	20
25652	-291.8093	25652	20.214535060932224	25652	20
25654	-291.7688	25654	20.220445884110909	25654	20
25656	-291.72860000000003	25656	20.200371570089946	25656	20
25658	-291.6883	25658	20.191976308408456	25658	20
25660	-291.648	25660	20.184980257007215	25660	20
25662	-291.6077	25662	20.179150214172846	25662	20
25664	-291.567	25664	20.207625178478647	25664	20
25666	-291.52660000000003	25666	20.206354315396947	25666	20
25668	-291.4862	25668	20.2052952628336	25668	20
25670	-291.4458	25670	20.204412719026077	25670	20
25672	-291.40520000000004	25672	20.220343932520361	25672	20
25674	-291.3645	25674	20.241953277101576	25674	20
25676	-291.32370000000003	25676	20.26829439758383	25676	20
25678	-291.2831	25678	20.273578664656558	25678	20
25680	-291.24240000000003	25680	20.286315553877	25680	20
25682	-291.20140000000004	25682	20.321929628230567	25682	20
25684	-291.1606	25684	20.334941356862725	25684	20
25686	-291.1195	25686	20.370784464049912	25686	20
25688	-291.0787	25688	20.375653720040777	25688	20
25690	-291.03770000000003	25690	20.396378100033715	25690	20
25692	-290.99690000000004	25692	20.39698175002728	25692	20
25694	-290.956	25694	20.405818125024563	25694	20
25696	-290.91540000000003	25696	20.38818177085243	25696	20
25698	-290.875	25698	20.356818142379836	25698	20
25700	-290.83500000000004	25700	20.297348451980167	25700	20
25702	-290.79490000000004	25702	20.256123709983086	25702	20
25704	-290.7547	25704	20.230103091654829	25704	20
25706	-290.7145	25706	20.208419243047949	25706	20
25708	-290.6743	25708	20.190349369204146	25708	20
25710	-290.6345	25710	20.141957807671272	25710	20
25712	-290.5947	25712	20.101631506393879	25712	20
25714	-290.5548	25714	20.07635958866063	25714	20
25716	-290.515	25716	20.046966323885009	25716	20
25718	-290.47520000000003	25718	20.022471936567257	25718	20
25720	-290.4355	25720	19.993726613809294	25720	20
25722	-290.3963	25722	19.928105511507237	25722	20
25724	-290.357	25724	19.8817545929201	25724	20
25726	-290.31800000000004	25726	19.818128827432353	25726	20
25728	-290.279	25728	19.765107356197305	25728	20
25730	-290.2403	25730	19.695922796831567	25730	20
25732	-290.20140000000004	25732	19.654935664022602	25732	20
25734	-290.16270000000003	25734	19.604113053352648	25734	20
25736	-290.1239	25736	19.570094211130332	25736	20
25738	-290.0851	25738	19.541745175940328	25738	20
25740	-290.0462	25740	19.526454313284638	25740	20
25742	-290.0076	25742	19.488711927735032	25742	20
25744	-289.9687	25744	19.482259939780224	25744	20
25746	-289.92990000000003	25746	19.468549949815237	25746	20
25748	-289.8911	25748	19.45712495818249	25748	20
25750	-289.8521	25750	19.464270798484346	25750	20
25752	-289.813	25752	19.478558998738539	25752	20
25754	-289.7738	25754	19.49879916561494	25754	20
25756	-289.73470000000003	25756	19.5073326380093	25756	20
25758	-289.6952	25758	19.547777198343773	25758	20
25760	-289.65590000000003	25760	19.564814331950547	25760	20
25762	-289.6166	25762	19.579011943294262	25762	20
25764	-289.57710000000003	25764	19.607509952743175	25764	20
25766	-289.5375	25766	19.639591627286578	25766	20
25768	-289.49760000000003	25768	19.691326356071212	25768	20
25770	-289.4577	25770	19.734438630063142	25770	20
25772	-289.4177	25772	19.778698858382921	25772	20
25774	-289.3777	25774	19.815582381987472	25774	20
25776	-289.33770000000004	25776	19.846318651653196	25776	20
25778	-289.2979	25778	19.85526554304548	25778	20
25780	-289.2579	25780	19.879387952539606	25780	20
25782	-289.2178	25782	19.90782329378262	25782	20
25784	-289.1777	25784	19.931519411485134	25784	20
25786	-289.1375	25786	19.959599509573202	25786	20
25788	-289.0975	25788	19.966332924641303	25788	20
25790	-289.0575	25790	19.971944103869458	25790	20
25792	-289.0174	25792	19.984953419890829	25792	20
25794	-288.97700000000003	25794	20.020794516573766	25794	20
25796	-288.93690000000004	25796	20.025662097144419	25796	20
25798	-288.8967	25798	20.038051747622607	25798	20
25800	-288.85630000000003	25800	20.065043123016913	25800	20
25802	-288.8159	25802	20.087535935850241	25802	20
25804	-288.77570000000003	25804	20.089613279872722	25804	20
25806	-288.7355	25806	20.091344399896194	25806	20
25808	-288.6951	25808	20.109453666578236	25808	20
25810	-288.6549	25810	20.107878055484122	25810	20
25812	-288.6144	25812	20.13156504623749	25812	20
25814	-288.5742	25814	20.126304205195432	25814	20
25816	-288.5342	25816	20.10525350433123	25816	20
25818	-288.4945	25818	20.062711253607869	25818	20
25820	-288.4542	25820	20.077259378006726	25820	20
25822	-288.4139	25822	20.089382815005774	25822	20
25824	-288.3739	25824	20.074485679173183	25824	20
25826	-288.3338	25826	20.070404732643933	25826	20
25828	-288.2934	25828	20.092003943868018	25828	20
25830	-288.253	25830	20.110003286559493	25830	20
25832	-288.21250000000003	25832	20.133336072128895	25832	20
25834	-288.172	25834	20.152780060108135	25834	20
25836	-288.1316	25836	20.160650050092926	25836	20
25838	-288.0913	25838	20.158875041744274	25838	20
25840	-288.0511	25840	20.149062534784417	25840	20
25842	-288.0107	25842	20.15755211232316	25842	20
25844	-287.9703	25844	20.164626760267375	25844	20
25846	-287.93010000000004	25846	20.153855633553668	25846	20
25848	-287.89	25848	20.136546361299075	25848	20
25850	-287.8501	25850	20.105455301081626	25850	20
25852	-287.8099	25852	20.104546084232211	25852	20
25854	-287.7699	25854	20.087121736861882	25854	20
25856	-287.73	25856	20.06426811405063	25856	20
25858	-287.6902	25858	20.036890095043344	25858	20
25860	-287.65000000000003	25860	20.047408412533642	25860	20
25862	-287.6096	25862	20.072840343780847	25862	20
25864	-287.56940000000003	25864	20.077366953148228	25864	20
25866	-287.52930000000003	25866	20.072805794289806	25866	20
25868	-287.4891	25868	20.077338161910429	25868	20
25870	-287.44890000000004	25870	20.081115134922879	25870	20
25872	-287.409	25872	20.059262612439529	25872	20
25874	-287.3689	25874	20.057718843699224	25874	20
25876	-287.3288	25876	20.056432369748968	25876	20
25878	-287.2887	25878	20.055360308123756	25878	20
25880	-287.2486	25880	20.054466923436078	25880	20
25882	-287.2086	25882	20.0453891028651	25882	20
25884	-287.1684	25884	20.054490919051773	25884	20
25886	-287.1283	25886	20.053742432542759	25886	20
25888	-287.088	25888	20.069785360452467	25888	20
25890	-287.0476	25890	20.091487800379866	25890	20
25892	-287.0073	25892	20.101239833650059	25892	20
25894	-286.9669	25894	20.117699861373126	25894	20
25896	-286.9263	25896	20.148083217809567	25896	20
25898	-286.8859	25898	20.156736014844117	25898	20
25900	-286.8457	25900	20.14728001236762	25900	20
25902	-286.8052	25902	20.164400010307073	25902	20
25904	-286.7649	25904	20.162000008589395	25904	20
25906	-286.7248	25906	20.143333340490777	25906	20
25908	-286.6846	25908	20.136111117077906	25908	20
25910	-286.64480000000003	25910	20.096759264228005	25910	20
25912	-286.6049	25912	20.072299386860468	25912	20
25914	-286.5648	25914	20.068582822383338	25914	20
25916	-286.5247	25916	20.065485685319064	25916	20
25918	-286.4845	25918	20.071238071096744	25918	20
25920	-286.4443	25920	20.076031725916213	25920	20
25922	-286.4041	25922	20.080026438261033	25922	20
25924	-286.36400000000003	25924	20.075022031883808	25924	20
25926	-286.324	25926	20.062518359904878	25926	20
25928	-286.284	25928	20.05209863325577	25928	20
25930	-286.24420000000003	25930	20.02674886104289	25930	20
25932	-286.2044	25932	20.005624050870228	25932	20
25934	-286.165	25934	19.954686709058567	25934	20
25936	-286.1257	25936	19.903905590884278	25936	20
25938	-286.0865	25938	19.853254659069723	25938	20
25940	-286.0476	25940	19.7860455492258	25940	20
25942	-286.00870000000003	25942	19.730037957684463	25942	20
25944	-285.9701	25944	19.658364964739622	25944	20
25946	-285.9311	25946	19.631970803948622	25946	20
25948	-285.892	25948	19.618309003292104	25948	20
25950	-285.853	25950	19.598590836075694	25950	20
25952	-285.8141	25952	19.573825696730776	25952	20
25954	-285.7751	25954	19.56152141394125	25954	20
25956	-285.7363	25956	19.53460117828276	25956	20
25958	-285.69730000000004	25958	19.528834315234572	25958	20
25960	-285.65860000000004	25960	19.499028596029287	25960	20
25962	-285.62010000000004	25962	19.457523830024332	25962	20
25964	-285.58160000000004	25964	19.4229365250202	25964	20
25966	-285.54290000000003	25966	19.410780437517314	25966	20
25968	-285.50440000000003	25968	19.383983697931018	25968	20
25970	-285.4658	25970	19.369986414945085	25970	20
25972	-285.4273	25972	19.34998867912083	25972	20
25974	-285.38820000000004	25974	19.383323899264209	25974	20
25976	-285.3493	25976	19.394436582721205	25976	20
25978	-285.3102	25978	19.420363818935922	25978	20
25980	-285.27090000000004	25980	19.458636515777336	25980	20
25982	-285.23130000000003	25982	19.515530429815044	25982	20
25984	-285.1917	25984	19.562942024846468	25984	20
25986	-285.152	25986	19.610785020708633	25986	20
25988	-285.1125	25988	19.63398751725515	25988	20
25990	-285.0729	25990	19.661656264379889	25990	20
25992	-285.03360000000004	25992	19.659713553647311	25992	20
25994	-284.9939	25994	19.691427961376004	25994	20
25996	-284.9545	25996	19.692856634480048	25996	20
25998	-284.9148	25998	19.719047195398549	25998	20
26000	-284.875	26000	19.749205996166609	26000	20
26002	-284.8349	26002	19.799338330138458	26002	20
26004	-284.795	26004	19.824448608447778	26004	20
26006	-284.7545	26006	19.895373840373871	26006	20
26008	-284.71410000000003	26008	19.9461448669763	26008	20
26010	-284.6737	26010	19.988454055816394	26010	20
26012	-284.6331	26012	20.040378379845624	26012	20
26014	-284.59250000000003	26014	20.083648649869982	26014	20
26016	-284.5518	26016	20.128040541559592	26016	20
26018	-284.51140000000004	26018	20.140033784631068	26018	20
26020	-284.47090000000003	26020	20.158361487193279	26020	20
26022	-284.4303	26022	20.181967905997762	26022	20
26024	-284.3894	26024	20.226639921661892	26024	20
26026	-284.3481	26026	20.297199934721178	26026	20
26028	-284.3072	26028	20.322666612264737	26028	20
26030	-284.2662	26030	20.352222176887015	26030	20
26032	-284.2253	26032	20.368518480741006	26032	20
26034	-284.184	26034	20.415432067282367	26034	20
26036	-284.1428	26036	20.446193389402261	26036	20
26038	-284.1015	26038	20.480161157838154	26038	20
26040	-284.06	26040	20.525134298197212	26040	20
26042	-284.0188	26042	20.537611915164632	26042	20
26044	-283.9775	26044	20.556343262635391	26044	20
26046	-283.9365	26046	20.54695271886256	26046	20
26048	-283.8952	26048	20.564127265721734	26048	20
26050	-283.8543	26050	20.5451060547652	26050	20
26052	-283.813	26052	20.562588378973935	26052	20
26054	-283.7717	26054	20.577156982476474	26054	20
26056	-283.7308	26056	20.555964152065556	26056	20
26058	-283.6898	26058	20.546636793387698	26058	20
26060	-283.6489	26060	20.530530661153506	26060	20
26062	-283.60790000000003	26062	20.525442217627656	26062	20
26064	-283.5667	26064	20.537868514690004	26064	20
26066	-283.52570000000003	26066	20.53155709557474	26066	20
26068	-283.48490000000004	26068	20.509630912978132	26068	20
26070	-283.444	26070	20.499692427483605	26070	20
26072	-283.4031	26072	20.491410356238166	26072	20
26074	-283.3623	26074	20.476175296864319	26074	20
26076	-283.3217	26076	20.446812747385561	26076	20
26078	-283.2812	26078	20.414010622822023	26078	20
26080	-283.2409	26080	20.370008852351855	26080	20
26082	-283.2003	26082	20.358340710291841	26082	20
26084	-283.1597	26084	20.3486172585799	26084	20
26086	-283.11920000000003	26086	20.332181048812565	26086	20
26088	-283.0788	26088	20.310150874013281	26088	20
26090	-283.0384	26090	20.291792395009143	26090	20
26092	-282.998	26092	20.276493662510429	26092	20
26094	-282.95730000000003	26094	20.288744718755225	26094	20
26096	-282.9167	26096	20.290620598966054	26096	20
26098	-282.87600000000003	26098	20.30051716580158	26098	20
26100	-282.8354	26100	20.300430971504682	26100	20
26102	-282.7948	26102	20.3003591429192	26102	20
26104	-282.7541	26104	20.308632619100607	26104	20
26106	-282.71340000000004	26106	20.315527182580375	26106	20
26108	-282.6729	26108	20.304605985484368	26108	20
26110	-282.6322	26110	20.312171654571582	26110	20
26112	-282.5915	26112	20.318476378810928	26112	20
26114	-282.5509	26114	20.31539698234107	26114	20
26116	-282.51030000000003	26116	20.312830818616188	26116	20
26118	-282.4697	26118	20.310692348850189	26118	20
26120	-282.42900000000003	26120	20.317243624038362	26120	20
26122	-282.3884	26122	20.314369686702	26122	20
26124	-282.3478	26124	20.311974738916962	26124	20
26126	-282.3073	26126	20.301645615764858	26126	20
26128	-282.2668	26128	20.293038013138105	26128	20
26130	-282.22610000000003	26130	20.302531677611622	26130	20
26132	-282.1854	26132	20.310443064677628	26132	20
26134	-282.1447	26134	20.317035887232631	26134	20
26136	-282.1041	26136	20.314196572692488	26136	20
26138	-282.06370000000004	26138	20.295163810575151	26138	20
26140	-282.0235	26140	20.262636508814882	26140	20
26142	-281.98310000000004	26142	20.252197090677143	26142	20
26144	-281.94300000000004	26144	20.2184975755639	26144	20
26146	-281.9029	26146	20.1904146463076	26146	20
26148	-281.8629	26148	20.158678871919971	26148	20
26150	-281.8231	26150	20.115565726601126	26150	20
26152	-281.7832	26152	20.087971438833335	26152	20
26154	-281.7437	26154	20.031642865697137	26154	20
26156	-281.70410000000004	26156	19.993035721410145	26156	20
26158	-281.66470000000004	26158	19.9441964345085	26158	20
26160	-281.62530000000004	26160	19.903497028757126	26160	20
26162	-281.5862	26162	19.844580857299189	26162	20
26164	-281.54720000000003	26164	19.787150714414928	26164	20
26166	-281.5082	26166	19.739292262016118	26166	20
26168	-281.4694	26168	19.682743551678485	26168	20
26170	-281.4306	26170	19.635619626397123	26170	20
26172	-281.3917	26172	19.604683021998635	26172	20
26174	-281.35290000000003	26174	19.570569184997247	26174	20
26176	-281.3143	26176	19.525474320833609	26176	20
26178	-281.2755	26178	19.504561934026395	26178	20
26180	-281.2368	26180	19.478801611689139	26180	20
26182	-281.1977	26182	19.490668009742535	26182	20
26184	-281.159	26184	19.467223341452591	26184	20
26186	-281.1202	26186	19.456019451208878	26186	20
26188	-281.0815	26188	19.438349542674544	26188	20
26190	-281.043	26190	19.406957952228712	26190	20
26192	-281.0041	26192	19.414131626858293	26192	20
26194	-280.9655	26194	19.395109689046411	26194	20
26196	-280.927	26196	19.370924740871935	26196	20
26198	-280.8885	26198	19.350770617393206	26198	20
26200	-280.8498	26200	19.350642181161483	26200	20
26202	-280.81100000000004	26202	19.35886848429962	26202	20
26204	-280.7724	26204	19.349057070252254	26204	20
26206	-280.7337	26206	19.349214225210691	26206	20
26208	-280.6945	26208	19.391011854341734	26208	20
26210	-280.65500000000003	26210	19.4508432119494	26210	20
26212	-280.6157	26212	19.484036009959972	26212	20
26214	-280.57620000000003	26214	19.528363341631266	26214	20
26216	-280.5367	26216	19.565302784695412	26216	20
26218	-280.4972	26218	19.596085653910798	26218	20
26220	-280.4574	26220	19.646738044926817	26220	20
26222	-280.4176	26222	19.6889483707735	26222	20
26224	-280.37780000000004	26224	19.724123642307664	26224	20
26226	-280.3381	26226	19.745103035259632	26226	20
26228	-280.29830000000004	26228	19.770919196046108	26228	20
26230	-280.25870000000003	26230	19.77576599670569	26230	20
26232	-280.2187	26232	19.81313833058978	26232	20
26234	-280.1789	26234	19.827615275492636	26234	20
26236	-280.1386	26236	19.881346062910698	26236	20
26238	-280.0985	26238	19.909455052425198	26238	20
26240	-280.0582	26240	19.949545877021166	26240	20
26242	-280.0181	26242	19.966288230850587	26242	20
26244	-279.9776	26244	20.013573525709546	26244	20
26246	-279.9372	26246	20.04464460475603	26246	20
26248	-279.89730000000003	26248	20.02887050396242	26248	20
26250	-279.8568	26250	20.065725419969404	26250	20
26252	-279.8164	26252	20.08810451664398	26252	20
26254	-279.7762	26254	20.09008709720084	26254	20
26256	-279.7362	26256	20.075072581002406	26256	20
26258	-279.696	26258	20.07922715083286	26258	20
26260	-279.656	26260	20.066022625695755	26260	20
26262	-279.6163	26262	20.03001885474497	26262	20
26264	-279.576	26264	20.050015712287642	26264	20
26266	-279.536	26266	20.041679760241408	26266	20
26268	-279.4955	26268	20.076399800201894	26268	20
26270	-279.4552	26270	20.088666500168415	26270	20
26272	-279.4153	26272	20.065555416806074	26272	20
26274	-279.3746	26274	20.11296284733967	26274	20
26276	-279.334	26276	20.144135706115019	26276	20
26278	-279.2937	26278	20.145113088429351	26278	20
26280	-279.25280000000004	26280	20.195927573688216	26280	20
26282	-279.2122	26282	20.21327297807688	26282	20
26284	-279.1718	26284	20.211060815062144	26284	20
26286	-279.1315	26286	20.200884012551956	26286	20
26288	-279.09110000000004	26288	20.200736677124706	26288	20
26290	-279.051	26290	20.175613897608272	26290	20
26292	-279.0106	26292	20.179678248004969	26292	20
26294	-278.9698	26294	20.216398540003322	26294	20
26296	-278.92920000000004	26296	20.230332116668063	26296	20
26298	-278.8883	26298	20.266943430558548	26298	20
26300	-278.8474	26300	20.297452858800618	26300	20
26302	-278.8066	26302	20.314544048999696	26302	20
26304	-278.766	26304	20.312120040831708	26304	20
26306	-278.7258	26306	20.276766700695347	26306	20
26308	-278.68530000000004	26308	20.272305583908771	26308	20
26310	-278.64480000000003	26310	20.268587986591363	26310	20
26312	-278.6044	26312	20.257156655495614	26312	20
26314	-278.564	26314	20.247630546244419	26314	20
26316	-278.5236	26316	20.239692121873162	26316	20
26318	-278.4833	26318	20.224743434894471	26318	20
26320	-278.44300000000004	26320	20.212286195740823	26320	20
26322	-278.4026	26322	20.2102384964535	26322	20
26324	-278.362	26324	20.225198747043212	26324	20
26326	-278.3215	26326	20.2293322892034	26326	20
26328	-278.2807	26328	20.257776907668681	26328	20
26330	-278.2397	26330	20.298147423056971	26330	20
26332	-278.1991	26332	20.298456185884174	26332	20
26334	-278.1585	26334	20.298713488235439	26334	20
26336	-278.1179	26336	20.298927906861493	26336	20
26338	-278.07730000000004	26338	20.299106589049874	26338	20
26340	-278.0365	26340	20.315922157545479	26340	20
26342	-277.9955	26342	20.346601797954303	26342	20
26344	-277.9549	26344	20.338834831627214	26344	20
26346	-277.9143	26346	20.332362359687973	26346	20
26348	-277.8737	26348	20.326968633076675	26348	20
26350	-277.8329	26350	20.339140527563078	26350	20
26352	-277.79220000000004	26352	20.340950439632433	26352	20
26354	-277.7516	26354	20.334125366363725	26354	20
26356	-277.7108	26356	20.345104471968952	26356	20
26358	-277.67040000000003	26358	20.320920393305535	26358	20
26360	-277.6302	26360	20.284100327756871	26360	20
26362	-277.5901	26362	20.245083606463673	26362	20
26364	-277.5503	26364	20.187569672054213	26364	20
26366	-277.5106	26366	20.131308060043686	26366	20
26368	-277.47090000000003	26368	20.084423383368247	26368	20
26370	-277.4311	26370	20.053686152808023	26370	20
26372	-277.3915	26372	20.011405127340616	26372	20
26374	-277.35220000000004	26374	19.951170939447916	26374	20
26376	-277.313	26376	19.892642449544162	26376	20
26378	-277.2735	26378	19.868868707951425	26378	20
26380	-277.23400000000004	26380	19.849057256624143	26380	20
26382	-277.19460000000004	26382	19.824214380520164	26382	20
26384	-277.15520000000004	26384	19.80351198376685	26384	20
26386	-277.1157	26386	19.7945933198084	26386	20
26388	-277.07640000000004	26388	19.77049443317107	26388	20
26390	-277.0372	26390	19.742078694313456	26390	20
26392	-276.9979	26392	19.726732245258617	26392	20
26394	-276.9587	26394	19.705610204381674	26394	20
26396	-276.9196	26396	19.679675170319648	26396	20
26398	-276.8807	26398	19.641395975267404	26398	20
26400	-276.8416	26400	19.626163312719687	26400	20
26402	-276.8022	26402	19.63846942726645	26402	20
26404	-276.7629	26404	19.640391189390847	26404	20
26406	-276.72380000000004	26406	19.62532599115589	26406	20
26408	-276.6847	26408	19.612771659298161	26408	20
26410	-276.6454	26410	19.618976382750606	26410	20
26412	-276.6058	26412	19.649146985626103	26412	20
26414	-276.5664	26414	19.657622488021797	26414	20
26416	-276.5269	26416	19.673018740016118	26416	20
26418	-276.4871	26418	19.710848950014583	26418	20
26420	-276.4475	26420	19.725707458346083	26420	20
26422	-276.4078	26422	19.746422881953578	26422	20
26424	-276.36830000000003	26424	19.747019068292605	26424	20
26426	-276.3287	26426	19.755849223577769	26426	20
26428	-276.2892	26428	19.754874352984167	26428	20
26430	-276.2497	26430	19.754061960818095	26430	20
26432	-276.2099	26432	19.778384967349563	26432	20
26434	-276.17040000000003	26434	19.773654139455925	26434	20
26436	-276.13030000000003	26436	19.819711782879551	26436	20
26438	-276.0904	26438	19.841426485736758	26438	20
26440	-276.0507	26440	19.84285540477914	26440	20
26442	-276.0108	26442	19.860712837315013	26442	20
26444	-275.9713	26444	19.8422606977652	26444	20
26446	-275.9314	26446	19.860217248136731	26446	20
26448	-275.8915	26448	19.875181040113006	26448	20
26450	-275.8515	26450	19.895984200095878	26450	20
26452	-275.8118	26452	19.888320166745075	26452	20
26454	-275.77160000000003	26454	19.923600138951752	26454	20
26456	-275.7314	26456	19.953000115795383	26456	20
26458	-275.6913	26458	19.969166763162434	26458	20
26460	-275.651	26460	19.999305635968863	26460	20
26462	-275.61080000000004	26462	20.016088029971574	26462	20
26464	-275.57050000000004	26464	20.038406691643146	26464	20
26466	-275.5299	26466	20.082005576372655	26466	20
26468	-275.4893	26468	20.118337980309175	26468	20
26470	-275.4484	26470	20.173614983592806	26470	20
26472	-275.408	26472	20.178012486325414	26472	20
26474	-275.3672	26474	20.215010405270363	26474	20
26476	-275.3268	26476	20.212508671061446	26476	20
26478	-275.286	26478	20.243757225883719	26478	20
26480	-275.24510000000004	26480	20.278131021566857	26480	20
26482	-275.20410000000004	26482	20.315109184638782	26482	20
26484	-275.16290000000004	26484	20.362590987199273	26484	20
26486	-275.1225	26486	20.33549248933554	26486	20
26488	-275.0819	26488	20.329577074444913	26488	20
26490	-275.0412	26490	20.332980895372035	26490	20
26492	-275.0005	26492	20.335817412811306	26492	20
26494	-274.95980000000003	26494	20.33818117733929	26494	20
26496	-274.9192	26496	20.331817647786107	26496	20
26498	-274.8788	26498	20.30984803981983	26498	20
26500	-274.83820000000003	26500	20.308206699848487	26500	20
26502	-274.7978	26502	20.290172249876552	26502	20
26504	-274.7576	26504	20.258476874894647	26504	20
26506	-274.71750000000003	26506	20.22373072907849	26506	20
26508	-274.6776	26508	20.17810894090254	26508	20
26510	-274.6379	26510	20.123424117417294	26510	20
26512	-274.5982	26512	20.077853431179587	26512	20
26514	-274.5586	26514	20.031544525983588	26514	20
26516	-274.5194	26516	19.959620438319149	26516	20
26518	-274.48	26518	19.916350365266002	26518	20
26520	-274.4407	26520	19.871958637723807	26520	20
26522	-274.4012	26522	19.851632198101129	26522	20
26524	-274.3618	26524	19.826360165084321	26524	20
26526	-274.3223	26526	19.813633470906293	26526	20
26528	-274.28270000000003	26528	19.811361225751106	26528	20
26530	-274.2432	26530	19.801134354795281	26530	20
26532	-274.2034	26532	19.817611962330552	26532	20
26534	-274.16360000000003	26534	19.831343301938542	26534	20
26536	-274.1237	26536	19.851119418285915	26536	20
26538	-274.0837	26538	19.875932848568564	26538	20
26540	-274.0435	26540	19.913277373809393	26540	20
26542	-274.0036	26542	19.91939781150689	26542	20
26544	-273.9636	26544	19.93283150959078	26544	20
26546	-273.9236	26546	19.944026257989286	26546	20
26548	-273.88370000000003	26548	19.9450218816568	26548	20
26550	-273.8437	26550	19.954184901382373	26550	20
26552	-273.8035	26552	19.9784874178209	26552	20
26554	-273.76320000000004	26554	20.007072848179515	26554	20
26556	-273.7228	26556	20.03922737348574	26556	20
26558	-273.6822	26558	20.082689477903411	26558	20
26560	-273.64160000000004	26560	20.118907898251472	26560	20
26562	-273.601	26562	20.149089915212926	26562	20
26564	-273.5605	26564	20.165908262678162	26564	20
26566	-273.5202	26566	20.163256885565303	26566	20
26568	-273.4798	26568	20.169380737969163	26568	20
26570	-273.4395	26570	20.166150614974473	26570	20
26572	-273.3994	26572	20.14679217914501	26572	20
26574	-273.3595	26574	20.113993482619904	26574	20
26576	-273.31960000000004	26576	20.086661235515649	26576	20
26578	-273.2799	26578	20.047217696266287	26578	20
26580	-273.2405	26580	19.989348080221951	26580	20
26582	-273.2011	26582	19.941123400185006	26582	20
26584	-273.1615	26584	19.917602833488104	26584	20
26586	-273.12170000000003	26586	19.91466902790317	26586	20
26588	-273.082	26588	19.903890856589218	26588	20
26590	-273.0424	26590	19.886575713824946	26590	20
26592	-273.0031	26592	19.847146428184857	26592	20
26594	-272.9638	26594	19.814288690156186	26594	20
26596	-272.9246	26596	19.778573908462981	26596	20
26598	-272.88530000000003	26598	19.757144923716552	26598	20
26600	-272.8464	26600	19.705954103098158	26600	20
26602	-272.80760000000004	26602	19.654961752580185	26602	20
26604	-272.76890000000003	26604	19.6041347938173	26604	20
26606	-272.7303	26606	19.553445661516985	26606	20
26608	-272.69190000000003	26608	19.494538051261433	26608	20
26610	-272.6535	26610	19.445448376053211	26610	20
26612	-272.6147	26612	19.437873646709395	26612	20
26614	-272.5759	26614	19.431561372260955	26614	20
26616	-272.5369	26616	19.442967810216402	26616	20
26618	-272.4979	26618	19.452473175179275	26618	20
26620	-272.4589	26620	19.460394312648333	26620	20
26622	-272.4199	26622	19.466995260543957	26622	20
26624	-272.3809	26624	19.472496050452236	26624	20
26626	-272.342	26626	19.46874670871123	26626	20
26628	-272.3029	26628	19.482288923922873	26628	20
26630	-272.2638	26630	19.493574103270646	26630	20
26632	-272.22450000000003	26632	19.519645086056276	26632	20
26634	-272.1855	26634	19.516370905050575	26634	20
26636	-272.1464	26636	19.521975754205663	26636	20
26638	-272.1069	26638	19.559979795174076	26638	20
26640	-272.0677	26640	19.566649829311221	26640	20
26642	-272.0283	26642	19.588874857759397	26642	20
26644	-271.9886	26644	19.632395714798005	26644	20
26646	-271.949	26646	19.660329762332267	26646	20
26648	-271.9094	26648	19.683608135277488	26648	20
26650	-271.86990000000003	26650	19.694673446062531	26650	20
26652	-271.8301	26652	19.728894538386594	26652	20
26654	-271.79060000000004	26654	19.732412115320116	26654	20
26656	-271.75120000000004	26656	19.727010096100141	26656	20
26658	-271.7117	26658	19.730841746752809	26658	20
26660	-271.67220000000003	26660	19.734034788958631	26660	20
26662	-271.6325	26662	19.753362324135438	26662	20
26664	-271.5928	26664	19.769468603444707	26664	20
26666	-271.5528	26666	19.807890502872294	26666	20
26668	-271.5126	26668	19.856575419057766	26668	20
26670	-271.47270000000003	26670	19.8721461825472	26670	20
26672	-271.4325	26672	19.910121818791591	26672	20
26674	-271.3924	26674	19.933434848992608	26674	20
26676	-271.3519	26676	19.986195707494563	26676	20
26678	-271.3115	26678	20.021829756243545	26678	20
26680	-271.2712	26680	20.043191463536456	26680	20
26682	-271.2309	26682	20.060992886280548	26682	20
26684	-271.1906	26684	20.075827405233959	26684	20
26686	-271.1504	26686	20.079856171030556	26686	20
26688	-271.1098	26688	20.116546809190758	26688	20
26690	-271.06940000000003	26690	20.130455674323709	26690	20
26692	-271.0289	26692	20.150379728603813	26692	20
26694	-270.9885	26694	20.158649773839322	26694	20
26696	-270.9481	26696	20.165541478197511	26696	20
26698	-270.9072	26698	20.212951231833088	26698	20
26700	-270.8662	26700	20.260792693193977	26700	20
26702	-270.82550000000003	26702	20.275660577658183	26702	20
26704	-270.7848	26704	20.288050481383095	26704	20
26706	-270.7439	26706	20.315042067821075	26706	20
26708	-270.70300000000003	26708	20.337535056514653	26708	20
26710	-270.6618	26710	20.3812792137625	26710	20
26712	-270.62100000000004	26712	20.384399344801267	26712	20
26714	-270.5802	26714	20.386999454004975	26714	20
26716	-270.5392	26716	20.405832878337215	26716	20
26718	-270.4982	26718	20.421527398614082	26718	20
26720	-270.4571	26720	20.442939498842712	26720	20
26722	-270.4159	26722	20.469116249035881	26722	20
26724	-270.3748	26724	20.482596874198951	26724	20
26726	-270.3336	26726	20.502164061832747	26726	20
26728	-270.2923	26728	20.52680338485882	26728	20
26730	-270.2508	26730	20.564002820714432	26730	20
26732	-270.2092	26732	20.603335683930087	26732	20
26734	-270.1678	26734	20.619446403275916	26734	20
26736	-270.1265	26736	20.624538669394791	26736	20
26738	-270.0853	26738	20.620448891162614	26738	20
26740	-270.0442	26740	20.608707409304561	26740	20
26742	-270.0034	26742	20.573922841086315	26742	20
26744	-269.9624	26744	20.561602367571666	26744	20
26746	-269.9217	26746	20.526335306310997	26746	20
26748	-269.8808	26748	20.513612755256254	26748	20
26750	-269.84000000000003	26750	20.49467729604606	26750	20
26752	-269.7992	26752	20.478897746708967	26752	20
26754	-269.7584	26754	20.465748122256656	26754	20
26756	-269.71770000000004	26756	20.446456768543751	26756	20
26758	-269.6769	26758	20.438713973790378	26758	20
26760	-269.636	26760	20.440594978155737	26760	20
26762	-269.5951	26762	20.442162481798277	26762	20
26764	-269.5541	26764	20.451802068164966	26764	20
26766	-269.51300000000003	26766	20.468168390135116	26766	20
26768	-269.47200000000004	26768	20.473473658445666	26768	20
26770	-269.4311	26770	20.469561382039885	26770	20
26772	-269.3901	26772	20.474634485032972	26772	20
26774	-269.3492	26774	20.470528737529307	26774	20
26776	-269.30830000000003	26776	20.467107281271513	26776	20
26778	-269.26730000000003	26778	20.472589401059331	26778	20
26780	-269.2264	26780	20.468824500884605	26780	20
26782	-269.1855	26782	20.465687084072332	26782	20
26784	-269.1446	26784	20.463072570057367	26784	20
26786	-269.1037	26786	20.460893808382966	26786	20
26788	-269.063	26788	20.442411506987082	26788	20
26790	-269.0224	26790	20.418676255821197	26790	20
26792	-268.9818	26792	20.398896879849627	26792	20
26794	-268.9411	26794	20.390747399875963	26794	20
26796	-268.9006	26796	20.367289499897357	26796	20
26798	-268.8601	26798	20.347741249915185	26798	20
26800	-268.8199	26800	20.306451041593508	26800	20
26802	-268.7798	26802	20.26370920132754	26802	20
26804	-268.7398	26804	20.219757667774655	26804	20
26806	-268.69980000000004	26806	20.18313138980918	26806	20
26808	-268.6601	26808	20.127609491510896	26808	20
26810	-268.6203	26810	20.089674576260233	26810	20
26812	-268.5806	26812	20.049728813548704	26812	20
26814	-268.54110000000003	26814	19.999774011288544	26814	20
26816	-268.5014	26816	19.974811676077032	26816	20
26818	-268.4621	26818	19.920676396728261	26818	20
26820	-268.42310000000003	26820	19.850563663939155	26820	20
26822	-268.3841	26822	19.792136386619642	26822	20
26824	-268.34520000000003	26824	19.735113655512663	26824	20
26826	-268.3062	26826	19.695928046264232	26826	20
26828	-268.26730000000003	26828	19.654940038549821	26828	20
26830	-268.2287	26830	19.595783365460754	26830	20
26832	-268.1899	26832	19.563152804549013	26832	20
26834	-268.1513	26834	19.519294003793416	26834	20
26836	-268.11310000000003	26836	19.44941166982457	26836	20
26838	-268.07480000000004	26838	19.399509724853182	26838	20
26840	-268.0364	26840	19.366258104046338	26840	20
26842	-267.9978	26842	19.355215086707855	26842	20
26844	-267.9593	26844	19.337679238923137	26844	20
26846	-267.9205	26846	19.348066032434332	26846	20
26848	-267.8815	26848	19.373388360360881	26848	20
26850	-267.8426	26850	19.386156966968432	26850	20
26852	-267.8037	26852	19.396797472474724	26852	20
26854	-267.7645	26854	19.430664560395094	26854	20
26856	-267.72540000000004	26856	19.450553800326094	26856	20
26858	-267.6866	26858	19.442128166941536	26858	20
26860	-267.6472	26860	19.48510680578466	26860	20
26862	-267.60810000000004	26862	19.495922338150734	26862	20
26864	-267.5689	26864	19.513268615129842	26864	20
26866	-267.5298	26866	19.51939051260505	26866	20
26868	-267.491	26868	19.499492093840665	26868	20
26870	-267.4516	26870	19.5329100782006	26870	20
26872	-267.4123	26872	19.55242506516457	26872	20
26874	-267.373	26874	19.568687554305946	26874	20
26876	-267.3336	26876	19.590572961921666	26876	20
26878	-267.29400000000004	26878	19.625477468263917	26878	20
26880	-267.25440000000003	26880	19.654564556887195	26880	20
26882	-267.2147	26882	19.687137130742574	26882	20
26884	-267.1751	26884	19.705947608952744	26884	20
26886	-267.1356	26886	19.713289674125242	26886	20
26888	-267.0964	26888	19.694408061770527	26888	20
26890	-267.05670000000003	26890	19.720340051473947	26890	20
26892	-267.0171	26892	19.73361670956222	26892	20
26894	-266.9771	26894	19.778013924636888	26894	20
26896	-266.9373	26896	19.798344937198557	26896	20
26898	-266.8977	26898	19.798620780999396	26898	20
26900	-266.8578	26900	19.823850650831893	26900	20
26902	-266.8177	26902	19.861542209026194	26902	20
26904	-266.7774	26904	19.909618507521998	26904	20
26906	-266.73650000000004	26906	19.999682089598753	26906	20
26908	-266.6958	26908	20.058068408000235	26908	20
26910	-266.6549	26910	20.123390340002025	26910	20
26912	-266.6144	26912	20.144491950002411	26912	20
26914	-266.5736	26914	20.187076625001193	26914	20
26916	-266.5329	26916	20.214230520835603	26916	20
26918	-266.4923	26918	20.2285254340283	26918	20
26920	-266.4516	26920	20.248771195024858	26920	20
26922	-266.4112	26922	20.240642662518791	26922	20
26924	-266.37080000000003	26924	20.2338688854304	26924	20
26926	-266.33050000000003	26926	20.219890737858837	26926	20
26928	-266.2901	26928	20.216575614885176	26928	20
26930	-266.2496	26930	20.22214634573837	26930	20
26932	-266.2089	26932	20.243455288111843	26932	20
26934	-266.1685	26934	20.236212740096015	26934	20
26936	-266.1281	26936	20.230177283411422	26936	20
26938	-266.08750000000003	26938	20.241814402841481	26938	20
26940	-266.0469	26940	20.251512002371264	26940	20
26942	-266.00620000000004	26942	20.267926668639255	26942	20
26944	-265.966	26944	20.239938890534972	26944	20
26946	-265.9254	26946	20.249949075444441	26946	20
26948	-265.8851	26948	20.233290896203869	26948	20
26950	-265.845	26950	20.20274241350284	26950	20
26952	-265.8048	26952	20.18561867792129	26952	20
26954	-265.7643	26954	20.196348898268464	26954	20
26956	-265.7243	26956	20.163624081887356	26956	20
26958	-265.6843	26958	20.136353401574503	26958	20
26960	-265.6442	26960	20.12196116797837	26960	20
26962	-265.6041	26962	20.109967639981591	26962	20
26964	-265.5638	26964	20.116639699984827	26964	20
26966	-265.5235	26966	20.122199749987523	26966	20
26968	-265.48310000000004	26968	20.135166458321013	26968	20
26970	-265.443	26970	20.120972048605196	26970	20
26972	-265.4029	26972	20.109143373837281	26972	20
26974	-265.3626	26974	20.115952811531237	26974	20
26976	-265.3223	26976	20.121627342942865	26976	20
26978	-265.2823	26978	20.101356119116023	26978	20
26980	-265.2418	26980	20.126130099264074	26980	20
26982	-265.20140000000004	26982	20.138441749384803	26982	20
26984	-265.16130000000004	26984	20.123701457820285	26984	20
26986	-265.12100000000004	26986	20.12808454818374	26986	20
26988	-265.08050000000003	26988	20.148403790153839	26988	20
26990	-265.0401	26990	20.157003158464345	26990	20
26992	-264.9995	26992	20.180835965385583	26992	20
26994	-264.9585	26994	20.234029971154389	26994	20
26996	-264.9178	26996	20.253358309296598	26996	20
26998	-264.8771	26998	20.26946525774844	26998	20
27000	-264.8364	27000	20.282887714786902	27000	20
27002	-264.7959	27002	20.277406428989806	27002	20
27004	-264.75530000000003	27004	20.281172024156803	27004	20
27006	-264.7149	27006	20.267643353466813	27006	20
27008	-264.6743	27008	20.273036127887639	27008	20
27010	-264.63390000000004	27010	20.26086343990444	27010	20
27012	-264.5935	27012	20.250719533256511	27012	20
27014	-264.5532	27014	20.233932944380594	27014	20
27016	-264.5131	27016	20.203277453650109	27016	20
27018	-264.47270000000003	27018	20.202731211373166	27018	20
27020	-264.4327	27020	20.16894267614601	27020	20
27022	-264.3928	27022	20.132452230120737	27022	20
27024	-264.3526	27024	20.127043525102874	27024	20
27026	-264.31280000000004	27026	20.089202937582144	27026	20
27028	-264.273	27028	20.057669114652938	27028	20
27030	-264.2337	27030	19.989724262212921	27030	20
27032	-264.19440000000003	27032	19.9331035518415	27032	20
27034	-264.1551	27034	19.885919626536722	27034	20
27036	-264.11580000000004	27036	19.846599688778003	27036	20
27038	-264.0765	27038	19.813833073983808	27038	20
27040	-264.0373	27040	19.778194228319332	27040	20
27042	-263.9982	27042	19.74016185693436	27042	20
27044	-263.959	27044	19.716801547444792	27044	20
27046	-263.9202	27046	19.664001289535712	27046	20
27048	-263.88100000000003	27048	19.65333440794592	27048	20
27050	-263.84180000000003	27050	19.644445339954427	27050	20
27052	-263.8025	27052	19.645371116630827	27052	20
27054	-263.7634	27054	19.629475930527274	27054	20
27056	-263.7241	27056	19.632896608770132	27056	20
27058	-263.6849	27058	19.627413840641267	27058	20
27060	-263.6458	27060	19.614511533869308	27060	20
27062	-263.6068	27062	19.595426278223361	27062	20
27064	-263.56780000000003	27064	19.579521898518404	27064	20
27066	-263.5285	27066	19.591268248767474	27066	20
27068	-263.48900000000003	27068	19.617723540637517	27068	20
27070	-263.44960000000003	27070	19.631436283864641	27070	20
27072	-263.4097	27072	19.684530236557666	27072	20
27074	-263.37	27074	19.71210853046323	27074	20
27076	-263.3303	27076	19.7350904420512	27076	20
27078	-263.2902	27078	19.787575368375613	27078	20
27080	-263.25030000000004	27080	19.814646140312075	27080	20
27082	-263.21000000000004	27082	19.870538450260231	27082	20
27084	-263.1698	27084	19.908782041885782	27084	20
27086	-263.1299	27086	19.915651701570546	27086	20
27088	-263.0897	27088	19.946376417977714	27088	20
27090	-263.0498	27090	19.946980348313822	27090	20
27092	-263.0098	27092	19.95581695692989	27092	20
27094	-262.9698	27094	19.963180797438543	27094	20
27096	-262.9294	27096	20.002650664534929	27096	20
27098	-262.8891	27098	20.027208887112611	27098	20
27100	-262.8485	27100	20.07267407259247	27100	20
27102	-262.8081	27102	20.0938950604918	27102	20
27104	-262.7679	27104	20.09491255041209	27104	20
27106	-262.7273	27106	20.129093792008703	27106	20
27108	-262.687	27108	20.132578160007423	27108	20
27110	-262.6468	27110	20.127148466675109	27110	20
27112	-262.6064	27112	20.139290388894	27112	20
27114	-262.56620000000004	27114	20.132741990742524	27114	20
27116	-262.52570000000003	27116	20.152284992286159	27116	20
27118	-262.4854	27118	20.151904160238633	27118	20
27120	-262.4452	27120	20.143253466867787	27120	20
27122	-262.4047	27122	20.161044555723876	27122	20
27124	-262.36420000000004	27124	20.175870463099212	27124	20
27126	-262.32370000000003	27126	20.188225385916731	27126	20
27128	-262.2835	27128	20.173521154932867	27128	20
27130	-262.243	27130	20.186267629111445	27130	20
27132	-262.2024	27132	20.205223024258167	27132	20
27134	-262.1614	27134	20.254352520214876	27134	20
27136	-262.12080000000003	27136	20.261960433511025	27136	20
27138	-262.0804	27138	20.251633694595331	27138	20
27140	-262.0398	27140	20.259694745494738	27140	20
27142	-261.99920000000003	27142	20.26641228791091	27142	20
27144	-261.9586	27144	20.272010239929124	27144	20
27146	-261.91810000000004	27146	20.268341866603585	27146	20
27148	-261.8775	27148	20.27361822217302	27148	20
27150	-261.837	27150	20.269681851811573	27150	20
27152	-261.7966	27152	20.258068209841053	27152	20
27154	-261.7561	27154	20.2567235082016	27154	20
27156	-261.7156	27156	20.255602923502053	27156	20
27158	-261.675	27158	20.263002436250339	27158	20
27160	-261.6343	27160	20.277502030209892	27160	20
27162	-261.5939	27162	20.264585025172984	27162	20
27164	-261.55310000000003	27164	20.287154187643335	27164	20
27166	-261.5128	27166	20.264295156369613	27166	20
27168	-261.4723	27168	20.261912630308732	27168	20
27170	-261.4321	27170	20.2349271919262	27170	20
27172	-261.3918	27172	20.220772659938667	27172	20
27174	-261.3514	27174	20.217310549946966	27174	20
27176	-261.3111	27176	20.206092124955973	27176	20
27178	-261.2709	27178	20.188410104132235	27178	20
27180	-261.2305	27180	20.190341753441604	27180	20
27182	-261.1905	27182	20.158618127869708	27182	20
27184	-261.1504	27184	20.140515106557707	27184	20
27186	-261.1102	27186	20.133762588795612	27186	20
27188	-261.07	27188	20.128135490665269	27188	20
27190	-261.0298	27190	20.123446242218581	27190	20
27192	-260.9893	27192	20.144538535182871	27192	20
27194	-260.9488	27194	20.162115445986448	27194	20
27196	-260.9083	27196	20.176762871656095	27196	20
27198	-260.8678	27198	20.188969059714136	27198	20
27200	-260.82710000000003	27200	20.215807549758317	27200	20
27202	-260.7864	27202	20.238172958133205	27202	20
27204	-260.7455	27204	20.273477465112833	27204	20
27206	-260.7049	27206	20.277897887592658	27206	20
27208	-260.6646	27208	20.256581572994051	27208	20
27210	-260.62420000000003	27210	20.247151310826453	27210	20
27212	-260.58410000000003	27212	20.21429275902166	27212	20
27214	-260.5439	27214	20.195243965853642	27214	20
27216	-260.5039	27216	20.162703304879741	27216	20
27218	-260.4638	27218	20.143919420732733	27218	20
27220	-260.4235	27220	20.144932850610779	27220	20
27222	-260.3832	27222	20.145777375509152	27222	20
27224	-260.3429	27224	20.146481146257795	27224	20
27226	-260.3027	27226	20.138734288545685	27226	20
27228	-260.2626	27228	20.123945240454354	27228	20
27230	-260.2228	27230	20.086621033713115	27230	20
27232	-260.1831	27232	20.047184194759438	27232	20
27234	-260.1435	27234	20.005986828966797	27234	20
27236	-260.104	27236	19.963322357475022	27236	20
27238	-260.0648	27238	19.902768631228678	27238	20
27240	-260.0256	27240	19.852307192690056	27240	20
27242	-259.9866	27242	19.793589327240653	27242	20
27244	-259.94780000000003	27244	19.727991106032263	27244	20
27246	-259.909	27246	19.673325921696676	27246	20
27248	-259.8702	27248	19.627771601412281	27248	20
27250	-259.8315	27250	19.581476334510711	27250	19.995500000000003
27252	-259.7925	27252	19.567896945424533	27252	19.982000000000021
27254	-259.75370000000004	27254	19.539914121185497	27254	19.959500000000045
27256	-259.7151	27256	19.49992843432382	27256	19.928000000000079
27258	-259.6764	27258	19.474940361936994	27258	19.887500000000124
27260	-259.63800000000003	27260	19.429116968278109	27260	19.838000000000179
27262	-259.59950000000003	27262	19.399264140231683	27262	19.779500000000244
27264	-259.5611	27264	19.366053450195086	27264	19.712000000000319
27266	-259.5229	27266	19.321711208497369	27266	19.635500000000405
27268	-259.4846	27268	19.293092673747179	27268	19.550000000000498
27270	-259.4466	27270	19.244243894790227	27270	19.455500000000605
27272	-259.4088	27272	19.186869912325548	27272	19.352000000000718
27274	-259.37100000000004	27274	19.139058260266911	27274	19.239500000000842
27276	-259.3334	27276	19.082548550226967	27276	19.118000000000979
27278	-259.296	27278	19.018790458521725	27278	18.987500000001123
27280	-259.2585	27280	18.973992048765261	27280	18.848000000001278
27282	-259.2213	27282	18.911660040641152	27282	18.699500000001443
27284	-259.18420000000003	27284	18.851383367197013	27284	18.542000000001615
27286	-259.1471	27286	18.8011528059983	27286	18.3755000000018
27288	-259.1102	27288	18.742627338332152	27288	18.200000000001996
27290	-259.0735	27290	18.677189448609809	27290	18.0155000000022
27292	-259.0367	27292	18.630991207177168	27292	17.822000000002415
27294	-259.00030000000004	27294	18.559159339310792	27294	17.619500000002638
27296	-258.9644	27296	18.4576327827612	27296	17.408000000002872
27298	-258.9287	27298	18.356360652302651	27298	17.187500000003119
27300	-258.8933	27300	18.246967210250666	27300	16.958000000003373
27302	-258.8586	27302	18.097472675207776	27302	16.719500000003634
27304	-258.8245	27304	17.922893896008443	27304	16.472000000003909
27306	-258.7907	27306	17.752411580005802	27306	16.215500000004194
27308	-258.75710000000004	27308	17.593676316669715	27308	15.95000000000449
27310	-258.7239	27310	17.428063597226604	27310	15.675500000004792
27312	-258.6911	27312	17.25671966435624	27312	15.392000000005108
27314	-258.65840000000003	27314	17.105599720294958	27314	15.099500000005431
27316	-258.62620000000004	27316	16.937999766911542	27316	14.798000000005768
27318	-258.59450000000004	27318	16.756666472426346	27318	14.487500000006111
27320	-258.56350000000003	27320	16.547222060355782	27320	14.168000000006465
27322	-258.5329	27322	16.339351716967276	27322	13.839500000006829
27324	-258.5031	27324	16.099459764136569	27324	13.502000000007202
27326	-258.474	27326	15.84121647011615	27326	13.155500000007587
27328	-258.4452	27328	15.601013725095935	27328	12.80000000000798
27330	-258.41720000000004	27330	15.334178104243545	27330	12.435500000008386
27332	-258.3895	27332	15.086815086872829	27332	12.0620000000088
27334	-258.3626	27334	14.814012572395018	27334	11.679500000009222
27336	-258.3365	27336	14.520010476994628	27336	11.288000000009657
27338	-258.3109	27338	14.233342064161956	27338	10.887500000010101
27340	-258.2862	27340	13.919451720134607	27340	10.478000000010553
27342	-258.262	27342	13.61620976677947	27342	10.059500000011019
27344	-258.2391	27344	13.255174805648959	27344	9.6386494036661521
27346	-258.2169	27346	12.8959790047073	27346	9.226621266242276
27348	-258.1951	27348	12.563315837254811	27348	8.8235931288183913
27350	-258.1742	27350	12.211096531049018	27350	8.4295649913944963
27352	-258.15430000000003	27352	11.834247109203355	27352	8.044536853970591
27354	-258.1348	27354	11.486872591007003	27354	7.6685087165466754
27356	-258.1162	27356	11.122393825838518	27356	7.3014805791227513
27358	-258.0982	27358	10.768661521529788	27358	6.9434524416988168
27360	-258.0812	27360	10.390551267941149	27360	6.5944243042748711
27362	-258.065	27362	10.008792723286474	27362	6.2543961668509169
27364	-258.0492	27364	9.6573272694064709	27364	5.9233680294269515
27366	-258.03430000000003	27366	9.289439391168278	27366	5.6013398920029767
27368	-258.02000000000004	27368	8.9328661593061938	27368	5.2883117545789915
27370	-258.0061	27370	8.6023884660914209	27370	4.9842836171549969
27372	-257.99330000000003	27372	8.2353237217403645	27372	4.689255479730992
27374	-257.9808	27374	7.904436434787427	27374	4.4032273423069768
27376	-257.9689	27376	7.5786970289869151	27376	4.1261992048829521
27378	-257.958	27378	7.2239141908217928	27378	3.858171067458918
27380	-257.9473	27380	6.911595159021708	27380	3.5991429300348736
27382	-257.9375	27382	6.5763292991834454	27382	3.3491147926108189
27384	-257.9282	27384	6.2552744159858795	27384	3.1080866551867539
27386	-257.9196	27386	5.9293953466550056	27386	2.8760585177626785
27388	-257.9114	27388	5.6244961222115037	27388	2.6530303803385955
27390	-257.9035	27390	5.3454134351767912	27390	2.4390022429145004
27392	-257.8964	27392	5.046177862645651	27392	2.2339741054903959
27394	-257.88980000000004	27394	4.7551482188706871	27394	2.037945968066281
27396	-257.8834	27396	4.4959568490624005	27396	1.8509178306421568
27398	-257.8777	27398	4.2216307075511894	27398	1.6728896932180213
27400	-257.8721	27400	3.9846922562939389	27400	1.5038615557938773
27402	-257.8671	27402	3.7372435469112371	27402	1.3438334183697229
27404	-257.86220000000003	27404	3.5227029557563405	27404	1.1928052809455583
27406	-257.85790000000003	27406	3.2939191297970036	27406	1.0507771435213833
27408	-257.85380000000004	27408	3.0865992748303359	27408	0.917749006097198
27410	-257.8501	27410	2.8804993956950771	27410	0.793720868673006
27412	-257.8466	27412	2.6920828297437374	27412	0.67869273124880181
27414	-257.84340000000003	27414	2.5100690247858264	27414	0.57266459382458734
27416	-257.8403	27416	2.3500575206563257	27416	0.47563645640036256
27418	-257.8376	27418	2.1833812672139685	27418	0.38760831897612746
27420	-257.8351	27420	2.027817722678118	27420	0.30858018155188383
27422	-257.8327	27422	1.8898481022336675	27422	0.23855204412762987
27424	-257.8306	27424	1.7498734185267604	27424	0.1775239067033656
27426	-257.8286	27426	1.6248945154397629	27426	0.12549576927909278
27428	-257.8269	27428	1.4957454295307333	27428	0.082467631854807877
27430	-257.8252	27430	1.3881211912779454	27430	0.048439494430514429
27432	-257.8236	27432	1.2901009927313105	27432	0.023411357006208888
27434	-257.8222	27434	1.1917508272752282	27434	0.0073832195818948065
27436	-257.8211	27436	1.0847923560633648	27436	0.00035508215757218409
27438	-257.8198	27438	1.0123269633873651	27438	0
27440	-257.8189	27440	0.91860580282292559	27440	0
27442	-257.8179	27442	0.848838169017134	27442	0
27444	-257.81690000000003	27444	0.79069847417897443	27444	0
27446	-257.8161	27446	0.7255820618180252	27446	0
27448	-257.8152	27448	0.679651718181809	27448	0
27450	-257.81440000000003	27450	0.633043098482317	27450	0
27452	-257.8138	27452	0.57753591540359073	27452	0
27454	-257.813	27454	0.54794659617187214	27454	0
27456	-257.8124	27456	0.506622163473483	27456	0
27458	-257.8118	27458	0.47218513622956232	27458	0
27460	-257.8113	27460	0.43515428019031666	27460	0
27462	-257.8107	27462	0.41262856682692373	27462	0
27464	-257.81010000000003	27464	0.39385713901935937	27464	0
27466	-257.8097	27466	0.36154761585057271	27466	0
27468	-257.80920000000003	27468	0.34295634654115864	27468	0
27470	-257.8088	27470	0.31913028878540545	27470	0
27472	-257.8084	27472	0.29927524065561112	27472	0
27474	-257.8079	27474	0.29106270054535732	27474	0
27476	-257.8077	27476	0.25921891712168438	27476	0
27478	-257.8072	27478	0.2576824309337517	27478	0
27480	-257.8069	27480	0.23973535911465815	27480	0
27482	-257.8066	27482	0.22477946592734324	27482	0
27484	-257.8063	27484	0.21231622160458083	27484	0
27486	-257.806	27486	0.2019301846736824	27486	0
27488	-257.80580000000003	27488	0.18494182055721833	27488	0
27490	-257.8055	27490	0.17911818380088032	27490	0
27492	-257.8053	27492	0.16593181983462021	27492	0
27494	-257.80510000000004	27494	0.15494318319133316	27494	0
27496	-257.8048	27496	0.15411931932930936	27496	0
27498	-257.8046	27498	0.14509943277497775	27498	0
27500	-257.8044	27500	0.13758286064636807	27500	0
27502	-257.80420000000004	27502	0.13131905053445639	27502	0
27504	-257.8041	27504	0.11776587544802544	27504	0
27506	-257.8039	27506	0.11480489620724114	27506	0
27508	-257.8038	27508	0.10400408017060911	27508	0
27510	-257.8037	27510	0.09500340014481938	27510	0
27512	-257.8035	27512	0.095836166787902757	27512	0
27514	-257.8035	27514	0.0798634723232523	27514	0
27516	-257.8032	27516	0.091552893601171692	27516	0
27518	-257.80310000000003	27518	0.0846274113322179	27518	0
27520	-257.80310000000003	27520	0.070522842776848255	27520	0
27522	-257.8029	27522	0.075435702314593484	27522	0
27524	-257.8028	27524	0.071196418598139688	27524	0
27526	-257.8027	27526	0.067663682163024569	27526	0
27528	-257.8026	27528	0.064719735138498921	27528	0
27530	-257.8025	27530	0.06226644594665727	27530	0
27532	-257.80240000000003	27532	0.060222038286789223	27532	0
27534	-257.80240000000003	27534	0.050185031905657686	27534	0
27536	-257.80240000000003	27536	0.041820859921381404	27536	0
27538	-257.8023	27538	0.043184049937129619	27538	0
27540	-257.8023	27540	0.035986708280941353	27540	0
27542	-257.8023	27542	0.029988923567451128	27542	0
27544	-257.8022	27544	0.0333241029707841	27544	0
27546	-257.802	27546	0.044436752476206695	27546	0
27548	-257.802	27548	0.037030627063505579	27548	0
27550	-257.802	27550	0.030858855886254651	27550	0
27552	-257.8022	27552	0.0090490465713256	27552	0
27554	-257.8018	27554	0.040874205477211219	27554	0
27556	-257.8018	27556	0.034061837897676014	27556	0
27558	-257.8019	27558	0.020051531583488519	27558	0
27560	-257.80170000000004	27560	0.033376276315390085	27560	0
27562	-257.80170000000004	27562	0.027813563596158407	27562	0
27564	-257.8018	27564	0.014844636332223847	27564	0
27566	-257.80170000000004	27566	0.020703863608094702	27566	0
27568	-257.80170000000004	27568	0.017253219673412253	27568	0
27570	-257.8019	27570	-0.0022889836013061104	27570	0
27572	-257.80170000000004	27572	0.014759180328061229	27572	0
27574	-257.8019	27574	-0.0043673497224319645	27574	0
27576	-257.80170000000004	27576	0.013027208560456352	27576	0
27578	-257.80170000000004	27578	0.010856007133713626	27578	0
27580	-257.8016	27580	0.01738000594740647	27580	0
27582	-257.8016	27582	0.014483338289505392	27582	0
27584	-257.80150000000003	27584	0.020402781905829323	27584	0
27586	-257.80150000000003	27586	0.017002318254857769	27586	0
27588	-257.8014	27588	0.022501931881693256	27588	0
27590	-257.8016	27590	0.0020849432341911063	27590	0
27592	-257.80150000000003	27592	0.01007078602640075	27592	0
27594	-257.80150000000003	27594	0.0083923216886672911	27594	0
27596	-257.8014	27596	0.015326934743201188	27596	0
27598	-257.80150000000003	27598	0.0044391122833558772	27598	0
27600	-257.8018	27600	-0.021300739762331537	27600	0
27602	-257.80170000000004	27602	-0.0094172831373681223	27602	0
27604	-257.80170000000004	27604	-0.0078477359478067686	27604	0
27606	-257.80170000000004	27606	-0.0065397799565056411	27606	0
27608	-257.80170000000004	27608	-0.0054498166304213676	27608	0
27610	-257.8016	27610	0.0037918194772939735	27610	0
27612	-257.8016	27612	0.0031598495644116448	27612	0
27614	-257.80150000000003	27614	0.010966541301584531	27614	0
27616	-257.8014	27616	0.017472117753965559	27616	0
27618	-257.80150000000003	27618	0.0062267647923261865	27618	0
27620	-257.8016	27620	-0.0031443626709696717	27620	0
27622	-257.8016	27622	-0.00262030222580806	27622	0
27624	-257.80170000000004	27624	-0.01051691852415183	27624	0
27626	-257.80170000000004	27626	-0.0087640987701265247	27626	0
27628	-257.80170000000004	27628	-0.0073034156417721039	27628	0
27630	-257.8016	27630	0.0022471536345016934	27630	0
27632	-257.8016	27632	0.0018726280287514113	27632	0
27634	-257.80170000000004	27634	-0.0067728099786856042	27634	0
27636	-257.8016	27636	0.0026893250204071094	27636	0
27638	-257.80170000000004	27638	-0.0060922291523058548	27638	0
27640	-257.8016	27640	0.0032564757090569009	27640	0
27642	-257.80150000000003	27642	0.011047063088788911	27642	0
27644	-257.8016	27644	0.00087255257608259869	27644	0
27646	-257.80170000000004	27646	-0.0076062061892429476	27646	0
27648	-257.80170000000004	27648	-0.0063385051577024565	27648	0
27650	-257.8018	27650	-0.013615420962660208	27650	0
27652	-257.8018	27652	-0.011346184135550174	27652	0
27654	-257.8018	27654	-0.0094551534462918117	27654	0
27656	-257.8019	27656	-0.016212627869818003	27656	0
27658	-257.80170000000004	27658	0.0031561434376346526	27658	0
27660	-257.80170000000004	27660	0.0026301195313622105	27660	0
27662	-257.8018	27662	-0.0061415670551063194	27662	0
27664	-257.8018	27664	-0.0051179725459219328	27664	0
27666	-257.8018	27666	-0.0042649771216016112	27666	0
27668	-257.8019	27668	-0.011887480932576171	27668	0
27670	-257.8018	27670	-0.0015729007792386496	27670	0
27672	-257.8018	27672	-0.0013107506493655414	27672	0
27674	-257.80170000000004	27674	0.0072410411234368763	27674	0
27676	-257.8018	27676	-0.002299132395044097	27676	0
27678	-257.8018	27678	-0.0019159436625367475	27678	0
27680	-257.802	27680	-0.018263286386000565	27680	0
27682	-257.8019	27682	-0.0068860719856886909	27682	0
27684	-257.802	27684	-0.014071726657385689	27684	0
27686	-257.8019	27686	-0.0033931055451762952	27686	0
27688	-257.8019	27688	-0.0028275879543135794	27688	0
27690	-257.8019	27690	-0.0023563232952613163	27690	0
27692	-257.8019	27692	-0.0019636027460510968	27692	0
27694	-257.802	27694	-0.009969668957687694	27694	0
27696	-257.802	27696	-0.0083080574647397456	27696	0
27698	-257.802	27698	-0.0069233812206164549	27698	0
27700	-257.8021	27700	-0.014102817681755208	27700	0
27702	-257.802	27702	-0.0034190147368878456	27702	0
27704	-257.8021	27704	-0.011182512278648032	27704	0
27706	-257.802	27706	-0.00098542690096519933	27706	0
27708	-257.802	27708	-0.00082118908413766618	27708	0
27710	-257.8021	27710	-0.0090176575680228823	27710	0
27712	-257.802	27712	0.00081861869122242577	27712	0
27714	-257.8019	27714	0.0090155155786638009	27714	0
27716	-257.8021	27716	-0.009153737018333441	27716	0
27718	-257.802	27718	0.0007052191492969602	27718	0
27720	-257.8021	27720	-0.0077456507068273612	27720	0
27722	-257.8021	27722	-0.0064547089223561342	27722	0
27724	-257.8022	27724	-0.013712257437941893	27724	0
27726	-257.8022	27726	-0.011426881198284911	27726	0
27728	-257.8021	27728	-0.0011890676625923129	27728	0
27730	-257.802	27730	0.0073424436124145667	27730	0
27732	-257.8022	27732	-0.01054796365687447	27732	0
27734	-257.8022	27734	-0.00878996971406206	27734	0
27736	-257.8022	27736	-0.0073249747617183834	27736	0
27738	-257.80240000000003	27738	-0.022770812301985261	27738	0
27740	-257.8023	27740	-0.010642343582342605	27740	0
27742	-257.8023	27742	-0.00886861965195217	27742	0
27744	-257.80240000000003	27744	-0.015723849712605258	27744	0
27746	-257.8023	27746	-0.0047698747578592687	27746	0
27748	-257.80240000000003	27748	-0.012308228967527837	27748	0
27750	-257.8025	27750	-0.01859019080418136	27750	0
27752	-257.8025	27752	-0.015491825670151133	27752	0
27754	-257.80240000000003	27754	-0.0045765213938844512	27754	0
27756	-257.80240000000003	27756	-0.0038137678282370428	27756	0
27758	-257.80240000000003	27758	-0.0031781398568642024	27758	0
27760	-257.8023	27760	0.0056848834552582772	27760	0
27762	-257.8025	27762	-0.011929263787838044	27762	0
27764	-257.8025	27764	-0.0099410531565317043	27764	0
27766	-257.8026	27766	-0.016617544295017914	27766	0
27768	-257.8025	27768	-0.0055146202479401021	27768	0
27770	-257.80240000000003	27770	0.0037378164579580757	27770	0
27772	-257.8025	27772	-0.0052184862829430974	27772	0
27774	-257.8025	27774	-0.0043487385691192478	27774	0
27776	-257.80240000000003	27776	0.0047093845236421215	27776	0
27778	-257.8025	27778	-0.0044088462282063931	27778	0
27780	-257.8025	27780	-0.0036740385235053278	27780	0
27782	-257.8025	27782	-0.0030616987695877731	27782	0
27784	-257.8026	27784	-0.01088474897256464	27784	0
27786	-257.8028	27786	-0.02573729081102381	27786	0
27788	-257.8025	27788	0.0035522576559415958	27788	0
27790	-257.8026	27790	-0.0053731186179568312	27790	0
27792	-257.8026	27792	-0.00447759884829736	27792	0
27794	-257.8026	27794	-0.003731332373581133	27794	0
27796	-257.8026	27796	-0.0031094436446509441	27796	0
27798	-257.8027	27798	-0.010924536373187566	27798	0
27800	-257.8026	27800	-0.00077044697501119259	27800	0
27802	-257.8026	27802	-0.0006420391458426605	27802	0
27804	-257.8028	27804	-0.017201699288755493	27804	0
27806	-257.8027	27806	-0.00600141607605475	27806	0
27808	-257.8028	27808	-0.013334513394620454	27808	0
27810	-257.8026	27810	0.0055545721717028974	27810	0
27812	-257.8027	27812	-0.0037045231928926987	27812	0
27814	-257.8027	27814	-0.0030871026607439157	27814	0
27816	-257.8026	27816	0.0057607477853585162	27816	0
27818	-257.8029	27818	-0.020199376848732957	27818	0
27820	-257.8029	27820	-0.016832814040610797	27820	0
27822	-257.803	27822	-0.022360678365083826	27822	0
27824	-257.803	27824	-0.018633898637569857	27824	0
27826	-257.8029	27826	-0.0071949155334000547	27826	0
27828	-257.8028	27828	0.0023375703914784007	27828	0
27830	-257.8029	27830	-0.0063853580097464457	27830	0
27832	-257.8028	27832	0.0030122016611897418	27832	0
27834	-257.8029	27834	-0.0058231652849869949	27834	0
27836	-257.803	27836	-0.013185971068730658	27836	0
27838	-257.803	27838	-0.010988309223942215	27838	0
27840	-257.803	27840	-0.00915692435328518	27840	0
27842	-257.803	27842	-0.0076307702944043163	27842	0
27844	-257.803	27844	-0.0063589752453369307	27844	0
27846	-257.80310000000003	27846	-0.013632479373759223	27846	0
27848	-257.8029	27848	0.0053062671890872562	27848	0
27850	-257.803	27850	-0.0039114440070021142	27850	0
27852	-257.8029	27852	0.0050737966587397322	27852	0
27854	-257.803	27854	-0.004105169448958384	27854	0
27856	-257.8032	27856	-0.020087641208018595	27856	0
27858	-257.8032	27858	-0.016739701006682164	27858	0
27860	-257.8032	27860	-0.013949750838901804	27860	0
27862	-257.8032	27862	-0.011624792365751504	27862	0
27864	-257.80330000000004	27864	-0.018020660307438034	27864	0
27866	-257.80330000000004	27866	-0.015017216922865029	27866	0
27868	-257.8034	27868	-0.020847680766962352	27868	0
27870	-257.80330000000004	27870	-0.0090397339745604648	27870	0
27872	-257.8035	27872	-0.024199778307950042	27872	0
27874	-257.80330000000004	27874	-0.0034998152608087148	27874	0
27876	-257.80330000000004	27876	-0.0029165127173405958	27876	0
27878	-257.8032	27878	0.00590290607152795	27878	0
27880	-257.80310000000003	27880	0.013252421724181453	27880	0
27882	-257.80330000000004	27882	-0.0056229818970687309	27882	0
27884	-257.80330000000004	27884	-0.0046858182475572763	27884	0
27886	-257.8034	27886	-0.012238181870872559	27886	0
27888	-257.8035	27888	-0.018531818223635296	27888	0
27890	-257.8034	27890	-0.00710984852178792	27890	0
27892	-257.8034	27892	-0.0059248737681566006	27892	0
27894	-257.8034	27894	-0.0049373948067971676	27894	0
27896	-257.8035	27896	-0.012447829003572468	27896	0
27898	-257.8035	27898	-0.01037319083631039	27898	0
27900	-257.8035	27900	-0.0086443256969253261	27900	0
27902	-257.8035	27902	-0.007203604747437772	27902	0
27904	-257.8034	27904	0.0023303293750433504	27904	0
27906	-257.8035	27906	-0.0063913921853720355	27906	0
27908	-257.8036	27908	-0.013659493490455143	27908	0
27910	-257.8035	27910	-0.003049577906067507	27910	0
27912	-257.8034	27912	0.0057920184095185713	27912	0
27914	-257.8035	27914	-0.003506651323309351	27914	0
27916	-257.8034	27916	0.0054111238951503682	27916	0
27918	-257.8034	27918	0.0045092699126253067	27918	0
27920	-257.8035	27920	-0.0045756084040537385	27920	0
27922	-257.8034	27922	0.0045203263278633787	27922	0
27924	-257.8036	27924	-0.012899728060667127	27924	0
27926	-257.8037	27926	-0.01908310671513077	27926	0
27928	-257.8037	27928	-0.015902588929275641	27928	0
27930	-257.8038	27930	-0.021585490777041482	27930	0
27932	-257.8038	27932	-0.0179879089808679	27932	0
27934	-257.8038	27934	-0.014989924150723252	27934	0
27936	-257.8038	27936	-0.012491603458936044	27936	0
27938	-257.8037	27938	-0.0020763362131349244	27938	0
27940	-257.8037	27940	-0.0017302801776124372	27940	0
27942	-257.8037	27942	-0.0014419001480103645	27942	0
27944	-257.8037	27944	-0.0012015834566753037	27944	0
27946	-257.8038	27946	-0.0093346528832078668	27946	0
27948	-257.8039	27948	-0.016112210733914716	27948	0
27950	-257.8039	27950	-0.013426842278262264	27950	0
27952	-257.8037	27952	0.0054776314353347233	27952	0
27954	-257.8039	27954	-0.012101973804441005	27954	0
27956	-257.8039	27956	-0.010084978170367504	27956	0
27958	-257.80400000000003	27958	-0.0167374818112847	27958	0
27960	-257.8039	27960	-0.0056145681734254722	27960	0
27962	-257.80400000000003	27962	-0.01301214014716634	27962	0
27964	-257.80400000000003	27964	-0.010843450122638617	27964	0
27966	-257.80400000000003	27966	-0.0090362084355321819	27966	0
27968	-257.80400000000003	27968	-0.0075301736962768186	27968	0
27970	-257.8041	27970	-0.014608478078138844	27970	0
27972	-257.8041	27972	-0.012173731731782371	27972	0
27974	-257.8041	27974	-0.010144776443151976	27974	0
27976	-257.8041	27976	-0.0084539803692933145	27976	0
27978	-257.80400000000003	27978	0.001288349690163732	27978	0
27980	-257.8041	27980	-0.0072597085894383845	27980	0
27982	-257.8041	27982	-0.0060497571578653209	27982	0
27984	-257.80420000000004	27984	-0.013374797634199548	27984	0
27986	-257.80420000000004	27986	-0.01114566469516629	27986	0
27988	-257.8041	27988	-0.00095472057666012855	27988	0
27990	-257.80420000000004	27990	-0.0091289338165285536	27990	0
27992	-257.80420000000004	27992	-0.007607444847107128	27992	0
27994	-257.8044	27994	-0.023006204035072263	27994	0
27996	-257.8043	27996	-0.010838503364652058	27996	0
27998	-257.80420000000004	27998	-0.00069875280596855445	27998	0
28000	-257.8043	28000	-0.00891562733621529	28000	0
28002	-257.8043	28002	-0.0074296894468460755	28002	0
28004	-257.8043	28004	-0.00619140787237173	28004	0
28006	-257.8043	28006	-0.0051595065603097755	28006	0
28008	-257.8044	28008	-0.012632922131499641	28008	0
28010	-257.8044	28010	-0.010527435109583034	28010	0
28012	-257.8044	28012	-0.0087728625913191943	28012	0
28014	-257.8045	28014	-0.015644052162077773	28014	0
28016	-257.8043	28016	0.0036299565321551309	28016	0
28018	-257.8044	28018	-0.0053083695544455523	28018	0
28020	-257.8044	28020	-0.0044236412953712941	28020	0
28022	-257.8045	28022	-0.012019701082121192	28022	0
28024	-257.8044	28024	-0.0016830842324558806	28024	0
28026	-257.8044	28026	-0.0014025701937132339	28026	0
28028	-257.8046	28028	-0.01783547516198097	28028	0
28030	-257.8046	28030	-0.014862895968317476	28030	0
28032	-257.8045	28032	-0.0040524133090230688	28032	0
28034	-257.8045	28034	-0.0033770110908525573	28034	0
28036	-257.8045	28036	-0.0028141759090437981	28036	0
28038	-257.8046	28038	-0.010678479922111326	28038	0
28040	-257.8046	28040	-0.0088987332684261049	28040	0
28042	-257.8047	28042	-0.015748944393000203	28042	0
28044	-257.8045	28044	0.0035425463397197737	28044	0
28046	-257.8047	28046	-0.013714544717453463	28046	0
28048	-257.8047	28048	-0.011428787264544554	28048	0
28050	-257.8048	28050	-0.017857322718361955	28050	0
28052	-257.8048	28052	-0.01488110226530163	28052	0
28054	-257.8048	28054	-0.012400918554418026	28054	0
28056	-257.8048	28056	-0.010334098795348355	28056	0
28058	-257.8048	28058	-0.0086117489961236287	28058	0
28060	-257.8048	28060	-0.0071764574967696912	28060	0
28062	-257.8048	28062	-0.0059803812473080758	28062	0
28064	-257.805	28064	-0.02165031770664334	28064	0
28066	-257.80490000000003	28066	-0.00970859809096129	28066	0
28068	-257.80490000000003	28068	-0.0080904984091344084	28068	0
28070	-257.80490000000003	28070	-0.0067420820076120073	28070	0
28072	-257.805	28072	-0.013951735004251502	28072	0
28074	-257.805	28074	-0.011626445836876251	28074	0
28076	-257.80510000000004	28076	-0.018022038200041991	28076	0
28078	-257.80510000000004	28078	-0.01501836516670166	28078	0
28080	-257.80510000000004	28080	-0.012515304305584717	28080	0
28082	-257.80510000000004	28082	-0.010429420254653932	28082	0
28084	-257.805	28084	-0.00035785020956649767	28084	0
28086	-257.80510000000004	28086	-0.008631541843950527	28086	0
28088	-257.8052	28088	-0.015526284867866934	28088	0
28090	-257.80510000000004	28090	-0.004605237391980951	28090	0
28092	-257.80510000000004	28092	-0.0038376978266507927	28092	0
28094	-257.80510000000004	28094	-0.0031980815222089941	28094	0
28096	-257.8052	28096	-0.010998401266415657	28096	0
28098	-257.8052	28098	-0.0091653343886797141	28098	0
28100	-257.8052	28100	-0.0076377786572330957	28100	0
28102	-257.8053	28102	-0.014698148878935741	28102	0
28104	-257.8053	28104	-0.012248457399113118	28104	0
28106	-257.8053	28106	-0.010207047832594266	28106	0
28108	-257.8054	28108	-0.016839206529807003	28108	0
28110	-257.8053	28110	-0.0056993387721940569	28110	0
28112	-257.8053	28112	-0.0047494489768283811	28112	0
28114	-257.8053	28114	-0.0039578741473569844	28114	0
28116	-257.8054	28116	-0.011631561792109267	28116	0
28118	-257.8054	28118	-0.0096929681600910565	28118	0
28120	-257.8053	28120	0.00025585986923589918	28120	0
28122	-257.8054	28122	-0.0081201167782818644	28122	0
28124	-257.8054	28124	-0.0067667639819015543	28124	0
28126	-257.8055	28126	-0.013972303316159456	28126	0
28128	-257.8055	28128	-0.011643586096799547	28128	0
28130	-257.8055	28130	-0.009702988413999622	28130	0
28132	-257.8056	28132	-0.016419157014311465	28132	0
28134	-257.8055	28134	-0.005349297509281108	28134	0
28136	-257.8056	28136	-0.01279108126037937	28136	0
28138	-257.8056	28138	-0.010659234383649475	28138	0
28140	-257.8057	28140	-0.017216028650949393	28140	0
28142	-257.8056	28142	-0.006013357211216333	28142	0
28144	-257.8057	28144	-0.01334446434058844	28144	0
28146	-257.8057	28146	-0.011120386950490366	28146	0
28148	-257.80580000000003	28148	-0.017600322461387086	28148	0
28150	-257.8057	28150	-0.0063336020485107933	28150	0
28152	-257.80580000000003	28152	-0.013611335043070775	28152	0
28154	-257.80580000000003	28154	-0.011342779202558979	28154	0
28156	-257.80580000000003	28156	-0.0094523160021324822	28156	0
28158	-257.80580000000003	28158	-0.0078769300017770688	28158	0
28160	-257.80580000000003	28160	-0.006564108334814224	28160	0
28162	-257.80580000000003	28162	-0.0054700902790118539	28162	0
28164	-257.8059	28164	-0.012891741897084707	28164	0
28166	-257.8059	28166	-0.01074311824757059	28166	0
28168	-257.806	28168	-0.017285931870883654	28168	0
28170	-257.806	28170	-0.014404943225736379	28170	0
28172	-257.806	28172	-0.012004119354780317	28172	0
28174	-257.8059	28174	-0.0016700994644087697	28174	0
28176	-257.8061	28176	-0.018058416220893918	28176	0
28178	-257.8061	28178	-0.015048680184078267	28178	0
28180	-257.8061	28180	-0.012540566820065222	28180	0
28182	-257.8061	28182	-0.010450472350054352	28182	0
28184	-257.8061	28184	-0.0087087269583786282	28184	0
28186	-257.8062	28186	-0.015590605796557019	28186	0
28188	-257.8061	28188	-0.0046588381658893546	28188	0
28190	-257.8062	28190	-0.012215698469482623	28190	0
28192	-257.8062	28192	-0.010179748724568853	28192	0
28194	-257.8062	28194	-0.0084831239371407109	28194	0
28196	-257.8062	28196	-0.0070692699476172594	28196	0
28198	-257.8063	28198	-0.014224391625659496	28198	0
28200	-257.8064	28200	-0.020186993019291076	28200	0
28202	-257.8063	28202	-0.00848916085150107	28202	0
28204	-257.8064	28204	-0.015407634040825719	28204	0
28206	-257.8064	28206	-0.012839695034021433	28206	0
28208	-257.8064	28208	-0.010699745861684528	28208	0
28210	-257.8063	28210	-0.00058312155349561287	28210	0
28212	-257.8064	28212	-0.0088192679591545045	28212	0
28214	-257.8064	28214	-0.0073493899659620877	28214	0
28216	-257.8065	28216	-0.014457824974280185	28216	0
28218	-257.8064	28218	-0.0037148541425883752	28218	0
28220	-257.8066	28220	-0.019762378452710255	28220	0
28222	-257.8066	28222	-0.016468648710591879	28222	0
28224	-257.8066	28224	-0.013723873925493233	28224	0
28226	-257.80670000000003	28226	-0.019769894940556143	28226	0
28228	-257.80670000000003	28228	-0.016474912450463453	28228	0
28230	-257.80670000000003	28230	-0.013729093708719544	28230	0
28232	-257.8068	28232	-0.019774244755174447	28232	0
28234	-257.8068	28234	-0.016478537295978708	28234	0
28236	-257.8069	28236	-0.022065447744557085	28236	0
28238	-257.8069	28238	-0.018387873120464238	28238	0
28240	-257.8069	28240	-0.015323227600386865	28240	0
28242	-257.8069	28242	-0.012769356333655722	28242	0
28244	-257.807	28244	-0.018974463614024883	28244	0
28246	-257.807	28246	-0.015812053011687404	28246	0
28248	-257.807	28248	-0.013176710843072837	28248	0
28250	-257.807	28250	-0.010980592369227365	28250	0
28252	-257.807	28252	-0.0091504936410228051	28252	0
28254	-257.807	28254	-0.0076254113675190043	28254	0
28256	-257.8072	28256	-0.023021176140152446	28256	0
28258	-257.8071	28258	-0.010850980114148591	28258	0
28260	-257.8071	28260	-0.0090424834284571591	28260	0
28262	-257.8071	28262	-0.0075354028570476326	28262	0
28264	-257.8071	28264	-0.0062795023808730277	28264	0
28266	-257.8072	28266	-0.01356625198670597	28266	0
28268	-257.80740000000003	28268	-0.027971876656141585	28268	0
28270	-257.80740000000003	28270	-0.023309897213451322	28270	0
28272	-257.80740000000003	28272	-0.019424914344542771	28272	0
28274	-257.80740000000003	28274	-0.016187428620452311	28274	0
28276	-257.80740000000003	28276	-0.013489523850376927	28276	0
28278	-257.80740000000003	28278	-0.011241269875314106	28278	0
28280	-257.80740000000003	28280	-0.0093677248960950879	28280	0
28282	-257.80740000000003	28282	-0.0078064374134125735	28282	0
28284	-257.8075	28284	-0.01483869784241864	28284	0
28286	-257.8075	28286	-0.012365581535348866	28286	0
28288	-257.8075	28288	-0.010304651279457389	28288	0
28290	-257.80760000000004	28290	-0.016920542735526272	28290	0
28292	-257.80760000000004	28292	-0.014100452279605227	28292	0
28294	-257.80760000000004	28294	-0.011750376899671023	28294	0
28296	-257.80760000000004	28296	-0.0097919807497258531	28296	0
28298	-257.8077	28298	-0.016493317289346374	28298	0
28300	-257.8077	28300	-0.013744431074455311	28300	0
28302	-257.8078	28302	-0.019787025893287589	28302	0
28304	-257.8078	28304	-0.016489188244406327	28304	0
28306	-257.8077	28306	-0.0054076568724304459	28306	0
28308	-257.8078	28308	-0.012839714058266866	28308	0
28310	-257.8078	28310	-0.010699761715222389	28310	0
28312	-257.8079	28312	-0.017249801431997103	28312	0
28314	-257.8079	28314	-0.014374834526664253	28314	0
28316	-257.808	28316	-0.020312362103461705	28316	0
28318	-257.8079	28318	-0.0085936350883099276	28318	0
28320	-257.8081	28320	-0.023828029240811548	28320	0
28322	-257.8081	28322	-0.019856691034009624	28322	0
28324	-257.8081	28324	-0.016547242528341354	28324	0
28326	-257.8082	28326	-0.022122702104859289	28326	0
28328	-257.8082	28328	-0.018435585087382741	28328	0
28330	-257.8081	28330	-0.0070296542415774575	28330	0
28332	-257.8082	28332	-0.014191378532556042	28332	0
28334	-257.80830000000003	28334	-0.02015948211310848	28334	0
28336	-257.8084	28336	-0.025132901758831896	28336	0
28338	-257.80850000000004	28338	-0.029277418135005027	28338	0
28340	-257.80850000000004	28340	-0.024397848445837523	28340	0
28342	-257.8084	28342	-0.011998207035552823	28342	0
28344	-257.80850000000004	28344	-0.018331839198939132	28344	0
28346	-257.80850000000004	28346	-0.01527653266578261	28346	0
28348	-257.80850000000004	28348	-0.012730443888152176	28348	0
28350	-257.8086	28350	-0.018942036571368309	28350	0
28352	-257.80850000000004	28352	-0.0074516971448987633	28352	0
28354	-257.8086	28354	-0.014543080951990464	28354	0
28356	-257.80850000000004	28356	-0.0037859007954172252	28356	0
28358	-257.8087	28358	-0.019821583991997342	28358	0
28360	-257.8087	28360	-0.016517986659997787	28360	0
28362	-257.8088	28362	-0.022098322219309935	28362	0
28364	-257.8088	28364	-0.018415268516091612	28364	0
28366	-257.809	28366	-0.032012723763962955	28366	0
28368	-257.8089	28368	-0.018343936467324018	28368	0
28370	-257.809	28370	-0.02361994705874846	28370	0
28372	-257.8091	28372	-0.028016622546865211	28372	0
28374	-257.8091	28374	-0.023347185455721009	28374	0
28376	-257.8091	28376	-0.01945598787976751	28376	0
28378	-257.80920000000003	28378	-0.024546656569118037	28378	0
28380	-257.8091	28380	-0.012122213804953251	28380	0
28382	-257.8091	28382	-0.010101844837461044	28382	0
28384	-257.80920000000003	28384	-0.016751537367195986	28384	0
28386	-257.809	28386	0.0027070521945566205	28386	0
28388	-257.80920000000003	28388	-0.014410789838422759	28388	0
28390	-257.8093	28390	-0.020342324863260458	28390	0
28392	-257.80920000000003	28392	-0.0086186040548088885	28392	0
28394	-257.80940000000004	28394	-0.023848836712894016	28394	0
28396	-257.80940000000004	28396	-0.019874030594078346	28396	0
28398	-257.8095	28398	-0.024895025492973451	28398	0
28400	-257.8096	28400	-0.02907918790871937	28400	0
28402	-257.8096	28402	-0.024232656590599477	28402	0
28404	-257.8095	28404	-0.011860547160924738	28404	0
28406	-257.8096	28406	-0.018217122632012112	28406	0
28408	-257.8097	28408	-0.023514268862655209	28408	0
28410	-257.8098	28410	-0.027928557383454171	28410	0
28412	-257.8097	28412	-0.014940464488303648	28412	0
28414	-257.8097	28414	-0.012450387073586373	28414	0
28416	-257.8098	28416	-0.018708655892563472	28416	0
28418	-257.8098	28418	-0.015590546577136228	28418	0
28420	-257.8097	28420	-0.0046587888163720295	28420	0
28422	-257.8098	28422	-0.012215657344884853	28422	0
28424	-257.8099	28424	-0.018513047790049156	28424	0
28426	-257.81	28426	-0.023760873156282458	28426	0
28428	-257.81	28428	-0.019800727630235382	28428	0
28430	-257.81010000000003	28430	-0.02483393969450793	28430	0
28432	-257.81010000000003	28432	-0.020694949745423276	28432	0
28434	-257.81010000000003	28434	-0.017245791454519398	28434	0
28436	-257.81010000000003	28436	-0.014371492878766165	28436	0
28438	-257.8102	28438	-0.020309577396879965	28438	0
28440	-257.8102	28440	-0.016924647830733306	28440	0
28442	-257.8103	28442	-0.02243720652351925	28442	0
28444	-257.8103	28444	-0.018697672102932709	28444	0
28446	-257.8104	28446	-0.023914726755089037	28446	0
28448	-257.8104	28448	-0.019928938962574198	28448	0
28450	-257.8104	28450	-0.0166074491354785	28450	0
28452	-257.8104	28452	-0.013839540946232083	28452	0
28454	-257.8105	28454	-0.019866284119768231	28454	0
28456	-257.8105	28456	-0.016555236766473528	28456	0
28458	-257.8105	28458	-0.013796030638727941	28458	0
28460	-257.8106	28460	-0.019830025534918395	28460	0
28462	-257.8107	28462	-0.02485835461034016	28462	0
28464	-257.8107	28464	-0.0207152955086168	28464	0
28466	-257.8107	28466	-0.017262746257180668	28466	0
28468	-257.81080000000003	28468	-0.022718955216962336	28468	0
28470	-257.81080000000003	28470	-0.018932462680801947	28470	0
28472	-257.8109	28472	-0.024110385565243118	28472	0
28474	-257.8109	28474	-0.020091987971035931	28474	0
28476	-257.81100000000004	28476	-0.025076656645175055	28476	0
28478	-257.81100000000004	28478	-0.020897213870979214	28478	0
28480	-257.81100000000004	28480	-0.01741434489248268	28480	0
28482	-257.8111	28482	-0.022845287408310395	28482	0
28484	-257.8112	28484	-0.027371072838166824	28484	0
28486	-257.8113	28486	-0.031142560701117469	28486	0
28488	-257.8113	28488	-0.025952133917597892	28488	0
28490	-257.8113	28490	-0.021626778264664911	28490	0
28492	-257.8114	28492	-0.026355648551795587	28492	0
28494	-257.8115	28494	-0.0302963737958081	28494	0
28496	-257.8115	28496	-0.025246978163173419	28496	0
28498	-257.8115	28498	-0.021039148469311184	28498	0
28500	-257.8116	28500	-0.025865957055667483	28500	0
28502	-257.8116	28502	-0.021554964213056235	28502	0
28504	-257.81170000000003	28504	-0.026295803513525312	28504	0
28506	-257.81170000000003	28506	-0.021913169594604428	28506	0
28508	-257.8118	28508	-0.02659430799341185	28508	0
28510	-257.81190000000004	28510	-0.030495256663821656	28510	0
28512	-257.81190000000004	28512	-0.025412713886518046	28512	0
28514	-257.81190000000004	28514	-0.021177261572098371	28514	0
28516	-257.812	28516	-0.025981051307990138	28516	0
28518	-257.812	28518	-0.021650876089991784	28518	0
28520	-257.812	28520	-0.018042396741659823	28520	0
28522	-257.8121	28522	-0.023368663949291345	28522	0
28524	-257.8122	28524	-0.027807219960387902	28524	0
28526	-257.8122	28526	-0.023172683300323252	28526	0
28528	-257.8122	28528	-0.019310569416936044	28528	0
28530	-257.8123	28530	-0.024425474512021532	28530	0
28532	-257.8124	28532	-0.028687895429329723	28532	0
28534	-257.8124	28534	-0.023906579524441435	28534	0
28536	-257.8125	28536	-0.028255482934942691	28536	0
28538	-257.8125	28538	-0.02354623577911891	28538	0
28540	-257.81260000000003	28540	-0.027955196485244208	28540	0
28542	-257.81260000000003	28542	-0.023295997071036842	28542	0
28544	-257.8127	28544	-0.027746664223772196	28544	0
28546	-257.8127	28546	-0.023122220186476829	28546	0
28548	-257.8127	28548	-0.019268516822064024	28548	0
28550	-257.81280000000004	28550	-0.024390430687698465	28550	0
28552	-257.81280000000004	28552	-0.020325358906415389	28552	0
28554	-257.8129	28554	-0.025271132419920985	28554	0
28556	-257.8129	28556	-0.021059277016600823	28556	0
28558	-257.813	28558	-0.025882730845075513	28558	0
28560	-257.8131	28560	-0.029902275706874711	28560	0
28562	-257.8131	28562	-0.024918563089062259	28562	0
28564	-257.8132	28564	-0.029098802572126711	28564	0
28566	-257.8132	28566	-0.024249002143438926	28566	0
28568	-257.8133	28568	-0.028540835122177553	28568	0
28570	-257.8133	28570	-0.023784029268481294	28570	0
28572	-257.8134	28572	-0.028153357721642572	28572	0
28574	-257.8134	28574	-0.023461131434702145	28574	0
28576	-257.8136	28576	-0.036217609529471728	28576	0
28578	-257.81350000000003	28578	-0.02184800794331828	28578	0
28580	-257.8136	28580	-0.026540006617340062	28580	0
28582	-257.8137	28582	-0.030450005512358214	28582	0
28584	-257.8137	28584	-0.025375004593631845	28584	0
28586	-257.8138	28586	-0.029479170497338315	28586	0
28588	-257.8139	28588	-0.032899308745690095	28588	0
28590	-257.8139	28590	-0.027416090621408415	28590	0
28592	-257.8139	28592	-0.022846742184507014	28592	0
28594	-257.8139	28594	-0.019038951820422513	28594	0
28596	-257.814	28596	-0.024199126519663876	28596	0
28598	-257.8141	28598	-0.028499272097628058	28598	0
28600	-257.8141	28600	-0.02374939341469005	28600	0
28602	-257.8141	28602	-0.019791161178908376	28602	0
28604	-257.8142	28604	-0.024825967651735427	28604	0
28606	-257.8143	28606	-0.029021639707687685	28606	0
28608	-257.8143	28608	-0.024184699756406403	28608	0
28610	-257.81440000000003	28610	-0.028487249799650449	28610	0
28612	-257.81440000000003	28612	-0.023739374833042042	28612	0
28614	-257.8145	28614	-0.028116145692109865	28614	0
28616	-257.8145	28616	-0.023430121410091556	28616	0
28618	-257.8146	28618	-0.027858434506317791	28618	0
28620	-257.8146	28620	-0.02321536208859816	28620	0
28622	-257.8147	28622	-0.027679468409810247	28622	0
28624	-257.8147	28624	-0.023066223674841874	28624	0
28626	-257.8148	28626	-0.027555186393609724	28626	0
28628	-257.8148	28628	-0.022962655328008105	28628	0
28630	-257.8149	28630	-0.027468879442651868	28630	0
28632	-257.8149	28632	-0.022890732868876558	28632	0
28634	-257.815	28634	-0.027408944055305293	28634	0
28636	-257.815	28636	-0.022840786712754413	28636	0
28638	-257.81510000000003	28638	-0.027367322263273791	28638	0
28640	-257.8152	28640	-0.031139435217302988	28640	0
28642	-257.8152	28642	-0.025949529347752492	28642	0
28644	-257.81530000000004	28644	-0.029957941125772193	28644	0
28646	-257.8154	28646	-0.033298284269384991	28646	0
28648	-257.8155	28648	-0.036081903555728989	28648	0
28650	-257.8155	28650	-0.030068252963107493	28650	0
28652	-257.8155	28652	-0.025056877469256247	28652	0
28654	-257.8156	28654	-0.029214064560358653	28654	0
28656	-257.8156	28656	-0.024345053800298878	28656	0
28658	-257.8158	28658	-0.036954211500802345	28658	0
28660	-257.8157	28660	-0.022461842914690174	28660	0
28662	-257.8158	28662	-0.027051535764886926	28662	0
28664	-257.8159	28664	-0.0308762798019806	28664	0
28666	-257.81600000000003	28666	-0.034063566504295616	28666	0
28668	-257.81600000000003	28668	-0.028386305420246349	28668	0
28670	-257.8161	28670	-0.031988587848113453	28670	0
28672	-257.8161	28672	-0.026657156540094547	28672	0
28674	-257.81620000000004	28674	-0.030547630452723906	28674	0
28676	-257.81620000000004	28676	-0.025456358710603255	28676	0
28678	-257.81620000000004	28678	-0.021213632258836046	28678	0
28680	-257.8163	28680	-0.026011360213604867	28680	0
28682	-257.8164	28682	-0.030009466842578884	28682	0
28684	-257.8164	28684	-0.025007889035482404	28684	0
28686	-257.8165	28686	-0.029173240865547116	28686	0
28688	-257.8166	28688	-0.032644367385864091	28688	0
28690	-257.8165	28690	-0.018870306156978583	28690	0
28692	-257.8167	28692	-0.032391921798035433	28692	0
28694	-257.8167	28694	-0.026993268165029529	28694	0
28696	-257.8167	28696	-0.022494390137524609	28696	0
28698	-257.8168	28698	-0.027078658445845335	28698	0
28700	-257.81690000000003	28700	-0.030898882040849562	28700	0
28702	-257.81690000000003	28702	-0.025749068367374638	28702	0
28704	-257.81690000000003	28704	-0.021457556972812198	28704	0
28706	-257.817	28706	-0.026214630808584993	28706	0
28708	-257.81710000000004	28708	-0.030178859009799275	28708	0
28710	-257.81710000000004	28710	-0.025149049174832731	28710	0
28712	-257.8172	28712	-0.02929087431026877	28712	0
28714	-257.8172	28714	-0.024409061925223977	28714	0
28716	-257.8173	28716	-0.028674218268928141	28716	0
28718	-257.8174	28718	-0.0322285152267519	28718	0
28720	-257.8174	28720	-0.026857096022293251	28720	0
28722	-257.8175	28722	-0.030714246683152539	28722	0
28724	-257.8176	28724	-0.033928538905272226	28724	0
28726	-257.8176	28726	-0.028273782421060191	28726	0
28728	-257.8176	28728	-0.023561485350883492	28728	0
28730	-257.8177	28730	-0.027967904456977739	28730	0
28732	-257.8177	28732	-0.023306587047481449	28732	0
28734	-257.8177	28734	-0.01942215587290121	28734	0
28736	-257.81780000000003	28736	-0.024518463230062786	28736	0
28738	-257.8179	28738	-0.028765386022960485	28738	0
28740	-257.818	28740	-0.032304488350375235	28740	0
28742	-257.818	28742	-0.026920406958646032	28742	0
28744	-257.8181	28744	-0.030767005801516804	28744	0
28746	-257.8181	28746	-0.025639171501264005	28746	0
28748	-257.8181	28748	-0.02136597625105334	28748	0
28750	-257.8182	28750	-0.026138313540452613	28750	0
28752	-257.8182	28752	-0.021781927950377179	28752	0
28754	-257.8183	28754	-0.026484939961292767	28754	0
28756	-257.8183	28756	-0.022070783301077306	28756	0
28758	-257.8184	28758	-0.026725652748805916	28758	0
28760	-257.8184	28760	-0.022271377290671596	28760	0
28762	-257.81850000000003	28762	-0.02689281441153811	28762	0
28764	-257.81850000000003	28764	-0.02241067867628176	28764	0
28766	-257.8186	28766	-0.027008898894809629	28766	0
28768	-257.8186	28768	-0.022507415745674691	28768	0
28770	-257.81870000000004	28770	-0.02708951312404069	28770	0
28772	-257.8188	28772	-0.030907927601275403	28772	0
28774	-257.8189	28774	-0.034089939665637663	28774	0
28776	-257.8189	28776	-0.028408283054698055	28776	0
28778	-257.8189	28778	-0.023673569212248381	28778	0
28780	-257.8191	28780	-0.036394641010760259	28780	0
28782	-257.8191	28782	-0.030328867508966885	28782	0
28784	-257.8191	28784	-0.025274056257472404	28784	0
28786	-257.8192	28786	-0.029395046883872115	28786	0
28788	-257.8192	28788	-0.024495872403226763	28788	0
28790	-257.8193	28790	-0.028746560333930464	28790	0
28792	-257.81940000000003	28792	-0.0322888002809205	28792	0
28794	-257.81940000000003	28794	-0.026907333567433751	28794	0
28796	-257.8195	28796	-0.030756111304102954	28796	0
28798	-257.81960000000004	28798	-0.033963426089397578	28798	0
28800	-257.81960000000004	28800	-0.028302855074497982	28800	0
28802	-257.8197	28802	-0.031919045893323145	28802	0
28804	-257.8198	28804	-0.034932538242344116	28804	0
28806	-257.8199	28806	-0.037443781871265208	28806	0
28808	-257.8198	28808	-0.022869818223409229	28808	0
28810	-257.8199	28810	-0.027391515188819472	28810	0
28812	-257.82	28812	-0.031159595988591055	28812	0
28814	-257.82	28814	-0.025966329990492545	28814	0
28816	-257.8201	28816	-0.029971941661388904	28816	0
28818	-257.8201	28818	-0.024976618051157421	28818	0
28820	-257.8202	28820	-0.029147181707206014	28820	0
28822	-257.82030000000003	28822	-0.032622651425316791	28822	0
28824	-257.82030000000003	28824	-0.027185542854430662	28824	0
28826	-257.8204	28826	-0.030987952376600379	28826	0
28828	-257.82050000000004	28828	-0.034156626983145429	28828	0
28830	-257.8206	28830	-0.036797189150529354	28830	0
28832	-257.8206	28832	-0.030664324292107796	28832	0
28834	-257.8206	28834	-0.025553603576756498	28834	0
28836	-257.8207	28836	-0.029628002978538577	28836	0
28838	-257.8208	28838	-0.033023335818093927	28838	0
28840	-257.8208	28840	-0.027519446515078275	28840	0
28842	-257.8208	28842	-0.022932872095898563	28842	0
28844	-257.8209	28844	-0.027444060077823632	28844	0
28846	-257.8209	28846	-0.022870050064853029	28846	0
28848	-257.821	28848	-0.02739170839002264	28848	0
28850	-257.8211	28850	-0.031159756989593695	28850	0
28852	-257.8211	28852	-0.025966464157994747	28852	0
28854	-257.82120000000003	28854	-0.029972053467640737	28854	0
28856	-257.82120000000003	28856	-0.024976711223033948	28856	0
28858	-257.8213	28858	-0.029147259350436452	28858	0
28860	-257.8213	28860	-0.024289382792030377	28860	0
28862	-257.82140000000004	28862	-0.028574485662670429	28862	0
28864	-257.8215	28864	-0.032145404716800191	28864	0
28866	-257.8215	28866	-0.02678783726400016	28866	0
28868	-257.8216	28868	-0.03065653105124163	28868	0
28870	-257.8216	28870	-0.025547109209368025	28870	0
28872	-257.8217	28872	-0.029622591010451803	28872	0
28874	-257.8218	28874	-0.033018825839951332	28874	0
28876	-257.8218	28876	-0.027515688199959445	28876	0
28878	-257.8218	28878	-0.022929740166632871	28878	0
28880	-257.8219	28880	-0.027441450141505841	28880	0
28882	-257.8219	28882	-0.022867875117921536	28882	0
28884	-257.8219	28884	-0.019056562598267948	28884	0
28886	-257.82210000000003	28886	-0.0325471354991099	28886	0
28888	-257.82210000000003	28888	-0.027122612915924917	28888	0
28890	-257.8222	28890	-0.030935510761178925	28890	0
28892	-257.8223	28892	-0.034112925632223928	28892	0
28894	-257.8223	28894	-0.028427438026853276	28894	0
28896	-257.8224	28896	-0.032022865025022842	28896	0
28898	-257.8224	28898	-0.026685720854185704	28898	0
28900	-257.8225	28900	-0.030571434043062916	28900	0
28902	-257.8225	28902	-0.025476195035885763	28902	0
28904	-257.8226	28904	-0.029563495865883249	28904	0
28906	-257.8227	28906	-0.0329695798861442	28906	0
28908	-257.82280000000003	28908	-0.035807983241098615	28908	0
28910	-257.82280000000003	28910	-0.029839986034248846	28910	0
28912	-257.82280000000003	28912	-0.024866655028540706	28912	0
28914	-257.8229	28914	-0.029055545855025417	28914	0
28916	-257.8229	28916	-0.024212954879187849	28916	0
28918	-257.82300000000004	28918	-0.028510795735301658	28918	0
28920	-257.82300000000004	28920	-0.023758996446084715	28920	0
28922	-257.8231	28922	-0.028132497036312092	28922	0
28924	-257.8231	28924	-0.023443747530260076	28924	0
28926	-257.8232	28926	-0.027869789606458226	28926	0
28928	-257.8232	28928	-0.023224824672048523	28928	0
28930	-257.8233	28930	-0.027687353896018882	28930	0
28932	-257.8233	28932	-0.023072794913349071	28932	0
28934	-257.8234	28934	-0.027560662425699056	28934	0
28936	-257.8234	28936	-0.022967218688082547	28936	0
28938	-257.8235	28938	-0.027472682242713903	28938	0
28940	-257.8235	28940	-0.022893901868928253	28940	0
28942	-257.8235	28942	-0.019078251557440213	28942	0
28944	-257.82370000000003	28944	-0.032565209631753453	28944	0
28946	-257.82370000000003	28946	-0.027137674693127879	28946	0
28948	-257.82370000000003	28948	-0.0226147289109399	28948	0
28950	-257.8238	28950	-0.027178940757024747	28950	0
28952	-257.82390000000004	28952	-0.030982450633499067	28952	0
28954	-257.82390000000004	28954	-0.025818708861249224	28954	0
28956	-257.824	28956	-0.02984892404894918	28956	0
28958	-257.824	28958	-0.024874103374124316	28958	0
28960	-257.8241	28960	-0.029061752809678425	28960	0
28962	-257.8242	28962	-0.032551460677377138	28962	0
28964	-257.8242	28964	-0.027126217231147616	28964	0
28966	-257.8243	28966	-0.030938514357197841	28966	0
28968	-257.8244	28968	-0.034115428633643315	28968	0
28970	-257.8244	28970	-0.028429523861369429	28970	0
28972	-257.8244	28972	-0.023691269884474526	28972	0
28974	-257.8245	28974	-0.028076058234970266	28974	0
28976	-257.82460000000003	28976	-0.031730048531787	28976	0
28978	-257.8247	28978	-0.034775040441064	28978	0
28980	-257.8247	28980	-0.028979200367553332	28980	0
28982	-257.8247	28982	-0.024149333639627776	28982	0
28984	-257.82480000000004	28984	-0.028457778035668263	28984	0
28986	-257.82480000000004	28986	-0.023714815029723554	28986	0
28988	-257.8249	28988	-0.028095679189344455	28988	0
28990	-257.8249	28990	-0.02341306599112038	28990	0
28992	-257.8249	28992	-0.019510888325933652	28992	0
28994	-257.825	28994	-0.024592406936186206	28994	0
28996	-257.8251	28996	-0.028827005782800286	28996	0
28998	-257.8251	28998	-0.024022504819000239	28998	0
29000	-257.8251	29000	-0.020018754015833532	29000	0
29002	-257.8252	29002	-0.025015628344436106	29002	0
29004	-257.8253	29004	-0.0291796902896752	29004	0
29006	-257.8254	29006	-0.032649741905970829	29006	0
29008	-257.8254	29008	-0.027208118254975693	29008	0
29010	-257.8254	29010	-0.022673431879146413	29010	0
29012	-257.82550000000003	29012	-0.027227859901933792	29012	0
29014	-257.8256	29014	-0.031023216582852987	29014	0
29016	-257.8256	29016	-0.025852680485710825	29016	0
29018	-257.8256	29018	-0.021543900404759023	29018	0
29020	-257.8257	29020	-0.02628658366854068	29020	0
29022	-257.8258	29022	-0.030238819726429014	29022	0
29024	-257.8258	29024	-0.025199016438690845	29024	0
29026	-257.8259	29026	-0.0293325136968172	29026	0
29028	-257.8259	29028	-0.024443761414014335	29028	0
29030	-257.826	29030	-0.028703134514323728	29030	0
29032	-257.826	29032	-0.02391927876193644	29032	0
29034	-257.8261	29034	-0.028266065632855195	29034	0
29036	-257.82620000000003	29036	-0.031888388030024445	29036	0
29038	-257.82620000000003	29038	-0.026573656691687039	29038	0
29040	-257.82620000000003	29040	-0.0221447139097392	29040	0
29042	-257.82620000000003	29042	-0.018453928258116002	29042	0
29044	-257.8263	29044	-0.0237116068796715	29044	0
29046	-257.82640000000004	29046	-0.028093005735704696	29046	0
29048	-257.82640000000004	29048	-0.023410838113087248	29048	0
29050	-257.8265	29050	-0.027842365092147534	29050	0
29052	-257.8265	29052	-0.023201970910122945	29052	0
29054	-257.8266	29054	-0.027668309089677282	29054	0
29056	-257.8267	29056	-0.031390257577376179	29056	0
29058	-257.8267	29058	-0.026158547981146817	29058	0
29060	-257.8267	29060	-0.021798789984289014	29060	0
29062	-257.8268	29062	-0.02649899165148234	29062	0
29064	-257.8269	29064	-0.0304158263788804	29064	0
29066	-257.8269	29066	-0.025346521982400335	29066	0
29068	-257.8269	29068	-0.021122101652000281	29068	0
29070	-257.827	29070	-0.025935084707908396	29070	0
29072	-257.82710000000003	29072	-0.029945903925902108	29072	0
29074	-257.82710000000003	29074	-0.024954919938251757	29074	0
29076	-257.82710000000003	29076	-0.020795766615209797	29076	0
29078	-257.8272	29078	-0.025663138843916324	29078	0
29080	-257.82730000000004	29080	-0.029719282372575387	29080	0
29082	-257.82730000000004	29082	-0.024766068643812825	29082	0
29084	-257.8274	29084	-0.028971723867752184	29084	0
29086	-257.8274	29086	-0.024143103223126822	29086	0
29088	-257.8275	29088	-0.028452586017180512	29088	0
29090	-257.8275	29090	-0.023710488347650428	29090	0
29092	-257.8276	29092	-0.028092073625687136	29092	0
29094	-257.8276	29094	-0.023410061354739282	29094	0
29096	-257.8277	29096	-0.027841717793524231	29096	0
29098	-257.8277	29098	-0.023201431494603526	29098	0
29100	-257.8277	29100	-0.019334526245502939	29100	0
29102	-257.8278	29102	-0.024445438540564232	29102	0
29104	-257.8279	29104	-0.028704532115045023	29104	0
29106	-257.8279	29106	-0.023920443429204186	29106	0
29108	-257.82800000000003	29108	-0.0282670361936486	29108	0
29110	-257.82800000000003	29110	-0.023555863494707167	29110	0
29112	-257.82800000000003	29112	-0.019629886245589308	29112	0
29114	-257.8281	29114	-0.024691571869232584	29114	0
29116	-257.8281	29116	-0.020576309891027156	29116	0
29118	-257.82820000000004	29118	-0.025480258245167746	29118	0
29120	-257.82820000000004	29120	-0.021233548537639788	29120	0
29122	-257.8283	29122	-0.026027957112607986	29122	0
29124	-257.8283	29124	-0.021689964260506657	29124	0
29126	-257.8284	29126	-0.026408303548330375	29126	0
29128	-257.8284	29128	-0.022006919623608647	29128	0
29130	-257.8285	29130	-0.026672433022318989	29130	0
29132	-257.8285	29132	-0.02222702751859916	29132	0
29134	-257.8285	29134	-0.018522522932165969	29134	0
29136	-257.8286	29136	-0.02376876910804647	29136	0
29138	-257.8286	29138	-0.019807307590038726	29138	0
29140	-257.8287	29140	-0.024839422994344051	29140	0
29142	-257.8287	29142	-0.020699519161953377	29142	0
29144	-257.8287	29144	-0.017249599301627814	29144	0
29146	-257.8288	29146	-0.022707999415931338	29146	0
29148	-257.8288	29148	-0.01892333284660945	29148	0
29150	-257.82890000000003	29150	-0.024102777374819653	29150	0
29152	-257.82890000000003	29152	-0.020085647812349713	29152	0
29154	-257.829	29154	-0.025071373174866258	29154	0
29156	-257.829	29156	-0.020892810979055217	29156	0
29158	-257.82910000000004	29158	-0.025744009151857795	29158	0
29160	-257.82910000000004	29160	-0.0214533409598815	29160	0
29162	-257.82910000000004	29162	-0.017877784133234584	29162	0
29164	-257.8293	29164	-0.031564820106845144	29164	0
29166	-257.8292	29166	-0.017970683424462792	29166	0
29168	-257.8293	29168	-0.023308902851627157	29168	0
29170	-257.8293	29170	-0.019424085709689298	29170	0
29172	-257.8294	29172	-0.024520071427386193	29172	0
29174	-257.8294	29174	-0.020433392856155162	29174	0
29176	-257.8295	29176	-0.025361160711370796	29176	0
29178	-257.8296	29178	-0.029467633928787443	29178	0
29180	-257.8296	29180	-0.024556361607322871	29180	0
29182	-257.8297	29182	-0.028796968004010555	29182	0
29184	-257.8297	29184	-0.023997473336675464	29184	0
29186	-257.8297	29186	-0.019997894447229554	29186	0
29188	-257.82980000000003	29188	-0.02499824537533641	29188	0
29190	-257.82980000000003	29190	-0.020831871146113675	29190	0
29192	-257.82980000000003	29192	-0.017359892621761398	29192	0
29194	-257.8299	29194	-0.02279991051604266	29194	0
29196	-257.8299	29196	-0.01899992543003555	29196	0
29198	-257.8299	29198	-0.015833271191696294	29198	0
29200	-257.83	29200	-0.021527725990988407	29200	0
29202	-257.8301	29202	-0.026273104995135452	29202	0
29204	-257.8301	29204	-0.021894254162612876	29204	0
29206	-257.8302	29206	-0.026578545133418893	29206	0
29208	-257.8302	29208	-0.02214878761118241	29208	0
29210	-257.8302	29210	-0.018457323009318675	29210	0
29212	-257.8303	29212	-0.023714435843744011	29212	0
29214	-257.8303	29214	-0.019762029869786677	29214	0
29216	-257.8304	29216	-0.024801691556063727	29216	0
29218	-257.8304	29218	-0.020668076296719774	29218	0
29220	-257.8304	29220	-0.017223396913933146	29220	0
29222	-257.83050000000003	29222	-0.022686164097589404	29222	0
29224	-257.83050000000003	29224	-0.018905136747991172	29224	0
29226	-257.8306	29226	-0.024087613954567471	29226	0
29228	-257.8306	29228	-0.020073011628806228	29228	0
29230	-257.83070000000004	29230	-0.025060843026650306	29230	0
29232	-257.83070000000004	29232	-0.020884035855541924	29232	0
29234	-257.8308	29234	-0.0257366965441931	29234	0
29236	-257.8308	29236	-0.021447247120160919	29236	0
29238	-257.8309	29238	-0.026206039264708929	29238	0
29240	-257.8309	29240	-0.02183836605392411	29240	0
29242	-257.831	29242	-0.026531971714248537	29242	0
29244	-257.831	29244	-0.02210997642854045	29244	0
29246	-257.8311	29246	-0.026758313688358536	29246	0
29248	-257.8311	29248	-0.022298594740298782	29248	0
29250	-257.8311	29250	-0.01858216228358232	29250	0
29252	-257.8312	29252	-0.023818468572297045	29252	0
29254	-257.8313	29254	-0.028182057141489032	29254	0
29256	-257.8313	29256	-0.023485047617907529	29256	0
29258	-257.8313	29258	-0.01957087301492294	29258	0
29260	-257.83140000000003	29260	-0.024642394181747566	29260	0
29262	-257.83140000000003	29262	-0.020535328484789641	29262	0
29264	-257.8315	29264	-0.025446107068566197	29264	0
29266	-257.8315	29266	-0.021205089223805165	29266	0
29268	-257.8315	29268	-0.017670907686504304	29268	0
29270	-257.83160000000004	29270	-0.0230590897413987	29270	0
29272	-257.83160000000004	29272	-0.019215908117832251	29272	0
29274	-257.83160000000004	29274	-0.01601325676486021	29274	0
29276	-257.8317	29276	-0.021677713968625	29276	0
29278	-257.8317	29278	-0.018064761640520836	29278	0
29280	-257.8318	29280	-0.023387301365008859	29280	0
29282	-257.8318	29282	-0.019489417804174049	29282	0
29284	-257.8318	29284	-0.016241181503478374	29284	0
29286	-257.8319	29286	-0.021867651255543758	29286	0
29288	-257.832	29288	-0.026556376044194627	29288	0
29290	-257.832	29290	-0.022130313370162191	29290	0
29292	-257.832	29292	-0.018441927808468494	29292	0
29294	-257.8321	29294	-0.02370160650970219	29294	0
29296	-257.8321	29296	-0.019751338758085161	29296	0
29298	-257.8321	29298	-0.016459448965070969	29298	0
29300	-257.8322	29300	-0.02204954080213397	29300	0
29302	-257.8322	29302	-0.018374617335111643	29302	0
29304	-257.83230000000003	29304	-0.023645514448571485	29304	0
29306	-257.83230000000003	29306	-0.019704595373809572	29306	0
29308	-257.8324	29308	-0.024753829476082807	29308	0
29310	-257.8324	29310	-0.020628191230069006	29310	0
29312	-257.8324	29312	-0.017190159358390838	29312	0
29314	-257.83250000000004	29314	-0.022658466134637477	29314	0
29316	-257.83250000000004	29316	-0.0188820551121979	29316	0
29318	-257.8326	29318	-0.024068379258073078	29318	0
29320	-257.8326	29320	-0.0200569827150609	29320	0
29322	-257.8326	29322	-0.016714152262550751	29322	0
29324	-257.8327	29324	-0.022261793550033788	29324	0
29326	-257.8327	29326	-0.018551494625028156	29326	0
29328	-257.8328	29328	-0.023792912190168575	29328	0
29330	-257.8328	29330	-0.019827426825140479	29330	0
29332	-257.8329	29332	-0.024856189018858561	29332	0
29334	-257.8329	29334	-0.0207134908490488	29334	0
29336	-257.8329	29336	-0.017261242374207335	29336	0
29338	-257.833	29338	-0.022717701981151226	29338	0
29340	-257.833	29340	-0.018931418317626021	29340	0
29342	-257.8331	29342	-0.024109515262596512	29342	0
29344	-257.8331	29344	-0.020091262718830428	29344	0
29346	-257.8331	29346	-0.01674271893235869	29346	0
29348	-257.83320000000003	29348	-0.022285599112944022	29348	0
29350	-257.83320000000003	29350	-0.01857133259412002	29350	0
29352	-257.8333	29352	-0.023809443826341512	29352	0
29354	-257.8333	29354	-0.019841203188617929	29354	0
29356	-257.8333	29356	-0.016534335990514942	29356	0
29358	-257.8333	29358	-0.013778613325429118	29358	0
29360	-257.8334	29360	-0.019815511102432425	29360	0
29362	-257.8334	29362	-0.016512925918693688	29362	0
29364	-257.8334	29364	-0.013760771598911408	29364	0
29366	-257.8335	29366	-0.019800643001737953	29366	0
29368	-257.8335	29368	-0.016500535834781629	29368	0
29370	-257.8335	29370	-0.013750446528984692	29370	0
29372	-257.8336	29372	-0.019792038772062072	29372	0
29374	-257.8336	29374	-0.01649336564338506	29374	0
29376	-257.8337	29376	-0.022077804705465998	29376	0
29378	-257.8337	29378	-0.018398170587888334	29378	0
29380	-257.8337	29380	-0.015331808823240279	29380	0
29382	-257.8338	29382	-0.021109840683941727	29382	0
29384	-257.8338	29384	-0.017591533903284773	29384	0
29386	-257.8338	29386	-0.014659611586070645	29386	0
29388	-257.8339	29388	-0.020549676324370651	29388	0
29390	-257.8339	29390	-0.017124730270308877	29390	0
29392	-257.834	29392	-0.022603941889832224	29392	0
29394	-257.834	29394	-0.018836618241526853	29394	0
29396	-257.834	29396	-0.015697181867939045	29396	0
29398	-257.83410000000003	29398	-0.021414318225927653	29398	0
29400	-257.83410000000003	29400	-0.017845265188273046	29400	0
29402	-257.8342	29402	-0.023204387654802365	29402	0
29404	-257.8342	29404	-0.019336989712335304	29404	0
29406	-257.8342	29406	-0.016114158093612753	29406	0
29408	-257.8342	29408	-0.013428465078010628	29408	0
29410	-257.8343	29410	-0.019523720896250353	29410	0
29412	-257.8343	29412	-0.016269767413541962	29412	0
29414	-257.8343	29414	-0.01355813951128497	29414	0
29416	-257.8344	29416	-0.019631782928715924	29416	0
29418	-257.8345	29418	-0.024693152438504767	29418	0
29420	-257.8344	29420	-0.012244293700845812	29420	0
29422	-257.8345	29422	-0.018536911415279671	29422	0
29424	-257.8345	29424	-0.015447426179399726	29424	0
29426	-257.8345	29426	-0.012872855149499773	29426	0
29428	-257.8345	29428	-0.010727379291249811	29428	0
29430	-257.8346	29430	-0.017272816078686623	29430	0
29432	-257.8346	29432	-0.01439401339890552	29432	0
29434	-257.8346	29434	-0.011995011165754601	29434	0
29436	-257.8346	29436	-0.0099958426381288341	29436	0
29438	-257.8347	29438	-0.016663202196348856	29438	0
29440	-257.83480000000003	29440	-0.022219335166269158	29440	0
29442	-257.8347	29442	-0.010182779302579185	29442	0
29444	-257.83480000000003	29444	-0.016818982754794435	29444	0
29446	-257.83480000000003	29446	-0.014015818962328697	29446	0
29448	-257.8349	29448	-0.020013182466515407	29448	0
29450	-257.8349	29450	-0.016677652055429506	29450	0
29452	-257.8349	29452	-0.013898043379524589	29452	0
29454	-257.83500000000004	29454	-0.01991503615224894	29454	0
29456	-257.83500000000004	29456	-0.016595863460207451	29456	0
29458	-257.83500000000004	29458	-0.013829886216839542	29458	0
29460	-257.8351	29460	-0.019858238511941115	29460	0
29462	-257.8351	29462	-0.016548532093284263	29462	0
29464	-257.8352	29464	-0.022123776742311717	29464	0
29466	-257.8352	29466	-0.0184364806185931	29466	0
29468	-257.8352	29468	-0.015363733848827582	29468	0
29470	-257.8352	29470	-0.012803111540689652	29470	0
29472	-257.8352	29472	-0.010669259617241376	29472	0
29474	-257.8353	29474	-0.017224383017012929	29474	0
29476	-257.8353	29476	-0.014353652514177442	29476	0
29478	-257.8354	29478	-0.020294710426389362	29478	0
29480	-257.8354	29480	-0.016912258688657804	29480	0
29482	-257.8354	29482	-0.014093548907214837	29482	0
29484	-257.8354	29484	-0.011744624089345698	29484	0
29486	-257.8355	29486	-0.018120520077099862	29486	0
29488	-257.8355	29488	-0.01510043339758322	29488	0
29490	-257.8355	29490	-0.012583694497986016	29490	0
29492	-257.8355	29492	-0.010486412081655015	29492	0
29494	-257.8356	29494	-0.017072010065954005	29494	0
29496	-257.83570000000003	29496	-0.02256000839094012	29496	0
29498	-257.83570000000003	29498	-0.018800006992450102	29498	0
29500	-257.83570000000003	29500	-0.015666672493708421	29500	0
29502	-257.83570000000003	29502	-0.013055560411423684	29502	0
29504	-257.83570000000003	29504	-0.010879633676186403	29504	0
29506	-257.8358	29506	-0.0173996947280635	29506	0
29508	-257.8358	29508	-0.014499745606719582	29508	0
29510	-257.8358	29510	-0.012083121338932986	29510	0
29512	-257.8358	29512	-0.010069267782444156	29512	0
29514	-257.8358	29514	-0.00839105648537013	29514	0
29516	-257.83590000000004	29516	-0.015325880407120223	29516	0
29518	-257.83590000000004	29518	-0.01277156700593352	29518	0
29520	-257.83590000000004	29520	-0.0106429725049446	29520	0
29522	-257.836	29522	-0.017202477085361996	29522	0
29524	-257.836	29524	-0.014335397571134997	29524	0
29526	-257.836	29526	-0.011946164642612498	29526	0
29528	-257.836	29528	-0.0099551372021770817	29528	0
29530	-257.8361	29530	-0.0166292809997224	29530	0
29532	-257.8362	29532	-0.022191067502413779	29532	0
29534	-257.8361	29534	-0.010159222916033038	29534	0
29536	-257.8361	29536	-0.0084660190966942	29536	0
29538	-257.8361	29538	-0.0070550159139118329	29538	0
29540	-257.8362	29540	-0.014212513264238308	29540	0
29542	-257.8362	29542	-0.011843761053531923	29542	0
29544	-257.8362	29544	-0.00986980087794327	29544	0
29546	-257.8363	29546	-0.016558167396194222	29546	0
29548	-257.8363	29548	-0.013798472830161852	29548	0
29550	-257.8364	29550	-0.019832060694446658	29550	0
29552	-257.8364	29552	-0.016526717245372215	29552	0
29554	-257.8364	29554	-0.013772264371143513	29554	0
29556	-257.8364	29556	-0.011476886975952928	29556	0
29558	-257.8365	29558	-0.01789740581120227	29558	0
29560	-257.8365	29560	-0.014914504842668558	29560	0
29562	-257.8365	29562	-0.012428754035557132	29562	0
29564	-257.8365	29564	-0.010357295029630944	29564	0
29566	-257.83660000000003	29566	-0.016964412527337568	29566	0
29568	-257.83660000000003	29568	-0.014137010439447973	29568	0
29570	-257.83660000000003	29570	-0.011780842032873311	29570	0
29572	-257.83660000000003	29572	-0.00981736836072776	29572	0
29574	-257.8367	29574	-0.016514473631847961	29574	0
29576	-257.83660000000003	29576	-0.0054287280286318077	29576	0
29578	-257.8367	29578	-0.012857273355101334	29578	0
29580	-257.8367	29580	-0.010714394462584445	29580	0
29582	-257.8367	29582	-0.0089286620521537054	29582	0
29584	-257.83680000000004	29584	-0.015773885046106537	29584	0
29586	-257.83680000000004	29586	-0.013144904205088782	29586	0
29588	-257.8369	29588	-0.019287420168815482	29588	0
29590	-257.8369	29590	-0.016072850140679568	29590	0
29592	-257.8369	29592	-0.01339404178389964	29592	0
29594	-257.8369	29594	-0.011161701486583034	29594	0
29596	-257.8369	29596	-0.0093014179054858627	29596	0
29598	-257.837	29598	-0.016084514919146378	29598	0
29600	-257.837	29600	-0.013403762432621983	29600	0
29602	-257.837	29602	-0.011169802027184986	29602	0
29604	-257.837	29604	-0.00930816835598749	29604	0
29606	-257.8372	29606	-0.024423473630542852	29606	0
29608	-257.8371	29608	-0.012019561360877548	29608	0
29610	-257.8371	29610	-0.010016301134064624	29610	0
29612	-257.8372	29612	-0.016680250942962015	29612	0
29614	-257.8372	29614	-0.013900209119135013	29614	0
29616	-257.8372	29616	-0.011583507599279178	29616	0
29618	-257.8372	29618	-0.0096529229993993163	29618	0
29620	-257.8372	29620	-0.00804410249949943	29620	0
29622	-257.8372	29622	-0.0067034187495828594	29622	0
29624	-257.8373	29624	-0.013919515627297496	29624	0
29626	-257.8373	29626	-0.011599596356081246	29626	0
29628	-257.8373	29628	-0.0096663302967343722	29628	0
29630	-257.8374	29630	-0.01638860857852014	29630	0
29632	-257.8374	29632	-0.013657173815433452	29632	0
29634	-257.8374	29634	-0.011380978179527877	29634	0
29636	-257.8374	29636	-0.0094841484829398977	29636	0
29638	-257.83750000000003	29638	-0.016236790405095028	29638	0
29640	-257.83750000000003	29640	-0.013530658670912524	29640	0
29642	-257.8376	29642	-0.0196088822236686	29642	0
29644	-257.8376	29644	-0.0163407351863905	29644	0
29646	-257.8376	29646	-0.013617279321992084	29646	0
29648	-257.8376	29648	-0.011347732768326737	29648	0
29650	-257.8376	29650	-0.0094564439736056147	29650	0
29652	-257.8377	29652	-0.016213703309246173	29652	0
29654	-257.8377	29654	-0.013511419424371812	29654	0
29656	-257.8377	29656	-0.011259516186976511	29656	0
29658	-257.8378	29658	-0.017716263491792207	29658	0
29660	-257.8378	29660	-0.01476355290982684	29660	0
29662	-257.8378	29662	-0.012302960758189034	29662	0
29664	-257.8378	29664	-0.010252467298490862	29664	0
29666	-257.8378	29666	-0.0085437227487423859	29666	0
29668	-257.8378	29668	-0.0071197689572853216	29668	0
29670	-257.8379	29670	-0.014266474128979263	29670	0
29672	-257.8378	29672	-0.0035553951095745589	29672	0
29674	-257.8379	29674	-0.011296162589220293	29674	0
29676	-257.8379	29676	-0.0094134688243502438	29676	0
29678	-257.8379	29678	-0.007844557353625204	29678	0
29680	-257.8379	29680	-0.0065371311280210034	29680	0
29682	-257.8379	29682	-0.0054476092733508367	29682	0
29684	-257.8379	29684	-0.004539674394459031	29684	0
29686	-257.838	29686	-0.012116395331360972	29686	0
29688	-257.838	29688	-0.010096996109467477	29688	0
29690	-257.838	29690	-0.008414163424556231	29690	0
29692	-257.838	29692	-0.00701180285379686	29692	0
29694	-257.8381	29694	-0.014176502376072212	29694	0
29696	-257.8381	29696	-0.011813751980060178	29696	0
29698	-257.8381	29698	-0.0098447933167168152	29698	0
29700	-257.83820000000003	29700	-0.016537327766575793	29700	0
29702	-257.83820000000003	29702	-0.013781106472146495	29702	0
29704	-257.83820000000003	29704	-0.011484255393455413	29704	0
29706	-257.8383	29706	-0.017903546159121007	29706	0
29708	-257.8383	29708	-0.014919621799267507	29708	0
29710	-257.8383	29710	-0.012433018166056256	29710	0
29712	-257.8383	29712	-0.010360848471713547	29712	0
29714	-257.8383	29714	-0.0086340403930946236	29714	0
29716	-257.8383	29716	-0.0071950336609121869	29716	0
29718	-257.8383	29718	-0.0059958613840934896	29718	0
29720	-257.83840000000004	29720	-0.013329884489389689	29720	0
29722	-257.83840000000004	29722	-0.011108237074491408	29722	0
29724	-257.83840000000004	29724	-0.00925686422874284	29724	0
29726	-257.8385	29726	-0.016047386855193864	29726	0
29728	-257.83840000000004	29728	-0.0050394890480867267	29728	0
29730	-257.8385	29730	-0.012532907537980434	29730	0
29732	-257.8385	29732	-0.010444089614983696	29732	0
29734	-257.8385	29734	-0.008703408012486414	29734	0
29736	-257.8386	29736	-0.015586173341646839	29736	0
29738	-257.8385	29738	-0.0046551444534642054	29738	0
29740	-257.8386	29740	-0.012212620375795	29740	0
29742	-257.8386	29742	-0.010177183646495834	29742	0
29744	-257.8386	29744	-0.0084809863720798611	29744	0
29746	-257.8386	29746	-0.0070674886433998848	29746	0
29748	-257.8386	29748	-0.0058895738694999039	29748	0
29750	-257.8386	29750	-0.0049079782245832534	29750	0
29752	-257.8386	29752	-0.0040899818538193784	29752	0
29754	-257.8387	29754	-0.011741651547494595	29754	0
29756	-257.8387	29756	-0.0097847096229121636	29756	0
29758	-257.8387	29758	-0.0081539246857601361	29758	0
29760	-257.8387	29760	-0.006794937238133447	29760	0
29762	-257.8387	29762	-0.0056624476984445393	29762	0
29764	-257.8388	29764	-0.013052039746611944	29764	0
29766	-257.8388	29766	-0.010876699788843288	29766	0
29768	-257.8388	29768	-0.00906391649070274	29768	0
29770	-257.8388	29770	-0.0075532637422522841	29770	0
29772	-257.8388	29772	-0.0062943864518769039	29772	0
29774	-257.8388	29774	-0.0052453220432307534	29774	0
29776	-257.8389	29776	-0.01270443503867074	29776	0
29778	-257.8389	29778	-0.010587029198892284	29778	0
29780	-257.8389	29780	-0.0088225243324102365	29780	0
29782	-257.8389	29782	-0.0073521036103418643	29782	0
29784	-257.839	29784	-0.014460086339859714	29784	0
29786	-257.839	29786	-0.012050071949883095	29786	0
29788	-257.839	29788	-0.01004172662490258	29788	0
29790	-257.839	29790	-0.00836810552075215	29790	0
29792	-257.839	29792	-0.0069734212672934587	29792	0
29794	-257.839	29794	-0.0058111843894112156	29794	0
29796	-257.83910000000003	29796	-0.013175986993821127	29796	0
29798	-257.83910000000003	29798	-0.010979989161517606	29798	0
29800	-257.83910000000003	29800	-0.0091499909679313377	29800	0
29802	-257.8392	29802	-0.015958325804517608	29802	0
29804	-257.83910000000003	29804	-0.0049652715058565132	29804	0
29806	-257.8392	29806	-0.012471059586121921	29806	0
29808	-257.8392	29808	-0.010392549655101602	29808	0
29810	-257.8392	29810	-0.0086604580459180031	29810	0
29812	-257.8392	29812	-0.0072170483715983365	29812	0
29814	-257.8392	29814	-0.006014206976331947	29814	0
29816	-257.8392	29816	-0.00501183914694329	29816	0
29818	-257.83930000000004	29818	-0.012509865958431187	29818	0
29820	-257.83930000000004	29820	-0.010424888298692656	29820	0
29822	-257.83930000000004	29822	-0.008687406915577213	29822	0
29824	-257.83930000000004	29824	-0.0072395057629810111	29824	0
29826	-257.83930000000004	29826	-0.0060329214691508424	29826	0
29828	-257.83930000000004	29828	-0.0050274345576257025	29828	0
29830	-257.83930000000004	29830	-0.0041895287980214186	29830	0
29832	-257.83930000000004	29832	-0.0034912739983511821	29832	0
29834	-257.8394	29834	-0.011242728329867479	29834	0
29836	-257.8394	29836	-0.0093689402748895669	29836	0
29838	-257.8394	29838	-0.0078074502290746391	29838	0
29840	-257.8394	29840	-0.0065062085242288663	29840	0
29842	-257.8395	29842	-0.013755173768098882	29842	0
29844	-257.8395	29844	-0.01146264480674907	29844	0
29846	-257.8394	29846	-0.0012188706743827306	29846	0
29848	-257.8395	29848	-0.0093490588932271038	29848	0
29850	-257.8395	29850	-0.0077908824110225865	29850	0
29852	-257.8395	29852	-0.0064924020091854887	29852	0
29854	-257.8395	29854	-0.0054103350076545745	29854	0
29856	-257.8395	29856	-0.0045086125063788125	29856	0
29858	-257.8395	29858	-0.0037571770886490104	29858	0
29860	-257.8396	29860	-0.011464314243185956	29860	0
29862	-257.8395	29862	-0.0012202618666765173	29862	0
29864	-257.8396	29864	-0.009350218224875544	29864	0
29866	-257.8396	29866	-0.0077918485207296205	29866	0
29868	-257.8396	29868	-0.0064932071006080175	29868	0
29870	-257.8396	29870	-0.0054110059171733485	29870	0
29872	-257.8397	29872	-0.012842504928885952	29872	0
29874	-257.8397	29874	-0.010702087440738294	29874	0
29876	-257.8397	29876	-0.0089184062006152452	29876	0
29878	-257.8397	29878	-0.0074320051671793712	29878	0
29880	-257.8398	29880	-0.01452667097529459	29880	0
29882	-257.8398	29882	-0.012105559146078826	29882	0
29884	-257.8397	29884	-0.0017546326190872423	29884	0
29886	-257.8397	29886	-0.0014621938492393686	29886	0
29888	-257.8398	29888	-0.0095518282103445873	29888	0
29890	-257.8397	29890	0.00037347649402462262	29890	0
29892	-257.8398	29892	-0.0080221029242912613	29892	0
29894	-257.8398	29894	-0.006685085770242718	29894	0
29896	-257.8398	29896	-0.0055709048085355985	29896	0
29898	-257.8398	29898	-0.0046424206737796653	29898	0
29900	-257.8399	29900	-0.012202017226057883	29900	0
29902	-257.8399	29902	-0.01016834768838157	29902	0
29904	-257.8399	29904	-0.0084736230736513086	29904	0
29906	-257.8399	29906	-0.0070613525613760905	29906	0
29908	-257.8399	29908	-0.0058844604678134089	29908	0
29910	-257.8399	29910	-0.0049037170565111744	29910	0
29912	-257.8399	29912	-0.0040864308804259789	29912	0
29914	-257.8399	29914	-0.0034053590670216492	29914	0
29916	-257.8399	29916	-0.0028377992225180411	29916	0
29918	-257.8399	29918	-0.0023648326854317009	29918	0
29920	-257.84000000000003	29920	-0.010304027240504865	29920	0
29922	-257.8399	29922	-0.00025335603110894153	29922	0
29924	-257.84000000000003	29924	-0.0085444633619025639	29924	0
29926	-257.84000000000003	29926	-0.0071203861349188038	29926	0
29928	-257.84000000000003	29928	-0.0059336551124323364	29928	0
29930	-257.84000000000003	29930	-0.0049447125936936138	29930	0
29932	-257.84000000000003	29932	-0.0041205938280780121	29932	0
29934	-257.8401	29934	-0.011767161521306505	29934	0
29936	-257.8401	29936	-0.0098059679344220871	29936	0
29938	-257.8401	29938	-0.00817163994535174	29938	0
29940	-257.8401	29940	-0.0068096999544597827	29940	0
29942	-257.8401	29942	-0.0056747499620498189	29942	0
29944	-257.84020000000004	29944	-0.013062291637686629	29944	0
29946	-257.84020000000004	29946	-0.010885243031405525	29946	0
29948	-257.84020000000004	29948	-0.0090710358595046045	29948	0
29950	-257.84020000000004	29950	-0.0075591965495871707	29950	0
29952	-257.8401	29952	0.0020340028779891372	29952	0
29954	-257.84020000000004	29954	-0.0066383309376541657	29954	0
29956	-257.84020000000004	29956	-0.0055319424480451381	29956	0
29958	-257.8403	29958	-0.01294328537127911	29958	0
29960	-257.84020000000004	29960	-0.0024527378114910982	29960	0
29962	-257.84020000000004	29962	-0.002043948176242582	29962	0
29964	-257.84020000000004	29964	-0.0017032901468688184	29964	0
29966	-257.84020000000004	29966	-0.0014194084557240154	29966	0
29968	-257.8403	29968	-0.0095161737110115076	29968	0
29970	-257.8403	29970	-0.0079301447591762567	29970	0
29972	-257.8403	29972	-0.0066084539659802145	29972	0
29974	-257.8403	29974	-0.0055070449716501787	29974	0
29976	-257.8403	29976	-0.0045892041430418157	29976	0
29978	-257.8403	29978	-0.00382433678586818	29978	0
29980	-257.84020000000004	29980	0.0051463860096846777	29980	0
29982	-257.8403	29982	-0.00404467832317093	29982	0
29984	-257.8403	29984	-0.0033705652693091083	29984	0
29986	-257.8403	29986	-0.0028088043910909238	29986	0
29988	-257.8404	29988	-0.010674003657150597	29988	0
29990	-257.8404	29990	-0.0088950030476254976	29990	0
29992	-257.8404	29992	-0.0074125025396879147	29992	0
29994	-257.8404	29994	-0.006177085449739929	29994	0
29996	-257.8404	29996	-0.0051475712081166074	29996	0
29998	-257.8405	29998	-0.012622976009408954	29998	0
30000	-257.8405	30000	-0.010519146674507462	30000	0
30002	-257.8405	30002	-0.0087659555620895526	30002	0
30004	-257.8404	30004	0.001028370367570486	30004	0
30006	-257.8405	30006	-0.0074763580296697083	30006	0
30008	-257.8406	30008	-0.014563631689299585	30008	0
30010	-257.8406	30010	-0.012136359741082988	30010	0
30012	-257.8405	30012	-0.0017802997863276618	30012	0
30014	-257.8405	30014	-0.0014835831552730515	30014	0
30016	-257.8405	30016	-0.0012363192960608764	30016	0
30018	-257.8405	30018	-0.0010302660800507303	30018	0
30020	-257.8406	30020	-0.009191888397950437	30020	0
30022	-257.8406	30022	-0.0076599069982920308	30022	0
30024	-257.8406	30024	-0.0063832558319100261	30024	0
30026	-257.8406	30026	-0.0053193798599250218	30026	0
30028	-257.8406	30028	-0.0044328165499375183	30028	0
30030	-257.8406	30030	-0.0036940137916145989	30030	0
30032	-257.8407	30032	-0.011411678162323946	30032	0
30034	-257.8406	30034	-0.0011763984659581752	30034	0
30036	-257.8406	30036	-0.00098033205496514614	30036	0
30038	-257.8407	30038	-0.0091502767151160676	30038	0
30040	-257.8406	30040	0.00070810274004839014	30040	0
30042	-257.8407	30042	-0.0077432477192714549	30042	0
30044	-257.8407	30044	-0.0064527064327262124	30044	0
30046	-257.8407	30046	-0.0053772553606051769	30046	0
30048	-257.8407	30048	-0.0044810461338376474	30048	0
30050	-257.8407	30050	-0.0037342051115313731	30050	0
30052	-257.8407	30052	-0.0031118375929428108	30052	0
30054	-257.8408	30054	-0.010926531325360504	30054	0
30056	-257.8408	30056	-0.0091054427711337541	30056	0
30058	-257.8407	30058	0.00074546435529669868	30058	0
30060	-257.8408	30060	-0.007712113035160912	30060	0
30062	-257.8408	30062	-0.0064267608626340936	30062	0
30064	-257.8408	30064	-0.0053556340521950779	30064	0
30066	-257.8408	30066	-0.0044630283768292318	30066	0
30068	-257.8408	30068	-0.00371919031402436	30068	0
30070	-257.8407	30070	0.0052340080695545271	30070	0
30072	-257.8408	30072	-0.0039716599399460548	30072	0
30074	-257.8408	30074	-0.0033097166166217123	30074	0
30076	-257.8408	30076	-0.0027580971805180937	30076	0
30078	-257.8408	30078	-0.0022984143170984117	30078	0
30080	-257.8408	30080	-0.0019153452642486765	30080	0
30082	-257.84090000000003	30082	-0.00992945438951901	30082	0
30084	-257.8408	30084	5.8788011379271379E-05	30084	0
30086	-257.8408	30086	4.8990009482726152E-05	30086	0
30088	-257.8408	30088	4.0825007902271796E-05	30088	0
30090	-257.8408	30090	3.4020839918559829E-05	30090	0
30092	-257.84090000000003	30092	-0.0083049826360463135	30092	0
30094	-257.8408	30094	0.0014125144726065183	30094	0
30096	-257.8408	30096	0.0011770953938387654	30096	0
30098	-257.84090000000003	30098	-0.0073524205077794749	30098	0
30100	-257.84090000000003	30100	-0.0061270170898162293	30100	0
30102	-257.84090000000003	30102	-0.0051058475748468578	30102	0
30104	-257.84090000000003	30104	-0.0042548729790390484	30104	0
30106	-257.841	30106	-0.011879060813774035	30106	0
30108	-257.84090000000003	30108	-0.0015658840135702023	30108	0
30110	-257.84090000000003	30110	-0.0013049033446418353	30110	0
30112	-257.84090000000003	30112	-0.0010874194538681961	30112	0
30114	-257.841	30114	-0.0092395162094649919	30114	0
30116	-257.84090000000003	30116	0.00063373649002066747	30116	0
30118	-257.841	30118	-0.0078052195895576045	30118	0
30120	-257.84090000000003	30120	0.0018289836732768234	30120	0
30122	-257.84090000000003	30122	0.0015241530610640196	30122	0
30124	-257.84090000000003	30124	0.0012701275508866831	30124	0
30126	-257.841	30126	-0.0072748937055025914	30126	0
30128	-257.841	30128	-0.00606241142125216	30128	0
30130	-257.841	30130	-0.005052009517710134	30130	0
30132	-257.841	30132	-0.0042100079314251115	30132	0
30134	-257.841	30134	-0.0035083399428542596	30134	0
30136	-257.841	30136	-0.0029236166190452165	30136	0
30138	-257.841	30138	-0.0024363471825376804	30138	0
30140	-257.841	30140	-0.0020302893187814004	30140	0
30142	-257.841	30142	-0.0016919077656511671	30142	0
30144	-257.841	30144	-0.0014099231380426394	30144	0
30146	-257.8411	30146	-0.00950826927961036	30146	0
30148	-257.8411	30148	-0.0079235577330086342	30148	0
30150	-257.841	30150	0.0017303685537342992	30150	0
30152	-257.841	30152	0.0014419737947785828	30152	0
30154	-257.841	30154	0.0012016448289821524	30154	0
30156	-257.8411	30156	-0.0073319626404230341	30156	0
30158	-257.841	30158	0.0022233644642222989	30158	0
30160	-257.8411	30160	-0.0064805296110562452	30160	0
30162	-257.8411	30162	-0.0054004413425468708	30162	0
30164	-257.8411	30164	-0.0045003677854557255	30164	0
30166	-257.8411	30166	-0.0037503064878797714	30166	0
30168	-257.8411	30168	-0.0031252554065664762	30168	0
30170	-257.8411	30170	-0.0026043795054720635	30170	0
30172	-257.8411	30172	-0.002170316254560053	30172	0
30174	-257.8412	30174	-0.010141930214778491	30174	0
30176	-257.8411	30176	-0.00011827517633696341	30176	0
30178	-257.8411	30178	-9.8562646947469509E-05	30178	0
30180	-257.8411	30180	-8.2135539122891267E-05	30180	0
30182	-257.8411	30182	-6.84462826024094E-05	30182	0
30184	-257.8412	30184	-0.008390371904813787	30184	0
30186	-257.8412	30186	-0.0069919765873448225	30186	0
30188	-257.8412	30188	-0.0058266471561206857	30188	0
30190	-257.8412	30190	-0.0048555392967672382	30190	0
30192	-257.8412	30192	-0.0040462827473060322	30192	0
30194	-257.8412	30194	-0.0033719022894216936	30194	0
30196	-257.8412	30196	-0.0028099185745180783	30196	0
30198	-257.8412	30198	-0.0023415988120983988	30198	0
30200	-257.8412	30200	-0.0019513323434153325	30200	0
30202	-257.8412	30202	-0.0016261102861794437	30202	0
30204	-257.8412	30204	-0.0013550919051495364	30204	0
30206	-257.8413	30206	-0.0094625765855327754	30206	0
30208	-257.8413	30208	-0.00788548048794398	30208	0
30210	-257.8413	30210	-0.0065712337399533175	30210	0
30212	-257.8413	30212	-0.0054760281166277647	30212	0
30214	-257.8413	30214	-0.0045633567638564704	30214	0
30216	-257.8413	30216	-0.0038027973032137255	30216	0
30218	-257.8412	30218	0.00516433557856339	30218	0
30220	-257.8413	30220	-0.0040297203491053363	30220	0
30222	-257.8413	30222	-0.0033581002909211137	30222	0
30224	-257.8413	30224	-0.0027984169091009284	30224	0
30226	-257.8413	30226	-0.0023320140909174406	30226	0
30228	-257.8413	30228	-0.0019433450757645339	30228	0
30230	-257.8414	30230	-0.0099527875657822243	30230	0
30232	-257.8414	30232	-0.0082939896381518542	30232	0
30234	-257.8413	30234	0.0014216753041852341	30234	0
30236	-257.8414	30236	-0.0071486039158240849	30236	0
30238	-257.8414	30238	-0.0059571699298534043	30238	0
30240	-257.8414	30240	-0.0049643082748778372	30240	0
30242	-257.8413	30242	0.0041964097735802484	30242	0
30244	-257.8414	30244	-0.0048363251913282395	30244	0
30246	-257.8413	30246	0.0043030623432049131	30246	0
30248	-257.8413	30248	0.0035858852860040946	30248	0
30250	-257.8414	30250	-0.0053450955976417011	30250	0
30252	-257.8414	30252	-0.0044542463313680843	30252	0
30254	-257.8414	30254	-0.003711871942806737	30254	0
30256	-257.8414	30256	-0.0030932266190056143	30256	0
30258	-257.8414	30258	-0.0025776888491713455	30258	0
30260	-257.8414	30260	-0.0021480740409761212	30260	0
30262	-257.8414	30262	-0.0017900617008134343	30262	0
30264	-257.8414	30264	-0.0014917180840111953	30264	0
30266	-257.8414	30266	-0.0012430984033426629	30266	0
30268	-257.8414	30268	-0.0010359153361188859	30268	0
30270	-257.8414	30270	-0.00086326278009907155	30270	0
30272	-257.8413	30272	0.0076139476858958872	30272	0
30274	-257.8414	30274	-0.0019883769310652067	30274	0
30276	-257.8414	30276	-0.0016569807758876724	30276	0
30278	-257.8415	30278	-0.0097141506444812214	30278	0
30280	-257.8415	30280	-0.0080951255370676854	30280	0
30282	-257.8415	30282	-0.0067459379475564045	30282	0
30284	-257.8414	30284	0.0027117183749444905	30284	0
30286	-257.8414	30286	0.0022597653124537421	30286	0
30288	-257.8415	30288	-0.0064501955708633762	30288	0
30290	-257.8414	30290	0.0029581703555220142	30290	0
30292	-257.8415	30292	-0.0058681913683064826	30292	0
30294	-257.8415	30294	-0.0048901594735887358	30294	0
30296	-257.8415	30296	-0.00407513289465728	30296	0
30298	-257.8416	30298	-0.011729277414859513	30298	0
30300	-257.8415	30300	-0.001441064509737815	30300	0
30302	-257.8415	30302	-0.0012008870914481792	30302	0
30304	-257.8415	30304	-0.0010007392428734827	30304	0
30306	-257.8415	30306	-0.00083394936906123563	30306	0
30308	-257.8415	30308	-0.00069495780755102969	30308	0
30310	-257.8415	30310	-0.00057913150629252481	30310	0
30312	-257.8415	30312	-0.00048260958857710405	30312	0
30314	-257.8415	30314	-0.00040217465714758672	30314	0
30316	-257.8415	30316	-0.00033514554762298897	30316	0
30318	-257.8415	30318	-0.00027928795635249082	30318	0
30320	-257.8415	30320	-0.00023273996362707569	30320	0
30322	-257.8415	30322	-0.00019394996968922975	30322	0
30324	-257.8415	30324	-0.00016162497474102479	30324	0
30326	-257.8416	30326	-0.0084680208149293	30326	0
30328	-257.8415	30328	0.0012766493235373622	30328	0
30330	-257.8416	30330	-0.0072694588996973109	30330	0
30332	-257.8415	30332	0.0022754509195640205	30332	0
30334	-257.8415	30334	0.0018962090996366837	30334	0
30336	-257.8415	30336	0.0015801742496972366	30336	0
30338	-257.8416	30338	-0.0070165214612307493	30338	0
30340	-257.8416	30340	-0.0058471012176922917	30340	0
30342	-257.8415	30342	0.0034607489879015362	30342	0
30344	-257.8416	30344	-0.0054493758460605	30344	0
30346	-257.8416	30346	-0.00454114653838375	30346	0
30348	-257.8416	30348	-0.0037842887819864585	30348	0
30350	-257.8416	30350	-0.0031535739849887154	30350	0
30352	-257.8416	30352	-0.0026279783208239295	30352	0
30354	-257.8416	30354	-0.0021899819340199414	30354	0
30356	-257.8416	30356	-0.0018249849450166179	30356	0
30358	-257.8416	30358	-0.0015208207875138484	30358	0
30360	-257.8416	30360	-0.0012673506562615403	30360	0
30362	-257.8416	30362	-0.001056125546884617	30362	0
30364	-257.8416	30364	-0.00088010462240384758	30364	0
30366	-257.8416	30366	-0.000733420518669873	30366	0
30368	-257.8416	30368	-0.00061118376555822755	30368	0
30370	-257.8416	30370	-0.00050931980463185631	30370	0
30372	-257.8416	30372	-0.00042443317052654692	30372	0
30374	-257.8415	30374	0.0079796390272063242	30374	0
30376	-257.8417	30376	-0.010016967477881339	30376	0
30378	-257.8417	30378	-0.0083474728982344485	30378	0
30380	-257.8417	30380	-0.0069562274151953743	30380	0
30382	-257.8417	30382	-0.0057968561793294788	30382	0
30384	-257.8417	30384	-0.0048307134827745655	30384	0
30386	-257.84180000000003	30386	-0.01235892790495725	30386	0
