Name	ScopeWizard	
File	C:\Users\edelio25024\Documents\Scope Project_PAPU_1.csv	
Starttime of export	134299034090180000	quinta-feira, 30 de julho de 2026	13:43:29.018
Endtime of export	134299034383614992	quinta-feira, 30 de julho de 2026	13:43:58.361


Name	ActPos	Name	ActVelo	Name	SetVelo
SymbolComment		SymbolComment		SymbolComment	
Data-Type	REAL64	Data-Type	REAL64	Data-Type	REAL64
SampleTime[ms]	2	SampleTime[ms]	2	SampleTime[ms]	2
VariableSize	8	VariableSize	8	VariableSize	8
SymbolBased	True	SymbolBased	True	SymbolBased	True
IndexGroup	16641	IndexGroup	16641	IndexGroup	16641
IndexOffset	65538	IndexOffset	65541	IndexOffset	14
SymbolName	Axes.Axis 1.ActPos	SymbolName	Axes.Axis 1.ActVelo	SymbolName	Axes.Axis 1.SetVelo
NetID	5.159.93.98.1.1	NetID	5.159.93.98.1.1	NetID	5.159.93.98.1.1
Port	501	Port	501	Port	501
Offset	0	Offset	0	Offset	0
ScaleFactor	1	ScaleFactor	1	ScaleFactor	1
BitMask	0xffffffffffffffff	BitMask	0xffffffffffffffff	BitMask	0xffffffffffffffff
Unit	(None)	Unit	mm/s (Velocity)	Unit	(None)
Unit ScaleFactor	1	Unit ScaleFactor	1	Unit ScaleFactor	1
Unit Offset	0	Unit Offset	0	Unit Offset	0

0	-641,2168	0	-0,0053217888760744318	0	0
2	-641,2168	2	-0,00443482406339536	2	0
4	-641,2168	4	-0,0036956867194961334	4	0
6	-641,2168	6	-0,0030797389329134447	6	0
8	-641,2168	8	-0,0025664491107612042	8	0
10	-641,21670000000006	10	0,0061946257389404909	10	0
12	-641,2168	12	-0,0031711452154577517	12	0
14	-641,21670000000006	14	0,0056907123183600351	14	0
16	-641,2168	16	-0,0035910730659414651	16	0
18	-641,2168	18	-0,0029925608882845544	18	0
20	-641,2168	20	-0,002493800740237129	20	0
22	-641,2168	22	-0,002078167283530941	22	0
24	-641,2168	24	-0,0017318060696091175	24	0
26	-641,2168	26	-0,0014431717246742646	26	0
28	-641,2168	28	-0,0012026431038952205	28	0
30	-641,21670000000006	30	0,0073311307446621444	30	0
32	-641,21670000000006	32	0,006109275620551787	32	0
34	-641,21670000000006	34	0,0050910630171264893	34	0
36	-641,2168	36	-0,00409078081696942	36	0
38	-641,21670000000006	38	0,004924349317100311	38	0
40	-641,21670000000006	40	0,0041036244309169264	40	0
42	-641,21670000000006	42	0,0034196870257641055	42	0
44	-641,21670000000006	44	0,0028497391881367549	44	0
46	-641,21670000000006	46	0,0023747826567806292	46	0
48	-641,21670000000006	48	0,0019789855473171911	48	0
50	-641,2168	50	-0,0066841787084771682	50	0
52	-641,21670000000006	52	0,0027631844075105202	52	0
54	-641,21670000000006	54	0,0023026536729254337	54	0
56	-641,21670000000006	56	0,0019188780607711949	56	0
58	-641,2168	58	-0,0067342682805988322	58	0
60	-641,21670000000006	60	0,0027214430974091342	60	0
62	-641,2168	62	-0,0060654640834005491	62	0
64	-641,2168	64	-0,0050545534028337913	64	0
66	-641,2168	66	-0,0042121278356948262	66	0
68	-641,2168	68	-0,0035101065297456885	68	0
70	-641,2168	70	-0,0029250887747880737	70	0
72	-641,2168	72	-0,0024375739789900615	72	0
74	-641,2168	74	-0,0020313116491583847	74	0
76	-641,21670000000006	76	0,0066405736236095072	76	0
78	-641,21670000000006	78	0,0055338113530079228	78	0
80	-641,21670000000006	80	0,0046115094608399363	80	0
82	-641,2168	82	-0,0044904087805415476	82	0
84	-641,21670000000006	84	0,004591326014123538	84	0
86	-641,2168	86	-0,00450722831947188	86	0
88	-641,21670000000006	88	0,0045773097316815945	88	0
90	-641,2168	90	-0,0045189085548401654	90	0
92	-641,21670000000006	92	0,0045675762022080232	92	0
94	-641,21670000000006	94	0,0038063135018400196	94	0
96	-641,2168	96	-0,0051614054130414777	96	0
98	-641,2168	98	-0,0043011711775345646	98	0
100	-641,21670000000006	100	0,0047490240166293569	100	0
102	-641,21670000000006	102	0,0039575200138577977	102	0
104	-641,2168	104	-0,0050353999863599966	104	0
106	-641,2168	106	-0,0041961666552999977	106	0
108	-641,2168	108	-0,0034968055460833317	108	0
110	-641,21670000000006	110	0,0054193287095053843	110	0
112	-641,21670000000006	112	0,0045161072579211542	112	0
114	-641,21670000000006	114	0,0037634227149342951	114	0
116	-641,2168	116	-0,0051971477354629154	116	0
118	-641,2168	118	-0,0043309564462190968	118	0
120	-641,2168	120	-0,0036091303718492475	120	0
122	-641,2168	122	-0,0030076086432077064	122	0
124	-641,21670000000006	124	0,0058269927952350718	124	0
126	-641,2168	126	-0,0034775060018789345	126	0
128	-641,2168	128	-0,0028979216682324454	128	0
130	-641,21670000000006	130	0,0059183986077144569	130	0
132	-641,21670000000006	132	0,004931998839762048	132	0
134	-641,21670000000006	134	0,00410999903313504	134	0
136	-641,2168	136	-0,0049083341369622942	136	0
138	-641,2168	138	-0,0040902784474685788	138	0
140	-641,21670000000006	140	0,0049247679583510114	140	0
142	-641,21670000000006	142	0,0041039732986258431	142	0
144	-641,21670000000006	144	0,0034199777488548694	144	0
146	-641,21670000000006	146	0,0028499814573790579	146	0
148	-641,21670000000006	148	0,0023749845478158818	148	0
150	-641,21670000000006	150	0,0019791537898465683	150	0
152	-641,2168	152	-0,0066840385063693542	152	0
154	-641,21670000000006	154	0,0027633012426003653	154	0
156	-641,21670000000006	156	0,0023027510355003045	156	0
158	-641,21670000000006	158	0,0019189591962502539	158	0
160	-641,21670000000006	160	0,0015991326635418784	160	0
162	-641,21670000000006	162	0,0013326105529515653	162	0
164	-641,21670000000006	164	0,0011105087941263045	164	0
166	-641,21670000000006	166	0,00092542399510525382	166	0
168	-641,21670000000006	168	0,00077118666258771157	168	0
170	-641,2168	170	-0,0076906777790850681	170	0
172	-641,2168	172	-0,0064088981492375569	172	0
174	-641,2168	174	-0,0053407484576979639	174	0
176	-641,2168	176	-0,0044506237147483039	176	0
178	-641,2168	178	-0,0037088530956235865	178	0
180	-641,21670000000006	180	0,0052426224182218388	180	0
182	-641,21670000000006	182	0,0043688520151848658	182	0
184	-641,21670000000006	184	0,003640710012654055	184	0
186	-641,21670000000006	186	0,003033925010545046	186	0
188	-641,21670000000006	188	0,0025282708421208717	188	0
190	-641,21670000000006	190	0,0021068923684340597	190	0
192	-641,2168	192	-0,0065775896908797779	192	0
194	-641,2168	194	-0,0054813247423998153	194	0
196	-641,21670000000006	196	0,0037655627125749817	196	0
198	-641,21670000000006	198	0,0031379689271458181	198	0
200	-641,21670000000006	200	0,0026149741059548486	200	0
202	-641,2168	202	-0,0061541882429457873	202	0
204	-641,21670000000006	204	0,0032048431287866712	204	0
206	-641,2168	206	-0,0056626307239192684	206	0
208	-641,21670000000006	208	0,0036144743946421041	208	0
210	-641,21670000000006	210	0,003012061995535087	210	0
212	-641,21670000000006	212	0,0025100516629459058	212	0
214	-641,21670000000006	214	0,0020917097191215884	214	0
216	-641,2168	216	-0,0065902418986401711	216	0
218	-641,2168	218	-0,0054918682488668095	218	0
220	-641,21670000000006	220	0,0037567764571858194	220	0
222	-641,2168	222	-0,0052026862835866453	222	0
224	-641,21670000000006	224	0,0039977614282526233	224	0
226	-641,21670000000006	226	0,0033314678568771862	226	0
228	-641,21670000000006	228	0,0027762232140643218	228	0
230	-641,21670000000006	230	0,0023135193450536016	230	0
232	-641,2168	232	-0,0064054005436968266	232	0
234	-641,21670000000006	234	0,0029954995448274718	234	0
236	-641,21670000000006	236	0,00249624962068956	236	0
238	-641,2168	238	-0,0062531253140001939	238	0
240	-641,2168	240	-0,0052109377616668283	240	0
242	-641,2169	242	-0,012675781465963851	242	0
244	-641,21670000000006	244	0,0061035154408464447	244	0
246	-641,21670000000006	246	0,0050862628673720373	246	0
248	-641,2168	248	-0,0040947809417647965	248	0
250	-641,2168	250	-0,003412317451470664	250	0
252	-641,2168	252	-0,0028435978762255533	252	0
254	-641,2168	254	-0,0023696648968546279	254	0
256	-641,2168	256	-0,0019747207473788568	256	0
258	-641,2168	258	-0,001645600622815714	258	0
260	-641,21670000000006	260	0,0069619994788950659	260	0
262	-641,2168	262	-0,0025316670988289394	262	0
264	-641,2168	264	-0,0021097225823574497	264	0
266	-641,2168	266	-0,0017581021519645415	266	0
268	-641,2168	268	-0,001465085126637118	268	0
270	-641,21670000000006	270	0,0071124290590438965	270	0
272	-641,21670000000006	272	0,0059270242158699143	272	0
274	-641,2168	274	-0,0033941464846832326	274	0
276	-641,2168	276	-0,002828455403902694	276	0
278	-641,2168	278	-0,0023570461699189116	278	0
280	-641,2168	280	-0,0019642051415990932	280	0
282	-641,2168	282	-0,0016368376179992444	282	0
284	-641,2168	284	-0,0013640313483327038	284	0
286	-641,2168	286	-0,0011366927902772533	286	0
288	-641,2168	288	-0,00094724399189771106	288	0
290	-641,21670000000006	290	0,0075439633379934014	290	0
292	-641,21670000000006	292	0,0062866361149945017	292	0
294	-641,2168	294	-0,0030944699020794093	294	0
296	-641,2168	296	-0,002578724918399508	296	0
298	-641,2168	298	-0,0021489374319995902	298	0
300	-641,2168	300	-0,0017907811933329919	300	0
302	-641,21670000000006	302	0,0068410156701306677	302	0
304	-641,21670000000006	304	0,0057008463917755563	304	0
306	-641,21670000000006	306	0,0047507053264796307	306	0
308	-641,2168	308	-0,0043744122258418021	308	0
310	-641,2168	310	-0,0036453435215348354	310	0
312	-641,2168	312	-0,0030377862679456962	312	0
314	-641,2168	314	-0,0025314885566214136	314	0
316	-641,21670000000006	316	0,0062237595340569832	316	0
318	-641,2168	318	-0,0031468670528606744	318	0
320	-641,21670000000006	320	0,005710944120524265	320	0
322	-641,2168	322	-0,0035742132308046069	322	0
324	-641,2168	324	-0,0029785110256705057	324	0
326	-641,21670000000006	326	0,005851240809849406	326	0
328	-641,2168	328	-0,0034572993230336559	328	0
330	-641,2168	330	-0,0028810827691947132	330	0
332	-641,21670000000006	332	0,0059324310235792333	332	0
334	-641,2168	334	-0,0033896408115921331	334	0
336	-641,21670000000006	336	0,0055086326549147165	336	0
338	-641,2168	338	-0,0037428061188125635	338	0
340	-641,21670000000006	340	0,0052143282322310251	340	0
342	-641,2168	342	-0,0039880598043823068	342	0
344	-641,2168	344	-0,0033233831703185892	344	0
346	-641,21670000000006	346	0,0055638473559760033	346	0
348	-641,2168	348	-0,0036967938679281585	348	0
350	-641,21670000000006	350	0,0052526717746346954	350	0
352	-641,21670000000006	352	0,0043772264788622464	352	0
354	-641,21670000000006	354	0,0036476887323852055	354	0
356	-641,21670000000006	356	0,0030397406103210046	356	0
358	-641,2168	358	-0,00580021615597399	358	0
360	-641,2168	360	-0,0048335134633116584	360	0
362	-641,2168	362	-0,0040279278860930485	362	0
364	-641,21670000000006	364	0,004976726759497287	364	0
366	-641,21670000000006	366	0,0041472722995810731	366	0
368	-641,2169	368	-0,013210606412832095	368	0
370	-641,21670000000006	370	0,0056578279851229093	370	0
372	-641,21670000000006	372	0,0047148566542690911	372	0
374	-641,21670000000006	374	0,0039290472118909091	374	0
376	-641,21670000000006	376	0,0032742060099090909	376	0
378	-641,2168	378	-0,0056048283229839183	378	0
380	-641,2168	380	-0,0046706902691532656	380	0
382	-641,2168	382	-0,0038922418909610548	382	0
384	-641,2168	384	-0,0032435349091342125	384	0
386	-641,21670000000006	386	0,0056303875736296504	386	0
388	-641,2168	388	-0,0036413436865501188	388	0
390	-641,2168	390	-0,0030344530721250992	390	0
392	-641,2168	392	-0,0025287108934375826	392	0
394	-641,2168	394	-0,0021072590778646524	394	0
396	-641,21670000000006	396	0,0065772840996876168	396	0
398	-641,2168	398	-0,0028522632481684804	398	0
400	-641,2168	400	-0,0023768860401404005	400	0
402	-641,2168	402	-0,0019807383667836674	402	0
404	-641,2168	404	-0,0016506153056530563	404	0
406	-641,2168	406	-0,0013755127547108803	406	0
408	-641,21670000000006	408	0,00718707270231576	408	0
410	-641,2166	410	0,014322560592645198	410	0
412	-641,21670000000006	412	0,0036021338198222678	412	0
414	-641,21670000000006	414	0,0030017781831852232	414	0
416	-641,2168	416	-0,0058318515119204755	416	0
418	-641,2168	418	-0,00485987625993373	418	0
420	-641,21670000000006	420	0,0042834364479633858	420	0
422	-641,2168	422	-0,0047638029579386721	422	0
424	-641,21670000000006	424	0,004363497532959267	424	0
426	-641,2168	426	-0,0046970853871087723	426	0
428	-641,2168	428	-0,0039142378225906441	428	0
430	-641,21670000000006	430	0,0050714684790826242	430	0
432	-641,21670000000006	432	0,004226223732568854	432	0
434	-641,21670000000006	434	0,003521853110474045	434	0
436	-641,21670000000006	436	0,0029348775920617041	436	0
438	-641,21670000000006	438	0,0024457313267180871	438	0
440	-641,21670000000006	440	0,0020381094389317392	440	0
442	-641,21670000000006	442	0,0016984245324431161	442	0
444	-641,2168	444	-0,0069179795542055646	444	0
446	-641,2168	446	-0,0057649829618379705	446	0
448	-641,2168	448	-0,004804152468198309	448	0
450	-641,21670000000006	450	0,0043298729410762363	450	0
452	-641,21670000000006	452	0,0036082274508968636	452	0
454	-641,21670000000006	454	0,0030068562090807198	454	0
456	-641,21670000000006	456	0,0025057135075672666	456	0
458	-641,2168	458	-0,0062452387416021054	458	0
460	-641,21670000000006	460	0,0031289677132397397	460	0
462	-641,21670000000006	462	0,00260747309436645	462	0
464	-641,2168	464	-0,0061604390859361195	464	0
466	-641,21670000000006	466	0,0031996340929613945	466	0
468	-641,2168	468	-0,0056669715871069982	468	0
470	-641,21670000000006	470	0,0036108570086523292	470	0
472	-641,21670000000006	472	0,0030090475072102746	472	0
474	-641,2168	474	-0,0058257937418995983	474	0
476	-641,2168	476	-0,0048548281182496655	476	0
478	-641,2168	478	-0,0040456900985413879	478	0
480	-641,21670000000006	480	0,0049619249157903372	480	0
482	-641,2168	482	-0,0041983959014162131	482	0
484	-641,2168	484	-0,0034986632511801777	484	0
486	-641,2168	486	-0,002915552709316815	486	0
488	-641,21670000000006	488	0,0059037060734774818	488	0
490	-641,21670000000006	490	0,004919755061231235	490	0
492	-641,21670000000006	492	0,0040997958843593625	492	0
494	-641,2168	494	-0,0049168367609420255	494	0
496	-641,2168	496	-0,0040973639674516879	496	0
498	-641,21670000000006	498	0,0049188633583650875	498	0
500	-641,2168	500	-0,004234280532603921	500	0
502	-641,2168	502	-0,0035285671105032678	502	0
504	-641,21670000000006	504	0,0053928607391554376	504	0
506	-641,21670000000006	506	0,0044940506159628652	506	0
508	-641,21670000000006	508	0,0037450421799690545	508	0
510	-641,2168	510	-0,0052124648479339487	510	0
512	-641,2168	512	-0,0043437207066116239	512	0
514	-641,2168	514	-0,0036197672555096866	514	0
516	-641,2168	516	-0,0030164727129247389	516	0
518	-641,2168	518	-0,0025137272607706159	518	0
520	-641,2168	520	-0,0020947727173088468	520	0
522	-641,2168	522	-0,0017456439310907057	522	0
524	-641,21670000000006	524	0,0068786300553325729	524	0
526	-641,21670000000006	526	0,0057321917127771439	526	0
528	-641,2168	528	-0,0035565069039272075	528	0
530	-641,2168	530	-0,0029637557532726732	530	0
532	-641,21670000000006	532	0,0058635368701809333	532	0
534	-641,21670000000006	534	0,0048862807251507778	534	0
536	-641,21670000000006	536	0,0040719006042923148	536	0
538	-641,21670000000006	538	0,0033932505035769293	538	0
540	-641,2168	540	-0,0055056245782607195	540	0
542	-641,21670000000006	542	0,0037453128493575615	542	0
544	-641,2168	544	-0,0052122392901101933	544	0
546	-641,21670000000006	546	0,003989800589483	546	0
548	-641,2168	548	-0,0050084995066723278	548	0
550	-641,2168	550	-0,0041737495888936067	550	0
552	-641,21670000000006	552	0,0048552086738301555	552	0
554	-641,21670000000006	554	0,0040460072281917961	554	0
556	-641,2168	556	-0,004961660641081664	556	0
558	-641,2168	558	-0,0041347172009013871	558	0
560	-641,2168	560	-0,0034455976674178227	560	0
562	-641,2168	562	-0,0028713313895148522	562	0
564	-641,2168	564	-0,0023927761579290436	564	0
566	-641,2168	566	-0,0019939801316075363	566	0
568	-641,2168	568	-0,0016616501096729469	568	0
570	-641,2168	570	-0,0013847084247274558	570	0
572	-641,2168	572	-0,00115392368727288	572	0
574	-641,2168	574	-0,0009616030727274	574	0
576	-641,2168	576	-0,0008013358939395	576	0
578	-641,2168	578	-0,00066777991161625	578	0
580	-641,2168	580	-0,00055648325968020841	580	0
582	-641,21670000000006	582	0,0078695972815079878	582	0
584	-641,21670000000006	584	0,00655799773458999	584	0
586	-641,2168	586	-0,0028683352190831696	586	0
588	-641,2168	588	-0,0023902793492359747	588	0
590	-641,21670000000006	590	0,0063414338735448481	590	0
592	-641,2168	592	-0,003048805103287454	592	0
594	-641,2168	594	-0,0025406709194062118	594	0
596	-641,21670000000006	596	0,006216107565069651	596	0
598	-641,2168	598	-0,0031532436936834518	598	0
600	-641,2168	600	-0,0026277030780695433	600	0
602	-641,21670000000006	602	0,0061435807661835411	602	0
604	-641,21670000000006	604	0,0051196506384862846	604	0
606	-641,2168	606	-0,00406695779916959	606	0
608	-641,2168	608	-0,0033891314993079922	608	0
610	-641,21670000000006	610	0,0055090570818181681	610	0
612	-641,21670000000006	612	0,0045908809015151406	612	0
614	-641,2168	614	-0,0045075992466455436	614	0
616	-641,2168	616	-0,003756332705537953	616	0
618	-641,2168	618	-0,0031302772546149609	618	0
620	-641,21670000000006	620	0,0057247689523956934	620	0
622	-641,2168	622	-0,0035626925375784159	622	0
624	-641,21670000000006	624	0,0053644228832594809	624	0
626	-641,21670000000006	626	0,004470352402716234	626	0
628	-641,21670000000006	628	0,0037252936689301953	628	0
630	-641,21670000000006	630	0,0031044113907751627	630	0
632	-641,21670000000006	632	0,0025870094923126359	632	0
634	-641,21670000000006	634	0,0021558412435938633	634	0
636	-641,21670000000006	636	0,0017965343696615529	636	0
638	-641,2168	638	-0,0068362213565235338	638	0
640	-641,2168	640	-0,0056968511304362783	640	0
642	-641,2168	642	-0,0047473759420302323	642	0
644	-641,2168	644	-0,0039561466183585274	644	0
646	-641,21670000000006	646	0,0050365444826093887	646	0
648	-641,2168	648	-0,0041362129290670032	648	0
650	-641,2168	650	-0,0034468441075558363	650	0
652	-641,2168	652	-0,0028723700896298638	652	0
654	-641,21670000000006	654	0,0059396915898832746	654	0
656	-641,21670000000006	656	0,0049497429915693961	656	0
658	-641,21670000000006	658	0,00412478582630783	658	0
660	-641,2168	660	-0,0048960118093183021	660	0
662	-641,2168	662	-0,0040800098410985856	662	0
664	-641,2168	664	-0,0034000082009154882	664	0
666	-641,2168	666	-0,0028333401674295734	666	0
668	-641,2168	668	-0,0023611168061913111	668	0
670	-641,2168	670	-0,0019675973384927592	670	0
672	-641,2168	672	-0,0016396644487439661	672	0
674	-641,2168	674	-0,0013663870406199717	674	0
676	-641,2168	676	-0,0011386558671833099	676	0
678	-641,2168	678	-0,000948879889319425	678	0
680	-641,21670000000006	680	0,0075426000901419737	680	0
682	-641,2168	682	-0,0020478332561231823	682	0
684	-641,2168	684	-0,0017065277134359854	684	0
686	-641,21670000000006	686	0,006911226903378173	686	0
688	-641,2168	688	-0,00257397757842635	688	0
690	-641,21670000000006	690	0,0061883520158862023	690	0
692	-641,2168	692	-0,0031763733180029926	692	0
694	-641,2168	694	-0,0026469777650024941	694	0
696	-641,21670000000006	696	0,0061275185270727494	696	0
698	-641,2168	698	-0,0032270678920142031	698	0
700	-641,2168	700	-0,0026892232433451692	700	0
702	-641,2168	702	-0,0022410193694543078	702	0
704	-641,21670000000006	704	0,0064658171900295706	704	0
706	-641,21670000000006	706	0,0053881809916913092	706	0
708	-641,2168	708	-0,00384318250483207	708	0
710	-641,2168	710	-0,0032026520873600583	710	0
712	-641,21670000000006	712	0,0056644565917747785	712	0
714	-641,2168	714	-0,0036129528380958453	714	0
716	-641,2168	716	-0,0030107940317465379	716	0
718	-641,2168	718	-0,0025089950264554485	718	0
720	-641,2168	720	-0,0020908291887128737	720	0
722	-641,2168	722	-0,0017423576572607282	722	0
724	-641,2168	724	-0,0014519647143839403	724	0
726	-641,2168	726	-0,0012099705953199503	726	0
728	-641,2168	728	-0,0010083088294332921	728	0
730	-641,21670000000006	730	0,007493075973380418	730	0
732	-641,2168	732	-0,0020891033534244791	732	0
734	-641,2168	734	-0,001740919461187066	734	0
736	-641,2168	736	-0,0014507662176558884	736	0
738	-641,21670000000006	738	0,0071243614831949208	738	0
740	-641,2168	740	-0,0023963654285790604	740	0
742	-641,2168	742	-0,0019969711904825505	742	0
744	-641,2168	744	-0,0016641426587354587	744	0
746	-641,2168	746	-0,0013867855489462157	746	0
748	-641,21670000000006	748	0,0071776787071196474	748	0
750	-641,2168	750	-0,0023519344086417879	750	0
752	-641,2168	752	-0,0019599453405348233	752	0
754	-641,21670000000006	754	0,0067000455474624746	754	0
756	-641,2168	756	-0,0027499620416894322	756	0
758	-641,2168	758	-0,0022916350347411936	758	0
760	-641,2168	760	-0,001909695862284328	760	0
762	-641,21670000000006	762	0,0067419201126712206	762	0
764	-641,21670000000006	764	0,005618266760559351	764	0
766	-641,21670000000006	766	0,0046818889671327926	766	0
768	-641,2168	768	-0,0044317591919641672	768	0
770	-641,21670000000006	770	0,004640200671271355	770	0
772	-641,2168	772	-0,0044664994385153652	772	0
774	-641,2168	774	-0,003722082865429471	774	0
776	-641,2168	776	-0,0031017357211912261	776	0
778	-641,2168	778	-0,0025847797676593551	778	0
780	-641,21670000000006	780	0,0061793501915253651	780	0
782	-641,2168	782	-0,00318387483830369	782	0
784	-641,21670000000006	784	0,0056801042993217523	784	0
786	-641,2168	786	-0,0035999130818067009	786	0
788	-641,21670000000006	788	0,0053334057630692435	788	0
790	-641,21670000000006	790	0,0044445048025577027	790	0
792	-641,2168	792	-0,0046295793291100751	792	0
794	-641,2168	794	-0,0038579827742583959	794	0
796	-641,2168	796	-0,00321498564521533	796	0
798	-641,21670000000006	798	0,0056541786268953856	798	0
800	-641,2168	800	-0,0036215178088286728	800	0
802	-641,2168	802	-0,0030179315073572276	802	0
804	-641,21670000000006	804	0,0058183904084438045	804	0
806	-641,2168	806	-0,0034846746575383234	806	0
808	-641,2168	808	-0,0029038955479486028	808	0
810	-641,21670000000006	810	0,0059134203746176589	810	0
812	-641,21670000000006	812	0,0049278503121813824	812	0
814	-641,21670000000006	814	0,0041065419268178187	814	0
816	-641,2168	816	-0,0049112150588933121	816	0
818	-641,2168	818	-0,0040926792157444268	818	0
820	-641,21670000000006	820	0,0049227673181211386	820	0
822	-641,2168	822	-0,0042310272328072119	822	0
824	-641,2168	824	-0,0035258560273393434	824	0
826	-641,2168	826	-0,0029382133561161195	826	0
828	-641,21670000000006	828	0,0058848222011447281	828	0
830	-641,2168	830	-0,0034293148302875541	830	0
832	-641,2168	832	-0,0028577623585729619	832	0
834	-641,2168	834	-0,0023814686321441351	834	0
836	-641,21670000000006	836	0,0063487761377880488	836	0
838	-641,21670000000006	838	0,0052906467814900406	838	0
840	-641,2168	840	-0,0039244610133331269	840	0
842	-641,21670000000006	842	0,005062949153463888	842	0
844	-641,21670000000006	844	0,0042191242945532406	844	0
846	-641,21670000000006	846	0,0035159369121277005	846	0
848	-641,21670000000006	848	0,0029299474267730839	848	0
850	-641,21670000000006	850	0,0024416228556442365	850	0
852	-641,2168	852	-0,0062986476182046308	852	0
854	-641,2168	854	-0,0052488730151705257	854	0
856	-641,21670000000006	856	0,0039592724852660563	856	0
858	-641,21670000000006	858	0,0032993937377217139	858	0
860	-641,21670000000006	860	0,0027494947814347618	860	0
862	-641,2168	862	-0,00604208768004586	862	0
864	-641,2168	864	-0,0050350730667048831	864	0
866	-641,2168	866	-0,00419589422225407	866	0
868	-641,2168	868	-0,0034965785185450582	868	0
870	-641,21670000000006	870	0,0054195178991206126	870	0
872	-641,2168	872	-0,00381706841530765	872	0
874	-641,21670000000006	874	0,0051524429851517858	874	0
876	-641,21670000000006	876	0,0042937024876264886	876	0
878	-641,2168	878	-0,0047552479248860868	878	0
880	-641,2168	880	-0,0039627066040717395	880	0
882	-641,2168	882	-0,0033022555033931163	882	0
884	-641,2168	884	-0,00275187958616093	884	0
886	-641,21670000000006	886	0,0060401003427740518	886	0
888	-641,21670000000006	888	0,00503341695231171	888	0
890	-641,21670000000006	890	0,004194514126926425	890	0
892	-641,2168	892	-0,00483790489213614	892	0
894	-641,2168	894	-0,00403158741011345	894	0
896	-641,21670000000006	896	0,0049736771561469523	896	0
898	-641,2168	898	-0,0041886023677857008	898	0
900	-641,21670000000006	900	0,0048428313580867431	900	0
902	-641,2168	902	-0,0042976405328358745	902	0
904	-641,2168	904	-0,0035813671106965624	904	0
906	-641,2168	906	-0,0029844725922471356	906	0
908	-641,21670000000006	908	0,0058462728377022145	908	0
910	-641,2168	910	-0,0034614392998229817	910	0
912	-641,2168	912	-0,0028845327498524848	912	0
914	-641,21670000000006	914	0,0059295560396977571	914	0
916	-641,21670000000006	916	0,0049412966997481314	916	0
918	-641,21670000000006	918	0,0041177472497901093	918	0
920	-641,2168	920	-0,004901877289749737	920	0
922	-641,21670000000006	922	0,00424843558978338	922	0
924	-641,21670000000006	924	0,00354036299148615	924	0
926	-641,21670000000006	926	0,0029503024929051253	926	0
928	-641,21670000000006	928	0,002458585410754271	928	0
930	-641,2168	930	-0,0062845121556129348	930	0
932	-641,21670000000006	932	0,0030962398682307154	932	0
934	-641,21670000000006	934	0,0025801998901922628	934	0
936	-641,21670000000006	936	0,0021501665751602192	936	0
938	-641,21670000000006	938	0,0017918054793001827	938	0
940	-641,2168	940	-0,0068401620984913421	940	0
942	-641,2168	942	-0,0057001350820761187	942	0
944	-641,2168	944	-0,0047501125683967662	944	0
946	-641,2168	946	-0,0039584271403306391	946	0
948	-641,21670000000006	948	0,0050346440476326283	948	0
950	-641,2168	950	-0,0041377966248809708	950	0
952	-641,21670000000006	952	0,004885169477174019	952	0
954	-641,21670000000006	954	0,0040709745643116831	954	0
956	-641,21670000000006	956	0,0033924788035930692	956	0
958	-641,2168	958	-0,0055062676615806033	958	0
960	-641,21670000000006	960	0,0037447769465909914	960	0
962	-641,21670000000006	962	0,0031206474554924929	962	0
964	-641,2168	964	-0,0057327937849977507	964	0
966	-641,21670000000006	966	0,0035560051770767015	966	0
968	-641,21670000000006	968	0,0029633376475639182	968	0
970	-641,2168	970	-0,0058638852916048957	970	0
972	-641,2168	972	-0,0048865710763374131	972	0
974	-641,21670000000006	974	0,0042611907676269834	974	0
976	-641,21670000000006	976	0,00355099230635582	976	0
978	-641,2168	978	-0,0053741730759449772	978	0
980	-641,2168	980	-0,0044784775632874816	980	0
982	-641,21670000000006	982	0,0046012686951685932	982	0
984	-641,21670000000006	984	0,0038343905793071613	984	0
986	-641,21670000000006	986	0,0031953254827559677	986	0
988	-641,21670000000006	988	0,0026627712356299734	988	0
990	-641,2168	990	-0,00611435730154985	990	0
992	-641,2168	992	-0,0050952977512915424	992	0
994	-641,2168	994	-0,0042460814594096185	994	0
996	-641,21670000000006	996	0,004794932115066812	996	0
998	-641,21670000000006	998	0,003995776762555677	998	0
1000	-641,21670000000006	1000	0,0033298139687963977	1000	0
1002	-641,21670000000006	1002	0,0027748449739969983	1002	0
1004	-641,21670000000006	1004	0,0023123708116641654	1004	0
1006	-641,21670000000006	1006	0,0019269756763868045	1006	0
1008	-641,2168	1008	-0,006727520267585824	1008	0
1010	-641,21670000000006	1010	0,0027270664415866407	1010	0
1012	-641,21670000000006	1012	0,0022725553679888676	1012	0
1014	-641,21670000000006	1014	0,0018937961399907231	1014	0
1016	-641,2169	1016	-0,015088503212490719	1016	0
1018	-641,2168	1018	-0,0042404193458341049	1018	0
1020	-641,21670000000006	1020	0,0047996505430464072	1020	0
1022	-641,2166	1022	0,012333042126587406	1022	0
1024	-641,21670000000006	1024	0,0019442017647741065	1024	0
1026	-641,2168	1026	-0,0067131651939297387	1026	0
1028	-641,2168	1028	-0,0055943043282747828	1028	0
1030	-641,21670000000006	1030	0,0036714130576791749	1030	0
1032	-641,2168	1032	-0,0052738224498421818	1032	0
1034	-641,2168	1034	-0,0043948520415351515	1034	0
1036	-641,2168	1036	-0,0036623767012792931	1036	0
1038	-641,21670000000006	1038	0,0052813527468420834	1038	0
1040	-641,2166	1040	0,012734460629750468	1040	0
1042	-641,21670000000006	1042	0,002278717184076658	1042	0
1044	-641,2168	1044	-0,0064344023445109463	1044	0
1046	-641,21670000000006	1046	0,0029713313774823724	1046	0
1048	-641,21670000000006	1048	0,0024761094812353105	1048	0
1050	-641,2168	1050	-0,0062699087635454016	1050	0
1052	-641,2168	1052	-0,0052249239696211683	1052	0
1054	-641,21670000000006	1054	0,0039792300232238537	1054	0
1056	-641,21670000000006	1056	0,0033160250193532115	1056	0
1058	-641,21670000000006	1058	0,002763354182794343	1058	0
1060	-641,21670000000006	1060	0,0023027951523286192	1060	0
1062	-641,21670000000006	1062	0,0019189959602738493	1062	0
1064	-641,2168	1064	-0,0067341700310132868	1064	0
1066	-641,2168	1066	-0,005611808359177739	1066	0
1068	-641,21670000000006	1068	0,0036568263652600446	1068	0
1070	-641,2168	1070	-0,0052859780268581236	1070	0
1072	-641,21670000000006	1072	0,0039283516421930575	1072	0
1074	-641,21670000000006	1074	0,0032736263684942147	1074	0
1076	-641,21670000000006	1076	0,0027280219737451789	1076	0
1078	-641,2168	1078	-0,006059981686453845	1078	0
1080	-641,21670000000006	1080	0,0032833485925299567	1080	0
1082	-641,21670000000006	1082	0,0027361238271082972	1082	0
1084	-641,21670000000006	1084	0,0022801031892569143	1084	0
1086	-641,2168	1086	-0,0064332473401940652	1086	0
1088	-641,2168	1088	-0,005361039450161721	1088	0
1090	-641,21670000000006	1090	0,003865800456106727	1090	0
1092	-641,21670000000006	1092	0,0032215003800889395	1092	0
1094	-641,21670000000006	1094	0,0026845836500741164	1094	0
1096	-641,21670000000006	1096	0,0022371530417284306	1096	0
1098	-641,2168	1098	-0,0064690391298011353	1098	0
1100	-641,21670000000006	1100	0,0029424673897405478	1100	0
1102	-641,2168	1102	-0,0058812771731243715	1102	0
1104	-641,2168	1104	-0,0049010643109369768	1104	0
1106	-641,2168	1106	-0,0040842202591141472	1106	0
1108	-641,2168	1108	-0,0034035168825951229	1108	0
1110	-641,2168	1110	-0,0028362640688292693	1110	0
1112	-641,2168	1112	-0,0023635533906910581	1112	0
1114	-641,2168	1114	-0,0019696278255758818	1114	0
1116	-641,21670000000006	1116	0,0066919768099282595	1116	0
1118	-641,21670000000006	1118	0,0055766473416068831	1118	0
1120	-641,21670000000006	1120	0,0046472061180057363	1120	0
1122	-641,2168	1122	-0,0044606615662367141	1122	0
1124	-641,2168	1124	-0,0037172179718639284	1124	0
1126	-641,2168	1126	-0,0030976816432199406	1126	0
1128	-641,21670000000006	1128	0,0057519319618915439	1128	0
1130	-641,2168	1130	-0,0035400566963318739	1130	0
1132	-641,2168	1132	-0,0029500472469432284	1132	0
1134	-641,2168	1134	-0,0024583727057860237	1134	0
1136	-641,2168	1136	-0,0020486439214883532	1136	0
1138	-641,2168	1138	-0,0017072032679069612	1138	0
1140	-641,2168	1140	-0,0014226693899224677	1140	0
1142	-641,21670000000006	1142	0,007147775506306105	1142	0
1144	-641,2168	1144	-0,0023768537426530735	1144	0
1146	-641,21670000000006	1146	0,0063526218790305993	1146	0
1148	-641,2168	1148	-0,003039481765382661	1148	0
1150	-641,2168	1150	-0,0025329014711522177	1150	0
1152	-641,2168	1152	-0,0021107512259601817	1152	0
1154	-641,21670000000006	1154	0,0065743739762746762	1154	0
1156	-641,2168	1156	-0,0028546883510125977	1156	0
1158	-641,2168	1158	-0,0023789069591771649	1158	0
1160	-641,2168	1160	-0,001982422465980971	1160	0
1162	-641,21670000000006	1162	0,0066813146095906851	1162	0
1164	-641,21670000000006	1164	0,0055677621746589041	1164	0
1166	-641,2168	1166	-0,0036935315190257407	1166	0
1168	-641,21670000000006	1168	0,0052553903987200435	1168	0
1170	-641,2168	1170	-0,0039538413323081242	1170	0
1172	-641,2168	1172	-0,003294867776923437	1172	0
1174	-641,2168	1174	-0,0027457231474361976	1174	0
1176	-641,21670000000006	1176	0,0060452307083779964	1176	0
1178	-641,2168	1178	-0,0032956410742598303	1178	0
1180	-641,21670000000006	1180	0,0055869657693583021	1180	0
1182	-641,2168	1182	-0,003677528523442909	1182	0
1184	-641,2168	1184	-0,0030646071028690909	1184	0
1186	-641,21670000000006	1186	0,0057794940788505854	1186	0
1188	-641,2168	1188	-0,0035170882655326729	1188	0
1190	-641,2168	1190	-0,0029309068879438942	1190	0
1192	-641,21670000000006	1192	0,0058909109246215825	1192	0
1194	-641,21670000000006	1194	0,0049090924371846525	1194	0
1196	-641,21670000000006	1196	0,0040909103643205439	1196	0
1198	-641,2168	1198	-0,0049242413609743747	1198	0
1200	-641,2168	1200	-0,0041035344674786459	1200	0
1202	-641,2168	1202	-0,0034196120562322049	1202	0
1204	-641,21670000000006	1204	0,0054836566177146571	1204	0
1206	-641,2168	1206	-0,0037636194831459462	1206	0
1208	-641,2168	1208	-0,0031363495692882885	1208	0
1210	-641,2168	1210	-0,0026136246410735737	1210	0
1212	-641,2168	1212	-0,0021780205342279784	1212	0
1214	-641,21670000000006	1214	0,0065183162193848459	1214	0
1216	-641,21670000000006	1216	0,0054319301828207054	1216	0
1218	-641,2168	1218	-0,0038067248455575728	1218	0
1220	-641,2168	1220	-0,0031722707046313108	1220	0
1222	-641,2168	1222	-0,0026435589205260923	1222	0
1224	-641,2168	1224	-0,0022029657671050768	1224	0
1226	-641,21670000000006	1226	0,0064975285253205967	1226	0
1228	-641,2168	1228	-0,0029187262268076638	1228	0
1230	-641,2168	1230	-0,0024322718556730534	1230	0
1232	-641,2168	1232	-0,0020268932130608781	1232	0
1234	-641,2168	1234	-0,0016890776775507319	1234	0
1236	-641,21670000000006	1236	0,0069257685999492176	1236	0
1238	-641,2168	1238	-0,0025618594979504791	1238	0
1240	-641,2168	1240	-0,0021348829149587327	1240	0
1242	-641,21670000000006	1242	0,0065542642354425506	1242	0
1244	-641,21670000000006	1244	0,005461886862868792	1244	0
1246	-641,21670000000006	1246	0,0045515723857239938	1246	0
1248	-641,21670000000006	1248	0,0037929769881033283	1248	0
1250	-641,2168	1250	-0,0051725191744887208	1250	0
1252	-641,2168	1252	-0,0043104326454072679	1252	0
1254	-641,2168	1254	-0,0035920272045060569	1254	0
1256	-641,21670000000006	1256	0,0053399773274864469	1256	0
1258	-641,2168	1258	-0,0038833522250027886	1258	0
1260	-641,21670000000006	1260	0,0050972064770725039	1260	0
1262	-641,21670000000006	1262	0,0042476720642270864	1262	0
1264	-641,2168	1264	-0,0047936066110522554	1264	0
1266	-641,2168	1266	-0,0039946721758768794	1266	0
1268	-641,2168	1268	-0,0033288934798973995	1268	0
1270	-641,2168	1270	-0,0027740778999144995	1270	0
1272	-641,2168	1272	-0,0023117315832620832	1272	0
1274	-641,21670000000006	1274	0,006406890345189758	1274	0
1276	-641,2168	1276	-0,0029942580435833623	1276	0
1278	-641,21670000000006	1278	0,0058381182949220258	1278	0
1280	-641,2168	1280	-0,0034682347521398059	1280	0
1282	-641,2168	1282	-0,0028901956267831717	1282	0
1284	-641,2168	1284	-0,0024084963556526432	1284	0
1286	-641,21670000000006	1286	0,0063262530348642916	1286	0
1288	-641,2168	1288	-0,0030614558021879179	1288	0
1290	-641,21670000000006	1290	0,0057821201627515622	1290	0
1292	-641,2168	1292	-0,0035148998622818589	1292	0
1294	-641,2168	1294	-0,0029290832185682159	1294	0
1296	-641,2168	1296	-0,00244090268214018	1296	0
1298	-641,21670000000006	1298	0,0062992477627913449	1298	0
1300	-641,2168	1300	-0,0030839601955820403	1300	0
1302	-641,21670000000006	1302	0,0057633665015897938	1302	0
1304	-641,2168	1304	-0,0035305279132499994	1304	0
1306	-641,2168	1306	-0,0029421065943749996	1306	0
1308	-641,21670000000006	1308	0,0058815778359289951	1308	0
1310	-641,21670000000006	1310	0,0049013148632741626	1310	0
1312	-641,21670000000006	1312	0,0040844290527284688	1312	0
1314	-641,2168	1314	-0,00492964245396777	1314	0
1316	-641,21670000000006	1316	0,0042252979529350193	1316	0
1318	-641,2168	1318	-0,0048122517037956451	1318	0
1320	-641,21670000000006	1320	0,0043231235780784565	1320	0
1322	-641,21670000000006	1322	0,0036026029817320471	1322	0
1324	-641,2168	1324	-0,0053311641797981219	1324	0
1326	-641,21670000000006	1326	0,0038906965147430589	1326	0
1328	-641,21670000000006	1328	0,0032422470956192159	1328	0
1330	-641,2168	1330	-0,0056314607515588148	1330	0
1332	-641,21670000000006	1332	0,0036404493716091484	1332	0
1334	-641,21670000000006	1334	0,0030337078096742904	1334	0
1336	-641,21670000000006	1336	0,002528089841395242	1336	0
1338	-641,21670000000006	1338	0,0021067415344960352	1338	0
1340	-641,21670000000006	1340	0,0017556179454133627	1340	0
1342	-641,2168	1342	-0,006870318376730359	1342	0
1344	-641,2168	1344	-0,0057252653139419664	1344	0
1346	-641,2168	1346	-0,004771054428284972	1346	0
1348	-641,21670000000006	1348	0,0043574546410040174	1348	0
1350	-641,21670000000006	1350	0,0036312122008366815	1350	0
1352	-641,21670000000006	1352	0,0030260101673639014	1352	0
1354	-641,21670000000006	1354	0,002521675139469918	1354	0
1356	-641,21670000000006	1356	0,0021013959495582652	1356	0
1358	-641,21670000000006	1358	0,0017511632912985543	1358	0
1360	-641,2168	1360	-0,0068740305884926987	1360	0
1362	-641,2168	1362	-0,0057283588237439162	1362	0
1364	-641,2168	1364	-0,0047736323531199307	1364	0
1366	-641,21670000000006	1366	0,0043553063703082187	1366	0
1368	-641,2168	1368	-0,0047039113559846453	1368	0
1370	-641,2168	1370	-0,0039199261299872048	1370	0
1372	-641,21670000000006	1372	0,0050667282229188235	1372	0
1374	-641,21670000000006	1374	0,00422227351909902	1374	0
1376	-641,21670000000006	1376	0,0035185612659158504	1376	0
1378	-641,2168	1378	-0,0054011989429782852	1378	0
1380	-641,21670000000006	1380	0,0038323342120929228	1380	0
1382	-641,21670000000006	1382	0,003193611843410769	1382	0
1384	-641,21670000000006	1384	0,0026613432028423077	1384	0
1386	-641,21670000000006	1386	0,00221778600236859	1386	0
1388	-641,2168	1388	-0,00648517832926767	1388	0
1390	-641,21670000000006	1390	0,0029290180568517692	1390	0
1392	-641,2168	1392	-0,0058924849505316863	1392	0
1394	-641,21670000000006	1394	0,0034229292057984225	1394	0
1396	-641,2168	1396	-0,0054808923264094752	1396	0
1398	-641,2168	1398	-0,0045674102720078963	1398	0
1400	-641,2168	1400	-0,0038061752266732472	1400	0
1402	-641,2168	1402	-0,003171812688894373	1402	0
1404	-641,21670000000006	1404	0,0056901560904961835	1404	0
1406	-641,21670000000006	1406	0,0047417967420801529	1406	0
1408	-641,21670000000006	1408	0,003951497285066794	1408	0
1410	-641,21670000000006	1410	0,0032929144042223284	1410	0
1412	-641,21670000000006	1412	0,0027440953368519407	1412	0
1414	-641,21670000000006	1414	0,002286746114043284	1414	0
1416	-641,21670000000006	1416	0,0019056217617027368	1416	0
1418	-641,2168	1418	-0,0067453151964892138	1418	0
1420	-641,2168	1420	-0,0056210959970743454	1420	0
1422	-641,2166	1422	0,011982420007728272	1422	0
1424	-641,21670000000006	1424	0,0016520166657248286	1424	0
1426	-641,21670000000006	1426	0,0013766805547706907	1426	0
1428	-641,21670000000006	1428	0,0011472337956422423	1428	0
1430	-641,2168	1430	-0,0073773051682062924	1430	0
1432	-641,21670000000006	1432	0,0021855790244029172	1432	0
1434	-641,21670000000006	1434	0,0018213158536690977	1434	0
1436	-641,2168	1436	-0,0068155701198505791	1436	0
1438	-641,21670000000006	1438	0,0026536915646993451	1438	0
1440	-641,21670000000006	1440	0,0022114096372494543	1440	0
1442	-641,21670000000006	1442	0,0018428413643745453	1442	0
1444	-641,2168	1444	-0,0067976321942627062	1444	0
1446	-641,21670000000006	1446	0,0026686398360225719	1446	0
1448	-641,2168	1448	-0,0061094668012226846	1448	0
1450	-641,2168	1450	-0,0050912223343522372	1450	0
1452	-641,2169	1452	-0,012576018609868359	1452	0
1454	-641,21670000000006	1454	0,0061866511542593566	1454	0
1456	-641,21670000000006	1456	0,0051555426285494642	1456	0
1458	-641,21670000000006	1458	0,00429628552379122	1458	0
1460	-641,21670000000006	1460	0,0035802379364926833	1460	0
1462	-641,21670000000006	1462	0,0029835316137439027	1462	0
1464	-641,21670000000006	1464	0,0024862763447865855	1464	0
1466	-641,21670000000006	1466	0,0020718969539888213	1466	0
1468	-641,2168	1468	-0,00660675253625081	1468	0
1470	-641,21670000000006	1470	0,0028277062176991523	1470	0
1472	-641,2168	1472	-0,0059769114831588668	1472	0
1474	-641,2168	1474	-0,0049807595692990562	1474	0
1476	-641,21670000000006	1476	0,0041827003568256143	1476	0
1478	-641,21670000000006	1478	0,0034855836306880122	1478	0
1480	-641,21670000000006	1480	0,0029046530255733435	1480	0
1482	-641,21670000000006	1482	0,0024205441879777863	1482	0
1484	-641,21670000000006	1484	0,0020171201566481552	1484	0
1486	-641,21670000000006	1486	0,0016809334638734628	1486	0
1488	-641,21670000000006	1488	0,0014007778865612189	1488	0
1490	-641,21670000000006	1490	0,0011673149054676824	1490	0
1492	-641,21670000000006	1492	0,00097276242122306875	1492	0
1494	-641,21670000000006	1494	0,000810635351019224	1494	0
1496	-641,2168	1496	-0,0076578038720588075	1496	0
1498	-641,21670000000006	1498	0,001951830104525821	1498	0
1500	-641,21670000000006	1500	0,0016265250871048509	1500	0
1502	-641,2168	1502	-0,0069778957586541183	1502	0
1504	-641,21670000000006	1504	0,0025184201990297288	1504	0
1506	-641,21670000000006	1506	0,0020986834991914408	1506	0
1508	-641,21670000000006	1508	0,0017489029159928674	1508	0
1510	-641,21670000000006	1510	0,0014574190966607228	1510	0
1512	-641,21670000000006	1512	0,0012145159138839358	1512	0
1514	-641,21670000000006	1514	0,00101209659490328	1514	0
1516	-641,21670000000006	1516	0,00084341382908606662	1516	0
1518	-641,2168	1518	-0,0076304884736697722	1518	0
1520	-641,21670000000006	1520	0,0019745929365166844	1520	0
1522	-641,21670000000006	1522	0,0016454941137639036	1522	0
1524	-641,2168	1524	-0,0069620882364382413	1524	0
1526	-641,21670000000006	1526	0,0025315931342096264	1526	0
1528	-641,21670000000006	1528	0,0021096609451746887	1528	0
1530	-641,21670000000006	1530	0,0017580507876455739	1530	0
1532	-641,2168	1532	-0,0068682910082035163	1532	0
1534	-641,21670000000006	1534	0,0026097574910718974	1534	0
1536	-641,21670000000006	1536	0,0021747979092265812	1536	0
1538	-641,21670000000006	1538	0,0018123315910221511	1538	0
1540	-641,21670000000006	1540	0,0015102763258517927	1540	0
1542	-641,2168	1542	-0,007074769726365	1542	0
1544	-641,21670000000006	1544	0,0024376918926039938	1544	0
1546	-641,2168	1546	-0,0063019234207381657	1546	0
1548	-641,21670000000006	1548	0,003081730480626356	1548	0
1550	-641,2168	1550	-0,0057652245973861972	1550	0
1552	-641,21670000000006	1552	0,0035289795000863298	1552	0
1554	-641,21670000000006	1554	0,0029408162500719416	1554	0
1556	-641,21670000000006	1556	0,0024506802083932846	1556	0
1558	-641,21670000000006	1558	0,002042233506994404	1558	0
1560	-641,21670000000006	1560	0,0017018612558286701	1560	0
1562	-641,21670000000006	1562	0,0014182177131905585	1562	0
1564	-641,2168	1564	-0,0071514852369160293	1564	0
1566	-641,2168	1566	-0,0059595710307633583	1566	0
1568	-641,21670000000006	1568	0,0033670241389386953	1568	0
1570	-641,2166	1570	0,011139186789830977	1570	0
1572	-641,2168	1572	-0,0073840110137644108	1572	0
1574	-641,21670000000006	1574	0,0021799908197711517	1574	0
1576	-641,2168	1576	-0,0065166743147655349	1576	0
1578	-641,21670000000006	1578	0,0029027714022702147	1578	0
1580	-641,21670000000006	1580	0,0024189761685585124	1580	0
1582	-641,21670000000006	1582	0,0020158134737987606	1582	0
1584	-641,21670000000006	1584	0,0016798445614989673	1584	0
1586	-641,21670000000006	1586	0,0013998704679158063	1586	0
1588	-641,21670000000006	1588	0,0011665587232631718	1588	0
1590	-641,21670000000006	1590	0,00097213226938597653	1590	0
1592	-641,21670000000006	1592	0,00081011022448831385	1592	0
1594	-641,21670000000006	1594	0,0006750918537402616	1594	0
1596	-641,21670000000006	1596	0,00056257654478355135	1596	0
1598	-641,2168	1598	-0,007864519543921868	1598	0
1600	-641,2168	1600	-0,0065537662866015567	1600	0
1602	-641,21670000000006	1602	0,0028718614257401973	1602	0
1604	-641,21670000000006	1604	0,0023932178547834979	1604	0
1606	-641,21670000000006	1606	0,0019943482123195816	1606	0
1608	-641,2168	1608	-0,0066713764876418433	1608	0
1610	-641,21670000000006	1610	0,0027738529248732911	1610	0
1612	-641,2168	1612	-0,0060217892271804182	1612	0
1614	-641,21670000000006	1614	0,0033151756419244789	1614	0
1616	-641,21670000000006	1616	0,0027626463682703991	1616	0
1618	-641,2168	1618	-0,0060311280243494948	1618	0
1620	-641,2168	1620	-0,0050259400202912457	1620	0
1622	-641,21670000000006	1622	0,00414504998099879	1622	0
1624	-641,21670000000006	1624	0,0034542083174989914	1624	0
1626	-641,2168	1626	-0,0054548263999923347	1626	0
1628	-641,2168	1628	-0,004545688666660279	1628	0
1630	-641,21670000000006	1630	0,0045452594423579283	1630	0
1632	-641,21670000000006	1632	0,0037877162019649404	1632	0
1634	-641,21670000000006	1634	0,0031564301683041172	1634	0
1636	-641,21670000000006	1636	0,0026303584735867646	1636	0
1638	-641,2168	1638	-0,0061413679365858575	1638	0
1640	-641,21670000000006	1640	0,0032155267174199462	1640	0
1642	-641,2168	1642	-0,0056537277333915392	1642	0
1644	-641,21670000000006	1644	0,0036218935534152114	1644	0
1646	-641,21670000000006	1646	0,0030182446278460098	1646	0
1648	-641,2168	1648	-0,0058181294747031527	1648	0
1650	-641,2168	1650	-0,0048484412289192943	1650	0
1652	-641,21670000000006	1652	0,0042929656404754159	1652	0
1654	-641,21670000000006	1654	0,0035774713670628467	1654	0
1656	-641,2168	1656	-0,0053521071920224553	1656	0
1658	-641,2168	1658	-0,00446008932668538	1658	0
1660	-641,21670000000006	1660	0,0046165922256703445	1660	0
1662	-641,21670000000006	1662	0,0038471601880586204	1662	0
1664	-641,2168	1664	-0,0051273665078593106	1664	0
1666	-641,21670000000006	1666	0,0040605279080254018	1666	0
1668	-641,2168	1668	-0,0049495600745536588	1668	0
1670	-641,2168	1670	-0,0041246333954613823	1670	0
1672	-641,2168	1672	-0,0034371944962178188	1672	0
1674	-641,2168	1674	-0,0028643287468481824	1674	0
1676	-641,2168	1676	-0,0023869406223734854	1676	0
1678	-641,2168	1678	-0,001989117185311238	1678	0
1680	-641,21670000000006	1680	0,0066757356768154625	1680	0
1682	-641,21670000000006	1682	0,0055631130640128859	1682	0
1684	-641,2168	1684	-0,0036974057778974227	1684	0
1686	-641,2168	1686	-0,0030811714815811857	1686	0
1688	-641,2168	1688	-0,0025676429013176548	1688	0
1690	-641,21670000000006	1690	0,0061936309134767824	1690	0
1692	-641,21670000000006	1692	0,0051613590945639859	1692	0
1694	-641,21670000000006	1694	0,0043011325788033222	1694	0
1696	-641,2168	1696	-0,0047490561822387256	1696	0
1698	-641,21670000000006	1698	0,0043757865127092227	1698	0
1700	-641,21670000000006	1700	0,0036464887605910192	1700	0
1702	-641,2168	1702	-0,0052945926974156451	1702	0
1704	-641,2168	1704	-0,0044121605811797042	1704	0
1706	-641,2168	1706	-0,0036768004843164203	1706	0
1708	-641,21670000000006	1708	0,0052693329276444767	1708	0
1710	-641,2168	1710	-0,00394222255820443	1710	0
1712	-641,2168	1712	-0,0032851854651703588	1712	0
1714	-641,21670000000006	1714	0,0055956787769328616	1714	0
1716	-641,21670000000006	1716	0,0046630656474440516	1716	0
1718	-641,21670000000006	1718	0,00388588803953671	1718	0
1720	-641,21670000000006	1720	0,0032382400329472585	1720	0
1722	-641,21670000000006	1722	0,0026985333607893822	1722	0
1724	-641,2168	1724	-0,0060845555305836761	1724	0
1726	-641,2168	1726	-0,0050704629421530634	1726	0
1728	-641,21670000000006	1728	0,0041079475461139412	1728	0
1730	-641,21670000000006	1730	0,0034232896217616178	1730	0
1732	-641,21670000000006	1732	0,0028527413514680151	1732	0
1734	-641,21670000000006	1734	0,0023772844595566795	1734	0
1736	-641,2168	1736	-0,0063522629482775945	1736	0
1738	-641,2168	1738	-0,005293552456897996	1738	0
1740	-641,2168	1740	-0,0044112937140816637	1740	0
1742	-641,21670000000006	1742	0,0046572552361734409	1742	0
1744	-641,21670000000006	1744	0,0038810460301445344	1744	0
1746	-641,2168	1746	-0,0050991283061210483	1746	0
1748	-641,21670000000006	1748	0,0040840597428072872	1748	0
1750	-641,21670000000006	1750	0,0034033831190060726	1750	0
1752	-641,2166	1752	0,011169485939887126	1752	0
1754	-641,21670000000006	1754	0,00097457160919054049	1754	0
1756	-641,21670000000006	1756	0,00081214300765878374	1756	0
1758	-641,21670000000006	1758	0,00067678583971565319	1758	0
1760	-641,2168	1760	-0,00776934513147845	1760	0
1762	-641,21670000000006	1762	0,0018588790550094526	1762	0
1764	-641,21670000000006	1764	0,001549065879174544	1764	0
1766	-641,2168	1766	-0,0070424450985960407	1766	0
1768	-641,2168	1768	-0,0058687042488300345	1768	0
1770	-641,21670000000006	1770	0,0034427464572164652	1770	0
1772	-641,2168	1772	-0,0054643779502277726	1772	0
1774	-641,21670000000006	1774	0,0037796850393850166	1774	0
1776	-641,21670000000006	1776	0,0031497375328208474	1776	0
1778	-641,2168	1778	-0,0057085520538907881	1778	0
1780	-641,2168	1780	-0,0047571267115756573	1780	0
1782	-641,2168	1782	-0,0039642722596463812	1782	0
1784	-641,21670000000006	1784	0,0050297731148695093	1784	0
1786	-641,2168	1786	-0,0041418557355169033	1786	0
1788	-641,2168	1788	-0,0034515464462640862	1788	0
1790	-641,2168	1790	-0,0028762887052200719	1790	0
1792	-641,21670000000006	1792	0,005936426076891434	1792	0
1794	-641,21670000000006	1794	0,0049470217307428623	1794	0
1796	-641,2168	1796	-0,0042108152222891087	1796	0
1798	-641,2168	1798	-0,0035090126852409241	1798	0
1800	-641,21670000000006	1800	0,0054091560935407238	1800	0
1802	-641,21670000000006	1802	0,0045076300779506038	1802	0
1804	-641,2168	1804	-0,0045769749329493247	1804	0
1806	-641,21670000000006	1806	0,0045191875537837238	1806	0
1808	-641,2168	1808	-0,0045673437030883911	1808	0
1810	-641,2168	1810	-0,0038061197525736594	1810	0
1812	-641,21670000000006	1812	0,0051615668707634451	1812	0
1814	-641,21670000000006	1814	0,0043013057256362048	1814	0
1816	-641,21670000000006	1816	0,0035844214380301707	1816	0
1818	-641,2168	1818	-0,0053463154662163519	1818	0
1820	-641,2166	1820	0,012211403783443266	1820	0
1822	-641,21670000000006	1822	0,0018428364788206572	1822	0
1824	-641,21670000000006	1824	0,001535697065683881	1824	0
1826	-641,2168	1826	-0,0070535857765049266	1826	0
1828	-641,2168	1828	-0,0058779881470874392	1828	0
1830	-641,2168	1830	-0,0048983234559061995	1830	0
1832	-641,21670000000006	1832	0,0042513971179863278	1832	0
1834	-641,2168	1834	-0,0047905023995862212	1834	0
1836	-641,21670000000006	1836	0,0043412479982529763	1836	0
1838	-641,21670000000006	1838	0,0036177066652108136	1838	0
1840	-641,21670000000006	1840	0,0030147555543423446	1840	0
1842	-641,21670000000006	1842	0,0025122962952852873	1842	0
1844	-641,21670000000006	1844	0,0020935802460710731	1844	0
1846	-641,2168	1846	-0,0065886831261822666	1846	0
1848	-641,21670000000006	1848	0,002842764059422939	1848	0
1850	-641,21670000000006	1850	0,002368970049519116	1850	0
1852	-641,21670000000006	1852	0,0019741417079325967	1852	0
1854	-641,2168	1854	-0,0066882152412976632	1854	0
1856	-641,21670000000006	1856	0,0027598206301601078	1856	0
1858	-641,21670000000006	1858	0,0022998505251334233	1858	0
1860	-641,2166	1860	0,010249875444993251	1860	0
1862	-641,21670000000006	1862	0,0002082295301123107	1862	0
1864	-641,2168	1864	-0,00815980872281457	1864	0
1866	-641,2168	1866	-0,0067998406023454753	1866	0
1868	-641,21670000000006	1868	0,0026667994959535977	1868	0
1870	-641,21670000000006	1870	0,0022223329132946648	1870	0
1872	-641,2168	1872	-0,0064813892368292738	1872	0
1874	-641,2168	1874	-0,0054011576973577282	1874	0
1876	-641,2168	1876	-0,004500964747798107	1876	0
1878	-641,2168	1878	-0,0037508039564984226	1878	0
1880	-641,2168	1880	-0,0031256699637486856	1880	0
1882	-641,21670000000006	1882	0,0057286083614509226	1882	0
1884	-641,21670000000006	1884	0,0047738403012091025	1884	0
1886	-641,21670000000006	1886	0,0039782002510075857	1886	0
1888	-641,2168	1888	-0,00501816645540184	1888	0
1890	-641,2168	1890	-0,0041818053795015329	1890	0
1892	-641,2168	1892	-0,0034848378162512777	1892	0
1894	-641,21670000000006	1894	0,005429301817698763	1894	0
1896	-641,21670000000006	1896	0,0045244181814156357	1896	0
1898	-641,21670000000006	1898	0,0037703484845130297	1898	0
1900	-641,2168	1900	-0,0051913762608139695	1900	0
1902	-641,2168	1902	-0,0043261468840116411	1902	0
1904	-641,2168	1904	-0,0036051224033430344	1904	0
1906	-641,2168	1906	-0,0030042686694525286	1906	0
1908	-641,2168	1908	-0,0025035572245437738	1908	0
1910	-641,21670000000006	1910	0,0062470356441216828	1910	0
1912	-641,2168	1912	-0,0031274702944734251	1912	0
1914	-641,21670000000006	1914	0,0057271080858469735	1914	0
1916	-641,2168	1916	-0,00356074325970235	1916	0
1918	-641,2168	1918	-0,0029672860497519582	1918	0
1920	-641,21670000000006	1920	0,0058605949564481952	1920	0
1922	-641,21670000000006	1922	0,004883829130373496	1922	0
1924	-641,21670000000006	1924	0,0040698576086445806	1924	0
1926	-641,21670000000006	1926	0,0033915480072038173	1926	0
1928	-641,2168	1928	-0,0055070433252383134	1928	0
1930	-641,2168	1930	-0,0045892027710319281	1930	0
1932	-641,21670000000006	1932	0,0045089976887148879	1932	0
1934	-641,2168	1934	-0,0045758352573124208	1934	0
1936	-641,2168	1936	-0,0038131960477603508	1936	0
1938	-641,2168	1938	-0,0031776633731336258	1938	0
1940	-641,21670000000006	1940	0,0056852805202968065	1940	0
1942	-641,21670000000006	1942	0,0047377337669140054	1942	0
1944	-641,21670000000006	1944	0,0039481114724283384	1944	0
1946	-641,2168	1946	-0,0050432404375512123	1946	0
1948	-641,2168	1948	-0,00420270036462601	1948	0
1950	-641,2168	1950	-0,0035022503038550086	1950	0
1952	-641,21670000000006	1952	0,0054147914113623205	1952	0
1954	-641,2168	1954	-0,0038210071551062269	1954	0
1956	-641,21670000000006	1956	0,0051491607019863057	1956	0
1958	-641,21670000000006	1958	0,0042909672516552554	1958	0
1960	-641,2168	1960	-0,0047575272881954477	1960	0
1962	-641,2168	1962	-0,0039646060734962064	1962	0
1964	-641,2168	1964	-0,0033038383945801723	1964	0
1966	-641,21670000000006	1966	0,0055801346690913505	1966	0
1968	-641,21670000000006	1968	0,0046501122242427924	1968	0
1970	-641,21670000000006	1970	0,003875093520202327	1970	0
1972	-641,21670000000006	1972	0,0032292446001686058	1972	0
1974	-641,2168	1974	-0,0056422961644343227	1974	0
1976	-641,2168	1976	-0,0047019134703619354	1976	0
1978	-641,2168	1978	-0,0039182612253016134	1978	0
1980	-641,21670000000006	1980	0,00506811564349015	1980	0
1982	-641,2168	1982	-0,0041099036283330356	1982	0
1984	-641,21670000000006	1984	0,0049084136409639646	1984	0
1986	-641,21670000000006	1986	0,0040903447008033044	1986	0
1988	-641,21670000000006	1988	0,0034086205840027539	1988	0
1990	-641,21670000000006	1990	0,0028405171533356284	1990	0
1992	-641,21670000000006	1992	0,0023670976277796905	1992	0
1994	-641,21670000000006	1994	0,0019725813564830754	1994	0
1996	-641,2168	1996	-0,0066895155341722646	1996	0
1998	-641,21670000000006	1998	0,0027587370527646067	1998	0
2000	-641,21670000000006	2000	0,0022989475439705058	2000	0
2002	-641,2168	2002	-0,0064175437112660733	2002	0
2004	-641,2168	2004	-0,0053479530927217278	2004	0
2006	-641,21670000000006	2006	0,0038767057539733875	2006	0
2008	-641,21670000000006	2008	0,0032305881283111564	2008	0
2010	-641,21670000000006	2010	0,0026921567735926303	2010	0
2012	-641,21670000000006	2012	0,0022434639779938589	2012	0
2014	-641,21670000000006	2014	0,0018695533149948825	2014	0
2016	-641,21670000000006	2016	0,0015579610958290689	2016	0
2018	-641,21670000000006	2018	0,0012983009131908908	2018	0
2020	-641,21670000000006	2020	0,0010819174276590756	2020	0
2022	-641,2168	2022	-0,0074317354748589318	2022	0
2024	-641,21670000000006	2024	0,0021402204355257179	2024	0
2026	-641,21670000000006	2026	0,0017835170296047649	2026	0
2028	-641,2168	2028	-0,00684706913990419	2028	0
2030	-641,2168	2030	-0,0057058909499201581	2030	0
2032	-641,21670000000006	2032	0,003578424206308029	2032	0
2034	-641,21670000000006	2034	0,0029820201719233577	2034	0
2036	-641,21670000000006	2036	0,0024850168099361317	2036	0
2038	-641,2168	2038	-0,0062624859896280513	2038	0
2040	-641,2168	2040	-0,0052187383246900428	2040	0
2042	-641,21670000000006	2042	0,0039843847273331248	2042	0
2044	-641,2168	2044	-0,005013012725130557	2044	0
2046	-641,21670000000006	2046	0,00415582272696603	2046	0
2048	-641,21670000000006	2048	0,0034631856058050252	2048	0
2050	-641,21670000000006	2050	0,0028859880048375209	2050	0
2052	-641,2168	2052	-0,0059283433272102268	2052	0
2054	-641,21670000000006	2054	0,0033930472252329718	2054	0
2056	-641,21670000000006	2056	0,00282753935436081	2056	0
2058	-641,21670000000006	2058	0,0023562827953006751	2058	0
2060	-641,2168	2060	-0,0063697643351575978	2060	0
2062	-641,2168	2062	-0,0053081369459646649	2062	0
2064	-641,2168	2064	-0,0044234474549705539	2064	0
2066	-641,21670000000006	2066	0,0046471271187660326	2066	0
2068	-641,2168	2068	-0,0044607273989364666	2068	0
2070	-641,2168	2070	-0,0037172728324470555	2070	0
2072	-641,21670000000006	2072	0,0052356059708689485	2072	0
2074	-641,21670000000006	2074	0,0043630049757241241	2074	0
2076	-641,21670000000006	2076	0,0036358374797701037	2076	0
2078	-641,2168	2078	-0,0053034687647664077	2078	0
2080	-641,2168	2080	-0,0044195573039720066	2080	0
2082	-641,2168	2082	-0,0036829644199766723	2082	0
2084	-641,2165	2084	0,021930862986551159	2084	0
2086	-641,21670000000006	2086	0,001609052483502408	2086	0
2088	-641,21670000000006	2088	0,00134087706958534	2088	0
2090	-641,2168	2090	-0,0072159357732537108	2090	0
2092	-641,21670000000006	2092	0,0023200535201967354	2092	0
2094	-641,21670000000006	2094	0,0019333779334972795	2094	0
2096	-641,2168	2096	-0,0067221850533270948	2096	0
2098	-641,2168	2098	-0,005601820877772579	2098	0
2100	-641,21670000000006	2100	0,0036651492664310113	2100	0
2102	-641,2168	2102	-0,0052790422758823181	2102	0
2104	-641,2168	2104	-0,004399201896568599	2104	0
2106	-641,21670000000006	2106	0,0046673317507676618	2106	0
2108	-641,21670000000006	2108	0,0038894431256397185	2108	0
2110	-641,2168	2110	-0,005092130726541729	2110	0
2112	-641,2168	2112	-0,0042434422721181076	2112	0
2114	-641,21670000000006	2114	0,0047971314378097377	2114	0
2116	-641,2168	2116	-0,004335723799733379	2116	0
2118	-641,21670000000006	2118	0,0047202301647970117	2118	0
2120	-641,2168	2120	-0,0043998081939106513	2120	0
2122	-641,2168	2122	-0,0036665068282588763	2122	0
2124	-641,21670000000006	2124	0,0052779109743590971	2124	0
2126	-641,21670000000006	2126	0,0043982591452992482	2126	0
2128	-641,21670000000006	2128	0,0036652159544160404	2128	0
2130	-641,21670000000006	2130	0,0030543466286800337	2130	0
2132	-641,2168	2132	-0,0057880444740081322	2132	0
2134	-641,21670000000006	2134	0,0035099629362347175	2134	0
2136	-641,21670000000006	2136	0,0029249691135289314	2136	0
2138	-641,21670000000006	2138	0,00243747426127411	2138	0
2140	-641,2168	2140	-0,0063021047801797361	2140	0
2142	-641,2168	2142	-0,005251753983483114	2142	0
2144	-641,21670000000006	2144	0,0039568716783388988	2144	0
2146	-641,21670000000006	2146	0,0032973930652824158	2146	0
2148	-641,21670000000006	2148	0,0027478275544020134	2148	0
2150	-641,21670000000006	2150	0,0022898562953350115	2150	0
2152	-641,2168	2152	-0,0064251197517956517	2152	0
2154	-641,21670000000006	2154	0,0029790668714117846	2154	0
2156	-641,21670000000006	2156	0,0024825557261764874	2156	0
2158	-641,21670000000006	2158	0,0020687964384804064	2158	0
2160	-641,21670000000006	2160	0,0017239970320670054	2160	0
2162	-641,21670000000006	2162	0,0014366641933891713	2162	0
2164	-641,21670000000006	2164	0,0011972201611576427	2164	0
2166	-641,2168	2166	-0,0073356498636101258	2166	0
2168	-641,21670000000006	2168	0,0022202917782330562	2168	0
2170	-641,2168	2170	-0,0064830901827139477	2170	0
2172	-641,21670000000006	2172	0,0029307581789798712	2172	0
2174	-641,2168	2174	-0,0058910348487582684	2174	0
2176	-641,2168	2176	-0,0049091957072985573	2176	0
2178	-641,2168	2178	-0,0040909964227487982	2178	0
2180	-641,21670000000006	2180	0,004924169645617496	2180	0
2182	-641,21670000000006	2182	0,0041034747046812467	2182	0
2184	-641,21670000000006	2184	0,0034195622539010392	2184	0
2186	-641,2168	2186	-0,0054836981196572949	2186	0
2188	-641,2168	2188	-0,0045697484330477463	2188	0
2190	-641,21670000000006	2190	0,004525209637035039	2190	0
2192	-641,21670000000006	2192	0,0037710080308625328	2192	0
2194	-641,21670000000006	2194	0,0031425066923854439	2194	0
2196	-641,2168	2196	-0,0057145777542536242	2196	0
2198	-641,21670000000006	2198	0,0035711852026968074	2198	0
2200	-641,21670000000006	2200	0,0029759876689140065	2200	0
2202	-641,21670000000006	2202	0,0024799897240950055	2202	0
2204	-641,21670000000006	2204	0,0020666581034125046	2204	0
2206	-641,2168	2206	-0,0066111182450644072	2206	0
2208	-641,21670000000006	2208	0,0028240681270211548	2208	0
2210	-641,21670000000006	2210	0,0023533901058509625	2210	0
2212	-641,21670000000006	2212	0,0019611584215424686	2212	0
2214	-641,2168	2214	-0,0066990346466227705	2214	0
2216	-641,21670000000006	2216	0,0027508044590558523	2216	0
2218	-641,21670000000006	2218	0,0022923370492132105	2218	0
2220	-641,21670000000006	2220	0,0019102808743443422	2220	0
2222	-641,21670000000006	2222	0,0015919007286202852	2222	0
2224	-641,2168	2224	-0,0070067493907245895	2224	0
2226	-641,21670000000006	2226	0,00249437550563767	2226	0
2228	-641,21670000000006	2228	0,0020786462546980582	2228	0
2230	-641,21670000000006	2230	0,001732205212248382	2230	0
2232	-641,21670000000006	2232	0,0014435043435403183	2232	0
2234	-641,21670000000006	2234	0,0012029202862835987	2234	0
2236	-641,21670000000006	2236	0,001002433571902999	2236	0
2238	-641,2168	2238	-0,0074979720213223288	2238	0
2240	-641,21670000000006	2240	0,0020850233134728866	2240	0
2242	-641,2168	2242	-0,0065958139033474219	2242	0
2244	-641,21670000000006	2244	0,0028368217451186428	2244	0
2246	-641,21670000000006	2246	0,0023640181209322025	2246	0
2248	-641,21670000000006	2248	0,0019700151007768355	2248	0
2250	-641,21670000000006	2250	0,0016416792506473629	2250	0
2252	-641,21670000000006	2252	0,0013680660422061358	2252	0
2254	-641,2168	2254	-0,0071932782960697148	2254	0
2256	-641,2168	2256	-0,0059943985800580959	2256	0
2258	-641,2168	2258	-0,0049953321500484137	2258	0
2260	-641,21670000000006	2260	0,0041705565395344828	2260	0
2262	-641,21670000000006	2262	0,0034754637829454023	2262	0
2264	-641,21670000000006	2264	0,0028962198191211687	2264	0
2266	-641,21670000000006	2266	0,0024135165159343075	2266	0
2268	-641,21670000000006	2268	0,0020112637632785898	2268	0
2270	-641,2168	2270	-0,0066572801951760028	2270	0
2272	-641,21670000000006	2272	0,0027855998352614916	2272	0
2274	-641,21670000000006	2274	0,002321333196051243	2274	0
2276	-641,21670000000006	2276	0,0019344443300427026	2276	0
2278	-641,2168	2278	-0,0067212963895392419	2278	0
2280	-641,21670000000006	2280	0,0027322530066254593	2280	0
2282	-641,21670000000006	2282	0,0022768775055212161	2282	0
2284	-641,21670000000006	2284	0,00189739792126768	2284	0
2286	-641,21670000000006	2286	0,0015811649343897335	2286	0
2288	-641,2168	2288	-0,0070156958859167165	2288	0
2290	-641,21670000000006	2290	0,0024869200929775641	2290	0
2292	-641,21670000000006	2292	0,0020724334108146369	2292	0
2294	-641,2166	2294	0,01006036118306093	2294	0
2296	-641,21670000000006	2296	5,0300978502042931E-05	2296	0
2298	-641,21670000000006	2298	4,1917482085035776E-05	2298	0
2300	-641,21670000000006	2300	3,4931235070863147E-05	2300	0
2302	-641,21670000000006	2302	2,9109362559052623E-05	2302	0
2304	-641,2168	2304	-0,00830907552910895	2304	0
2306	-641,2166	2306	0,0097424370643661	2306	0
2308	-641,21670000000006	2308	-0,00021463578707698119	2308	0
2310	-641,21670000000006	2310	-0,00017886315589748435	2310	0
2312	-641,21670000000006	2312	-0,00014905262991457029	2312	0
2314	-641,21670000000006	2314	-0,00012421052492880857	2314	0
2316	-641,21670000000006	2316	-0,00010350877077400715	2316	0
2318	-641,21670000000006	2318	-8,625730897833929E-05	2318	0
2320	-641,21670000000006	2320	-7,1881090815282742E-05	2320	0
2322	-641,21670000000006	2322	-5,990090901273562E-05	2322	0
2324	-641,21670000000006	2324	-4,9917424177279683E-05	2324	0
2326	-641,21670000000006	2326	-4,15978534810664E-05	2326	0
2328	-641,2168	2328	-0,0083679982091423837	2328	0
2330	-641,21670000000006	2330	0,0013600014902895073	2330	0
2332	-641,21670000000006	2332	0,0011333345752412563	2332	0
2334	-641,2168	2334	-0,007388887851873781	2334	0
2336	-641,2168	2336	-0,0061574065432281506	2336	0
2338	-641,21670000000006	2338	0,0032021612118847019	2338	0
2340	-641,21670000000006	2340	0,002668467676570585	2340	0
2342	-641,2168	2342	-0,0061096102674326729	2342	0
2344	-641,2168	2344	-0,005091341889527228	2344	0
2346	-641,2168	2346	-0,0042427849079393568	2346	0
2348	-641,21670000000006	2348	0,0047976792412920306	2348	0
2350	-641,21670000000006	2350	0,0039980660344100258	2350	0
2352	-641,2168	2352	-0,0050016116358998063	2352	0
2354	-641,21670000000006	2354	0,0041653236346583218	2354	0
2356	-641,2168	2356	-0,00486223030235956	2356	0
2358	-641,21670000000006	2358	0,0042814747459418608	2358	0
2360	-641,21670000000006	2360	0,0035678956216182176	2360	0
2362	-641,21670000000006	2362	0,0029732463513485147	2362	0
2364	-641,2168	2364	-0,0058556280384510651	2364	0
2366	-641,21670000000006	2366	0,00345364329919894	2366	0
2368	-641,21670000000006	2368	0,0028780360826657836	2368	0
2370	-641,2168	2370	-0,0059349699290200085	2370	0
2372	-641,21670000000006	2372	0,0033875250570581539	2372	0
2374	-641,21670000000006	2374	0,0028229375475484616	2374	0
2376	-641,2168	2376	-0,00598088537495111	2376	0
2378	-641,2168	2378	-0,004984071145792592	2378	0
2380	-641,2166	2380	0,012513274050463066	2380	0
2382	-641,21670000000006	2382	0,0020943950346704893	2382	0
2384	-641,2168	2384	-0,006588004135682753	2384	0
2386	-641,21670000000006	2386	0,0028433298848391996	2386	0
2388	-641,21670000000006	2388	0,0023694415706993332	2388	0
2390	-641,21670000000006	2390	0,0019745346422494446	2390	0
2392	-641,21670000000006	2392	0,0016454455352078706	2392	0
2394	-641,2168	2394	-0,0069621287185682688	2394	0
2396	-641,2168	2396	-0,005801773932140224	2396	0
2398	-641,2168	2398	-0,0048348116101168534	2398	0
2400	-641,21670000000006	2400	0,0043043236561441161	2400	0
2402	-641,21670000000006	2402	0,0035869363801200971	2402	0
2404	-641,21670000000006	2404	0,0029891136501000808	2404	0
2406	-641,21670000000006	2406	0,0024909280417500673	2406	0
2408	-641,21670000000006	2408	0,002075773368125056	2408	0
2410	-641,21670000000006	2410	0,0017298111401042133	2410	0
2412	-641,21670000000006	2412	0,0014415092834201778	2412	0
2414	-641,21670000000006	2414	0,0012012577361834816	2414	0
2416	-641,21670000000006	2416	0,0010010481134862348	2416	0
2418	-641,21670000000006	2418	0,000834206761238529	2418	0
2420	-641,21670000000006	2420	0,00069517230103210753	2420	0
2422	-641,21670000000006	2422	0,00057931025086008963	2422	0
2424	-641,2168	2424	-0,0078505747888580855	2424	0
2426	-641,21670000000006	2426	0,0017911876738597558	2426	0
2428	-641,21670000000006	2428	0,0014926563948831299	2428	0
2430	-641,2168	2430	-0,00708945300217222	2430	0
2432	-641,2168	2432	-0,0059078775018101834	2432	0
2434	-641,21670000000006	2434	0,0034101020797330083	2434	0
2436	-641,21670000000006	2436	0,0028417517331108403	2436	0
2438	-641,21670000000006	2438	0,0023681264442590336	2438	0
2440	-641,2168	2440	-0,0063598946276923	2440	0
2442	-641,21670000000006	2442	0,0030334211414979112	2442	0
2444	-641,21670000000006	2444	0,0025278509512482593	2444	0
2446	-641,21670000000006	2446	0,0021065424593735495	2446	0
2448	-641,21670000000006	2448	0,001755452049477958	2448	0
2450	-641,21670000000006	2450	0,0014628767078982985	2450	0
2452	-641,21670000000006	2452	0,001219063923248582	2452	0
2454	-641,21670000000006	2454	0,0010158866027071517	2454	0
2456	-641,21670000000006	2456	0,0008465721689226264	2456	0
2458	-641,21670000000006	2458	0,000705476807435522	2458	0
2460	-641,21670000000006	2460	0,00058789733952960169	2460	0
2462	-641,21670000000006	2462	0,00048991444960800148	2462	0
2464	-641,21670000000006	2464	0,00040826204134000125	2464	0
2466	-641,21670000000006	2466	0,00034021836778333437	2466	0
2468	-641,21670000000006	2468	0,000283515306486112	2468	0
2470	-641,21670000000006	2470	0,00023626275540509335	2470	0
2472	-641,21670000000006	2472	0,00019688562950424446	2472	0
2474	-641,2168	2474	-0,00816926197332129	2474	0
2476	-641,21670000000006	2476	0,001525615020140419	2476	0
2478	-641,21670000000006	2478	0,001271345850117016	2478	0
2480	-641,21670000000006	2480	0,0010594548750975134	2480	0
2482	-641,21670000000006	2482	0,00088287906258126118	2482	0
2484	-641,21670000000006	2484	0,000735732552151051	2484	0
2486	-641,2168	2486	-0,0077202228711156186	2486	0
2488	-641,2168	2488	-0,0064335190592630159	2488	0
2490	-641,21670000000006	2490	0,002972067448522314	2490	0
2492	-641,21670000000006	2492	0,002476722873768595	2492	0
2494	-641,21670000000006	2494	0,0020639357281404961	2494	0
2496	-641,21670000000006	2496	0,0017199464401170801	2496	0
2498	-641,21670000000006	2498	0,0014332887000975667	2498	0
2500	-641,21670000000006	2500	0,0011944072500813057	2500	0
2502	-641,21670000000006	2502	0,00099533937506775488	2502	0
2504	-641,2168	2504	-0,007503883852018365	2504	0
2506	-641,21670000000006	2506	0,0020800967878928569	2506	0
2508	-641,2168	2508	-0,0065999193413307806	2508	0
2510	-641,21670000000006	2510	0,0028334005467991769	2510	0
2512	-641,21670000000006	2512	0,0023611671223326474	2512	0
2514	-641,21670000000006	2514	0,00196763926861054	2514	0
2516	-641,2168	2516	-0,0066936339407327114	2516	0
2518	-641,2168	2518	-0,0055780282839439262	2518	0
2520	-641,21670000000006	2520	0,0036849764279548889	2520	0
2522	-641,2168	2522	-0,0052625196412790873	2522	0
2524	-641,21670000000006	2524	0,0039479002968422546	2524	0
2526	-641,2168	2526	-0,0050434164172062819	2526	0
2528	-641,21670000000006	2528	0,0041304863169029258	2528	0
2530	-641,2168	2530	-0,004891261400489056	2530	0
2532	-641,21670000000006	2532	0,0042572821641672807	2532	0
2534	-641,21670000000006	2534	0,0035477351368060676	2534	0
2536	-641,21670000000006	2536	0,00295644594733839	2536	0
2538	-641,21670000000006	2538	0,0024637049561153251	2538	0
2540	-641,21670000000006	2540	0,0020530874634294375	2540	0
2542	-641,21670000000006	2542	0,0017109062195245313	2542	0
2544	-641,2168	2544	-0,0069075781483043854	2544	0,0045000000000000005
2546	-641,21670000000006	2546	0,0025770182076545059	2546	0,018000000000000002
2548	-641,21670000000006	2548	0,0021475151730454218	2548	0,0405
2550	-641,2168	2550	-0,0065437373537036428	2550	0,072000000000000008
2552	-641,21670000000006	2552	0,0028802188698217922	2552	0,1125
2554	-641,21670000000006	2554	0,00240018239151816	2554	0,162
2556	-641,21670000000006	2556	0,0020001519929318	2556	0,2205
2558	-641,21670000000006	2558	0,0016667933274431667	2558	0,28800000000000003
2560	-641,21670000000006	2560	0,0013889944395359722	2560	0,3645000000000001
2562	-641,21670000000006	2562	0,001157495366279977	2562	0,45000000000000018
2564	-641,21670000000006	2564	0,00096457947189998081	2564	0,54450000000000032
2566	-641,21670000000006	2566	0,00080381622658331738	2566	0,64800000000000035
2568	-641,21670000000006	2568	0,00066984685548609785	2568	0,76050000000000051
2570	-641,21670000000006	2570	0,00055820571290508153	2570	0,88200000000000067
2572	-641,21670000000006	2572	0,00046517142742090131	2572	1,0125000000000008
2574	-641,21670000000006	2574	0,00038764285618408446	2574	1,152000000000001
2576	-641,21670000000006	2576	0,00032303571348673709	2576	1,3005000000000013
2578	-641,2166	2578	0,0086025297686210134	2578	1,4580000000000015
2580	-641,2166	2580	0,0071687748071841782	2580	1,6245000000000016
2582	-641,21670000000006	2582	-0,0023593543347285835	2582	1,8000000000000018
2584	-641,2164	2584	0,023033871390924568	2584	1,9845000000000024
2586	-641,2164	2586	0,019194892825770474	2586	2,1780000000000026
2588	-641,2164	2588	0,015995744021475397	2588	2,3805000000000027
2590	-641,2164	2590	0,013329786684562831	2590	2,5920000000000032
2592	-641,2165	2592	0,0027748222392275316	2592	2,8125000000000036
2594	-641,2163	2594	0,018979018528505934	2594	3,0420000000000038
2596	-641,2161	2596	0,032482515445711839	2596	3,280500000000004
2598	-641,2161	2598	0,027068762871426535	2598	3,5280000000000045
2600	-641,216	2600	0,030890635724096942	2600	3,7845000000000049
2602	-641,21580000000006	2602	0,042408863099230441	2602	4,0500000000000052
2604	-641,2156	2604	0,052007385921315596	2604	4,3245000000000058
2606	-641,2156	2606	0,043339488267763	2606	4,6080000000000059
2608	-641,2155	2608	0,044449573554377328	2608	4,9005000000000072
2610	-641,2152	2610	0,062041311298512827	2610	5,2020000000000071
2612	-641,2151	2612	0,060034426080002187	2612	5,5125000000000082
2614	-641,21490000000006	2614	0,0666953550624848	2614	5,8320000000000078
2616	-641,2147	2616	0,072246129224027567	2616	6,1605000000000087
2618	-641,2145	2618	0,076871774349172639	2618	6,4980000000000091
2620	-641,2142	2620	0,089059811960842256	2620	6,8445000000000089
2622	-641,2138	2622	0,10754984330180843	2622	7,2000000000000108
2624	-641,21340000000009	2624	0,12295820274313968	2624	7,5645000000000113
2626	-641,2129	2626	0,14413183562777168	2626	7,9380000000000113
2628	-641,2124	2628	0,16177652968882444	2628	8,3205000000000116
2630	-641,212	2630	0,16814710807512692	2630	8,7120000000000122
2632	-641,21120000000008	2632	0,20678925672201165	2632	9,1125000000000131
2634	-641,2106	2634	0,22232438060807314	2634	9,5220000000000127
2636	-641,20980000000009	2636	0,25193698383280017	2636	9,9405000000000161
2638	-641,2088	2638	0,29328081986817012	2638	10,361350596345153
2640	-641,2077	2640	0,33606734988607934	2640	10,773378733769009
2642	-641,2068	2642	0,3550561249051874	2642	11,176406871192867
2644	-641,2055	2644	0,40421343742221733	2644	11,570435008616723
2646	-641,2042	2646	0,44517786451974223	2646	11,95546314604058
2648	-641,2027	2648	0,495981553763496	2648	12,331491283464437
2650	-641,2009	2650	0,56331796146982249	2650	12,698519420888296
2652	-641,1991	2652	0,619431634558428	2652	13,05654755831215
2654	-641,1973	2654	0,6661930287989325	2654	13,405575695736008
2656	-641,19490000000008	2656	0,75516085732960914	2656	13,745603833159866
2658	-641,1925	2658	0,82930071444798026	2658	14,076631970583723
2660	-641,18990000000008	2660	0,90775059536629865	2660	14,398660108007579
2662	-641,18680000000006	2662	1,0147921628067191	2662	14,711688245431436
2664	-641,1837	2664	1,1039934690070696	2664	15,015716382855294
2666	-641,1802	2666	1,211661224175135	2666	15,310744520279151
2668	-641,17640000000006	2668	1,3263843534755806	2668	15,596772657703005
2670	-641,1724	2670	1,4386536278979087	2670	15,873800795126861
2672	-641,16730000000007	2672	1,6238780232457866	2672	16,14182893255072
2674	-641,16140000000007	2674	1,8448983527045644	2674	16,400857069974577
2676	-641,1548	2676	2,0874152939245176	2676	16,650885207398431
2678	-641,14780000000007	2678	2,3228460782661111	2678	16,891913344822289
2680	-641,1402	2680	2,5690383985571694	2680	17,123941482246146
2682	-641,1322	2682	2,8075319988008243	2682	17,346969619670002
2684	-641,1227	2684	3,1312766656675808	2684	17,560997757093858
2686	-641,1086	2686	3,7843972213883923	2686	17,766025894517718
2688	-641,0901	2688	4,6953310178251009	2688	17,962054031941573
2690	-641,0698	2690	5,6044425148559327	2690	18,149082169365428
2692	-641,04860000000008	2692	6,43703542903894	2692	18,327110306789287
2694	-641,02600000000007	2694	7,2475295242000559	2694	18,496138444213145
2696	-641,00290000000007	2696	7,9646079368333345	2696	18,656166581637002
2698	-640,97890000000007	2698	8,63717328069452	2698	18,80719471906086
2700	-640,9541	2700	9,2643110672477231	2700	18,949222856484717
2702	-640,9271	2702	9,970259222710073	2702	19,082250993908573
2704	-640,89510000000007	2704	10,975216018918847	2704	19,206279131332426
2706	-640,8542	2706	12,554346682438936	2706	19,321307268756286
2708	-640,80270000000007	2708	14,753622235359035	2708	19,427335406180141
2710	-640,74250000000006	2710	17,311351862799938	2710	19,524363543603997
2712	-640,6769	2712	19,892793219001419	2712	19,612391681027852
2714	-640,6079	2714	22,327327682507324	2714	19,69141981845171
2716	-640,5376	2716	24,464439735420662	2716	19,761447955875568
2718	-640,4665	2718	26,312033112850656	2718	19,822476093299422
2720	-640,3959	2720	27,810027594043305	2720	19,874504230723279
2722	-640,3261	2722	28,991689661701631	2722	19,917532368147135
2724	-640,25790000000006	2724	29,843074718079144	2724	19,951560505570992
2726	-640,1921	2726	30,352562265072713	2726	19,976588642994848
2728	-640,12830000000008	2728	30,610468554219015	2728	19,992616780418707
2730	-640,066	2730	30,70039046185336	2730	19,999644917842563
2732	-640,00510000000008	2732	30,658658718206706	2732	20
2734	-639,9457	2734	30,49888226518026	2734	20
2736	-639,888	2736	30,224068554313078	2736	20
2738	-639,8318	2738	29,870057128593384	2738	20
2740	-639,7775	2740	29,41671427382882	2740	20
2742	-639,7254	2742	28,855595228190335	2742	20
2744	-639,6743	2744	28,304662690160235	2744	20
2746	-639,62430000000006	2746	27,75388557512974	2746	20
2748	-639,5759	2748	27,161571312609375	2748	20
2750	-639,52780000000007	2750	26,642976093839206	2750	20
2752	-639,4804	2752	26,152480078202569	2752	20
2754	-639,43360000000007	2754	25,693733398498974	2754	20
2756	-639,3875	2756	25,253111165417813	2756	20
2758	-639,3419	2758	24,844259304517831	2758	20
2760	-639,2965	2760	24,486882753762554	2760	20
2762	-639,2516	2762	24,147402294800813	2762	20
2764	-639,2069	2764	23,847835245670211	2764	20
2766	-639,1624	2766	23,581529371389419	2766	20
2768	-639,1182	2768	23,334607809495033	2768	20
2770	-639,0741	2770	23,120506507909	2770	20
2772	-639,03050000000007	2772	22,900422089921619	2772	20
2774	-638,9867	2774	22,73368507493743	2774	20
2776	-638,9425	2776	22,628070895785044	2776	20
2778	-638,8985	2778	22,523392413152763	2778	20
2780	-638,8545	2780	22,436160344292528	2780	20
2782	-638,8103	2782	22,380133620247626	2782	20
2784	-638,7662	2784	22,325111350202825	2784	20
2786	-638,7222	2786	22,270926125167581	2786	20
2788	-638,678	2788	22,242438437643504	2788	20
2790	-638,6332	2790	22,268698698037024	2790	20
2792	-638,5887	2792	22,265582248361763	2792	20
2794	-638,5443	2794	22,254651873634469	2794	20
2796	-638,49970000000008	2796	22,262209894690873	2796	20
2798	-638,455	2798	22,276841578911927	2798	20
2800	-638,4106	2800	22,264034649092938	2800	20
2802	-638,3664	2802	22,236695540914635	2802	20
2804	-638,32210000000009	2804	22,222246284087813	2804	20
2806	-638,27780000000007	2806	22,210205236741604	2806	20
2808	-638,2337	2808	22,18350436395728	2808	20
2810	-638,1892	2810	22,194586969961975	2810	20
2812	-638,1452	2812	22,162155808300206	2812	20
2814	-638,10120000000006	2814	22,13512984024873	2814	20
2816	-638,05670000000009	2816	22,154274866871518	2816	20
2818	-638,0117	2818	22,211895722398996	2818	20
2820	-637,9664	2820	22,284913101998953	2820	20
2822	-637,9212	2822	22,337427585001006	2822	20
2824	-637,876	2824	22,381189654169383	2824	20
2826	-637,83080000000007	2826	22,41765804513356	2826	20
2828	-637,7858	2828	22,431381704284032	2828	20
2830	-637,7405	2830	22,467818086903151	2830	20
2832	-637,6957	2832	22,456515072420064	2832	20
2834	-637,6503	2834	22,497095893681085	2834	20
2836	-637,6044	2836	22,572579911397614	2836	20
2838	-637,559	2838	22,593816592838518	2838	20
2840	-637,5132	2840	22,644847160697569	2840	20
2842	-637,4675	2842	22,679039300582204	2842	20
2844	-637,4222	2844	22,674199417151627	2844	20
2846	-637,3767	2846	22,686832847621961	2846	20
2848	-637,3315	2848	22,672360706353512	2848	20
2850	-637,2862	2850	22,66863392196105	2850	20
2852	-637,241	2852	22,657194934969421	2852	20
2854	-637,195	2854	22,714329112469137	2854	20
2856	-637,1497	2856	22,703607593724072	2856	20
2858	-637,10390000000007	2858	22,73633966143553	2858	20
2860	-637,0582	2860	22,755283051197171	2860	20
2862	-637,0126	2862	22,76273587600063	2862	20
2864	-636,9672	2864	22,752279896664888	2864	20
2866	-636,9215	2866	22,768566580554971	2866	20
2868	-636,8758	2868	22,78213881713004	2868	20
2870	-636,8306	2870	22,751782347610245	2870	20
2872	-636,7858	2872	22,693151956342643	2872	20
2874	-636,7413	2874	22,619293296949778	2874	20
2876	-636,69720000000007	2876	22,524411080787953	2876	20
2878	-636,6531	2878	22,445342567329234	2878	20
2880	-636,609	2880	22,3794521394375	2880	20
2882	-636,5648	2882	22,332876782868436	2882	20
2884	-636,52060000000006	2884	22,294063985718072	2884	20
2886	-636,47700000000009	2886	22,211719988095847	2886	20
2888	-636,4331	2888	22,16809999009	2888	20
2890	-636,389	2890	22,148416658404802	2890	20
2892	-636,3452	2892	22,107013882006747	2892	20
2894	-636,30140000000006	2894	22,072511568332228	2894	20
2896	-636,25740000000008	2896	22,060426306942084	2896	20
2898	-636,21340000000009	2898	22,050355255783629	2898	20
2900	-636,1697	2900	22,016962713157859	2900	20
2902	-636,1262	2902	21,972468927631095	2902	20
2904	-636,0829	2904	21,918724106362973	2904	20
2906	-636,0397	2906	21,865603421965492	2906	20
2908	-635,99660000000006	2908	21,813002851636348	2908	20
2910	-635,9537	2910	21,752502376366245	2910	20
2912	-635,91100000000006	2912	21,685418646969204	2912	20
2914	-635,8689	2914	21,579515539141411	2914	20
2916	-635,8268	2916	21,49126294928492	2916	20
2918	-635,78550000000007	2918	21,35105245773563	2918	20
2920	-635,7446	2920	21,20087704811959	2920	20
2922	-635,7038	2922	21,067397540098842	2922	20
2924	-635,6633	2924	20,931164616745018	2924	20
2926	-635,6231	2926	20,792637180623107	2926	20
2928	-635,5825	2928	20,710530983855953	2928	20
2930	-635,5421	2930	20,625442486544703	2930	20
2932	-635,5023	2932	20,504535405455069	2932	20
2934	-635,46260000000007	2934	20,395446171206327	2934	20
2936	-635,4231	2936	20,287871809346033	2936	20
2938	-635,3839	2938	20,173226507783117	2938	20
2940	-635,3451	2940	20,044355423155721	2940	20
2942	-635,3069	2942	19,886962852626493	2942	20
2944	-635,26830000000007	2944	19,789135710519908	2944	20
2946	-635,2305	2946	19,640946425438351	2946	20
2948	-635,1924	2948	19,542455354530777	2948	20
2950	-635,1543	2950	19,4603794621078	2950	20
2952	-635,1164	2952	19,375316218426168	2952	20
2954	-635,07850000000008	2954	19,304430182015334	2954	20
2956	-635,0406	2956	19,245358485015778	2956	20
2958	-635,0026	2958	19,204465404180727	2958	20
2960	-634,9648	2960	19,1537211701557	2960	20
2962	-634,92720000000008	2962	19,094767641786746	2962	20
2964	-634,8889	2964	19,103973034826396	2964	20
2966	-634,85030000000006	2966	19,136644195686497	2966	20
2968	-634,81180000000006	2968	19,155536829738672	2968	20
2970	-634,77330000000006	2970	19,171280691448818	2970	20
2972	-634,7347	2972	19,192733909547989	2972	20
2974	-634,696	2974	19,218944924619066	2974	20
2976	-634,6571	2976	19,257454103850254	2976	20
2978	-634,618	2978	19,306211753205393	2978	20
2980	-634,57810000000006	2980	19,413509794336889	2980	20
2982	-634,5379	2982	19,527924828616332	2982	20
2984	-634,4978	2984	19,614937357184626	2984	20
2986	-634,4574	2986	19,712447797651929	2986	20
2988	-634,4169	2988	19,802039831372589	2988	20
2990	-634,37650000000008	2990	19,8683665261419	2990	20
2992	-634,3356	2992	19,965305438458149	2992	20
2994	-634,2947	2994	20,04608786537888	2994	20
2996	-634,2539	2996	20,105073221148249	2996	20
2998	-634,21300000000008	2998	20,162561017620629	2998	20
3000	-634,172	3000	20,218800848021662	3000	20
3002	-634,13110000000006	3002	20,257334040015142	3002	20
3004	-634,0904	3004	20,272778366680559	3004	20
3006	-634,0494	3006	20,310648638904937	3006	20
3008	-634,00870000000009	3008	20,317207199079249	3008	20
3010	-633,9683	3010	20,297672665906926	3010	20
3012	-633,92820000000006	3012	20,256393888250649	3012	20
3014	-633,88790000000006	3014	20,238661573542377	3014	20
3016	-633,847	3016	20,273884644625213	3016	20
3018	-633,806	3018	20,311570537182678	3018	20
3020	-633,76510000000007	3020	20,334642114315987	3020	20
3022	-633,7241	3022	20,362201761934461	3022	20
3024	-633,68260000000009	3024	20,426834801606063	3024	20
3026	-633,6412	3026	20,472362334677296	3026	20
3028	-633,59980000000007	3028	20,510301945560521	3028	20
3030	-633,55860000000007	3030	20,525251621300722	3030	20
3032	-633,5168	3032	20,587709684423952	3032	20
3034	-633,474	3034	20,723091403681867	3034	20
3036	-633,4324	3036	20,735909503069617	3036	20
3038	-633,3907	3038	20,754924585890649	3038	20
3040	-633,34930000000008	3040	20,745770488238314	3040	20
3042	-633,3079	3042	20,738142073537507	3042	20
3044	-633,2667	3044	20,715118394614876	3044	20
3046	-633,2249	3046	20,745931995509611	3046	20
3048	-633,1831	3048	20,771609996264694	3048	20
3050	-633,1418	3050	20,751341663552108	3050	20
3052	-633,1006	3052	20,726118052960377	3052	20
3054	-633,0592	3054	20,721765044129754	3054	20
3056	-633,01740000000007	3056	20,75147087010534	3056	20
3058	-632,9755	3058	20,78455905842571	3058	20
3060	-632,93360000000007	3060	20,812132548683213	3060	20
3062	-632,8916	3062	20,843443790571847	3062	20
3064	-632,84980000000007	3064	20,852869825473753	3064	20
3066	-632,8081	3066	20,852391521236907	3066	20
3068	-632,76650000000006	3068	20,843659601022676	3068	20
3070	-632,7251	3070	20,819716334191142	3070	20
3072	-632,6835	3072	20,816430278494014	3072	20
3074	-632,64190000000008	3074	20,813691898736931	3074	20
3076	-632,60020000000009	3076	20,819743248946743	3076	20
3078	-632,55860000000007	3078	20,816452707457014	3078	20
3080	-632,517	3080	20,813710589548908	3080	20
3082	-632,47520000000009	3082	20,828092157954636	3082	20
3084	-632,43360000000007	3084	20,823410131630258	3084	20
3086	-632,3922	3086	20,802841776364126	3086	20
3088	-632,3508	3088	20,785701480299544	3088	20
3090	-632,30910000000006	3090	20,796417900248922	3090	20
3092	-632,2671	3092	20,830348250209937	3092	20
3094	-632,2255	3094	20,825290208509678	3094	20
3096	-632,18410000000006	3096	20,804408507087505	3096	20
3098	-632,143	3098	20,762007089241969	3098	20
3100	-632,1018	3100	20,735005907701929	3100	20
3102	-632,06000000000006	3102	20,762504923082155	3102	20
3104	-632,018	3104	20,802087435904298	3104	20
3106	-631,97620000000006	3106	20,818406196584128	3106	20
3108	-631,9343	3108	20,840338497158037	3108	20
3110	-631,8923	3110	20,8669487476342	3110	20
3112	-631,8501	3112	20,905790623026821	3112	20
3114	-631,80770000000007	3114	20,954825519183149	3114	20
3116	-631,7659	3116	20,945687932659308	3116	20
3118	-631,724	3118	20,946406610544543	3118	20
3120	-631,6823	3120	20,930338842119756	3120	20
3122	-631,6404	3122	20,933615701771057	3122	20
3124	-631,5987	3124	20,919679751475183	3124	20
3126	-631,5575	3126	20,866399792896274	3126	20
3128	-631,5162	3128	20,830333160745091	3128	20
3130	-631,4751	3130	20,78361096728996	3130	20
3132	-631,4343	3132	20,71967580607415	3132	20
3134	-631,39370000000008	3134	20,649729838389018	3134	20
3136	-631,3532	3136	20,583108198662973	3136	20
3138	-631,31270000000006	3138	20,52759016554846	3138	20
3140	-631,27230000000009	3140	20,472991804621792	3140	20
3142	-631,23210000000006	3142	20,410826503853752	3142	20
3144	-631,19270000000006	3144	20,29235541987817	3144	20
3146	-631,1531	3146	20,210296183237148	3146	20
3148	-631,11380000000008	3148	20,11691348602362	3148	20
3150	-631,075	3150	19,997427905022807	3150	20
3152	-631,0362	3152	19,897856587522131	3152	20
3154	-630,9977	3154	19,7898804896017	3154	20
3156	-630,9595	3156	19,674900407998141	3156	20
3158	-630,922	3158	19,520750340000344	3158	20
3160	-630,88470000000007	3160	19,375625283330226	3160	20
3162	-630,8477	3162	19,2296877361114	3162	20
3164	-630,8106	3164	19,116406446760291	3164	20
3166	-630,7734	3166	19,030338705632271	3166	20
3168	-630,73610000000008	3168	18,966948921356831	3168	20
3170	-630,69900000000007	3170	18,897457434464815	3170	20
3172	-630,66190000000006	3172	18,8395478620548	3172	20
3174	-630,62470000000008	3174	18,799623218377697	3174	20
3176	-630,58760000000007	3176	18,758019348648869	3176	20
3178	-630,5508	3178	18,698349457214455	3178	20
3180	-630,5137	3180	18,673624547679502	3180	20
3182	-630,4767	3182	18,644687123059658	3182	20
3184	-630,4392	3184	18,662239269218276	3184	20
3186	-630,4017	3186	18,676866057683792	3186	20
3188	-630,36390000000006	3188	18,714055048065447	3188	20
3190	-630,326	3190	18,753379206724208	3190	20
3192	-630,288	3192	18,794482672271084	3192	20
3194	-630,2498	3194	18,845402226889295	3194	20
3196	-630,2111	3196	18,929501855746295	3196	20
3198	-630,1722	3198	19,016251546456278	3198	20
3200	-630,1323	3200	19,171876288712625	3200	20
3202	-630,0927	3202	19,276563573923049	3202	20
3204	-630,053	3204	19,372136311605786	3204	20
3206	-630,01330000000007	3206	19,451780259665259	3206	20
3208	-629,97340000000008	3208	19,534816883053445	3208	20
3210	-629,9331	3210	19,637347402554177	3210	20
3212	-629,8926	3212	19,739456168791129	3212	20
3214	-629,8524	3214	19,7995468073282	3214	20
3216	-629,81270000000006	3216	19,807955672767267	3216	20
3218	-629,7726	3218	19,848296393977073	3218	20
3220	-629,73250000000007	3220	19,881913661642436	3220	20
3222	-629,69270000000006	3222	19,884928051369847	3222	20
3224	-629,65280000000007	3224	19,895773376140603	3224	20
3226	-629,6128	3226	19,913144480123613	3226	20
3228	-629,5725	3228	19,952620400103179	3228	20
3230	-629,53230000000008	3230	19,977183666745436	3230	20
3232	-629,49240000000009	3232	19,97265305562026	3232	20
3234	-629,45220000000006	3234	19,993877546352476	3234	20
3236	-629,41190000000006	3236	20,0198979552939	3236	20
3238	-629,3714	3238	20,058248296083708	3238	20
3240	-629,331	3240	20,081873580067832	3240	20
3242	-629,29040000000009	3242	20,118227983383754	3242	20
3244	-629,2496	3244	20,165189986161785	3244	20
3246	-629,2083	3246	20,245991655133018	3246	20
3248	-629,1669	3248	20,321659712606955	3248	20
3250	-629,126	3250	20,343049760512361	3250	20
3252	-629,085	3252	20,3692081337553	3252	20
3254	-629,0434	3254	20,441006778130813	3254	20
3256	-629,0016	3256	20,517505648439556	3256	20
3258	-628,96	3258	20,564588040367692	3258	20
3260	-628,9185	3260	20,59549003364323	3260	20
3262	-628,8776	3262	20,571241694699783	3262	20
3264	-628,8363	3264	20,584368078914682	3264	20
3266	-628,7951	3266	20,586973399095857	3266	20
3268	-628,7537	3268	20,605811165918791	3268	20
3270	-628,7119	3270	20,65484263826287	3270	20
3272	-628,6704	3272	20,67070219855588	3272	20
3274	-628,62880000000007	3274	20,692251832121819	3274	20
3276	-628,587	3276	20,726876526774866	3276	20
3278	-628,5452	3278	20,755730438976268	3278	20
3280	-628,5034	3280	20,779775365810771	3280	20
3282	-628,4614	3282	20,816479471511478	3282	20
3284	-628,4192	3284	20,863732892924553	3284	20
3286	-628,3768	3286	20,919777410774071	3286	20
3288	-628,33480000000009	3288	20,933147842304752	3288	20
3290	-628,2927	3290	20,952623201930511	3290	20
3292	-628,2504	3292	20,985519334938317	3292	20
3294	-628,2082	3294	21,004599445780251	3294	20
3296	-628,1661	3296	21,012166204817284	3296	20
3298	-628,12430000000006	3298	20,993471837344948	3298	20
3300	-628,0824	3300	20,986226531125386	3300	20
3302	-628,0402	3302	21,005188775936141	3302	20
3304	-627,998	3304	21,020990646611772	3304	20
3306	-627,95580000000007	3306	21,034158872174796	3306	20
3308	-627,91370000000006	3308	21,036799060146073	3308	20
3310	-627,8715	3310	21,047332550129518	3310	20
3312	-627,82940000000008	3312	21,047777125098868	3312	20
3314	-627,7874	3314	21,039814270918225	3314	20
3316	-627,7459	3316	20,991511892435341	3316	20
3318	-627,7042	3318	20,967926577028752	3318	20
3320	-627,6629	3320	20,914938814188822	3320	20
3322	-627,62160000000006	3322	20,870782345155547	3322	20
3324	-627,5801	3324	20,850651954299778	3324	20
3326	-627,53860000000009	3326	20,833876628577162	3326	20
3328	-627,49750000000006	3328	20,786563857150018	3328	20
3330	-627,45670000000007	3330	20,722136547624196	3330	20
3332	-627,41640000000007	3332	20,626780456353664	3332	20
3334	-627,3762	3334	20,538983713630312	3334	20
3336	-627,336	3336	20,465819761360851	3336	20
3338	-627,2966	3338	20,338183134467421	3338	20
3340	-627,2572	3340	20,231819278722895	3340	20
3342	-627,21800000000007	3342	20,126516065597169	3342	20
3344	-627,1789	3344	20,030430054670628	3344	20
3346	-627,1398	3346	19,950358378889039	3346	20
3348	-627,101	3348	19,858631982410657	3348	20
3350	-627,063	3350	19,715526652009792	3350	20
3352	-627,0255	3352	19,554605543343389	3352	20
3354	-626,9885	3354	19,378837952779563	3354	20
3356	-626,9521	3356	19,182364960655594	3356	20
3358	-626,9156	3358	19,02697080054072	3358	20
3360	-626,8798	3360	18,839142333783492	3360	20
3362	-626,8438	3362	18,69928527815776	3362	20
3364	-626,8082	3364	18,549404398459071	3364	20
3366	-626,7726	3366	18,424503665386304	3366	20
3368	-626,7365	3368	18,362086387824679	3368	20
3370	-626,7007000000001	3370	18,285071989843985	3370	20
3372	-626,6649	3372	18,220893324879022	3372	20
3374	-626,62920000000008	3374	18,159077770724696	3374	20
3376	-626,594	3376	18,06589814227322	3376	20
3378	-626,55860000000007	3378	18,00491511855947	3378	20
3380	-626,52320000000009	3380	17,954095932131345	3380	20
3382	-626,4878	3382	17,911746610117383	3382	20
3384	-626,4523	3384	17,884788841760848	3384	20
3386	-626,4175	3386	17,803990701468905	3386	20
3388	-626,3827	3388	17,736658917892285	3388	20
3390	-626,3473	3390	17,730549098242026	3390	20
3392	-626,312	3392	17,717124248535569	3392	20
3394	-626,27690000000007	3394	17,68927020710823	3394	20
3396	-626,2417	3396	17,674391839259496	3396	20
3398	-626,2061	3398	17,695326532719992	3398	20
3400	-626,17050000000006	3400	17,712772110594265	3400	20
3402	-626,1349	3402	17,727310092165631	3402	20
3404	-626,0987	3404	17,789425076805358	3404	20
3406	-626,062	3406	17,882854230670812	3406	20
3408	-626,0252	3408	17,969045192223266	3408	20
3410	-625,9881	3410	18,065870993520178	3410	20
3412	-625,9503	3412	18,204892494605243	3412	20
3414	-625,9126	3414	18,312410412168745	3414	20
3416	-625,87470000000008	3416	18,418675343467484	3416	20
3418	-625,83660000000009	3418	18,523896119555054	3418	20
3420	-625,7981	3420	18,644913432971943	3420	20
3422	-625,7598	3422	18,729094527471254	3422	20
3424	-625,7215	3424	18,799245439563485	3424	20
3426	-625,6833	3426	18,849371199632962	3426	20
3428	-625,6448	3428	18,916142666360727	3428	20
3430	-625,6064	3430	18,963452221969291	3430	20
3432	-625,56770000000006	3432	19,027876851636819	3432	20
3434	-625,5285	3434	19,123230709701581	3434	20
3436	-625,4895	3436	19,186025591416922	3436	20
3438	-625,45040000000006	3438	19,246687992844283	3438	20
3440	-625,4106	3440	19,355573327371388	3440	20
3442	-625,3699	3442	19,5213111061441	3442	20
3444	-625,32850000000008	3444	19,717759255116189	3444	20
3446	-625,2872	3446	19,873132712604495	3446	20
3448	-625,2463	3448	19,969277260500835	3448	20
3450	-625,20580000000007	3450	20,016064383746677	3450	20
3452	-625,1651	3452	20,071720319790174	3452	20
3454	-625,124	3454	20,151433599827527	3454	20
3456	-625,0827	3456	20,234527999854468	3456	20
3458	-625,0411	3458	20,328773333213451	3458	20
3460	-624,9992	3460	20,432311111015803	3460	20
3462	-624,957	3462	20,543592592511487	3462	20
3464	-624,9142	3464	20,686327160421481	3464	20
3466	-624,87100000000009	3466	20,838605967014246	3466	20
3468	-624,8283	3468	20,923838305852012	3468	20
3470	-624,78550000000007	3470	21,003198588205251	3470	20
3472	-624,7426	3472	21,077665490173665	3472	20
3474	-624,69900000000007	3474	21,198054575142173	3474	20
3476	-624,65510000000006	3476	21,323378812619129	3476	20
3478	-624,6118	3478	21,377815677186337	3478	20
3480	-624,5684	3480	21,431513064323585	3480	20
3482	-624,52500000000009	3482	21,476260886928486	3482	20
3484	-624,4817	3484	21,505217405777469	3484	20
3486	-624,4382	3486	21,546014504814103	3486	20
3488	-624,39470000000006	3488	21,580012087344631	3488	20
3490	-624,35110000000009	3490	21,616676739451311	3490	20
3492	-624,3074	3492	21,655563949547595	3492	20
3494	-624,2637	3494	21,687969957961165	3494	20
3496	-624,22030000000007	3496	21,689974964959802	3496	20
3498	-624,1774	3498	21,649979137469124	3498	20
3500	-624,1344	3500	21,624982614558135	3500	20
3502	-624,09120000000007	3502	21,620818845461461	3502	20
3504	-624,0479	3504	21,625682371221611	3504	20
3506	-624,00520000000006	3506	21,579735309348674	3506	20
3508	-623,9622	3508	21,566446091124426	3508	20
3510	-623,91960000000006	3510	21,522038409269783	3510	20
3512	-623,8766	3512	21,518365341058686	3512	20
3514	-623,8337	3514	21,506971117551526	3514	20
3516	-623,7907	3516	21,505809264626805	3516	20
3518	-623,7474	3518	21,5298410538594	3518	20
3520	-623,7039	3520	21,566534211549047	3520	20
3522	-623,6603	3522	21,605445176288328	3522	20
3524	-623,6168	3524	21,629537646906485	3524	20
3526	-623,5735	3526	21,632948039092465	3526	20
3528	-623,5303	3528	21,627456699240067	3528	20
3530	-623,4873	3530	21,606213916033923	3530	20
3532	-623,4448	3532	21,546844930029785	3532	20
3534	-623,40240000000006	3534	21,489037441685621	3534	20
3536	-623,3601	3536	21,432531201410384	3536	20
3538	-623,31770000000006	3538	21,393776001169453	3538	20
3540	-623,27500000000009	3540	21,386480000971876	3540	20
3542	-623,2322	3542	21,388733334147943	3542	20
3544	-623,18990000000008	3544	21,348944445119514	3544	20
3546	-623,14730000000009	3546	21,340787037599021	3546	20
3548	-623,10470000000009	3548	21,333989197998612	3548	20
3550	-623,0623	3550	21,311657665002453	3550	20
3552	-623,0195	3552	21,32638138750676	3552	20
3554	-622,9765	3554	21,355317822922832	3554	20
3556	-622,93410000000006	3556	21,329431519096492	3556	20
3558	-622,89190000000008	3558	21,291192932578728	3558	20
3560	-622,85	3560	21,234327443820202	3560	20
3562	-622,8081	3562	21,186939536521429	3562	20
3564	-622,7666	3564	21,114116280428536	3564	20
3566	-622,72530000000006	3566	21,036763567021975	3566	20
3568	-622,6838	3568	20,988969639188468	3568	20
3570	-622,643	3570	20,890808032656238	3570	20
3572	-622,6022	3572	20,809006693879383	3572	20
3574	-622,56180000000006	3574	20,707505578230894	3574	20
3576	-622,5218	3576	20,589587981865524	3576	20
3578	-622,48210000000006	3578	20,466323318215039	3578	20
3580	-622,4429	3580	20,321936098516765	3580	20
3582	-622,40420000000006	3582	20,159946748759715	3582	20
3584	-622,3654	3584	20,033288957302887	3584	20
3586	-622,327	3586	19,894407464421089	3586	20
3588	-622,2888	3588	19,762006220347633	3588	20
3590	-622,25110000000006	3590	19,610005183620739	3590	20
3592	-622,21350000000007	3592	19,475004319683755	3592	20
3594	-622,17630000000008	3594	19,329170266401828	3594	20
3596	-622,1399	3596	19,14097522200748	3596	20
3598	-622,1036	3598	18,975812685004808	3598	20
3600	-622,0678	3600	18,7965105708369	3600	20
3602	-622,03190000000006	3602	18,655425475694887	3602	20
3604	-621,9959	3604	18,546187896417258	3604	20
3606	-621,9595	3606	18,488489913677533	3606	20
3608	-621,923	3608	18,448741594735143	3608	20
3610	-621,8869	3610	18,382284662282046	3610	20
3612	-621,8507	3612	18,335237218569041	3612	20
3614	-621,81450000000007	3614	18,296031015465395	3614	20
3616	-621,7782	3616	18,271692512895878	3616	20
3618	-621,7417	3618	18,268077094074293	3618	20
3620	-621,7046	3620	18,3150642450627	3620	20
3622	-621,6675	3622	18,354220204219704	3622	20
3624	-621,63010000000008	3624	18,4118501701776	3624	20
3626	-621,5925	3626	18,476541808490612	3626	20
3628	-621,55500000000006	3628	18,522118173734597	3628	20
3630	-621,51740000000007	3630	18,5684318114453	3630	20
3632	-621,4793	3632	18,64869317621271	3632	20
3634	-621,441	3634	18,732244313505227	3634	20
3636	-621,4027000000001	3636	18,80187026124899	3636	20
3638	-621,364	3638	18,893225217712708	3638	20
3640	-621,32490000000007	3640	19,002687681424103	3640	20
3642	-621,2856	3642	19,110573067855555	3642	20
3644	-621,2464	3644	19,192144223217191	3644	20
3646	-621,207	3646	19,276786852681038	3646	20
3648	-621,1674	3648	19,363989043896726	3648	20
3650	-621,1276	3650	19,453324203248425	3650	20
3652	-621,0878	3652	19,52777016937484	3652	20
3654	-621,0476	3654	19,623141807814626	3654	20
3656	-621,0071	3656	19,727618173174839	3656	20
3658	-620,9665	3658	19,823015144315733	3658	20
3660	-620,9261	3660	19,885845953594519	3660	20
3662	-620,8857	3662	19,938204961326843	3662	20
3664	-620,84440000000006	3664	20,056837467770563	3664	20
3666	-620,803	3666	20,164031223147713	3666	20
3668	-620,7613	3668	20,278359352622395	3668	20
3670	-620,7199	3670	20,348632793848104	3670	20
3672	-620,67900000000009	3672	20,365527328203843	3672	20
3674	-620,6382000000001	3674	20,371272773502383	3674	20
3676	-620,5978	3676	20,342727311259537	3676	20
3678	-620,5572	3678	20,335606092719647	3678	20
3680	-620,5167	3680	20,32133841059569	3680	20
3682	-620,476	3682	20,32611534216435	3682	20
3684	-620,4358	3684	20,288429451805882	3684	20
3686	-620,3953	3686	20,282024543167552	3686	20
3688	-620,35480000000007	3688	20,276687119302277	3688	20
3690	-620,3141	3690	20,288905932753174	3690	20
3692	-620,2735	3692	20,290754943964345	3692	20
3694	-620,2327	3694	20,308962453302804	3694	20
3696	-620,1911	3696	20,3908020444204	3696	20
3698	-620,1499	3698	20,425668370350621	3698	20
3700	-620,1087	3700	20,454723641959141	3700	20
3702	-620,0678	3702	20,453936368296375	3702	20
3704	-620,0271	3704	20,436613640248254	3704	20
3706	-619,9865	3706	20,413844700210245	3706	20
3708	-619,9457	3708	20,411537250174387	3708	20
3710	-619,9049	3710	20,409614375144503	3710	20
3712	-619,8641	3712	20,408011979286268	3712	20
3714	-619,82300000000009	3714	20,431676649398131	3714	20
3716	-619,7821	3716	20,434730541171675	3716	20
3718	-619,7411	3718	20,4456087843142	3718	20
3720	-619,7005	3720	20,421340653589059	3720	20
3722	-619,6601	3722	20,384450544655625	3722	20
3724	-619,6196	3724	20,362042120551813	3724	20
3726	-619,57940000000008	3726	20,318368433785963	3726	20
3728	-619,5394	3728	20,265307028161413	3728	20
3730	-619,49970000000008	3730	20,19608919012828	3730	20
3732	-619,4604	3732	20,105074325109037	3732	20
3734	-619,4211	3734	20,029228604259668	3734	20
3736	-619,38200000000006	3736	19,94935717021324	3736	20
3738	-619,3431	3738	19,866130975178731	3738	20
3740	-619,30410000000006	3740	19,805109145981213	3740	20
3742	-619,2653	3742	19,737590954987468	3742	20
3744	-619,2268	3744	19,656325795822816	3744	20
3746	-619,1889	3746	19,538604829855348	3746	20
3748	-619,1511	3748	19,432170691541742	3748	20
3750	-619,113	3750	19,368475576283604	3750	20
3752	-619,0743	3752	19,365396313574884	3752	20
3754	-619,0349	3754	19,421163594645783	3754	20
3756	-618,9953	3756	19,484302995534016	3756	20
3758	-618,9556	3758	19,545252496281591	3758	20
3760	-618,9158	3760	19,60437708023581	3760	20
3762	-618,8757	3762	19,67864756685805	3762	20
3764	-618,83580000000006	3764	19,723872972380772	3764	20
3766	-618,79550000000006	3766	19,794894143650811	3766	20
3768	-618,7548	3768	19,887411786376951	3768	20
3770	-618,7138	3770	19,989509821985266	3770	20
3772	-618,6724	3772	20,107924851650495	3772	20
3774	-618,6308	3774	20,223270709710143	3774	20
3776	-618,5889	3776	20,344392258096381	3776	20
3778	-618,5465	3778	20,486993548407785	3778	20
3780	-618,5044	3780	20,580827957006896	3780	20
3782	-618,46250000000009	3782	20,6423566308342	3782	20
3784	-618,42050000000006	3784	20,701963859031004	3784	20
3786	-618,3787	3786	20,734969882532521	3786	20
3788	-618,3372	3788	20,737474902104449	3788	20
3790	-618,2963	3790	20,689562418426938	3790	20
3792	-618,2558	3792	20,616302015351764	3792	20
3794	-618,21580000000006	3794	20,513585012790106	3794	20
3796	-618,17640000000006	3796	20,377987510658468	3796	20
3798	-618,1372	3798	20,248322925552955	3798	20
3800	-618,0989	3800	20,065269104631572	3800	20
3802	-618,0612000000001	3802	19,86272425384788	3802	20
3804	-618,02410000000009	3804	19,643936878207356	3804	20
3806	-617,9876	3806	19,411614065176664	3806	20
3808	-617,9511	3808	19,218011720984421	3808	20
3810	-617,9144	3810	19,073343100820033	3810	20
3812	-617,878	3812	18,927785917346512	3812	20
3814	-617,84170000000006	3814	18,798154931120667	3814	20
3816	-617,8052	3816	18,706795775937756	3816	20
3818	-617,76920000000007	3818	18,588996479943507	3818	20
3820	-617,7333000000001	3820	18,482497066617057	3820	20
3822	-617,6967	3822	18,452080888858795	3822	20
3824	-617,6603	3824	18,410067407378815	3824	20
3826	-617,624	3826	18,366722839480921	3826	20
3828	-617,587	3828	18,388935699570315	3828	20
3830	-617,5501	3830	18,399113082970761	3830	20
3832	-617,51290000000006	3832	18,432594235807663	3832	20
3834	-617,4758	3834	18,452161863173842	3834	20
3836	-617,4385	3836	18,48513488598428	3836	20
3838	-617,40100000000007	3838	18,529279071645988	3838	20
3840	-617,3635	3840	18,566065893040218	3840	20
3842	-617,3257000000001	3842	18,621721577529133	3842	20
3844	-617,28770000000009	3844	18,684767981275186	3844	20
3846	-617,24930000000006	3846	18,770639984398006	3846	20
3848	-617,21080000000006	3848	18,850533320331596	3848	20
3850	-617,172	3850	18,942111100279455	3850	20
3852	-617,1332	3852	19,018425916902668	3852	20
3854	-617,094	3854	19,115354930746982	3854	20
3856	-617,0548	3856	19,196129108960047	3856	20
3858	-617,01560000000006	3858	19,263440924128126	3858	20
3860	-616,97620000000006	3860	19,336200770106817	3860	20
3862	-616,93680000000006	3862	19,396833975089059	3862	20
3864	-616,897	3864	19,480694979242035	3864	20
3866	-616,8565000000001	3866	19,608912482697679	3866	20
3868	-616,8159	3868	19,724093735584763	3868	20
3870	-616,77510000000007	3870	19,836744779653152	3870	20
3872	-616,7345	3872	19,913953983047659	3872	20
3874	-616,6934	3874	20,019961652542097	3874	20
3876	-616,65190000000007	3876	20,141634710445761	3876	20
3878	-616,6106	3878	20,22636225871247	3878	20
3880	-616,5693	3880	20,296968548925253	3880	20
3882	-616,5281	3882	20,347473790771332	3882	20
3884	-616,48660000000007	3884	20,414561492303456	3884	20
3886	-616,4449	3886	20,487134576928323	3886	20
3888	-616,4032	3888	20,547612147439573	3888	20
3890	-616,3614	3890	20,606343456196857	3890	20
3892	-616,3192	3892	20,688619546829035	3892	20
3894	-616,277	3894	20,757182955689181	3894	20
3896	-616,2346	3896	20,830985796411259	3896	20
3898	-616,1921	3898	20,9008214970109	3898	20
3900	-616,1498	3900	20,942351247505307	3900	20
3902	-616,1072	3902	21,001959372920517	3902	20
3904	-616,0644	3904	21,06829947743848	3904	20
3906	-616,02140000000009	3906	21,140249564523124	3906	20
3908	-615,9787	3908	21,175207970442745	3908	20
3910	-615,936	3910	21,204339975366288	3910	20
3912	-615,8929	3912	21,261949979470348	3912	20
3914	-615,8497	3914	21,318291649564443	3914	20
3916	-615,80680000000007	3916	21,340243041296855	3916	20
3918	-615,76330000000007	3918	21,408535867746924	3918	20
3920	-615,71980000000008	3920	21,465446556455316	3920	20
3922	-615,6766	3922	21,487872130385252	3922	20
3924	-615,63380000000006	3924	21,473226775316284	3924	20
3926	-615,591	3926	21,461022312768286	3926	20
3928	-615,5485	3928	21,425851927308422	3928	20
3930	-615,5062	3930	21,379876606086579	3930	20
3932	-615,4641	3932	21,324897171739224	3932	20
3934	-615,4222	3934	21,262414309787282	3934	20
3936	-615,3808	3936	21,168678591485509	3936	20
3938	-615,3395	3938	21,082232159569454	3938	20
3940	-615,2984	3940	20,993526799643593	3940	20
3942	-615,2574	3942	20,9112723330408	3942	20
3944	-615,2164	3944	20,842726944195665	3944	20
3946	-615,1753	3946	20,793939120165437	3946	20
3948	-615,1341	3948	20,761615933471486	3948	20
3950	-615,0933	3950	20,701346611225421	3950	20
3952	-615,0527	3952	20,634455509357881	3952	20
3954	-615,0119	3954	20,595379591130751	3954	20
3956	-614,9711	3956	20,562816325941476	3956	20
3958	-614,9303	3958	20,535680271617078	3958	20
3960	-614,88920000000007	3960	20,538066893007137	3960	20
3962	-614,84800000000007	3962	20,548389077506236	3962	20
3964	-614,8064	3964	20,590324231256592	3964	20
3966	-614,76470000000006	3966	20,633603526046461	3966	20
3968	-614,7228	3968	20,68633627170998	3968	20
3970	-614,681	3970	20,721946893088862	3970	20
3972	-614,639	3972	20,768289077576554	3972	20
3974	-614,59710000000007	3974	20,798574231308915	3974	20
3976	-614,5553	3976	20,815478526097447	3976	20
3978	-614,5136	3978	20,821232105080508	3978	20
3980	-614,4719	3980	20,826026754233059	3980	20
3982	-614,4302	3982	20,830022295193519	3982	20
3984	-614,38880000000006	3984	20,808351912657372	3984	20
3986	-614,3476	3986	20,773626593881431	3986	20
3988	-614,3063	3988	20,753022161575529	3988	20
3990	-614,265	3990	20,735851801311139	3990	20
3992	-614,2236	3992	20,729876501088722	3992	20
3994	-614,1829	3994	20,666563750908544	3994	20
3996	-614,1422	3996	20,613803125758395	3996	20
3998	-614,1015	3998	20,56983593813327	3998	20
4000	-614,0612000000001	4000	20,49986328176842	4000	20
4002	-614,0209	4002	20,441552734816657	4002	20
4004	-613,98160000000007	4004	20,309627279006545	4004	20
4006	-613,9425	4006	20,183022732511773	4006	20
4008	-613,904	4008	20,027518943759738	4008	20
4010	-613,8651	4010	19,931265786467481	4010	20
4012	-613,82670000000007	4012	19,809388155382109	4012	20
4014	-613,789	4014	19,649490129492278	4014	20
4016	-613,75150000000008	4016	19,499575107902654	4016	20
4018	-613,71440000000007	4018	19,341312589919667	4018	20
4020	-613,6774	4020	19,201093824935938	4020	20
4022	-613,6403	4022	19,092578187447405	4022	20
4024	-613,60380000000009	4024	18,952148489533897	4024	20
4026	-613,5678	4026	18,79345707461643	4026	20
4028	-613,53190000000006	4028	18,65288089551116	4028	20
4030	-613,4962	4030	18,519067412927619	4030	20
4032	-613,4613	4032	18,340889510772456	4032	20
4034	-613,4268	4034	18,159074592318188	4034	20
4036	-613,3925	4036	17,990895493591534	4036	20
4038	-613,3573	4038	17,92574624466225	4038	20
4040	-613,32210000000009	4040	17,871455203878373	4040	20
4042	-613,2867	4042	17,84287933657324	4042	20
4044	-613,2507	4044	17,869066113806412	4044	20
4046	-613,2151	4046	17,857555094842422	4046	20
4048	-613,1795	4048	17,847962579039095	4048	20
4050	-613,1438	4050	17,848302149191426	4050	20
4052	-613,10840000000007	4052	17,823585124324644	4052	20
4054	-613,0732	4054	17,786320936939841	4054	20
4056	-613,038	4056	17,755267447452507	4056	20
4058	-613,0034	4058	17,679389539539997	4058	20
4060	-612,9683	4060	17,65782461628806	4060	20
4062	-612,9328	4062	17,673187180236411	4062	20
4064	-612,8972	4064	17,694322650200753	4064	20
4066	-612,8614	4066	17,728602208500188	4066	20
4068	-612,8253	4068	17,782168507086251	4068	20
4070	-612,78870000000006	4070	17,868473755897508	4070	20
4072	-612,75150000000008	4072	17,990394796579952	4072	20
4074	-612,714	4074	18,116995663818521	4074	20
4076	-612,6762	4076	18,247496386520528	4076	20
4078	-612,6381	4078	18,381246988765923	4078	20
4080	-612,5996	4080	18,526039157304862	4080	20
4082	-612,561	4082	18,655032631085216	4082	20
4084	-612,5222	4084	18,779193859240802	4084	20
4086	-612,48390000000006	4086	18,840994882695302	4086	20
4088	-612,4455	4088	18,900829068914767	4088	20
4090	-612,407	4090	18,959024224095565	4090	20
4092	-612,3687	4092	18,990853520083746	4092	20
4094	-612,33	4094	19,050711266732197	4094	20
4096	-612,2912	4096	19,108926055613288	4096	20
4098	-612,2525	4098	19,14910504634015	4098	20
4100	-612,2133	4100	19,224254205287689	4100	20
4102	-612,17360000000008	4102	19,328545171066843	4102	20
4104	-612,1334	4104	19,457120975891293	4104	20
4106	-612,0931	4106	19,572600813242914	4106	20
4108	-612,0528	4108	19,66883401103593	4108	20
4110	-612,0122	4110	19,774028342533306	4110	20
4112	-611,9714	4112	19,87835695211027	4112	20
4114	-611,93090000000007	4114	19,940297460087873	4114	20
4116	-611,8904	4116	19,991914550078686	4116	20
4118	-611,8495	4118	20,06826212506266	4118	20
4120	-611,8092	4120	20,081885104219051	4120	20
4122	-611,7684	4122	20,134904253515057	4122	20
4124	-611,7276	4124	20,179086877928395	4124	20
4126	-611,68680000000006	4126	20,215905731606178	4126	20
4128	-611,64550000000008	4128	20,288254776336679	4128	20
4130	-611,60390000000007	4130	20,373545646948628	4130	20
4132	-611,5619	4132	20,477954705793024	4132	20
4134	-611,5193	4134	20,614962254826946	4134	20
4136	-611,47710000000006	4136	20,695801879020774	4136	20
4138	-611,4349	4138	20,763168232525103	4138	20
4140	-611,3921	4140	20,869306860432825	4140	20
4142	-611,3495	4142	20,941089050360112	4142	20
4144	-611,307	4144	20,992574208634942	4144	20
4146	-611,2648	4146	21,010478507194104	4146	20
4148	-611,2222	4148	21,058732089327847	4148	20
4150	-611,17910000000006	4150	21,140610074438314	4150	20
4152	-611,1362	4152	21,192175062034551	4152	20
4154	-611,0934	4154	21,226812551700174	4154	20
4156	-611,0501	4156	21,297343793077737	4156	20
4158	-611,0068	4158	21,356119827568509	4158	20
4160	-610,96340000000009	4160	21,413433189632588	4160	20
4162	-610,9201	4162	21,452860991364219	4162	20
4164	-610,8771	4164	21,460717492804047	4164	20
4166	-610,83390000000009	4166	21,48393124399972	4166	20
4168	-610,79050000000007	4168	21,519942703334738	4168	20
4170	-610,7468	4170	21,574952252783785	4170	20
4172	-610,70310000000006	4172	21,620793543981851	4172	20
4174	-610,65960000000007	4174	21,642327953317753	4174	20
4176	-610,6162	4176	21,651939961099767	4176	20
4178	-610,5725	4178	21,684949967587976	4178	20
4180	-610,5286000000001	4180	21,729124972981158	4180	20
4182	-610,485	4182	21,740937477491226	4182	20
4184	-610,4414	4184	21,75078123124014	4184	20
4186	-610,39740000000006	4186	21,792317692698678	4186	20
4188	-610,3533	4188	21,835264743921506	4188	20
4190	-610,309	4190	21,887720619936349	4190	20
4192	-610,2648	4192	21,923100516608002	4192	20
4194	-610,2204	4194	21,969250430506335	4194	20
4196	-610,1762	4196	21,9910420254258	4196	20
4198	-610,1316	4198	22,042535021183649	4198	20
4200	-610,0877	4200	22,027112517653695	4200	20
4202	-610,0440000000001	4202	21,997593764706775	4202	20
4204	-610,00060000000008	4204	21,947994803923951	4204	20
4206	-609,957	4206	21,923329003276887	4206	20
4208	-609,913	4208	21,9361075027293	4208	20
4210	-609,8688	4210	21,963422918944936	4210	20
4212	-609,82450000000006	4212	21,994519099113063	4212	20
4214	-609,7804	4214	22,003765915933496	4214	20
4216	-609,7367	4216	21,978138263273276	4216	20
4218	-609,69350000000009	4218	21,915115219390742	4218	20
4220	-609,6508	4220	21,820929349499092	4220	20
4222	-609,6091	4222	21,659107791248545	4222	20
4224	-609,5675	4224	21,515923159375184	4224	20
4226	-609,5263	4226	21,363269299479608	4226	20
4228	-609,4854	4228	21,21105774956343	4228	20
4230	-609,4452	4230	21,025881457971785	4230	20
4232	-609,4052	4232	20,854901214973456	4232	20
4234	-609,3658	4234	20,662417679144593	4234	20
4236	-609,3271	4236	20,443681399292373	4236	20
4238	-609,2888	4238	20,228067832738279	4238	20
4240	-609,25060000000008	4240	20,040056527278626	4240	20
4242	-609,21260000000007	4242	19,8667137727331	4242	20
4244	-609,1752	4244	19,67226147728157	4244	20
4246	-609,1384	4246	19,460217897732232	4246	20
4248	-609,1016	4248	19,283514914783922	4248	20
4250	-609,06450000000007	4250	19,161262428977917	4250	20
4252	-609,028	4252	19,009385357485463	4252	20
4254	-608,9919	4254	18,849487797907312	4254	20
4256	-608,9554	4256	18,749573164917152	4256	20
4258	-608,9190000000001	4258	18,657977637427443	4258	20
4260	-608,88280000000009	4260	18,564981364523536	4260	20
4262	-608,8467	4262	18,479151137105706	4262	20
4264	-608,8107	4264	18,399292614259608	4264	20
4266	-608,7746	4266	18,341077178552432	4266	20
4268	-608,7378	4268	18,350897648791285	4268	20
4270	-608,7011	4270	18,350748040659088	4270	20
4272	-608,6643	4272	18,35895670054683	4272	20
4274	-608,6276	4274	18,35746391712204	4274	20
4276	-608,59080000000006	4276	18,364553264265957	4276	20
4278	-608,5542	4278	18,353794386890073	4278	20
4280	-608,51690000000008	4280	18,403161989071666	4280	20
4282	-608,4795	4282	18,452634990897042	4282	20
4284	-608,4416	4284	18,535529159083872	4284	20
4286	-608,404	4286	18,579607632569697	4286	20
4288	-608,3659	4288	18,658006360473564	4288	20
4290	-608,3275	4290	18,748338633729986	4290	20
4292	-608,2891	4292	18,823615528110338	4292	20
4294	-608,2505	4294	18,903012940089781	4294	20
4296	-608,2119	4296	18,96917745007265	4296	20
4298	-608,1731	4298	19,040981208397	4298	20
4300	-608,134	4300	19,125817673661015	4300	20
4302	-608,0943	4302	19,246514728054088	4302	20
4304	-608,0545	4304	19,355428940046224	4304	20
4306	-608,0146	4306	19,454524116704249	4306	20
4308	-607,975	4308	19,512103430582737	4308	20
4310	-607,9353000000001	4310	19,568419525479385	4310	20
4312	-607,8952	4312	19,648682937903839	4312	20
4314	-607,8549	4314	19,732235781586702	4314	20
4316	-607,8144	4316	19,818529817994378	4316	20
4318	-607,7738	4318	19,898774848322542	4318	20
4320	-607,73340000000007	4320	19,94897904026686	4320	20
4322	-607,69260000000008	4322	20,024149200221565	4322	20
4324	-607,6515	4324	20,111791000187019	4324	20
4326	-607,6105	4326	20,176492500160322	4326	20
4328	-607,5692	4328	20,255410416798465	4328	20
4330	-607,5275	4330	20,35450868066469	4330	20
4332	-607,4855	4332	20,462090567223076	4332	20
4334	-607,44360000000006	4334	20,543408806014348	4334	20
4336	-607,40180000000009	4336	20,602840671675835	4336	20
4338	-607,3596	4338	20,685700559737654	4338	20
4340	-607,3173	4340	20,763083799777604	4340	20
4342	-607,27510000000007	4342	20,819236499812991	4342	20
4344	-607,2331	4344	20,84936374984666	4344	20
4346	-607,1909	4346	20,891136458203871	4346	20
4348	-607,1485	4348	20,9426137151735	4348	20
4350	-607,1063	4350	20,968844762642902	4350	20
4352	-607,0648	4352	20,93237063553924	4352	20
4354	-607,0239	4354	20,851975529613121	4354	20
4356	-606,9832	4356	20,768312941345542	4356	20
4358	-606,9424	4358	20,706927451120468	4358	20
4360	-606,902	4360	20,622439542598464	4360	20
4362	-606,86160000000007	4362	20,552032952163461	4362	20
4364	-606,8211	4364	20,501694126808342	4364	20
4366	-606,7808	4366	20,44307843900712	4366	20
4368	-606,7405	4368	20,394232032506103	4368	20
4370	-606,7006	4370	20,320193360420816	4370	20
4372	-606,6612	4372	20,216827800350725	4372	20
4374	-606,6219000000001	4374	20,122356500284933	4374	20
4376	-606,5825	4376	20,051963750246966	4376	20
4378	-606,54310000000009	4378	19,993303125196377	4378	20
4380	-606,5041	4380	19,911085937672063	4380	20
4382	-606,465	4382	19,8509049480569	4382	20
4384	-606,4258	4384	19,809087456718316	4384	20
4386	-606,3861	4386	19,8159062139257	4386	20
4388	-606,346	4388	19,854921844942435	4388	20
4390	-606,3055	4390	19,92076820411468	4390	20
4392	-606,2645	4392	20,017306836766704	4392	20
4394	-606,22350000000006	4394	20,097755697300585	4394	20
4396	-606,1825	4396	20,164796414421627	4396	20
4398	-606,142	4398	20,178997012014005	4398	20
4400	-606,10120000000006	4400	20,215830843344186	4400	20
4402	-606,0599	4402	20,288192369461161	4402	20
4404	-606,01870000000008	4404	20,340160307875113	4404	20
4406	-605,97790000000009	4406	20,350133589895108	4406	20
4408	-605,9371	4408	20,35844465825458	4408	20
4410	-605,8959	4410	20,398703881879104	4410	20
4412	-605,8546	4412	20,440586568230781	4412	20
4414	-605,81310000000008	4414	20,492155473519663	4414	20
4416	-605,7718	4416	20,518462894607389	4416	20
4418	-605,7305	4418	20,540385745504352	4418	20
4420	-605,6888	4420	20,591988121252928	4420	20
4422	-605,6468	4422	20,65999010104661	4422	20
4424	-605,60480000000007	4424	20,716658417531868	4424	20
4426	-605,5632	4426	20,730548681277952	4426	20
4428	-605,5226	4428	20,658790567734993	4428	20
4430	-605,48250000000007	4430	20,557325473107369	4430	20
4432	-605,4428	4432	20,439437894259385	4432	20
4434	-605,4032	4434	20,332864911888159	4434	20
4436	-605,3635	4436	20,252387426567235	4436	20
4438	-605,3242	4438	20,151989522141502	4438	20
4440	-605,28460000000007	4440	20,093324601780449	4440	20
4442	-605,2454	4442	20,01110383482127	4442	20
4444	-605,206	4444	19,959253195684436	4444	20
4446	-605,1671	4446	19,874377663071396	4446	20
4448	-605,1284	4448	19,786981385888573	4448	20
4450	-605,0896	4450	19,7224844882436	4450	20
4452	-605,0507	4452	19,6770704068707	4452	20
4454	-605,0116	4454	19,655892005722432	4454	20
4456	-604,97300000000007	4456	19,596576671433191	4456	20
4458	-604,9352	4458	19,480480559532754	4458	20
4460	-604,8977	4460	19,358733799612523	4460	20
4462	-604,8605	4462	19,232278166342468	4462	20
4464	-604,8238	4464	19,085231805285073	4464	20
4466	-604,7871	4466	18,962693171070576	4466	20
4468	-604,75060000000008	4468	18,843910975886537	4468	20
4470	-604,7138	4470	18,769925813245845	4470	20
4472	-604,6777	4472	18,649938177707629	4472	20
4474	-604,6421	4474	18,508281814750628	4474	20
4476	-604,60620000000006	4476	18,415234845622994	4476	20
4478	-604,57030000000009	4478	18,3376957046833	4478	20
4480	-604,53410000000008	4480	18,298079753903416	4480	20
4482	-604,49790000000007	4482	18,265066461586848	4482	20
4484	-604,4615	4484	18,25422205132833	4484	20
4486	-604,4249	4486	18,261851709442048	4486	20
4488	-604,3881	4488	18,28487642453263	4488	20
4490	-604,3513	4490	18,304063687108115	4490	20
4492	-604,3144	4492	18,328386405928402	4492	20
4494	-604,2775	4494	18,348655338269168	4494	20
4496	-604,2402	4496	18,398879448563719	4496	20
4498	-604,2024	4498	18,482399540465384	4498	20
4500	-604,164	4500	18,601999617056503	4500	20
4502	-604,1255	4502	18,709999680880344	4502	20
4504	-604,0865	4504	18,84166640073256	4504	20
4506	-604,0471	4506	18,984722000610514	4506	20
4508	-604,00700000000006	4508	19,162268333836973	4508	20
4510	-603,9666	4510	19,33522361153836	4510	20
4512	-603,926	4512	19,496019676275861	4512	20
4514	-603,8851	4514	19,655016396903115	4514	20
4516	-603,84440000000006	4516	19,770846997411063	4516	20
4518	-603,8035	4518	19,884039164515784	4518	20
4520	-603,7626	4520	19,978365970426911	4520	20
4522	-603,7215	4522	20,073638308691475	4522	20
4524	-603,6805	4524	20,144698590571227	4524	20
4526	-603,6391000000001	4526	20,237248825472129	4526	20
4528	-603,59750000000008	4528	20,331040687894838	4528	20
4530	-603,5557	4530	20,42586723991905	4530	20
4532	-603,5139	4532	20,504889366596423	4532	20
4534	-603,4718	4534	20,595741138830761	4534	20
4536	-603,4295	4536	20,688117615698	4536	20
4538	-603,3868	4538	20,798431346412332	4538	20
4540	-603,3438	4540	20,915359455344142	4540	20
4542	-603,3006	4542	21,029466212783131	4542	20
4544	-603,2572	4544	21,14122184398758	4544	20
4546	-603,2139	4546	21,226018203326714	4546	20
4548	-603,1708	4548	21,280015169437366	4548	20
4550	-603,128	4550	21,300012641193046	4550	20
4552	-603,08490000000006	4552	21,341677200992645	4552	20
4554	-603,0417	4554	21,384731000833025	4554	20
4556	-602,9982	4556	21,4456091673604	4556	20
4558	-602,9547	4558	21,496340972799878	4558	20
4560	-602,91090000000008	4560	21,563617477326503	4560	20
4562	-602,8671	4562	21,619681231108164	4562	20
4564	-602,8235	4564	21,649734359263732	4564	20
4566	-602,7803	4566	21,641445299382791	4566	20
4568	-602,7373	4568	21,617871082819526	4568	20
4570	-602,69450000000006	4570	21,581559235678178	4570	20
4572	-602,6515	4572	21,567966029732347	4572	20
4574	-602,6087	4574	21,539971691448336	4574	20
4576	-602,56630000000007	4576	21,483309742867746	4576	20
4578	-602,5238	4578	21,444424785724639	4578	20
4580	-602,4814	4580	21,403687321440806	4580	20
4582	-602,4392	4582	21,353072767865658	4582	20
4584	-602,3969	4584	21,319227306560418	4584	20
4586	-602,35470000000009	4586	21,282689422122527	4586	20
4588	-602,3126	4588	21,243907851778655	4588	20
4590	-602,27060000000006	4590	21,203256543141904	4590	20
4592	-602,229	4592	21,136047119286317	4592	20
4594	-602,1873	4594	21,088372599404568	4594	20
4596	-602,1458	4596	21,031977166173963	4596	20
4598	-602,1042	4598	20,993314305146363	4598	20
4600	-602,06270000000006	4600	20,952761920949317	4600	20
4602	-602,0218	4602	20,868968267464329	4602	20
4604	-601,9809	4604	20,799140222884031	4604	20
4606	-601,94040000000007	4606	20,70761685239934	4606	20
4608	-601,9005	4608	20,581347377007983	4608	20
4610	-601,85980000000006	4610	20,542789480831786	4610	20
4612	-601,819	4612	20,518991234035145	4612	20
4614	-601,778	4614	20,515826028357619	4614	20
4616	-601,73700000000008	4616	20,513188356959681	4616	20
4618	-601,6961	4618	20,502656964139632	4618	20
4620	-601,6543	4620	20,568880803446906	4620	20
4622	-601,6127	4622	20,607400669540482	4622	20
4624	-601,5709	4624	20,656167224614283	4624	20
4626	-601,5289	4626	20,713472687181071	4626	20
4628	-601,4865	4628	20,7945605726545	4628	20
4630	-601,4442	4630	20,85380047720831	4630	20
4632	-601,4015	4632	20,936500397670926	4632	20
4634	-601,35890000000006	4634	20,9970836647252	4634	20
4636	-601,3162	4636	21,055903053944473	4636	20
4638	-601,2738	4638	21,079919211614527	4638	20
4640	-601,2314	4640	21,099932676349049	4640	20
4642	-601,1887	4642	21,141610563621541	4642	20
4644	-601,1463	4644	21,151342136354891	4644	20
4646	-601,10470000000009	4646	21,092785113620998	4646	20
4648	-601,0629	4648	21,060654261357517	4648	20
4650	-601,0218	4650	20,975545217800313	4650	20
4652	-600,9813	4652	20,854621014829576	4652	20
4654	-600,9411	4654	20,728850845693572	4654	20
4656	-600,9015	4656	20,574042371407174	4656	20
4658	-600,8619	4658	20,445035309511315	4658	20
4660	-600,82300000000009	4660	20,279196091250984	4660	20
4662	-600,78500000000008	4662	20,065996742710066	4662	20
4664	-600,748	4664	19,804997285594602	4664	20
4666	-600,7112	4666	19,5708310713359	4666	20
4668	-600,6751	4668	19,317359226106536	4668	20
4670	-600,6396	4670	19,056132688427951	4670	20
4672	-600,6045	4672	18,805110573685216	4672	20
4674	-600,5697	4674	18,570925478072546	4674	20
4676	-600,53500000000008	4676	18,367437898387937	4676	20
4678	-600,5	4678	18,222864915330103	4678	20
4680	-600,46530000000007	4680	18,077387429435902	4680	20
4682	-600,43080000000009	4682	17,939489524528252	4682	20
4684	-600,3962	4684	17,832907937112591	4684	20
4686	-600,3621	4686	17,702423280924386	4686	20
4688	-600,3283	4688	17,568686067440492	4688	20
4690	-600,2943	4690	17,47390505619973	4690	20
4692	-600,26060000000007	4692	17,36992088016256	4692	20
4694	-600,2265	4694	17,3166007334755	4694	20
4696	-600,1925	4696	17,263833944562236	4696	20
4698	-600,1585	4698	17,219861620467849	4698	20
4700	-600,1248	4700	17,158218017052661	4700	20
4702	-600,09080000000006	4702	17,1318483475432	4702	20
4704	-600,0563	4704	17,151540289627142	4704	20
4706	-600,0216	4706	17,184616908016768	4706	20
4708	-599,9864	4708	17,253847423349946	4708	20
4710	-599,9514	4710	17,29487285278897	4710	20
4712	-599,9159	4712	17,370727377329978	4712	20
4714	-599,88	4714	17,467272814439117	4714	20
4716	-599,84350000000006	4716	17,597727345360322	4716	20
4718	-599,8072	4718	17,689772787808316	4718	20
4720	-599,7708	4720	17,774810656503416	4720	20
4722	-599,7342	4722	17,862342213754623	4722	20
4724	-599,6976	4724	17,935285178130627	4724	20
4726	-599,6607	4726	18,021070981771022	4726	20
4728	-599,6242	4728	18,059225818146384	4728	20
4730	-599,58750000000009	4730	18,107688181778862	4730	20
4732	-599,5503	4732	18,189740151490554	4732	20
4734	-599,5126	4734	18,299783459573174	4734	20
4736	-599,4748	4736	18,399819549649408	4736	20
4738	-599,43680000000006	4738	18,499849624699277	4738	20
4740	-599,399	4740	18,56654135392116	4740	20
4742	-599,3608	4742	18,65545112826436	4742	20
4744	-599,3217	4744	18,804542606893289	4744	20
4746	-599,2818	4746	18,995452172410136	4746	20
4748	-599,2417	4748	19,171210143669992	4748	20
4750	-599,2019	4750	19,292675119726145	4750	20
4752	-599,162	4752	19,402229266437516	4752	20
4754	-599,1224	4754	19,468524388703269	4754	20
4756	-599,0825	4756	19,548770323918454	4756	20
4758	-599,0427	4758	19,607308603266532	4758	20
4760	-599,003	4760	19,647757169382547	4760	20
4762	-598,9633	4762	19,681464307822033	4762	20
4764	-598,9237	4764	19,701220256514222	4764	20
4766	-598,884	4766	19,726016880431764	4766	20
4768	-598,8432	4768	19,838347400358987	4768	20
4770	-598,8017	4770	19,990289500302644	4770	20
4772	-598,75960000000009	4772	20,166907916909807	4772	20
4774	-598,7175	4774	20,314089930768056	4774	20
4776	-598,6749	4776	20,478408275639474	4776	20
4778	-598,6316	4778	20,673673563027151	4778	20
4780	-598,58850000000007	4780	20,819727969187731	4780	20
4782	-598,5458	4782	20,908106640996586	4782	20
4784	-598,5037	4784	20,931755534164232	4784	20
4786	-598,4614	4786	20,968129611799753	4786	20
4788	-598,41870000000006	4788	21,031774676497129	4788	20
4790	-598,3763	4790	21,059812230417883	4790	20
4792	-598,33390000000009	4792	21,083176858675703	4792	20
4794	-598,2915	4794	21,102647382233361	4794	20
4796	-598,249	4796	21,127206151862648	4796	20
4798	-598,2064	4798	21,156005126551634	4798	20
4800	-598,1641	4800	21,155004272132064	4800	20
4802	-598,1218	4802	21,154170226772948	4802	20
4804	-598,0792	4804	21,178475188976883	4804	20
4806	-598,0366	4806	21,198729324146829	4806	20
4808	-597,9946	4808	21,165607770124858	4808	20
4810	-597,9532	4810	21,088006475100155	4810	20
4812	-597,9122	4812	20,990005395921266	4812	20
4814	-597,8718	4814	20,858337829932463	4814	20
4816	-597,8311	4816	20,773614858278329	4816	20
4818	-597,7902	4818	20,719679048562362	4818	20
4820	-597,7489	4820	20,708065873800166	4820	20
4822	-597,70720000000006	4822	20,731721561499441	4822	20
4824	-597,6653	4824	20,768101301254131	4824	20
4826	-597,623	4826	20,83175108437467	4826	20
4828	-597,5805	4828	20,901459236980408	4828	20
4830	-597,53770000000009	4830	20,984549364145579	4830	20
4832	-597,4945	4832	21,087124470127137	4832	20
4834	-597,4506	4834	21,230937058439935	4834	20
4836	-597,4065	4836	21,367447548696415	4836	20
4838	-597,36250000000007	4838	21,472872957245571	4838	20
4840	-597,3187	4840	21,544060797707388	4840	20
4842	-597,27500000000009	4842	21,595050664751522	4842	20
4844	-597,23120000000006	4844	21,645875553962348	4844	20
4846	-597,1873	4846	21,696562961635944	4846	20
4848	-597,14370000000008	4848	21,713802468027406	4848	20
4850	-597,0998	4850	21,7531687233663	4850	20
4852	-597,0557	4852	21,80264060280172	4852	20
4854	-597,01150000000007	4854	21,852200502329143	4854	20
4856	-596,9674	4856	21,885167085280226	4856	20
4858	-596,9238	4858	21,870972571064307	4858	20
4860	-596,87920000000008	4860	21,942477142549073	4860	20
4862	-596,8345	4862	22,01039761879376	4862	20
4864	-596,7899	4864	22,058664682333092	4864	20
4866	-596,7457	4866	22,065553901938621	4866	20
4868	-596,70170000000007	4868	22,054628251614076	4868	20
4870	-596,6579	4870	22,02885687634781	4870	20
4872	-596,6144	4872	21,982380730289389	4872	20
4874	-596,57130000000006	4874	21,910317275239596	4874	20
4876	-596,5289	4876	21,79193106270327	4876	20
4878	-596,4864	4878	21,701609218920908	4878	20
4880	-596,44360000000006	4880	21,651341015762664	4880	20
4882	-596,4007	4882	21,617784179804843	4882	20
4884	-596,3585	4884	21,531486816502355	4884	20
4886	-596,31670000000008	4886	21,426239013749175	4886	20
4888	-596,2753	4888	21,30519917812989	4888	20
4890	-596,2345	4890	21,154332648440757	4890	20
4892	-596,1943	4892	20,978610540369555	4892	20
4894	-596,1547	4894	20,782175450303825	4894	20
4896	-596,1155	4896	20,585146208590754	4896	20
4898	-596,0769	4898	20,370955173823461	4898	20
4900	-596,0389	4900	20,142462644853797	4900	20
4902	-596,0012	4902	19,927052204042543	4902	20
4904	-595,9636	4904	19,739210170035257	4904	20
4906	-595,9262	4906	19,566008475033367	4906	20
4908	-595,889	4908	19,405007062526504	4908	20
4910	-595,8524	4910	19,220839218773861	4910	20
4912	-595,81580000000008	4912	19,067366015637184	4912	20
4914	-595,7794	4914	18,922805013036943	4914	20
4916	-595,743	4916	18,802337510860603	4916	20
4918	-595,7066	4918	18,701947925723125	4918	20
4920	-595,6702	4920	18,618289938099089	4920	20
4922	-595,6341	4922	18,523574948418666	4922	20
4924	-595,5979	4924	18,452979123682887	4924	20
4926	-595,5616	4926	18,402482603067646	4926	20
4928	-595,5254	4928	18,352068835890371	4928	20
4930	-595,4886	4930	18,360057363239566	4930	20
4932	-595,4514	4932	18,400047802698335	4932	20
4934	-595,41360000000009	4934	18,483373168910898	4934	20
4936	-595,376	4936	18,536144307435027	4936	20
4938	-595,3386	4938	18,563453589523704	4938	20
4940	-595,30090000000007	4940	18,6112113246008	4940	20
4942	-595,263	4942	18,667676103837	4942	20
4944	-595,2249	4944	18,731396753196318	4944	20
4946	-595,1865	4946	18,809497294332282	4946	20
4948	-595,1476	4948	18,916247745277932	4948	20
4950	-595,1085	4950	19,021873121061791	4950	20
4952	-595,0697	4952	19,084894267554617	4952	20
4954	-595,03100000000006	4954	19,129078556291255	4954	20
4956	-594,9923	4956	19,165898796914593	4956	20
4958	-594,9534	4958	19,213248997429858	4958	20
4960	-594,9143	4960	19,269374164521732	4960	20
4962	-594,8746	4962	19,366145137104688	4962	20
4964	-594,8351	4964	19,430120947585195	4964	20
4966	-594,7956	4966	19,483434122985617	4966	20
4968	-594,7562	4968	19,519528435821393	4968	20
4970	-594,7168	4970	19,549607029851206	4970	20
4972	-594,677	4972	19,60800585821049	4972	20
4974	-594,6371	4974	19,665004881841138	4974	20
4976	-594,597	4976	19,729170734871968	4976	20
4978	-594,5569	4978	19,782642279054848	4978	20
4980	-594,5164	4980	19,860535232551165	4980	20
4982	-594,47610000000009	4982	19,908779360449998	4982	20
4984	-594,43590000000006	4984	19,940649467043922	4984	20
4986	-594,3957	4986	19,967207889205525	4986	20
4988	-594,3554	4988	19,997673241004772	4988	20
4990	-594,31540000000007	4990	19,998061034167613	4990	20
4992	-594,27500000000009	4992	20,031717528471088	4992	20
4994	-594,2345	4994	20,06809794039803	4994	20
4996	-594,19360000000006	4996	20,131748283662112	4996	20
4998	-594,15280000000007	4998	20,176456903050944	4998	20
5000	-594,11160000000007	5000	20,247047419209409	5000	20
5002	-594,0709	5002	20,264206182675782	5002	20
5004	-594,0297	5004	20,320171818896775	5004	20
5006	-593,98840000000007	5006	20,375143182412174	5006	20
5008	-593,94710000000009	5008	20,420952652008342	5008	20
5010	-593,90550000000007	5010	20,484127210008346	5010	20
5012	-593,86380000000008	5012	20,545106008339591	5012	20
5014	-593,8223	5014	20,579255006953147	5014	20
5016	-593,7813	5016	20,566045839132094	5016	20
5018	-593,7403	5018	20,555038199271745	5018	20
5020	-593,6992	5020	20,554198499395504	5020	20
5022	-593,6583	5022	20,536832082826677	5022	20
5024	-593,6178	5024	20,489026735694356	5024	20
5026	-593,577	5026	20,474188946411147	5026	20
5028	-593,5365	5028	20,436824122005273	5028	20
5030	-593,49600000000009	5030	20,405686768333709	5030	20
5032	-593,4552	5032	20,404738973620081	5032	20
5034	-593,41450000000009	5034	20,395615811341866	5034	20
5036	-593,3735	5036	20,413013176122693	5036	20
5038	-593,3329	5038	20,394177646772274	5038	20
5040	-593,2927	5040	20,345148038979154	5040	20
5042	-593,2525	5042	20,304290032475414	5042	20
5044	-593,21250000000009	5044	20,253575027059814	5044	20
5046	-593,1726	5046	20,202979189225044	5046	20
5048	-593,13290000000006	5048	20,144149324347971	5048	20
5050	-593,0933	5050	20,086791103628649	5050	20
5052	-593,0533	5052	20,072325919687511	5052	20
5054	-593,0127	5054	20,110271599742958	5054	20
5056	-592,9718	5056	20,166892999782888	5056	20
5058	-592,93080000000009	5058	20,222410833147407	5058	20
5060	-592,8895	5060	20,293675694297178	5060	20
5062	-592,84840000000008	5062	20,336396411907224	5062	20
5064	-592,807	5064	20,396997009928263	5064	20
5066	-592,7664	5066	20,380830841610251	5066	20
5068	-592,7251	5068	20,425692368006739	5068	20
5070	-592,6839	5070	20,454743640005905	5070	20
5072	-592,6426	5072	20,487286366669782	5072	20
5074	-592,6016	5074	20,489405305562624	5074	20
5076	-592,561	5076	20,457837754629413	5076	20
5078	-592,52050000000008	5078	20,423198128853826	5078	20
5080	-592,4799	5080	20,402665107381555	5080	20
5082	-592,43900000000008	5082	20,410554256148384	5082	20
5084	-592,398	5084	20,425461880128125	5084	20
5086	-592,357	5086	20,437884900111243	5086	20
5088	-592,3162	5088	20,431570750091886	5088	20
5090	-592,2755	5090	20,417975625077847	5090	20
5092	-592,2351	5092	20,381646354229616	5092	20
5094	-592,1951	5094	20,318038628521649	5094	20
5096	-592,1554	5096	20,240032190437951	5096	20
5098	-592,1164	5098	20,116693492030564	5098	20
5100	-592,078	5100	19,963911243360823	5100	20
5102	-592,0403	5102	19,778259369465065	5102	20
5104	-592,0025	5104	19,631882807883173	5104	20
5106	-591,96530000000007	5106	19,459902339901344	5106	20
5108	-591,928	5108	19,324918616590534	5108	20
5110	-591,8909	5110	19,195765513826231	5110	20
5112	-591,8542	5112	19,054804594854875	5112	20
5114	-591,8181	5114	18,887337162381822	5114	20
5116	-591,782	5116	18,747780968644804	5116	20
5118	-591,7463	5118	18,598150807205656	5118	20
5120	-591,71070000000009	5120	18,46512567266565	5120	20
5122	-591,6755	5122	18,320938060557346	5122	20
5124	-591,6405	5124	18,184115050471277	5124	20
5126	-591,6058	5126	18,045095875386881	5126	20
5128	-591,57130000000006	5128	17,912579896154067	5128	20
5130	-591,5366	5130	17,818816580132015	5130	20
5132	-591,5022	5132	17,715680483443769	5132	20
5134	-591,46760000000006	5134	17,64640040286605	5134	20
5136	-591,433	5136	17,588667002394089	5136	20
5138	-591,3985	5138	17,532222501993409	5138	20
5140	-591,36380000000008	5140	17,501852084988656	5140	20
5142	-591,3288	5142	17,501543404164035	5142	20
5144	-591,29370000000006	5144	17,509619503465284	5144	20
5146	-591,2584	5146	17,533016252888284	5146	20
5148	-591,2226	5148	17,5941802107398	5148	20
5150	-591,1867	5150	17,653483508956775	5150	20
5152	-591,1504	5152	17,736236257462554	5152	20
5154	-591,11340000000007	5154	17,863530214545534	5154	20
5156	-591,0761	5156	17,994608512127357	5156	20
5158	-591,03860000000009	5158	18,120507093431886	5158	20
5160	-591,0007	5160	18,258755911196239	5160	20
5162	-590,96260000000007	5162	18,390629925995682	5162	20
5164	-590,9243	5164	18,517191605000509	5164	20
5166	-590,8854	5166	18,67265967083479	5166	20
5168	-590,8455	5168	18,88554972569472	5168	20
5170	-590,8051	5170	19,104624771410343	5170	20
5172	-590,76470000000006	5172	19,287187309506695	5172	20
5174	-590,7241	5174	19,455989424592278	5174	20
5176	-590,6833	5176	19,613324520492746	5176	20
5178	-590,6421	5178	19,777770433744244	5178	20
5180	-590,6008	5180	19,9231420281184	5180	20
5182	-590,5592	5182	20,069285023433395	5182	20
5184	-590,51650000000006	5184	20,282737519525163	5184	20
5186	-590,47350000000006	5186	20,485614599604837	5186	20
5188	-590,4306	5188	20,64634549967332	5188	20
5190	-590,38740000000007	5190	20,805287916390778	5190	20
5192	-590,3443	5192	20,929406597000231	5192	20
5194	-590,301	5194	21,049505497494451	5194	20
5196	-590,25790000000006	5196	21,132921247910481	5196	20
5198	-590,2148	5198	21,202434373266648	5198	20
5200	-590,17180000000008	5200	21,25202864437993	5200	20
5202	-590,1287	5202	21,301690536991188	5202	20
5204	-590,0855	5204	21,351408780822336	5204	20
5206	-590,0417	5206	21,442840650688026	5206	20
5208	-589,9978000000001	5208	21,527367208897868	5208	20
5210	-589,9537	5210	21,614472674087498	5210	20
5212	-589,9098	5212	21,670393895073566	5212	20
5214	-589,86570000000006	5214	21,733661579224442	5214	20
5216	-589,8217	5216	21,778051316028403	5216	20
5218	-589,777	5218	21,873376096683728	5218	20
5220	-589,73250000000007	5220	21,936146747234016	5220	20
5222	-589,68770000000006	5222	22,013455622695787	5222	20
5224	-589,6426	5224	22,102879685583794	5224	20
5226	-589,5977	5226	22,160733071318511	5226	20
5228	-589,5527	5228	22,217277559438159	5228	20
5230	-589,5075	5230	22,281064632857539	5230	20
5232	-589,46260000000007	5232	22,309220527379967	5232	20
5234	-589,4174	5234	22,357683772818518	5234	20
5236	-589,37250000000006	5236	22,373069810680782	5236	20
5238	-589,328	5238	22,352558175574366	5238	20
5240	-589,2842	5240	22,277131812971909	5240	20
5242	-589,24070000000006	5242	22,189276510809471	5242	20
5244	-589,1967	5244	22,157730425682594	5244	20
5246	-589,1531	5246	22,098108688066283	5246	20
5248	-589,10980000000006	5248	22,023423906716161	5248	20
5250	-589,06670000000008	5250	21,944519922261907	5250	20
5252	-589,0238	5252	21,862099935220879	5252	20
5254	-588,98120000000006	5254	21,768416612683492	5254	20
5256	-588,9391	5256	21,648680510569985	5256	20
5258	-588,8971	5258	21,540567092144155	5258	20
5260	-588,855	5260	21,458805910120539	5260	20
5262	-588,8129	5262	21,390671591767525	5262	20
5264	-588,771	5264	21,317226326477531	5264	20
5266	-588,7291	5266	21,256021938726395	5266	20
5268	-588,6873	5268	21,196684948935875	5268	20
5270	-588,64550000000008	5270	21,147237457443776	5270	20
5272	-588,6036	5272	21,114364547874409	5272	20
5274	-588,5617	5274	21,086970456566604	5274	20
5276	-588,5193	5276	21,105808713799636	5276	20
5278	-588,4768	5278	21,129840594834544	5278	20
5280	-588,4342	5280	21,158200495694878	5280	20
5282	-588,3918	5282	21,165167079749342	5282	20
5284	-588,34940000000006	5284	21,170972566451919	5284	20
5286	-588,3074	5286	21,142477138712433	5286	20
5288	-588,2658	5288	21,085397615595088	5288	20
5290	-588,2238	5290	21,071164679665074	5290	20
5292	-588,18170000000009	5292	21,067637233045165	5292	20
5294	-588,1398	5294	21,048031027542233	5294	20
5296	-588,0983	5296	20,998359189622015	5296	20
5298	-588,0572	5298	20,923632658020729	5298	20
5300	-588,0167	5300	20,811360548346592	5300	20
5302	-587,9763	5302	20,709467123620236	5302	20
5304	-587,9361	5304	20,607889269685788	5304	20
5306	-587,89650000000006	5306	20,473241058067352	5306	20
5308	-587,8573	5308	20,327700881727026	5308	20
5310	-587,81850000000009	5310	20,173084068099506	5310	20
5312	-587,7804	5312	19,985903390091217	5312	20
5314	-587,7428	5314	19,788252825075819	5314	20
5316	-587,7057	5316	19,581877354230638	5316	20
5318	-587,66870000000006	5318	19,401564461852271	5318	20
5320	-587,6318	5320	19,242970384881865	5320	20
5322	-587,59480000000008	5322	19,119141987394961	5322	20
5324	-587,558	5324	18,999284989502865	5324	20
5326	-587,5213	5326	18,8910708245854	5326	20
5328	-587,4847	5328	18,792559020489609	5328	20
5330	-587,4486	5330	18,668799183734627	5330	20
5332	-587,4129	5332	18,532332653113844	5332	20
5334	-587,3773	5334	18,410277210931948	5334	20
5336	-587,34210000000007	5336	18,27523100910312	5336	20
5338	-587,3069	5338	18,16269250758857	5338	20
5340	-587,2718	5340	18,060577089661869	5340	20
5342	-587,2368	5342	17,967147574715572	5342	20
5344	-587,20170000000007	5344	17,8976229789249	5344	20
5346	-587,16630000000009	5346	17,864685815769207	5346	20
5348	-587,1305	5348	17,87057151315004	5348	20
5350	-587,09440000000006	5350	17,900476260951653	5350	20
5352	-587,0584	5352	17,917063550797895	5352	20
5354	-587,02240000000006	5354	17,930886292326957	5354	20
5356	-586,98660000000007	5356	17,925738576938691	5356	20
5358	-586,9506	5358	17,938115480787094	5358	20
5360	-586,91460000000006	5360	17,948429567317955	5360	20
5362	-586,8787	5362	17,948691306105239	5362	20
5364	-586,8432	5364	17,915576088417396	5364	20
5366	-586,8072	5366	17,92964674035268	5366	20
5368	-586,7709	5368	17,966372283625809	5368	20
5370	-586,73480000000006	5370	17,980310236348124	5370	20
5372	-586,6982	5372	18,033591863625212	5372	20
5374	-586,6615	5374	18,08632655302069	5374	20
5376	-586,6245	5376	18,155272127520121	5376	20
5378	-586,5869	5378	18,262726772933238	5378	20
5380	-586,5488	5380	18,393938977443185	5380	20
5382	-586,5111	5382	18,469949147867034	5382	20
5384	-586,4733	5384	18,541624289894287	5384	20
5386	-586,4356	5386	18,593020241576284	5386	20
5388	-586,39820000000009	5388	18,610850201308082	5388	20
5390	-586,3603	5390	18,667375167759737	5390	20
5392	-586,32220000000007	5392	18,73114597313193	5392	20
5394	-586,2842	5394	18,775954977610851	5394	20
5396	-586,2465	5396	18,788295814682897	5396	20
5398	-586,2092	5398	18,765246512232352	5398	20
5400	-586,1719	5400	18,746038760190231	5400	20
5402	-586,1343	5402	18,75503230015833	5402	20
5404	-586,0963	5404	18,795860250132851	5404	20
5406	-586,0578	5406	18,871550208443967	5406	20
5408	-586,0188	5408	18,976291840368912	5408	20
5410	-585,9795	5410	19,0885765336429	5410	20
5412	-585,9402	5412	19,182147111371222	5412	20
5414	-585,9004	5414	19,301789259477172	5414	20
5416	-585,8609	5416	19,376491049562265	5416	20
5418	-585,82120000000009	5418	19,455409207962322	5418	20
5420	-585,78140000000008	5420	19,529507673303087	5420	20
5422	-585,74150000000009	5422	19,599589727751635	5422	20
5424	-585,7014	5424	19,674658106464047	5424	20
5426	-585,66180000000008	5426	19,695548422049235	5426	20
5428	-585,6221	5428	19,721290351710941	5428	20
5430	-585,5823	5430	19,751075293093603	5430	20
5432	-585,5416	5432	19,850896077579279	5432	20
5434	-585,5008	5434	19,942413397981916	5434	20
5436	-585,46	5436	20,018677831650781	5436	20
5438	-585,4188	5438	20,115564859709274	5438	20
5440	-585,37700000000007	5440	20,24630404975494	5440	20
5442	-585,335	5442	20,371920041464953	5442	20
5444	-585,2929	5444	20,484933367887869	5444	20
5446	-585,2509	5446	20,570777806575727	5446	20
5448	-585,2085	5448	20,675648172150048	5448	20
5450	-585,16630000000009	5450	20,746373476780551	5450	20
5452	-585,1242	5452	20,796977897327011	5452	20
5454	-585,08220000000006	5454	20,830814914432203	5454	20
5456	-585,04040000000009	5456	20,842345762024049	5456	20
5458	-584,99840000000006	5458	20,868621468355876	5458	20
5460	-584,9565	5460	20,882184556967825	5460	20
5462	-584,9147	5462	20,8851537974704	5462	20
5464	-584,873	5464	20,879294831224637	5464	20
5466	-584,8314	5466	20,866079026021925	5466	20
5468	-584,7897	5468	20,863399188350908	5468	20
5470	-584,7476	5470	20,894499323626164	5470	20
5472	-584,7056	5472	20,912082769690972	5472	20
5474	-584,6638	5474	20,910068974739691	5474	20
5476	-584,62250000000006	5476	20,866724145614604	5476	20
5478	-584,58120000000008	5478	20,830603454677032	5478	20
5480	-584,5398	5480	20,808836212236439	5480	20
5482	-584,49880000000007	5482	20,757363510192032	5482	20
5484	-584,4566	5484	20,814469591834484	5484	20
5486	-584,4141	5486	20,887057993196919	5486	20
5488	-584,3718	5488	20,930881660993659	5488	20
5490	-584,32990000000007	5490	20,934068050823168	5490	20
5492	-584,2872	5492	21,003390042359449	5492	20
5494	-584,24430000000007	5494	21,07782503529269	5494	20
5496	-584,2012	5496	21,156520862751822	5496	20
5498	-584,15780000000007	5498	21,247100718952016	5498	20
5500	-584,114	5500	21,355917265796091	5500	20
5502	-584,0698	5502	21,479931054833926	5502	20
5504	-584,0256	5504	21,583275879022651	5504	20
5506	-583,9818	5506	21,636063232521622	5506	20
5508	-583,938	5508	21,680052693770765	5508	20
5510	-583,8944	5510	21,700043911473092	5510	20
5512	-583,8507	5512	21,725036592899077	5512	20
5514	-583,8073	5514	21,72086382740806	5514	20
5516	-583,76380000000006	5516	21,72571985617293	5516	20
5518	-583,7201	5518	21,746433213482277	5518	20
5520	-583,6766	5520	21,747027677901443	5520	20
5522	-583,6336	5522	21,705856398251736	5522	20
5524	-583,5909	5524	21,646546998540448	5524	20
5526	-583,5476	5526	21,647122498787436	5526	20
5528	-583,50430000000006	5528	21,647602082317121	5528	20
5530	-583,4613	5530	21,6230017352648	5530	20
5532	-583,4188	5532	21,560834779388848	5532	20
5534	-583,3762	5534	21,5173623161568	5534	20
5536	-583,3336	5536	21,481135263463425	5536	20
5538	-583,2915	5538	21,409279386219929	5538	20
5540	-583,2495	5540	21,341066155185775	5540	20
5542	-583,2082	5542	21,225888462653007	5542	20
5544	-583,1667	5544	21,146573718880994	5544	20
5546	-583,1254	5546	21,063811432399024	5546	20
5548	-583,0845	5548	20,961509526996277	5548	20
5550	-583,04370000000006	5550	20,867924605829412	5550	20
5552	-583,0036	5552	20,731603838195529	5552	20
5554	-582,96340000000009	5554	20,626336531822393	5554	20
5556	-582,9238	5556	20,488613776523998	5556	20
5558	-582,8852	5558	20,290511480434496	5558	20
5560	-582,8468	5560	20,108759567030766	5560	20
5562	-582,8087	5562	19,932299639191125	5562	20
5564	-582,7708	5564	19,768583032662271	5564	20
5566	-582,73340000000007	5566	19,590485860546405	5566	20
5568	-582,6966	5568	19,3920715504624	5568	20
5570	-582,6595	5570	19,251726292052787	5570	20
5572	-582,62250000000006	5572	19,126438576704061	5572	20
5574	-582,5854	5574	19,030365480587506	5574	20
5576	-582,5487	5576	18,916971233822604	5576	20
5578	-582,5123000000001	5578	18,797476028181986	5578	20
5580	-582,47610000000009	5580	18,681230023485654	5580	20
5582	-582,43990000000008	5582	18,58435835290538	5582	20
5584	-582,4036000000001	5584	18,511965294086391	5584	20
5586	-582,3669	5586	18,484971078414482	5586	20
5588	-582,3304	5588	18,445809232006461	5588	20
5590	-582,2935	5590	18,44650769334369	5590	20
5592	-582,2567	5592	18,438756411117332	5592	20
5594	-582,2195	5594	18,465630342596473	5594	20
5596	-582,1822	5596	18,496358618836474	5596	20
5598	-582,1441	5598	18,588632182362545	5598	20
5600	-582,1061	5600	18,657193485303033	5600	20
5602	-582,0679	5602	18,730994571082586	5602	20
5604	-582,0293	5604	18,825828809233322	5604	20
5606	-581,9904	5606	18,9298573410288	5606	20
5608	-581,9514	5608	19,024881117522938	5608	20
5610	-581,9121	5610	19,129067597937919	5610	20
5612	-581,8727	5612	19,224222998281643	5612	20
5614	-581,83300000000008	5614	19,328519165228471	5614	20
5616	-581,7933	5616	19,415432637693637	5616	20
5618	-581,7535	5618	19,496193864745848	5618	20
5620	-581,71350000000007	5620	19,580161553951843	5620	20
5622	-581,6734	5622	19,658467961630887	5622	20
5624	-581,6332	5624	19,732056634694665	5624	20
5626	-581,59300000000007	5626	19,793380528905008	5626	20
5628	-581,5524	5628	19,877817107424203	5628	20
5630	-581,5118	5630	19,948180922856867	5630	20
5632	-581,4715	5632	19,981817435714223	5632	20
5634	-581,4307	5634	20,051514529761036	5634	20
5636	-581,38970000000006	5636	20,126262108129197	5636	20
5638	-581,34850000000006	5638	20,205218423441288	5638	20
5640	-581,3071	5640	20,287682019539986	5640	20
5642	-581,2655	5642	20,373068349618052	5642	20
5644	-581,2233	5644	20,494223624680028	5644	20
5646	-581,1812	5646	20,586853020567098	5646	20
5648	-581,1386	5648	20,705710850472009	5648	20
5650	-581,09660000000008	5650	20,754759042053035	5650	20
5652	-581,0543	5652	20,820632535049896	5652	20
5654	-581,0118	5654	20,892193779209762	5654	20
5656	-580,9691	5656	20,968494816005467	5656	20
5658	-580,9266	5658	21,01541234667274	5658	20
5660	-580,8844	5660	21,029510288892268	5660	20
5662	-580,8425	5662	21,016258574081487	5662	20
5664	-580,8011	5664	20,963548811730679	5664	20
5666	-580,7594	5666	20,944624009774866	5666	20
5668	-580,71800000000007	5668	20,903853341475163	5668	20
5670	-580,6768	5670	20,853211117905733	5670	20
5672	-580,6351	5672	20,852675931587413	5672	20
5674	-580,59350000000006	5674	20,843896609648098	5674	20
5676	-580,55220000000008	5676	20,811580508038279	5676	20
5678	-580,51150000000007	5678	20,734650423366507	5678	20
5680	-580,47120000000007	5680	20,637208686138923	5680	20
5682	-580,4311	5682	20,539340571786788	5682	20
5684	-580,3913	5684	20,432783809823476	5684	20
5686	-580,3516	5686	20,335653174856141	5686	20
5688	-580,31180000000006	5688	20,263044312371797	5688	20
5690	-580,2718	5690	20,21920359364961	5690	20
5692	-580,23120000000006	5692	20,232669661368568	5692	20
5694	-580,1909	5694	20,218891384473977	5694	20
5696	-580,1506	5696	20,207409487061817	5696	20
5698	-580,1103	5698	20,197841239218349	5698	20
5700	-580,07030000000009	5700	20,164867699345592	5700	20
5702	-580,0299	5702	20,170723082795543	5702	20
5704	-579,9894	5704	20,1839359023256	5704	20
5706	-579,9487	5706	20,211613251939276	5706	20
5708	-579,908	5708	20,234677709950674	5708	20
5710	-579,8673	5710	20,253898091626837	5710	20
5712	-579,8271	5712	20,22824840969129	5712	20
5714	-579,7866	5714	20,231873674738726	5714	20
5716	-579,74610000000007	5716	20,234894728944919	5716	20
5718	-579,70530000000008	5718	20,262412274119949	5718	20
5720	-579,66360000000009	5720	20,360343561765927	5720	20
5722	-579,6213	5722	20,491952968143973	5722	20
5724	-579,57900000000006	5724	20,601627473449536	5724	20
5726	-579,53690000000006	5726	20,676356227875022	5726	20
5728	-579,495	5728	20,721963523233779	5728	20
5730	-579,4529	5730	20,776636269361891	5730	20
5732	-579,4108	5732	20,822196891135317	5732	20
5734	-579,3688	5734	20,851830742615267	5734	20
5736	-579,3265	5736	20,901525618842282	5736	20
5738	-579,28500000000008	5738	20,876271349029249	5738	20
5740	-579,2439	5740	20,82189279086009	5740	20
5742	-579,20310000000006	5742	20,751577325715925	5742	20
5744	-579,16270000000009	5744	20,659647771428013	5744	20
5746	-579,1217	5746	20,633039809527816	5746	20
5748	-579,08080000000007	5748	20,602533174603604	5748	20
5750	-579,04040000000009	5750	20,535444312167744	5750	20
5752	-579,0003	5752	20,454536926810803	5752	20
5754	-578,96080000000006	5754	20,337114105673624	5754	20
5756	-578,9217	5756	20,205928421401008	5756	20
5758	-578,8834	5758	20,029940351162143	5758	20
5760	-578,8459	5760	19,81661695930368	5760	20
5762	-578,8087	5762	19,613847466085097	5762	20
5764	-578,7717	5764	19,428206221740464	5764	20
5766	-578,73520000000008	5766	19,231838518111445	5766	20
5768	-578,6994	5768	19,009865431768574	5768	20
5770	-578,6642	5770	18,774887859800309	5770	20
5772	-578,6295	5772	18,537406549837215	5772	20
5774	-578,5943	5774	18,381172124866982	5774	20
5776	-578,55910000000006	5776	18,250976770715649	5776	20
5778	-578,5237	5778	18,159147308937637	5778	20
5780	-578,4886	5780	18,057622757443287	5780	20
5782	-578,4534	5782	17,981352297872043	5782	20
5784	-578,418	5784	17,934460248225157	5784	20
5786	-578,3827	5786	17,887050206854845	5786	20
5788	-578,34750000000008	5788	17,839208505705535	5788	20
5790	-578,31270000000006	5790	17,766007088089477	5790	20
5792	-578,2779	5792	17,705005906742763	5792	20
5794	-578,2429	5794	17,670838255625792	5794	20
5796	-578,20810000000006	5796	17,625698546346886	5796	20
5798	-578,17360000000008	5798	17,563082121954071	5798	20
5800	-578,139	5800	17,519235101634109	5800	20
5802	-578,1041	5802	17,507695918027864	5802	20
5804	-578,0691	5804	17,506413265020569	5804	20
5806	-578,034	5806	17,513677720855206	5806	20
5808	-577,99840000000006	5808	17,561398100706942	5808	20
5810	-577,9622	5810	17,651165083923118	5810	20
5812	-577,92540000000008	5812	17,775970903266856	5812	20
5814	-577,8881	5814	17,921642419395127	5814	20
5816	-577,8501	5816	18,101368682830184	5816	20
5818	-577,8115	5818	18,301140569022987	5818	20
5820	-577,7728	5820	18,475950474191038	5820	20
5822	-577,7335	5822	18,67162539515186	5822	20
5824	-577,6938	5824	18,868021162629795	5824	20
5826	-577,6539	5826	19,048350968857225	5826	20
5828	-577,6135	5828	19,240292474045763	5828	20
5830	-577,5732	5830	19,391910395038305	5830	20
5832	-577,5321	5832	19,584925329200971	5832	20
5834	-577,4908	5834	19,762437774332337	5834	20
5836	-577,4497	5836	19,89369814527933	5836	20
5838	-577,4085	5838	20,0114151210664	5838	20
5840	-577,3672	5840	20,117845934220195	5840	20
5842	-577,3256	5842	20,231538278518226	5842	20
5844	-577,28370000000007	5844	20,351281898760309	5844	20
5846	-577,2418	5846	20,45106824897152	5846	20
5848	-577,1998000000001	5848	20,542556874135961	5848	20
5850	-577,1577	5850	20,627130728456518	5850	20
5852	-577,1152	5852	20,730942273715279	5852	20
5854	-577,0726	5854	20,825785228095491	5854	20
5856	-577,03	5856	20,904821023412335	5856	20
5858	-576,9871	5858	20,995684186170095	5858	20
5860	-576,9449	5860	21,013070155149538	5860	20
5862	-576,903	5862	21,002558462619735	5862	20
5864	-576,8609	5864	21,010465385516856	5864	20
5866	-576,8187	5866	21,025387821262367	5866	20
5868	-576,7761	5868	21,071156517718066	5868	20
5870	-576,73340000000007	5870	21,117630431429056	5870	20
5872	-576,69040000000007	5872	21,18135869285808	5872	20
5874	-576,6472	5874	21,251132244054222	5874	20
5876	-576,6037	5876	21,334276870044732	5876	20
5878	-576,56000000000006	5878	21,420230725032642	5878	20
5880	-576,5161	5880	21,508525604194521	5880	20
5882	-576,4723	5882	21,573771336831513	5882	20
5884	-576,4284	5884	21,636476114026912	5884	20
5886	-576,3839	5886	21,738730095020003	5886	20
5888	-576,3392	5888	21,840608412519536	5888	20
5890	-576,2947	5890	21,908840343763856	5890	20
5892	-576,2499	5892	21,990700286470652	5892	20
5894	-576,2051	5894	22,058916905392984	5894	20
5896	-576,1604	5896	22,10743075449702	5896	20
5898	-576,1159	5898	22,131192295411761	5898	20
5900	-576,07130000000006	5900	22,159326912838619	5900	20
5902	-576,027	5902	22,157772427367274	5902	20
5904	-575,9832	5904	22,11481035614214	5904	20
5906	-575,93990000000008	5906	22,037341963446039	5906	20
5908	-575,8968	5908	21,956118302879613	5908	20
5910	-575,85390000000007	5910	21,871765252392827	5910	20
5912	-575,8114	5912	21,768137710328872	5912	20
5914	-575,76920000000007	5914	21,656781425272381	5914	20
5916	-575,7273	5916	21,538984521064911	5916	20
5918	-575,6856	5918	21,424153767553396	5918	20
5920	-575,644	5920	21,320128139629226	5920	20
5922	-575,60210000000006	5922	21,258440116352809	5922	20
5924	-575,5602	5924	21,2070334302986	5924	20
5926	-575,5182	5926	21,172527858584669	5926	20
5928	-575,47620000000006	5928	21,143773215480252	5928	20
5930	-575,4343	5930	21,111477679571472	5930	20
5932	-575,3926	5932	21,067898066308864	5932	20
5934	-575,3508	5934	21,0399150552546	5934	20
5936	-575,3087	5936	21,041595879379241	5936	20
5938	-575,26650000000006	5938	21,051329899481019	5938	20
5940	-575,22440000000006	5940	21,051108249567925	5940	20
5942	-575,1821	5942	21,067590207978974	5942	20
5944	-575,14010000000007	5944	21,056325173308839	5944	20
5946	-575,0981	5946	21,046937644426535	5946	20
5948	-575,0561	5948	21,039114703691283	5948	20
5950	-575,0137	5950	21,065928919746344	5950	20
5952	-574,9713	5952	21,088274099782755	5952	20
5954	-574,9297	5954	21,040228416487025	5954	20
5956	-574,8881	5956	21,000190347073918	5956	20
5958	-574,8461	5958	21,0001586225641	5958	20
5960	-574,8045	5960	20,966798852138147	5960	20
5962	-574,76330000000007	5962	20,905665710105936	5962	20
5964	-574,723	5964	20,779721425097922	5964	20
5966	-574,6833	5966	20,624767854242037	5966	20
5968	-574,6439	5968	20,470639878535078	5968	20
5970	-574,60470000000009	5970	20,325533232107322	5970	20
5972	-574,5659	5972	20,171277693425893	5972	20
5974	-574,5275	5974	20,009398077856929	5974	20
5976	-574,4894	5976	19,849498398212926	5976	20
5978	-574,45220000000006	5978	19,641248665176136	5978	20
5980	-574,41540000000009	5980	19,434373887644373	5980	20
5982	-574,37930000000006	5982	19,203644906373071	5982	20
5984	-574,3438	5984	18,961370755316729	5984	20
5986	-574,3087	5986	18,726142296092529	5986	20
5988	-574,2735	5988	18,538451913413081	5988	20
5990	-574,2387	5990	18,348709927845764	5990	20
5992	-574,2039	5992	18,19059160653967	5992	20
5994	-574,1693	5994	18,042159672112632	5994	20
5996	-574,13460000000009	5996	17,926799726754677	5996	20
5998	-574,1	5998	17,822333105634613	5998	20
6000	-574,0655	6000	17,726944254693844	6000	20
6002	-574,03100000000006	6002	17,647453545576536	6002	20
6004	-573,99660000000006	6004	17,572877954647538	6004	20
6006	-573,9619	6006	17,535731628876572	6006	20
6008	-573,9275	6008	17,479776357397569	6008	20
6010	-573,893	6010	17,441480297829642	6010	20
6012	-573,85800000000006	6012	17,45123358152205	6012	20
6014	-573,82310000000007	6014	17,451027984601147	6014	20
6016	-573,7884	6016	17,434189987171244	6016	20
6018	-573,753	6018	17,478491655974491	6018	20
6020	-573,7175	6020	17,523743046651248	6020	20
6022	-573,6816	6022	17,594785872206842	6022	20
6024	-573,6454	6024	17,678988226839703	6024	20
6026	-573,6085	6026	17,807490189028584	6026	20
6028	-573,5715	6028	17,922908490860035	6028	20
6030	-573,5344	6030	18,027423742384151	6030	20
6032	-573,4969000000001	6032	18,14785311864588	6032	20
6034	-573,4587	6034	18,306544265544431	6034	20
6036	-573,42050000000006	6036	18,438786887950418	6036	20
6038	-573,3826	6038	18,523989073295017	6038	20
6040	-573,3447	6040	18,594990894415517	6040	20
6042	-573,3061	6042	18,712492412010764	6042	20
6044	-573,2675	6044	18,810410343340138	6044	20
6046	-573,22890000000007	6046	18,892008619447946	6046	20
6048	-573,18950000000007	6048	19,02667384954	6048	20
6050	-573,15010000000007	6050	19,138894874616714	6050	20
6052	-573,1105	6052	19,249079062185931	6052	20
6054	-573,071	6054	19,3325658851529	6054	20
6056	-573,0313	6056	19,418804904297328	6056	20
6058	-572,9911	6058	19,53233742025003	6058	20
6060	-572,95130000000006	6060	19,593614516866705	6060	20
6062	-572,9117	6062	19,628012097394258	6062	20
6064	-572,87250000000006	6064	19,62334341448997	6064	20
6066	-572,8332	6066	19,627786178743779	6066	20
6068	-572,79370000000006	6068	19,648155148951105	6068	20
6070	-572,7537	6070	19,706795957465697	6070	20
6072	-572,7132	6072	19,79732996455073	6072	20
6074	-572,6725	6074	19,889441637126883	6074	20
6076	-572,63100000000009	6076	20,032868030933081	6076	20
6078	-572,58930000000009	6078	20,169056692443537	6078	20
6080	-572,54770000000008	6080	20,27421391037101	6080	20
6082	-572,5059	6082	20,378511591982527	6082	20
6084	-572,4639	6084	20,482092993321274	6084	20
6086	-572,4215	6086	20,601744161095194	6086	20
6088	-572,379	6088	20,709786800914177	6088	20
6090	-572,3364	6090	20,808155667427908	6090	20
6092	-572,2942	6092	20,856796389521577	6092	20
6094	-572,2521	6094	20,888996991268389	6094	20
6096	-572,21	6096	20,915830826057398	6096	20
6098	-572,1685	6098	20,88819235505132	6098	20
6100	-572,1269	6100	20,873493629210827	6100	20
6102	-572,08490000000006	6102	20,894578024335384	6102	20
6104	-572,0426	6104	20,937148353618522	6104	20
6106	-572,0004	6106	20,964290294680421	6106	20
6108	-571,9587	6108	20,945241912232987	6108	20
6110	-571,9174	6110	20,89603492685902	6110	20
6112	-571,8764	6112	20,830029105720321	6112	20
6114	-571,8359	6114	20,733357588096251	6114	20
6116	-571,7957	6116	20,627797990082467	6116	20
6118	-571,7555	6118	20,539831658404314	6118	20
6120	-571,71580000000006	6120	20,424859715330697	6120	20
6122	-571,6761	6122	20,329049762778826	6122	20
6124	-571,6363	6124	20,257541468983508	6124	20
6126	-571,5967	6126	20,181284557482119	6126	20
6128	-571,5569	6128	20,134403797902916	6128	20
6130	-571,5167	6130	20,12866983158802	6130	20
6132	-571,4758	6132	20,182224859653772	6132	20
6134	-571,4349	6134	20,226854049718042	6134	20
6136	-571,3944	6136	20,230711708094351	6136	20
6138	-571,3541	6138	20,217259756745459	6138	20
6140	-571,3141	6140	20,181049797284853	6140	20
6142	-571,2739	6142	20,167541497739634	6142	20
6144	-571,2336	6144	20,164617914783197	6144	20
6146	-571,19350000000009	6146	20,145514928980873	6146	20
6148	-571,153	6148	20,162929107489518	6148	20
6150	-571,1126	6150	20,169107589572675	6150	20
6152	-571,07210000000009	6152	20,182589657973214	6152	20
6154	-571,0309	6154	20,252158048320776	6154	20
6156	-570,9894	6156	20,335131706927992	6156	20
6158	-570,94800000000009	6158	20,395943089102765	6158	20
6160	-570,90640000000008	6160	20,463285907587032	6160	20
6162	-570,86480000000006	6162	20,519404922990589	6162	20
6164	-570,8225	6164	20,624504102497859	6164	20
6166	-570,7794	6166	20,778753418746657	6166	20
6168	-570,7363	6168	20,907294515620652	6168	20
6170	-570,6929	6170	21,039412096352184	6170	20
6172	-570,6498	6172	21,124510080291927	6172	20
6174	-570,6073	6174	21,145425066911454	6174	20
6176	-570,5643	6176	21,204520889093409	6176	20
6178	-570,521	6178	21,278767407581569	6178	20
6180	-570,4777	6180	21,340639506312232	6180	20
6182	-570,4349	6182	21,350532921931574	6182	20
6184	-570,39240000000007	6184	21,333777434935023	6184	20
6186	-570,3496	6186	21,344814529117233	6186	20
6188	-570,3075	6188	21,295678774264768	6188	20
6190	-570,2659	6190	21,213065645222034	6190	20
6192	-570,2246	6192	21,119221371016557	6192	20
6194	-570,1831	6194	21,057684475850621	6194	20
6196	-570,1417	6196	20,998070396538292	6196	20
6198	-570,101	6198	20,890058663783186	6198	20
6200	-570,0608	6200	20,758382219821581	6200	20
6202	-570,0212	6202	20,59865184984718	6202	20
6204	-569,9819	6204	20,440543208208123	6204	20
6206	-569,94270000000006	6206	20,300452673501525	6206	20
6208	-569,90370000000007	6208	20,167043894583543	6208	20
6210	-569,86480000000006	6210	20,047536578820651	6210	20
6212	-569,8261	6212	19,931280482355756	6212	20
6214	-569,78780000000006	6214	19,801067068624434	6214	20
6216	-569,74930000000006	6216	19,709222557186955	6216	20
6218	-569,711	6218	19,616018797659905	6218	20
6220	-569,673	6220	19,513348998050834	6220	20
6222	-569,6351	6222	19,419457498378694	6222	20
6224	-569,5974	6224	19,324547915313289	6224	20
6226	-569,5598	6226	19,237123262760878	6226	20
6228	-569,5222	6228	19,164269385633869	6228	20
6230	-569,4849	6230	19,07855782135816	6230	20
6232	-569,4479	6232	18,982131517801349	6232	20
6234	-569,41090000000008	6234	18,901776264827863	6234	20
6236	-569,374	6236	18,826480220694858	6236	20
6238	-569,3368	6238	18,788733517244413	6238	20
6240	-569,2993	6240	18,782277931038905	6240	20
6242	-569,26150000000007	6242	18,801898275861372	6242	20
6244	-569,2238	6244	18,809915229891661	6244	20
6246	-569,1857	6246	18,849929358241869	6246	20
6248	-569,14730000000009	6248	18,9082744651941	6248	20
6250	-569,1091	6250	18,940228721001283	6250	20
6252	-569,0706	6252	18,991857267500993	6252	20
6254	-569,0318	6254	19,05988105625395	6254	20
6256	-568,9929	6256	19,124900880212657	6256	20
6258	-568,95400000000006	6258	19,179084066835436	6258	20
6260	-568,9149	6260	19,24090338903585	6260	20
6262	-568,8755	6262	19,317419490863255	6262	20
6264	-568,83580000000006	6264	19,406182909046482	6264	20
6266	-568,796	6266	19,488485757539888	6266	20
6268	-568,7559	6268	19,582071464620924	6268	20
6270	-568,7152000000001	6270	19,710059553842569	6270	20
6272	-568,6744	6272	19,8250496282108	6272	20
6274	-568,6334	6274	19,937541356837333	6274	20
6276	-568,5923	6276	20,039617797366827	6276	20
6278	-568,5512	6278	20,124681497808069	6278	20
6280	-568,5101	6280	20,195567914842439	6280	20
6282	-568,469	6282	20,254639929028272	6282	20
6284	-568,4279	6284	20,303866607525944	6284	20
6286	-568,3866	6286	20,361555506269816	6286	20
6288	-568,3455	6288	20,392962921893897	6288	20
6290	-568,3046	6290	20,402469101575338	6290	20
6292	-568,26330000000007	6292	20,443724251310979	6292	20
6294	-568,222	6294	20,478103542766821	6294	20
6296	-568,1806	6296	20,515086285635125	6296	20
6298	-568,1393	6298	20,537571904694133	6298	20
6300	-568,0978	6300	20,5729765872486	6300	20
6302	-568,0563	6302	20,602480489377321	6302	20
6304	-568,0148	6304	20,627067074475114	6304	20
6306	-567,97340000000008	6306	20,639222562058702	6306	20
6308	-567,9316	6308	20,682685468388936	6308	20
6310	-567,89	6310	20,70223789032551	6310	20
6312	-567,84850000000006	6312	20,710198241931938	6312	20
6314	-567,80670000000009	6314	20,741831868273827	6314	20
6316	-567,7643	6316	20,818193223565132	6316	20
6318	-567,7222	6318	20,856827686304687	6318	20
6320	-567,6798	6320	20,914023071924181	6320	20
6322	-567,6371	6322	20,986685893267484	6322	20
6324	-567,59480000000008	6324	21,013904911052464	6324	20
6326	-567,5528	6326	21,011587425879554	6326	20
6328	-567,51150000000007	6328	20,951322854897825	6328	20
6330	-567,47	6330	20,917769045751676	6330	20
6332	-567,42820000000006	6332	20,914807538123611	6332	20
6334	-567,38650000000007	6334	20,904006281768979	6334	20
6336	-567,34530000000007	6336	20,853338568141105	6336	20
6338	-567,3043	6338	20,794448806788726	6338	20
6340	-567,26330000000007	6340	20,74537400565227	6340	20
6342	-567,2222	6342	20,712811671379274	6342	20
6344	-567,181	6344	20,694009726149684	6344	20
6346	-567,1407	6346	20,603341438458237	6346	20
6348	-567,0999	6348	20,569451198714379	6348	20
6350	-567,0592	6350	20,532875998929924	6350	20
6352	-567,01830000000007	6352	20,519063332438694	6352	20
6354	-566,97710000000006	6354	20,532552777032535	6354	20
6356	-566,93590000000006	6356	20,543793980860734	6356	20
6358	-566,89460000000008	6358	20,561494984048807	6358	20
6360	-566,8534	6360	20,567912486717102	6360	20
6362	-566,8117	6362	20,614927072263555	6362	20
6364	-566,7701	6364	20,645772560221026	6364	20
6366	-566,7285	6366	20,671477133509441	6366	20
6368	-566,6876	6368	20,634564277931098	6368	20
6370	-566,6462	6370	20,645470231605355	6370	20
6372	-566,60480000000007	6372	20,6545585263339	6372	20
6374	-566,5635	6374	20,653798771952587	6374	20
6376	-566,52240000000006	6376	20,636498976620064	6376	20
6378	-566,4815000000001	6378	20,605415813847141	6378	20
6380	-566,4405	6380	20,587846511543756	6380	20
6382	-566,3993	6382	20,589872092953417	6382	20
6384	-566,35800000000006	6384	20,59989341079271	6384	20
6386	-566,3171	6386	20,574911175667157	6386	20
6388	-566,27600000000007	6388	20,570759313048871	6388	20
6390	-566,2347	6390	20,583966094215064	6390	20
6392	-566,19360000000006	6392	20,578305078505462	6392	20
6394	-566,153	6394	20,531920898757917	6394	20
6396	-566,11290000000008	6396	20,451600748959809	6396	20
6398	-566,0723	6398	20,426333957469872	6398	20
6400	-566,0316	6400	20,413611631226168	6400	20
6402	-565,9914	6402	20,361343026024066	6402	20
6404	-565,95170000000007	6404	20,27611918834716	6404	20
6406	-565,91270000000009	6406	20,146765990288237	6406	20
6408	-565,8735	6408	20,055638325244431	6408	20
6410	-565,83400000000006	6410	20,004698604368315	6410	20
6412	-565,7947	6412	19,945582170309066	6412	20
6414	-565,7555	6414	19,887985141928453	6414	20
6416	-565,7166	6416	19,814987618274742	6416	20
6418	-565,6779	6418	19,737489681891361	6418	20
6420	-565,6396	6420	19,639574734913577	6420	20
6422	-565,6019	6422	19,507978945759024	6422	20
6424	-565,56490000000008	6424	19,339982454792594	6424	20
6426	-565,5282	6426	19,174985379002983	6426	20
6428	-565,492	6428	18,995821149169821	6428	20
6430	-565,45620000000008	6430	18,813184290964937	6430	20
6432	-565,4204	6432	18,660986909146484	6432	20
6434	-565,3853	6434	18,475822424283994	6434	20
6436	-565,3507	6436	18,279852020242377	6436	20
6438	-565,31670000000008	6438	18,066543350191825	6438	20
6440	-565,2824	6440	17,913786125162371	6440	20
6442	-565,248	6442	17,794821770969069	6442	20
6444	-565,2133	6444	17,720684809144515	6444	20
6446	-565,1786	6446	17,658904007624052	6446	20
6448	-565,1435	6448	17,640753339681964	6448	20
6450	-565,10800000000006	6450	17,658961116398	6450	20
6452	-565,07220000000007	6452	17,699134263664561	6452	20
6454	-565,0367	6454	17,707611886392971	6454	20
6456	-565,0009	6456	17,739676571993705	6456	20
6458	-564,9652000000001	6458	17,758063809986933	6458	20
6460	-564,92990000000009	6460	17,740053174989658	6460	20
6462	-564,8944	6462	17,741710979163884	6462	20
6464	-564,8591	6464	17,726425815970451	6464	20
6466	-564,82390000000009	6466	17,705354846635206	6466	20
6468	-564,7885	6468	17,704462372203935	6468	20
6470	-564,7531	6470	17,703718643501734	6470	20
6472	-564,7179	6472	17,686432202920749	6472	20
6474	-564,682	6474	17,730360169098091	6474	20
6476	-564,6453	6476	17,833633474248092	6476	20
6478	-564,60840000000007	6478	17,936361228535574	6478	20
6480	-564,5708	6480	18,080301023788923	6480	20
6482	-564,5327	6482	18,24191751982292	6482	20
6484	-564,4941	6484	18,418264599850264	6484	20
6486	-564,4548	6486	18,623553833210693	6486	20
6488	-564,41540000000009	6488	18,802961527666149	6488	20
6490	-564,37560000000008	6490	18,985801273056275	6490	20
6492	-564,3356	6492	19,154834394220007	6492	20
6494	-564,29550000000006	6494	19,304028661844882	6494	20
6496	-564,2555	6496	19,420023884877178	6496	20
6498	-564,21530000000007	6498	19,533353237390436	6498	20
6500	-564,1748	6500	19,652794364497488	6500	20
6502	-564,1343	6502	19,752328637077223	6502	20
6504	-564,09350000000006	6504	19,8602738642302	6504	20
6506	-564,0526	6506	19,958561553531734	6506	20
6508	-564,0113	6508	20,073801294607975	6508	20
6510	-563,97	6510	20,169834412171507	6510	20
6512	-563,9283	6512	20,283195343475558	6512	20
6514	-563,8862	6514	20,410996119563375	6514	20
6516	-563,8438	6516	20,542496766306421	6516	20
6518	-563,8009	6518	20,693747305257972	6518	20
6520	-563,7581	6520	20,811456087710216	6520	20
6522	-563,7151	6522	20,926213406425713	6522	20
6524	-563,6717	6524	21,055177838689733	6524	20
6526	-563,6278	6526	21,20431486557543	6526	20
6528	-563,5841	6528	21,311929054641556	6528	20
6530	-563,5403	6530	21,40994087887071	6530	20
6532	-563,49660000000006	6532	21,483284065720955	6532	20
6534	-563,45310000000006	6534	21,527736721433676	6534	20
6536	-563,4097	6536	21,556447267863035	6536	20
6538	-563,3661	6538	21,597039389892792	6538	20
6540	-563,3228	6540	21,60586615823825	6540	20
6542	-563,2798	6542	21,588221798532409	6542	20
6544	-563,2365	6544	21,598518165447402	6544	20
6546	-563,1931	6546	21,615431804541142	6546	20
6548	-563,1504	6548	21,571193170448286	6548	20
6550	-563,1079	6550	21,517660975375087	6550	20
6552	-563,06490000000008	6552	21,514717479470296	6552	20
6554	-563,022	6554	21,503931232894534	6554	20
6556	-562,9791	6556	21,4949426940814	6556	20
6558	-562,9362	6558	21,487452245070454	6558	20
6560	-562,8926	6560	21,539543537556163	6560	20
6562	-562,84930000000008	6562	21,557952947957727	6562	20
6564	-562,80590000000007	6564	21,581627456633079	6564	20
6566	-562,7626	6566	21,593022880531294	6566	20
6568	-562,71980000000008	6568	21,560852400437984	6568	20
6570	-562,6771	6570	21,525710333705128	6570	20
6572	-562,63470000000007	6572	21,471425278081739	6572	20
6574	-562,5922	6574	21,434521065069632	6574	20
6576	-562,54950000000008	6576	21,420434220888694	6576	20
6578	-562,5073	6578	21,367028517415037	6578	20
6580	-562,4651	6580	21,322523764510851	6580	20
6582	-562,42270000000008	6582	21,302103137086508	6582	20
6584	-562,3807	6584	21,251752614241258	6584	20
6586	-562,339	6586	21,18479384520035	6586	20
6588	-562,29680000000008	6588	21,170661537665278	6588	20
6590	-562,2548	6590	21,1422179480569	6590	20
6592	-562,2127	6592	21,126848290047825	6592	20
6594	-562,1703	6594	21,139040241710131	6594	20
6596	-562,12790000000007	6596	21,149200201419241	6596	20
6598	-562,0855	6598	21,157666834519642	6598	20
6600	-562,0433	6600	21,148055695431353	6600	20
6602	-562,0012	6602	21,131713079526538	6602	20
6604	-561,95900000000006	6604	21,126427566270433	6604	20
6606	-561,9167	6606	21,130356305231061	6606	20
6608	-561,87380000000007	6608	21,183630254352369	6608	20
6610	-561,83120000000008	6610	21,203025211959734	6610	20
6612	-561,7888	6612	21,202521009970052	6612	20
6614	-561,7468	6614	21,168767508310879	6614	20
6616	-561,7051	6616	21,115639590258368	6616	20
6618	-561,6639	6618	21,029699658548928	6618	20
6620	-561,623	6620	20,933083048787864	6620	20
6622	-561,5826	6622	20,810902540664106	6622	20
6624	-561,542	6624	20,725752117213982	6624	20
6626	-561,5016	6626	20,63812676434306	6626	20
6628	-561,46170000000006	6628	20,523438970284946	6628	20
6630	-561,4222	6630	20,394532475244883	6630	20
6632	-561,3836	6632	20,212110396035236	6632	20
6634	-561,3454	6634	20,026758663359423	6634	20
6636	-561,3074	6636	19,855632219467097	6636	20
6638	-561,2694	6638	19,713026849556826	6638	20
6640	-561,2318	6640	19,560855707963828	6640	20
6642	-561,1947	6642	19,392379756637311	6642	20
6644	-561,1579	6644	19,226983130528684	6644	20
6646	-561,1214	6646	19,064152608777771	6646	20
6648	-561,0851	6648	18,91179384064672	6648	20
6650	-561,04910000000007	6650	18,759828200534312	6650	20
6652	-561,0136	6652	18,591523500451096	6652	20
6654	-560,9777	6654	18,48460291704005	6654	20
6656	-560,9419	6656	18,387169097532936	6656	20
6658	-560,9063	6658	18,289307581281193	6658	20
6660	-560,8707	6660	18,2077563177286	6660	20
6662	-560,835	6662	18,148130264775485	6662	20
6664	-560,7994	6664	18,090108553983317	6664	20
6666	-560,7636	6666	18,058423794985657	6666	20
6668	-560,72790000000009	6668	18,023686495813561	6668	20
6670	-560,6921	6670	18,00307207985367	6670	20
6672	-560,6561	6672	18,002560066540102	6672	20
6674	-560,6195	6674	18,052133388785194	6674	20
6676	-560,5829	6676	18,093444490656104	6676	20
6678	-560,5461	6678	18,144537075544346	6678	20
6680	-560,509	6680	18,212114229621076	6680	20
6682	-560,4717	6682	18,2850951913475	6682	20
6684	-560,4342	6684	18,362579326124813	6684	20
6686	-560,39650000000006	6686	18,443816105101725	6686	20
6688	-560,3587	6688	18,51984675425653	6688	20
6690	-560,3206	6690	18,608205628545925	6690	20
6692	-560,28230000000008	6692	18,698504690449571	6692	20
6694	-560,2441	6694	18,765420575380844	6694	20
6696	-560,2055	6696	18,854517146148535	6696	20
6698	-560,167	6698	18,920430955123706	6698	20
6700	-560,1281	6700	19,00869246260412	6700	20
6702	-560,0892	6702	19,0822437188378	6702	20
6704	-560,0497	6704	19,193536432362787	6704	20
6706	-560,0101	6706	19,294613693640994	6706	20
6708	-559,97030000000007	6708	19,395511411359173	6708	20
6710	-559,93090000000007	6710	19,446259509466024	6710	20
6712	-559,8912	6712	19,513549591224933	6712	20
6714	-559,85120000000006	6714	19,59462465935108	6714	20
6716	-559,81130000000007	6716	19,65385388279163	6716	20
6718	-559,7713	6718	19,711544902332804	6718	20
6720	-559,7311	6720	19,776287418612927	6720	20
6722	-559,6907	6722	19,846906182175516	6722	20
6724	-559,6507	6724	19,872421818476568	6724	20
6726	-559,6108	6726	19,885351515396202	6726	20
6728	-559,5714	6728	19,854459596163547	6728	20
6730	-559,5316	6730	19,862049663470774	6730	20
6732	-559,4921	6732	19,843374719556934	6732	20
6734	-559,4523	6734	19,852812266298596	6734	20
6736	-559,4121	6736	19,894010221917753	6736	20
6738	-559,3718	6738	19,93667518493163	6738	20
6740	-559,3302	6740	20,080562654111088	6740	20
6742	-559,289	6742	20,167135545092862	6742	20
6744	-559,2477	6744	20,247612954242246	6744	20
6746	-559,2059	6746	20,356344128532417	6746	20
6748	-559,1641	6748	20,446953440450365	6748	20
6750	-559,1222	6750	20,530794533703759	6750	20
6752	-559,0806	6752	20,575662111421195	6752	20
6754	-559,0393	6754	20,58805175951586	6754	20
6756	-558,9976	6756	20,631709799595853	6756	20
6758	-558,95620000000008	6758	20,643091499659317	6758	20
6760	-558,91460000000006	6760	20,66924291638416	6760	20
6762	-558,8726	6762	20,724369096989303	6762	20
6764	-558,8305	6764	20,77864091415816	6764	20
6766	-558,7881	6766	20,848867428468743	6766	20
6768	-558,7454	6768	20,932389523721287	6768	20
6770	-558,7023	6770	21,035324603099511	6770	20
6772	-558,659	6772	21,137770502586655	6772	20
6774	-558,6162	6774	21,181475418817453	6774	20
6776	-558,5736	6776	21,201229515680637	6776	20
6778	-558,5313	6778	21,1926912630729	6778	20
6780	-558,4893	6780	21,16057605256325	6780	20
6782	-558,44800000000009	6782	21,075480043791433	6782	20
6784	-558,4072	6784	20,962900036501519	6784	20
6786	-558,3668	6786	20,835750030416008	6786	20
6788	-558,32630000000006	6788	20,738125025342658	6788	20
6790	-558,2858	6790	20,656770854457672	6790	20
6792	-558,2455	6792	20,572309045381562	6792	20
6794	-558,205	6794	20,518590871147286	6794	20
6796	-558,16460000000006	6796	20,465492392620813	6796	20
6798	-558,124	6798	20,437910327187375	6798	20
6800	-558,08300000000008	6800	20,448258605984478	6800	20
6802	-558,0421	6802	20,448548838326964	6802	20
6804	-558,0014	6804	20,432124031940411	6804	20
6806	-557,9605	6806	20,435103359947433	6806	20
6808	-557,9197	6808	20,429252799955378	6808	20
6810	-557,8791	6810	20,407710666632848	6810	20
6812	-557,8389	6812	20,356425555529633	6812	20
6814	-557,7987	6814	20,313687962934146	6814	20
6816	-557,7582	6816	20,303073302450581	6816	20
6818	-557,7175	6818	20,310894418710092	6818	20
6820	-557,6765	6820	20,342412015586742	6820	20
6822	-557,63560000000007	6822	20,360343346319375	6822	20
6824	-557,5942	6824	20,416952788605059	6824	20
6826	-557,553	6826	20,44746065717117	6826	20
6828	-557,5118	6828	20,472883880976266	6828	20
6830	-557,47	6830	20,544069900810769	6830	20
6832	-557,4283	6832	20,595058250674942	6832	20
6834	-557,3873000000001	6834	20,579215208890783	6834	20
6836	-557,3463	6836	20,566012674080124	6836	20
6838	-557,30490000000009	6838	20,588343895062877	6838	20
6840	-557,2637	6840	20,590286579228827	6840	20
6842	-557,2226	6842	20,583572149350264	6842	20
6844	-557,18170000000009	6844	20,561310124455641	6844	20
6846	-557,1409	6846	20,534425103721691	6846	20
6848	-557,1005	6848	20,47868758643282	6848	20
6850	-557,0608	6850	20,373906322030596	6850	20
6852	-557,0216	6852	20,244921935020251	6852	20
6854	-556,98250000000007	6854	20,129101612513725	6854	20
6856	-556,9439	6856	19,990918010435411	6856	20
6858	-556,9054	6858	19,867431675362766	6858	20
6860	-556,8673	6860	19,731193062801125	6860	20
6862	-556,8292	6862	19,617660885666425	6862	20
6864	-556,7917	6864	19,47305073805725	6864	20
6866	-556,7549	6866	19,294208948378632	6866	20
6868	-556,71850000000006	6868	19,111840790312012	6868	20
6870	-556,6819	6870	18,976533991928449	6870	20
6872	-556,6451	6872	18,880444993280772	6872	20
6874	-556,6088	6874	18,758704161065886	6874	20
6876	-556,5723	6876	18,673920134215962	6876	20
6878	-556,5358	6878	18,603266778517167	6878	20
6880	-556,4995	6880	18,527722315429546	6880	20
6882	-556,463	6882	18,481435262861822	6882	20
6884	-556,42630000000008	6884	18,459529385708393	6884	20
6886	-556,3899	6886	18,416274488096285	6886	20
6888	-556,3532	6888	18,40522874007992	6888	20
6890	-556,31670000000008	6890	18,379357283394327	6890	20
6892	-556,28	6892	18,374464402837763	6892	20
6894	-556,243	6894	18,395387002358209	6894	20
6896	-556,20580000000007	6896	18,429489168630539	6896	20
6898	-556,1686	6898	18,45790764053362	6898	20
6900	-556,1309	6900	18,523256367109063	6900	20
6902	-556,0929	6902	18,602713639258464	6902	20
6904	-556,05490000000009	6904	18,668928032706823	6904	20
6906	-556,0172	6906	18,69910669392954	6906	20
6908	-555,9795	6908	18,724255578272327	6908	20
6910	-555,94080000000008	6910	18,828546315222681	6910	20
6912	-555,90180000000009	6912	18,940455262684505	6912	20
6914	-555,8624	6914	19,06704605224661	6914	20
6916	-555,8228	6916	19,189205043534706	6916	20
6918	-555,7829	6918	19,316004202944651	6918	20
6920	-555,7428	6920	19,43833683579156	6920	20
6922	-555,703	6922	19,51528069649412	6922	20
6924	-555,663	6924	19,596067247075403	6924	20
6926	-555,623	6926	19,663389372559806	6926	20
6928	-555,5828	6928	19,736157810468764	6928	20
6930	-555,5426	6930	19,796798175392894	6930	20
6932	-555,50240000000008	6932	19,847331812820197	6932	20
6934	-555,4621	6934	19,897776510693138	6934	20
6936	-555,4217	6936	19,948147092242358	6936	20
6938	-555,3818	6938	19,948455910201027	6938	20
6940	-555,341	6940	20,023713258500038	6940	20
6942	-555,30000000000007	6942	20,103094382078364	6942	20
6944	-555,2586	6944	20,202578651737547	6944	20
6946	-555,2169	6946	20,310482209780591	6946	20
6948	-555,17500000000007	6948	20,417068508145611	6948	20
6950	-555,1331	6950	20,50589042345927	6950	20
6952	-555,0913	6952	20,57157535287994	6952	20
6954	-555,0488	6954	20,684646127401464	6954	20
6956	-555,0057	6956	20,828871772832994	6956	20
6958	-554,9627	6958	20,940726477361359	6958	20
6960	-554,9198	6960	21,025605397803755	6960	20
6962	-554,8775	6962	21,046337831499354	6962	20
6964	-554,835	6964	21,080281526250978	6964	20
6966	-554,7921	6966	21,141901271878439	6966	20
6968	-554,7492	6968	21,193251059901321	6968	20
6970	-554,7067	6970	21,202709216585951	6970	20
6972	-554,6644	6972	21,193924347151185	6972	20
6974	-554,6223	6974	21,169936955959731	6974	20
6976	-554,5802	6976	21,149947463300183	6976	20
6978	-554,53770000000009	6978	21,16662288607553	6978	20
6980	-554,49520000000007	6980	21,180519071731123	6980	20
6982	-554,45310000000006	6982	21,158765893109678	6982	20
6984	-554,4112	6984	21,123971577595992	6984	20
6986	-554,3694	6986	21,086642981327206	6986	20
6988	-554,3278	6988	21,0388691511074	6988	20
6990	-554,28600000000006	6990	21,015724292586711	6990	20
6992	-554,2438	6992	21,02977024383005	6992	20
6994	-554,2018	6994	21,024808536518069	6994	20
6996	-554,1599	6996	21,012340447102986	6996	20
6998	-554,118	6998	21,001950372580943	6998	20
7000	-554,07630000000006	7000	20,976625310483421	7000	20
7002	-554,0348	7002	20,93885442540634	7002	20
7004	-553,9931	7004	20,924045354504585	7004	20
7006	-553,9515	7006	20,903371128755218	7006	20
7008	-553,9096	7008	20,911142607300611	7008	20
7010	-553,8682	7010	20,875952172746615	7010	20
7012	-553,8264	7012	20,879960143952726	7012	20
7014	-553,7843	7014	20,908300119961012	7014	20
7016	-553,74250000000006	7016	20,90691676663139	7016	20
7018	-553,7002	7018	20,947430638865193	7018	20
7020	-553,6579	7020	20,981192199050554	7020	20
7022	-553,61560000000009	7022	21,009326832538356	7022	20
7024	-553,57310000000007	7024	21,049439027116811	7024	20
7026	-553,5308	7026	21,06619918926971	7026	20
7028	-553,4887	7028	21,063499324391834	7028	20
7030	-553,4465	7030	21,06958277032485	7030	20
7032	-553,4044	7032	21,066318975271116	7032	20
7034	-553,3618	7034	21,105265812725357	7034	20
7036	-553,3191	7036	21,146054843935129	7036	20
7038	-553,2765	7038	21,171712369945368	7038	20
7040	-553,2335	7040	21,226426974955007	7040	20
7042	-553,1909	7042	21,238689145795266	7042	20
7044	-553,1484	7044	21,240574288164236	7044	20
7046	-553,10660000000007	7046	21,183811906800742	7046	20
7048	-553,0651	7048	21,11150992233744	7048	20
7050	-553,024	7050	21,017924935283581	7050	20
7052	-552,9828	7052	20,948270779403273	7052	20
7054	-552,9422	7054	20,840225649506092	7054	20
7056	-552,90180000000009	7056	20,733521374577009	7056	20
7058	-552,8614	7058	20,644601145488391	7058	20
7060	-552,8215	7060	20,528834287906054	7060	20
7062	-552,782	7062	20,399028573253002	7062	20
7064	-552,7426	7064	20,282523811044214	7064	20
7066	-552,7038	7066	20,135436509206638	7066	20
7068	-552,6656	7068	19,962863757668924	7068	20
7070	-552,62790000000007	7070	19,777386464721815	7070	20
7072	-552,5906	7072	19,589488720607594	7072	20
7074	-552,55320000000006	7074	19,441240600500841	7074	20
7076	-552,51600000000008	7076	19,3010338337494	7076	20
7078	-552,479	7078	19,167528194794048	7078	20
7080	-552,4421	7080	19,047940162333347	7080	20
7082	-552,4048	7082	18,981616801941062	7082	20
7084	-552,3676	7084	18,91801400161625	7084	20
7086	-552,3309	7086	18,823345001346556	7086	20
7088	-552,2942	7088	18,744454167788479	7088	20
7090	-552,2576	7090	18,670378473158841	7090	20
7092	-552,221	7092	18,60864872763414	7092	20
7094	-552,1844000000001	7094	18,557207273020751	7094	20
7096	-552,148	7096	18,497672727523248	7096	20
7098	-552,11160000000007	7098	18,448060606265859	7098	20
7100	-552,0756	7100	18,373383838559732	7100	20
7102	-552,04	7102	18,277819865470189	7102	20
7104	-552,0046	7104	18,181516554556943	7104	20
7106	-551,969	7106	18,117930462125056	7106	20
7108	-551,9334	7108	18,064942051774626	7108	20
7110	-551,8976	7110	18,037451709811748	7110	20
7112	-551,86160000000007	7112	18,031209758171833	7112	20
7114	-551,82540000000006	7114	18,042674798477194	7114	20
7116	-551,78870000000006	7116	18,093895665397344	7116	20
7118	-551,75150000000008	7118	18,178246387829816	7118	20
7120	-551,7139	7120	18,281871989867458	7120	20
7122	-551,6762	7122	18,376559991553925	7122	20
7124	-551,63880000000006	7124	18,430466659622784	7124	20
7126	-551,60120000000006	7126	18,492055549685457	7126	20
7128	-551,5633	7128	18,568379624740881	7128	20
7130	-551,5256	7130	18,615316353948444	7130	20
7132	-551,4873	7132	18,704430294961146	7132	20
7134	-551,4484	7134	18,828691912468653	7134	20
7136	-551,4095	7136	18,932243260391573	7136	20
7138	-551,3703	7138	19,043536050321066	7138	20
7140	-551,3309	7140	19,152946708600933	7140	20
7142	-551,2911	7142	19,27745559050193	7142	20
7144	-551,251	7144	19,406212992089294	7144	20
7146	-551,211	7146	19,505177493404716	7146	20
7148	-551,1708	7148	19,604314577839521	7148	20
7150	-551,1307	7150	19,678595481527811	7150	20
7152	-551,0907	7152	19,732162901279619	7152	20
7154	-551,0508	7154	19,768469084398745	7154	20
7156	-551,0111	7156	19,782057570326057	7156	20
7158	-550,9715	7158	19,785047975277053	7158	20
7160	-550,9323	7160	19,754206646058968	7160	20
7162	-550,893	7162	19,736838871717946	7162	20
7164	-550,8534	7164	19,747365726436961	7164	20
7166	-550,8135	7166	19,781138105363198	7166	20
7168	-550,7736	7168	19,809281754468394	7168	20
7170	-550,7335	7170	19,849401462051873	7170	20
7172	-550,6932	7172	19,899501218376731	7172	20
7174	-550,6534	7174	19,899584348648428	7174	20
7176	-550,6132	7176	19,93298695720928	7176	20
7178	-550,5727	7178	19,985822464337051	7178	20
7180	-550,5322	7180	20,029852053619667	7180	20
7182	-550,4914	7182	20,091543378015572	7182	20
7184	-550,45080000000007	7184	20,126286148340203	7184	20
7186	-550,4106	7186	20,121905123619094	7186	20
7188	-550,3707	7188	20,093254269681641	7188	20
7190	-550,3298	7190	20,152711891407932	7190	20
7192	-550,2884	7192	20,243926576169383	7192	20
7194	-550,2465	7194	20,361605480145748	7194	20
7196	-550,2041	7196	20,50133790011559	7196	20
7198	-550,1614	7198	20,642781583436467	7198	20
7200	-550,1185	7200	20,777317986190205	7200	20
7202	-550,0757	7202	20,881098321829885	7202	20
7204	-550,0327	7204	20,984248601525437	7204	20
7206	-549,98980000000006	7206	21,06187383459768	7206	20
7208	-549,9465	7208	21,159894862168461	7208	20
7210	-549,9031	7210	21,249912385142022	7210	20
7212	-549,86	7212	21,299926987616789	7212	20
7214	-549,8173	7214	21,308272489677989	7214	20
7216	-549,7748	7216	21,298560408066507	7216	20
7218	-549,73250000000007	7218	21,27380034005165	7218	20
7220	-549,6898	7220	21,286500283383184	7220	20
7222	-549,6471	7222	21,29708356948332	7222	20
7224	-549,6045	7224	21,297569641235526	7224	20
7226	-549,56180000000006	7226	21,306308034360271	7226	20
7228	-549,519	7228	21,321923361971606	7228	20
7230	-549,476	7230	21,351602801643537	7230	20
7232	-549,4331	7232	21,368002334705569	7232	20
7234	-549,3907	7234	21,340001945582106	7234	20
7236	-549,34850000000006	7236	21,300001621316742	7236	20
7238	-549,3064	7238	21,258334684431027	7238	20
7240	-549,2643	7240	21,223612237026266	7240	20
7242	-549,222	7242	21,211343530860923	7242	20
7244	-549,1803	7244	21,15111960905007	7244	20
7246	-549,1385	7246	21,109266340872271	7246	20
7248	-549,0967	7248	21,07438861739077	7248	20
7250	-549,05490000000009	7250	21,045323847822853	7250	20
7252	-549,013	7252	21,029436539856974	7252	20
7254	-548,97120000000007	7254	21,007863783211359	7254	20
7256	-548,9293	7256	20,998219819347394	7256	20
7258	-548,8877	7258	20,965183182790891	7258	20
7260	-548,846	7260	20,945985985658378	7260	20
7262	-548,8047	7262	20,896654988046844	7262	20
7264	-548,7634	7264	20,855545823370566	7264	20
7266	-548,7226	7266	20,779621519474652	7266	20
7268	-548,6821	7268	20,691351266234335	7268	20
7270	-548,64190000000008	7270	20,592792721854732	7270	20
7272	-548,6015	7272	20,527327268219828	7272	20
7274	-548,561	7274	20,481106056845839	7274	20
7276	-548,5209	7276	20,409255047375883	7276	20
7278	-548,4811	7278	20,324379206147722	7278	20
7280	-548,44170000000008	7280	20,220316005113673	7280	20
7282	-548,4025	7282	20,116930004265626	7282	20
7284	-548,36380000000008	7284	19,989108336883763	7284	20
7286	-548,3257	7286	19,832590280744764	7286	20
7288	-548,2882	7288	19,6521585672892	7288	20
7290	-548,2513	7290	19,451798806069831	7290	20
7292	-548,215	7292	19,234832338390103	7292	20
7294	-548,1785	7294	19,070693615328953	7294	20
7296	-548,1422	7296	18,917244679439371	7296	20
7298	-548,1061	7298	18,772703899535568	7298	20
7300	-548,07040000000006	7300	18,618919916271821	7300	20
7302	-548,03500000000008	7302	18,46576659689164	7302	20
7304	-547,9995	7304	18,346472164082204	7304	20
7306	-547,964	7306	18,247060136731534	7306	20
7308	-547,9289	7308	18,130883447281008	7308	20
7310	-547,89330000000007	7310	18,075736206061777	7310	20
7312	-547,8581	7312	17,996446838387453	7312	20
7314	-547,82300000000009	7314	17,9220390319848	7314	20
7316	-547,78770000000009	7316	17,876699193321212	7316	20
7318	-547,7519	7318	17,880582661110044	7318	20
7320	-547,7159	7320	17,900485550920415	7320	20
7322	-547,6804	7322	17,875404625772848	7322	20
7324	-547,6442	7324	17,912837188144707	7324	20
7326	-547,6078	7326	17,96069765678374	7326	20
7328	-547,5711	7328	18,0255813806528	7328	20
7330	-547,5345	7330	18,071317817212439	7330	20
7332	-547,4981	7332	18,092764847673518	7332	20
7334	-547,4612	7334	18,152304039732904	7334	20
7336	-547,4237	7336	18,251920033103175	7336	20
7338	-547,3862	7338	18,334933360921209	7338	20
7340	-547,3486	7340	18,412444467434145	7340	20
7342	-547,3107	7342	18,502037056198123	7342	20
7344	-547,2725	7344	18,601697546828497	7344	20
7346	-547,234	7346	18,709747955690339	7346	20
7348	-547,19530000000009	7348	18,81645662973769	7348	20
7350	-547,1568	7350	18,888713858124142	7350	20
7352	-547,1179	7352	18,982261548437815	7352	20
7354	-547,0791	7354	19,051884623691826	7354	20
7356	-547,0401	7356	19,126570519742128	7356	20
7358	-547,001	7358	19,197142099791428	7358	20
7360	-546,9614	7360	19,297618416488717	7360	20
7362	-546,9217	7362	19,389682013743844	7362	20
7364	-546,88200000000006	7364	19,466401678113641	7364	20
7366	-546,84210000000007	7366	19,547001398427096	7366	20
7368	-546,8019	7368	19,639167832024839	7368	20
7370	-546,7616	7370	19,724306526687535	7370	20
7372	-546,7214	7372	19,786922105575204	7372	20
7374	-546,68080000000009	7374	19,87243508797323	7374	20
7376	-546,64010000000007	7376	19,952029239978966	7376	20
7378	-546,5987	7378	20,076691033321381	7378	20
7380	-546,5572	7380	20,188909194437972	7380	20
7382	-546,5153	7382	20,315757662026762	7382	20
7384	-546,4731	7384	20,446464718353955	7384	20
7386	-546,4306	7386	20,580387265296476	7386	20
7388	-546,3882	7388	20,683656054417337	7388	20
7390	-546,3459	7390	20,761380045344008	7390	20
7392	-546,3035	7392	20,834483371123614	7392	20
7394	-546,2611	7394	20,89540280926381	7394	20
7396	-546,2184	7396	20,971169007726651	7396	20
7398	-546,1757	7398	21,03430750643621	7398	20
7400	-546,1326	7400	21,120256255361948	7400	20
7402	-546,0895	7402	21,191880212800061	7402	20
7404	-546,046	7404	21,284900177332929	7404	20
7406	-546,0025	7406	21,362416814443655	7406	20
7408	-545,9594	7408	21,393680678710961	7408	20
7410	-545,91640000000007	7410	21,411400565583524	7410	20
7412	-545,8739	7412	21,384500471321118	7412	20
7414	-545,8316	7414	21,345417059439967	7414	20
7416	-545,78950000000009	7416	21,296180882857577	7416	20
7418	-545,7476	7418	21,238484069052575	7418	20
7420	-545,7061	7420	21,1570700575473	7420	20
7422	-545,665	7422	21,055891714625133	7422	20
7424	-545,624	7424	20,963243095515946	7424	20
7426	-545,5832	7426	20,869369246262469	7426	20
7428	-545,5425	7428	20,782807705219998	7428	20
7430	-545,5019	7430	20,702339754353364	7430	20
7432	-545,46170000000006	7432	20,601949795287258	7432	20
7434	-545,4215	7434	20,518291496074973	7434	20
7436	-545,3809	7436	20,481909580065842	7436	20
7438	-545,3404	7438	20,443257983384186	7438	20
7440	-545,2999	7440	20,411048319492281	7440	20
7442	-545,25970000000007	7442	20,359206932903021	7442	20
7444	-545,2201	7444	20,266005777424521	7444	20
7446	-545,1806	7446	20,180004814518391	7446	20
7448	-545,1408	7448	20,133337345433144	7448	20
7450	-545,1008	7450	20,111114454524589	7450	20
7452	-545,0608	7452	20,092595378776934	7452	20
7454	-545,0208	7454	20,077162815644414	7454	20
7456	-544,981	7456	20,047635679704829	7456	20
7458	-544,9409	7458	20,048029733082235	7458	20
7460	-544,90010000000007	7460	20,106691444234379	7460	20
7462	-544,8592	7462	20,163909536868548	7462	20
7464	-544,81760000000008	7464	20,269924614049042	7464	20
7466	-544,7757	7466	20,38327051171213	7466	20
7468	-544,7335	7468	20,502725426425094	7468	20
7470	-544,6914	7470	20,593937855354653	7470	20
7472	-544,6497	7472	20,636614879461515	7472	20
7474	-544,6078	7474	20,688845732889192	7474	20
7476	-544,5662	7476	20,707371444075722	7476	20
7478	-544,52410000000009	7478	20,764476203387371	7478	20
7480	-544,4822	7480	20,795396836160737	7480	20
7482	-544,4404	7482	20,8128306968073	7482	20
7484	-544,3985	7484	20,835692247334535	7484	20
7486	-544,3567	7486	20,846410206109326	7486	20
7488	-544,3155	7488	20,805341838424727	7488	20
7490	-544,2745	7490	20,754451532025076	7490	20
7492	-544,2336	7492	20,703709610017984	7492	20
7494	-544,1934	7494	20,603091341683911	7494	20
7496	-544,1531	7496	20,527576118070094	7496	20
7498	-544,1128	7498	20,464646765058582	7498	20
7500	-544,0726	7500	20,403872304217742	7500	20
7502	-544,0331	7502	20,294893586846076	7502	20
7504	-543,9939	7504	20,179077989033154	7504	20
7506	-543,9551	7506	20,049231657530754	7506	20
7508	-543,9165	7508	19,924359714606794	7508	20
7510	-543,8784	7510	19,778633095504482	7510	20
7512	-543,8402000000001	7512	19,665527579583795	7512	20
7514	-543,802	7514	19,571272982992696	7514	20
7516	-543,7639	7516	19,484394152492733	7516	20
7518	-543,72620000000006	7518	19,378661793741657	7518	20
7520	-543,6887	7520	19,273884828119943	7520	20
7522	-543,6512	7522	19,186570690101846	7522	20
7524	-543,6141	7524	19,080475575085661	7524	20
7526	-543,5774	7526	18,9587296459044	7526	20
7528	-543,541	7528	18,832274704916816	7528	20
7530	-543,5049	7530	18,701895587433441	7530	20
7532	-543,4686	7532	18,609912989526443	7532	20
7534	-543,432	7534	18,558260824607142	7534	20
7536	-543,3953	7536	18,5235506871723	7536	20
7538	-543,35890000000006	7538	18,469625572640066	7538	20
7540	-543,3227	7540	18,408021310534053	7540	20
7542	-543,28600000000006	7542	18,398351092111394	7542	20
7544	-543,2491	7544	18,406959243431135	7544	20
7546	-543,2124	7546	18,397466036192295	7546	20
7548	-543,175	7548	18,447888363497569	7548	20
7550	-543,1377	7550	18,48157363624458	7550	20
7552	-543,1	7552	18,542978030201528	7552	20
7554	-543,06270000000006	7554	18,560815025164544	7554	20
7556	-543,0253	7556	18,58401252097444	7556	20
7558	-542,98790000000008	7558	18,603343767473213	7558	20
7560	-542,9502	7560	18,644453139568196	7560	20
7562	-542,9123	7562	18,69537761630983	7562	20
7564	-542,874	7564	18,77114801358616	7564	20
7566	-542,83570000000009	7566	18,834290011316433	7566	20
7568	-542,7969	7568	18,928575009433484	7568	20
7570	-542,7577	7570	19,040479174532134	7570	20
7572	-542,71800000000007	7572	19,175399312103881	7572	20
7574	-542,6778	7574	19,329499426755493	7574	20
7576	-542,6377	7576	19,449582855633928	7576	20
7578	-542,5974	7578	19,566319046361777	7578	20
7580	-542,55680000000007	7580	19,688599205295375	7580	20
7582	-542,5161	7582	19,798832671080756	7582	20
7584	-542,4751	7584	19,915693892571767	7584	20
7586	-542,43350000000009	7586	20,063078243801726	7586	20
7588	-542,39150000000006	7588	20,219231869837273	7588	20
7590	-542,34940000000006	7590	20,357693224864803	7590	20
7592	-542,3069	7592	20,506411020722187	7592	20
7594	-542,2645	7594	20,622009183938765	7594	20
7596	-542,2219	7596	20,73500765328173	7596	20
7598	-542,17910000000006	7598	20,845839711063348	7598	20
7600	-542,1361	7600	20,954866425886657	7600	20
7602	-542,09300000000007	7602	21,054055354903987	7602	20
7604	-542,0496	7604	21,161712795754962	7604	20
7606	-542,0063	7606	21,243093996466197	7606	20
7608	-541,96340000000009	7608	21,277578330381647	7608	20
7610	-541,9204	7610	21,314648608661376	7610	20
7612	-541,8773	7612	21,353873840549586	7612	20
7614	-541,8345	7614	21,36156153378656	7614	20
7616	-541,7919	7616	21,351301278154892	7616	20
7618	-541,7494	7618	21,334417731797259	7618	20
7620	-541,7064	7620	21,362014776498249	7620	20
7622	-541,6635	7622	21,376678980417829	7622	20
7624	-541,6205	7624	21,397232483682057	7624	20
7626	-541,57760000000007	7626	21,406027069728196	7626	20
7628	-541,5348	7628	21,405022558111547	7628	20
7630	-541,4919	7630	21,412518798428913	7630	20
7632	-541,4494	7632	21,385432332025609	7632	20
7634	-541,4066	7634	21,387860276683249	7634	20
7636	-541,364	7636	21,373216897235466	7636	20
7638	-541,32130000000006	7638	21,36934741436022	7638	20
7640	-541,2788	7640	21,349456178635034	7640	20
7642	-541,2364	7642	21,324546815532802	7642	20
7644	-541,19440000000009	7644	21,270455679603696	7644	20
7646	-541,1526	7646	21,208713066343098	7646	20
7648	-541,1104	7648	21,1905942219509	7648	20
7650	-541,0683	7650	21,167161851626158	7650	20
7652	-541,02590000000009	7652	21,172634876349264	7652	20
7654	-540,9837	7654	21,160529063632179	7654	20
7656	-540,9422	7656	21,092107553030303	7656	20
7658	-540,9006	7658	21,043422960850506	7658	20
7660	-540,8592	7660	20,986185800714335	7660	20
7662	-540,8178	7662	20,938488167258051	7662	20
7664	-540,77680000000009	7664	20,865406806043374	7664	20
7666	-540,7354	7666	20,837839005041722	7666	20
7668	-540,6937	7668	20,83986583753407	7668	20
7670	-540,6522	7670	20,824888197948546	7670	20
7672	-540,6108	7672	20,804073498286563	7672	20
7674	-540,56940000000009	7674	20,786727915234909	7674	20
7676	-540,52830000000006	7676	20,74727326269814	7676	20
7678	-540,4871	7678	20,722727718915404	7678	20
7680	-540,446	7680	20,693939765765219	7680	20
7682	-540,405	7682	20,661616471475487	7682	20
7684	-540,36380000000008	7684	20,651347059553718	7684	20
7686	-540,3226	7686	20,642789216304529	7686	20
7688	-540,2813	7688	20,643991013585303	7688	20
7690	-540,2401	7690	20,63665917798804	7690	20
7692	-540,19890000000009	7692	20,630549314980847	7692	20
7694	-540,15780000000007	7694	20,617124429153087	7694	20
7696	-540,1161	7696	20,655937024303018	7696	20
7698	-540,07450000000006	7698	20,679947520244436	7698	20
7700	-540,033	7700	20,691622933540518	7700	20
7702	-539,99150000000009	7702	20,701352444611111	7702	20
7704	-539,9502	7704	20,692793703850263	7704	20
7706	-539,9092	7706	20,66066141987022	7706	20
7708	-539,8681	7708	20,64221784989423	7708	20
7710	-539,827	7710	20,626848208247573	7710	20
7712	-539,78590000000008	7712	20,614040173532551	7712	20
7714	-539,74520000000007	7714	20,570033477945067	7714	20
7716	-539,7048	7716	20,508361231628442	7716	20
7718	-539,6647	7718	20,431967693018578	7718	20
7720	-539,6251	7720	20,326639744187485	7720	20
7722	-539,5861	7722	20,188866453488508	7722	20
7724	-539,5476	7724	20,032388711240348	7724	20
7726	-539,5098	7726	19,843657259362576	7726	20
7728	-539,4721	7728	19,678047716142668	7728	20
7730	-539,43450000000007	7730	19,531706430109221	7730	20
7732	-539,3969	7732	19,409755358433628	7732	20
7734	-539,3596	7734	19,283129465357963	7734	20
7736	-539,3226	7736	19,152607887801182	7736	20
7738	-539,2863	7738	18,985506573166226	7738	20
7740	-539,2503	7740	18,8212554776339	7740	20
7742	-539,21440000000007	7742	18,676046231359052	7742	20
7744	-539,1787	7744	18,538371859467532	7744	20
7746	-539,1427	7746	18,448643216227794	7746	20
7748	-539,1067	7748	18,373869346851873	7748	20
7750	-539,0708	7750	18,303224455716837	7750	20
7752	-539,0345	7752	18,277687046429271	7752	20
7754	-538,9981	7754	18,264739205354211	7754	20
7756	-538,9623	7756	18,203949337794736	7756	20
7758	-538,9258	7758	18,211624448166145	7758	20
7760	-538,8898	7760	18,176353706800498	7760	20
7762	-538,85380000000009	7762	18,146961422329127	7762	20
7764	-538,81760000000008	7764	18,139134518608273	7764	20
7766	-538,78190000000006	7766	18,090945432175214	7766	20
7768	-538,7459	7768	18,075787860150864	7768	20
7770	-538,71	7770	18,054823216789856	7770	20
7772	-538,6743	7772	18,0206860139932	7772	20
7774	-538,6382	7774	18,025571678330426	7774	20
7776	-538,6026	7776	17,98797639860296	7776	20
7778	-538,5665	7778	17,998313665505226	7778	20
7780	-538,53010000000006	7780	18,031928054584171	7780	20
7782	-538,4936	7782	18,06827337882401	7782	20
7784	-538,4568	7784	18,1235611490176	7784	20
7786	-538,42000000000007	7786	18,16963429084559	7786	20
7788	-538,3831	7788	18,216361909042963	7788	20
7790	-538,34570000000008	7790	18,296968257530317	7790	20
7792	-538,3084	7792	18,355806881281342	7792	20
7794	-538,27060000000006	7794	18,446505734396737	7794	20
7796	-538,2323	7796	18,563754778668056	7796	20
7798	-538,1939	7798	18,669795648892062	7798	20
7800	-538,15510000000006	7800	18,79149637407037	7800	20
7802	-538,11650000000009	7802	18,876246978389808	7802	20
7804	-538,0778	7804	18,955205815330054	7804	20
7806	-538,039	7806	19,029338179444835	7806	20
7808	-538,00020000000006	7808	19,091115149531014	7808	20
7810	-537,9612	7810	19,15926262461759	7810	20
7812	-537,9221	7812	19,224385520511508	7812	20
7814	-537,88280000000009	7814	19,295321267085587	7814	20
7816	-537,8431	7816	19,387767722574566	7816	20
7818	-537,8033	7818	19,47313976881329	7818	20
7820	-537,76330000000007	7820	19,560949807341377	7820	20
7822	-537,7231	7822	19,650791506120072	7822	20
7824	-537,6832	7824	19,700659588432455	7824	20
7826	-537,6431	7826	19,758882990364729	7826	20
7828	-537,60300000000007	7828	19,807402491965483	7828	20
7830	-537,563	7830	19,839502076644347	7830	20
7832	-537,5231	7832	19,857918397202685	7832	20
7834	-537,4824	7834	19,939931997670179	7834	20
7836	-537,44170000000008	7836	20,008276664716949	7836	20
7838	-537,4006	7838	20,098563887266504	7838	20
7840	-537,3597	7840	20,15713657272865	7840	20
7842	-537,3187	7842	20,214280477268876	7842	20
7844	-537,2771	7844	20,311900397725459	7844	20
7846	-537,235	7846	20,43491699810496	7846	20
7848	-537,1928	7848	20,545764165085785	7848	20
7850	-537,1507	7850	20,62980347090523	7850	20
7852	-537,1085	7852	20,708169559086013	7852	20
7854	-537,0663	7854	20,773474632579468	7854	20
7856	-537,02420000000006	7856	20,819562193807162	7856	20
7858	-536,9815	7858	20,907968494846109	7858	20
7860	-536,93900000000008	7860	20,964973745697137	7860	20
7862	-536,8966	7862	21,004144788084556	7862	20
7864	-536,8542	7864	21,036787323407406	7864	20
7866	-536,8119	7866	21,05565610283573	7866	20
7868	-536,76960000000008	7868	21,071380085692667	7868	20
7870	-536,7277	7870	21,051150071415151	7870	20
7872	-536,686	7872	21,017625059511928	7872	20
7874	-536,64470000000006	7874	20,956354216258138	7874	20
7876	-536,6035	7876	20,896961846882071	7876	20
7878	-536,5624	7878	20,839134872404109	7878	20
7880	-536,52140000000009	7880	20,78261239366509	7880	20
7882	-536,4809	7882	20,693843661393032	7882	20
7884	-536,4405	7884	20,611536384492268	7884	20
7886	-536,4002	7886	20,534613653743726	7886	20
7888	-536,35980000000006	7888	20,478844711451181	7888	20
7890	-536,3191	7890	20,457370592877261	7890	20
7892	-536,2784	7892	20,439475494065661	7892	20
7894	-536,2373	7894	20,4578962450571	7894	20
7896	-536,19620000000009	7896	20,473246870873822	7896	20
7898	-536,1545	7898	20,536039059070298	7898	20
7900	-536,1128	7900	20,588365882557884	7900	20
7902	-536,07130000000006	7902	20,615304902125583	7902	20
7904	-536,0299	7904	20,629420751776898	7904	20
7906	-535,9885	7906	20,641183959810188	7906	20
7908	-535,947	7908	20,65931996651198	7908	20
7910	-535,9049	7910	20,724433305427059	7910	20
7912	-535,8624	7912	20,812027754524063	7912	20
7914	-535,82	7914	20,876689795430853	7914	20
7916	-535,7779	7916	20,90557482952612	7916	20
7918	-535,73610000000008	7918	20,904645691268978	7918	20
7920	-535,6937	7920	20,953871409394424	7920	20
7922	-535,6511	7922	21,011559507828114	7922	20
7924	-535,6088	7924	21,034632923195797	7924	20
7926	-535,56670000000008	7926	21,0371941026541	7926	20
7928	-535,52510000000007	7928	20,997661752213148	7928	20
7930	-535,4841	7930	20,914718126848761	7930	20
7932	-535,4431	7932	20,845598439045105	7932	20
7934	-535,40240000000006	7934	20,762998699196054	7934	20
7936	-535,3619	7936	20,677498916002168	7936	20
7938	-535,3215	7938	20,597915763333216	7938	20
7940	-535,2817	7940	20,4815964694455	7940	20
7942	-535,2419	7942	20,384663724539067	7942	20
7944	-535,2023	7944	20,287219770445084	7944	20
7946	-535,16270000000009	7946	20,206016475366766	7946	20
7948	-535,12340000000006	7948	20,113347062807776	7948	20
7950	-535,0844	7950	20,011122552348226	7950	20
7952	-535,0457	7952	19,900935460285933	7952	20
7954	-535,0074	7954	19,775779550242383	7954	20
7956	-534,96940000000006	7956	19,646482958526757	7956	20
7958	-534,9319	7958	19,497069132107526	7958	20
7960	-534,8943	7960	19,380890943422745	7960	20
7962	-534,857	7962	19,2590757861917	7962	20
7964	-534,8201	7964	19,124229821821917	7964	20
7966	-534,7835	7966	18,986858184853372	7966	20
7968	-534,74700000000007	7968	18,8640484873722	7968	20
7970	-534,71080000000006	7970	18,736707072810837	7970	20
7972	-534,6746	7972	18,63058922734303	7972	20
7974	-534,63830000000007	7974	18,550491022784435	7974	20
7976	-534,6022	7976	18,467075852323124	7976	20
7978	-534,5656	7978	18,439229876937709	7978	20
7980	-534,529	7980	18,416024897449866	7980	20
7982	-534,49240000000009	7982	18,396687414533854	7982	20
7984	-534,4557	7984	18,388906178787366	7984	20
7986	-534,4186	7986	18,415755148990261	7986	20
7988	-534,3814	7988	18,446462624157249	7988	20
7990	-534,3442	7990	18,472052186796404	7990	20
7992	-534,3071	7992	18,485043488997793	7992	20
7994	-534,2699	7994	18,504202907496857	7994	20
7996	-534,2328	7996	18,511835756248171	7996	20
7998	-534,1958	7998	18,509863130209688	7998	20
8000	-534,1586	8000	18,524885941840104	8000	20
8002	-534,1207	8002	18,595738284860282	8002	20
8004	-534,0826	8004	18,671448570725193	8004	20
8006	-534,044	8006	18,776207142268827	8006	20
8008	-534,0047	8008	18,921839285226163	8008	20
8010	-533,9655	8010	19,034866071016559	8010	20
8012	-533,9259	8012	19,162388392519137	8012	20
8014	-533,8863	8014	19,268656993761809	8014	20
8016	-533,8469	8016	19,340547494801552	8016	20
8018	-533,8071	8018	19,433789579002443	8018	20
8020	-533,7673	8020	19,511491315836523	8020	20
8022	-533,7273	8022	19,59290942986074	8022	20
8024	-533,6876	8024	19,635757858220529	8024	20
8026	-533,6478	8026	19,679798215184928	8026	20
8028	-533,6077	8028	19,741498512648981	8028	20
8030	-533,5675	8030	19,801248760543075	8030	20
8032	-533,5275	8032	19,8343739671162	8032	20
8034	-533,4872	8034	19,886978305930334	8034	20
8036	-533,4464	8036	19,972481921607795	8036	20
8038	-533,4056	8038	20,043734934672344	8038	20
8040	-533,3651	8040	20,078112445565743	8040	20
8042	-533,3242	8042	20,140093704635209	8042	20
8044	-533,28280000000007	8044	20,233411420525446	8044	20
8046	-533,24150000000009	8046	20,302842850436068	8046	20
8048	-533,2002	8048	20,360702375371062	8048	20
8050	-533,15820000000008	8050	20,467251979468912	8050	20
8052	-533,1162	8052	20,556043316226596	8052	20
8054	-533,07390000000009	8054	20,655036096851724	8054	20
8056	-533,0312	8056	20,770863414049913	8056	20
8058	-532,9884	8058	20,875719511712976	8058	20
8060	-532,9456	8060	20,963099593089385	8060	20
8062	-532,9027000000001	8062	21,04424966090097	8062	20
8064	-532,8596	8064	21,128541384092056	8064	20
8066	-532,816	8066	21,2404511534075	8066	20
8068	-532,7722	8068	21,350375961175661	8068	20
8070	-532,7283	8070	21,450313300980369	8070	20
8072	-532,6846	8072	21,516927750812339	8072	20
8074	-532,6408	8074	21,580773125679695	8074	20
8076	-532,597	8076	21,633977604735826	8076	20
8078	-532,55310000000009	8078	21,686648003937698	8078	20
8080	-532,50970000000007	8080	21,688873336616389	8080	20
8082	-532,46670000000006	8082	21,657394447180856	8082	20
8084	-532,4237	8084	21,631162039317914	8084	20
8086	-532,3807	8086	21,609301699432127	8086	20
8088	-532,3377	8088	21,591084749527305	8088	20
8090	-532,2952	8090	21,53423729127427	8090	20
8092	-532,2532	8092	21,445197742731061	8092	20
8094	-532,2113	8094	21,362664785604338	8094	20
8096	-532,16960000000006	8096	21,277220654669584	8096	20
8098	-532,1278	8098	21,21435054556467	8098	20
8100	-532,086	8100	21,161958787967773	8100	20
8102	-532,04410000000007	8102	21,126632323301596	8102	20
8104	-532,0026	8104	21,063860269421486	8104	20
8106	-531,96170000000006	8106	20,961550224514994	8106	20
8108	-531,9212	8108	20,842958520434621	8108	20
8110	-531,88110000000006	8110	20,710798767023729	8110	20
8112	-531,8411	8112	20,59233230585955	8112	20
8114	-531,801	8114	20,501943588211169	8114	20
8116	-531,76050000000009	8116	20,459952990171956	8116	20
8118	-531,7199	8118	20,433294158479995	8118	20
8120	-531,6798	8120	20,36941179873768	8120	20
8122	-531,63970000000006	8122	20,316176498942944	8122	20
8124	-531,5996	8124	20,271813749123471	8124	20
8126	-531,55910000000006	8126	20,268178124265543	8126	20
8128	-531,5192	8128	20,215148436896484	8128	20
8130	-531,47880000000009	8130	20,212623697402339	8130	20
8132	-531,4384	8132	20,210519747842834	8132	20
8134	-531,3976	8134	20,24209978986821	8134	20
8136	-531,3573	8136	20,226749824890344	8136	20
8138	-531,3173	8138	20,188958187405589	8138	20
8140	-531,2773	8140	20,157465156177768	8140	20
8142	-531,2374	8142	20,1228876301472	8142	20
8144	-531,1978	8144	20,069073025118531	8144	20
8146	-531,158	8146	20,040894187599928	8146	20
8148	-531,11830000000009	8148	20,009078489660375	8148	20
8150	-531,0783	8150	20,007565408056756	8150	20
8152	-531,0379	8152	20,039637840045373	8152	20
8154	-530,9978	8154	20,041364866708829	8154	20
8156	-530,9579	8156	20,026137388923086	8156	20
8158	-530,91820000000007	8158	19,996781157429673	8158	20
8160	-530,879	8160	19,930650964528958	8160	20
8162	-530,8397	8162	19,88387580377627	8162	20
8164	-530,8006	8164	19,828229836477075	8164	20
8166	-530,7617	8166	19,765191530398592	8166	20
8168	-530,7236	8168	19,645992941997644	8168	20
8170	-530,6862	8170	19,488327451668692	8170	20
8172	-530,6487	8172	19,365272876392471	8172	20
8174	-530,6117	8174	19,221060730320463	8174	20
8176	-530,5751	8176	19,067550608602161	8176	20
8178	-530,5381	8178	18,972958840504681	8178	20
8180	-530,5012	8180	18,8857990337494	8180	20
8182	-530,46440000000007	8182	18,804832528122091	8182	20
8184	-530,4276	8184	18,737360440108805	8184	20
8186	-530,39150000000006	8186	18,622800366750624	8186	20
8188	-530,3553	8188	18,535666972292855	8188	20
8190	-530,3192	8190	18,454722476913471	8190	20
8192	-530,283	8192	18,395602064095229	8192	20
8194	-530,2471	8194	18,321335053410159	8194	20
8196	-530,2118	8196	18,209445877842345	8196	20
8198	-530,17640000000006	8198	18,124538231533741	8198	20
8200	-530,1411	8200	18,045448526278665	8200	20
8202	-530,106	8202	17,962873771903617	8202	20
8204	-530,07040000000006	8204	17,935728143247285	8204	20
8206	-530,0346	8206	17,929773452715107	8206	20
8208	-529,9985	8208	17,94981121058921	8208	20
8210	-529,9618	8210	18,016509342157356	8210	20
8212	-529,9244	8212	18,130424451801783	8212	20
8214	-529,8866	8214	18,258687043163771	8214	20
8216	-529,8486	8216	18,382239202637386	8216	20
8218	-529,8107	8218	18,476866002200822	8218	20
8220	-529,773	8220	18,539055001831731	8220	20
8222	-529,73480000000006	8222	18,6325458348565	8222	20
8224	-529,6967	8224	18,702121529055376	8224	20
8226	-529,6581	8226	18,801767940877312	8226	20
8228	-529,6189	8228	18,934806617392518	8228	20
8230	-529,5798	8230	19,037338847833418	8230	20
8232	-529,5406	8232	19,131115706522603	8232	20
8234	-529,5014	8234	19,209263088773067	8234	20
8236	-529,46160000000009	8236	19,32438590730257	8236	20
8238	-529,4217	8238	19,428654922760675	8238	20
8240	-529,3818	8240	19,515545768966291	8240	20
8242	-529,3419	8242	19,587954807470972	8242	20
8244	-529,3017	8244	19,673295672894735	8244	20
8246	-529,2609	8246	19,794413060744795	8246	20
8248	-529,2202	8248	19,88701088395527	8248	20
8250	-529,1793	8250	19,980842403293149	8250	20
8252	-529,1385	8252	20,050702002743474	8252	20
8254	-529,09750000000008	8254	20,125585002281227	8254	20
8256	-529,0561	8256	20,221320835239933	8256	20
8258	-529,0141	8258	20,351100696035779	8258	20
8260	-528,9721	8260	20,459250580032318	8260	20
8262	-528,9301	8262	20,549375483353291	8262	20
8264	-528,8876	8264	20,666146236129258	8264	20
8266	-528,8451	8266	20,763455196775897	8266	20
8268	-528,8025	8268	20,852879330646008	8268	20
8270	-528,75960000000009	8270	20,952399442198157	8270	20
8272	-528,7165	8272	21,051999535173046	8272	20
8274	-528,6728	8274	21,184999612639569	8274	20
8276	-528,62920000000008	8276	21,287499677197093	8276	20
8278	-528,5856	8278	21,372916397671172	8278	20
8280	-528,5419	8280	21,452430331388008	8280	20
8282	-528,498	8282	21,535358609490661	8282	20
8284	-528,4543	8284	21,587798841247054	8284	20
8286	-528,4106	8286	21,631499034367909	8286	20
8288	-528,3671	8288	21,651249195306136	8288	20
8290	-528,3237	8290	21,659374329423418	8290	20
8292	-528,28010000000006	8292	21,682811941183633	8292	20
8294	-528,2363	8294	21,719009950989108	8294	20
8296	-528,192	8296	21,790841625826015	8296	20
8298	-528,1481	8298	21,817368021522331	8298	20
8300	-528,1043	8300	21,831140017938022	8300	20
8302	-528,0608	8302	21,817616681614563	8302	20
8304	-528,0179	8304	21,756347234671953	8304	20
8306	-527,97530000000006	8306	21,680289362226052	8306	20
8308	-527,93270000000007	8308	21,61690780185447	8308	20
8310	-527,8905	8310	21,530756501553181	8310	20
8312	-527,8486	8312	21,433963751289436	8312	20
8314	-527,80670000000009	8314	21,353303126069651	8314	20
8316	-527,7649	8316	21,277752605064727	8316	20
8318	-527,7233	8318	21,198127170888668	8318	20
8320	-527,6823	8320	21,081772642402225	8320	20
8322	-527,6413	8322	20,984810535339658	8322	20
8324	-527,60030000000006	8324	20,904008779444716	8324	20
8326	-527,5596	8326	20,811673982871874	8326	20
8328	-527,5188	8328	20,743061652392409	8328	20
8330	-527,4774	8330	20,735884710332584	8330	20
8332	-527,4357	8332	20,754903925276455	8332	20
8334	-527,3938	8334	20,7874199377255	8334	20
8336	-527,3518	8336	20,822849948107084	8336	20
8338	-527,3092	8338	20,902374956755331	8338	20
8340	-527,2668	8340	20,951979130633053	8340	20
8342	-527,2242	8342	21,0099826088603	8342	20
8344	-527,1816	8344	21,058318840716343	8344	20
8346	-527,1387	8346	21,123599033932908	8346	20
8348	-527,096	8348	21,161332528274755	8348	20
8350	-527,05310000000009	8350	21,209443773555446	8350	20
8352	-527,0099	8352	21,274536477968692	8352	20
8354	-526,967	8354	21,303780398309865	8354	20
8356	-526,9242	8356	21,319816998586795	8356	20
8358	-526,8814	8358	21,333180832160377	8358	20
8360	-526,8392	8360	21,294317360131966	8360	20
8362	-526,7974	8362	21,228597800107185	8362	20
8364	-526,7557	8364	21,165498166755288	8364	20
8366	-526,7142	8366	21,09624847229956	8366	20
8368	-526,6728	8368	21,03020706024574	8368	20
8370	-526,6317	8370	20,950172550207164	8370	20
8372	-526,5907	8372	20,875143791843776	8372	20
8374	-526,5501	8374	20,779286493197041	8374	20
8376	-526,5098	8376	20,674405410997704	8376	20
8378	-526,4695	8378	20,58700450916492	8378	20
8380	-526,4293	8380	20,505837090973024	8380	20
8382	-526,3895	8382	20,404864242478673	8382	20
8384	-526,3501	8384	20,287386868732273	8384	20
8386	-526,3111	8386	20,1561557239425	8386	20
8388	-526,2725	8388	20,01346310328325	8388	20
8390	-526,2344	8390	19,852885919401526	8390	20
8392	-526,19710000000009	8392	19,65240493283121	8392	20
8394	-526,1599	8394	19,477004110700847	8394	20
8396	-526,1235	8396	19,264170092247191	8396	20
8398	-526,0872	8398	19,078475076871236	8398	20
8400	-526,051	8400	18,915395897393363	8400	20
8402	-526,0149	8402	18,771163247830561	8402	20
8404	-525,97890000000007	8404	18,642636039854178	8404	20
8406	-525,94270000000006	8406	18,552196699879147	8406	20
8408	-525,9066	8408	18,46849724990205	8408	20
8410	-525,8703	8410	18,415414374916949	8410	20
8412	-525,8337	8412	18,3961786457659	8412	20
8414	-525,7971	8414	18,380148871473359	8414	20
8416	-525,76	8416	18,408457392895254	8416	20
8418	-525,7228	8418	18,440381160744742	8418	20
8420	-525,6862	8420	18,416984300622392	8420	20
8422	-525,6495	8422	18,405820250518342	8422	20
8424	-525,6132	8424	18,363183542097193	8424	20
8426	-525,5769	8426	18,327652951746238	8426	20
8428	-525,5403	8428	18,323044126456971	8428	20
8430	-525,5038	8430	18,310870105384677	8430	20
8432	-525,4672	8432	18,309058421146197	8432	20
8434	-525,4307	8434	18,299215350959031	8434	20
8436	-525,3938	8436	18,32434612579469	8436	20
8438	-525,3567	8438	18,361955104829697	8438	20
8440	-525,31950000000006	8440	18,401629254023444	8440	20
8442	-525,2821	8442	18,451357711690193	8442	20
8444	-525,2449	8444	18,476131426407193	8444	20
8446	-525,207	8446	18,555109522008994	8446	20
8448	-525,1692	8448	18,612591268336448	8448	20
8450	-525,13110000000006	8450	18,685492723612526	8450	20
8452	-525,0929	8452	18,754577269683306	8452	20
8454	-525,0548	8454	18,803814391401573	8454	20
8456	-525,0167	8456	18,844845326166798	8456	20
8458	-524,9782	8458	18,912371105138924	8458	20
8460	-524,9396	8460	18,976975920946934	8460	20
8462	-524,90100000000007	8462	19,03081326745361	8462	20
8464	-524,8623	8464	19,084011056216557	8464	20
8466	-524,8233	8466	19,153342546846069	8466	20
8468	-524,7837	8468	19,261118789043728	8468	20
8470	-524,744	8470	19,359265657530209	8470	20
8472	-524,7042	8472	19,449388047942993	8472	20
8474	-524,6642	8474	19,541156706616128	8474	20
8476	-524,6241	8476	19,625963922184457	8476	20
8478	-524,5838	8478	19,713303268487216	8478	20
8480	-524,54370000000006	8480	19,769419390400891	8480	20
8482	-524,5029	8482	19,874516158676066	8482	20
8484	-524,4623	8484	19,945430132223947	8484	20
8486	-524,4217	8486	20,004525110189988	8486	20
8488	-524,38100000000009	8488	20,062104258483458	8488	20
8490	-524,3405	8490	20,09342021540834	8490	20
8492	-524,2999	8492	20,127850179510315	8492	20
8494	-524,2594	8494	20,148208482921245	8494	20
8496	-524,21850000000006	8496	20,198507069098127	8496	20
8498	-524,1771	8498	20,282089224254019	8498	20
8500	-524,1354	8500	20,376741020210986	8500	20
8502	-524,09350000000006	8502	20,472284183504275	8502	20
8504	-524,0515	8504	20,5602368195894	8504	20
8506	-524,0101	8506	20,583530682996745	8506	20
8508	-523,96850000000006	8508	20,619608902489208	8508	20
8510	-523,92630000000008	8510	20,699674085405992	8510	20
8512	-523,8841	8512	20,766395071179449	8512	20
8514	-523,8419	8514	20,821995892647859	8514	20
8516	-523,7999	8516	20,851663243875716	8516	20
8518	-523,7583	8518	20,843052703231159	8518	20
8520	-523,7164	8520	20,860877252687754	8520	20
8522	-523,67450000000008	8522	20,875731043901581	8522	20
8524	-523,6327	8524	20,879775869924668	8524	20
8526	-523,59080000000006	8526	20,891479891599008	8526	20
8528	-523,5489	8528	20,90123324300377	8528	20
8530	-523,50690000000009	8530	20,917694369162835	8530	20
8532	-523,46530000000007	8532	20,898078640970425	8532	20
8534	-523,42410000000007	8534	20,848398867475645	8534	20
8536	-523,38370000000009	8536	20,740332389561114	8536	20
8538	-523,3433	8538	20,65027699130848	8538	20
8540	-523,3025	8540	20,608564159422915	8540	20
8542	-523,26200000000006	8542	20,548803466181745	8542	20
8544	-523,2217	8544	20,48233622181829	8544	20
8546	-523,1814	8546	20,42694685151541	8546	20
8548	-523,1412	8548	20,372455709598434	8548	20
8550	-523,101	8550	20,327046424667621	8550	20
8552	-523,06130000000007	8552	20,247538687216789	8552	20
8554	-523,02140000000009	8554	20,197948906013053	8554	20
8556	-522,98120000000006	8556	20,181624088346471	8556	20
8558	-522,94080000000008	8558	20,1846867402868	8558	20
8560	-522,9002	8560	20,203905616909033	8560	20
8562	-522,8596	8562	20,219921347427558	8562	20
8564	-522,819	8564	20,23326778952633	8564	20
8566	-522,7777	8566	20,302723157936803	8566	20
8568	-522,7364	8568	20,3606026316122	8568	20
8570	-522,695	8570	20,417168859672937	8570	20
8572	-522,6535	8572	20,472640716397603	8572	20
8574	-522,6118	8574	20,535533930330637	8574	20
8576	-522,5702	8576	20,579611608610261	8576	20
8578	-522,5289	8578	20,591343007173414	8578	20
8580	-522,4875	8580	20,609452505983423	8580	20
8582	-522,4459	8582	20,641210421644772	8582	20
8584	-522,404	8584	20,69267535137524	8584	20
8586	-522,36200000000008	8586	20,74389612613906	8586	20
8588	-522,32030000000009	8588	20,761580105115186	8588	20
8590	-522,27960000000007	8590	20,6929834209306	8590	20
8592	-522,2386	8592	20,660819517446637	8592	20
8594	-522,19810000000007	8594	20,592349597868179	8594	20
8596	-522,1577	8596	20,526957998231033	8596	20
8598	-522,118	8598	20,414131665186297	8598	20
8600	-522,0782	8600	20,328443054323067	8600	20
8602	-522,03950000000009	8602	20,165369211931633	8602	20
8604	-522,00110000000006	8604	20,004474343278378	8604	20
8606	-521,96260000000007	8606	19,878728619398572	8606	20
8608	-521,925	8608	19,698940516174755	8608	20
8610	-521,888	8610	19,4991170968057	8610	20
8612	-521,85120000000006	8612	19,315930914002344	8612	20
8614	-521,8144	8614	19,163275761675685	8614	20
8616	-521,7777	8616	19,027729801396084	8616	20
8618	-521,7412	8618	18,898108167824461	8618	20
8620	-521,705	8620	18,765090139854387	8620	20
8622	-521,6688	8622	18,654241783212655	8622	20
8624	-521,63280000000009	8624	18,545201486005922	8624	20
8626	-521,5967	8626	18,462667905007695	8626	20
8628	-521,5607	8628	18,385556587511264	8628	20
8630	-521,5249	8630	18,304630489592281	8630	20
8632	-521,48880000000008	8632	18,26219207465352	8632	20
8634	-521,4528	8634	18,218493395549451	8634	20
8636	-521,4161	8636	18,240411162957557	8636	20
8638	-521,3796	8638	18,242009302468496	8638	20
8640	-521,34300000000007	8640	18,251674418716046	8640	20
8642	-521,3065	8642	18,251395348933904	8642	20
8644	-521,2694	8644	18,301162790779042	8644	20
8646	-521,2322	8646	18,350968992314566	8646	20
8648	-521,1949	8648	18,400807493601551	8648	20
8650	-521,1574	8650	18,45900624466038	8650	20
8652	-521,1194	8652	18,549171870551227	8652	20
8654	-521,0814	8654	18,624309892126934	8654	20
8656	-521,04370000000006	8656	18,66192491010349	8656	20
8658	-521,0056	8658	18,7266040917612	8658	20
8660	-520,9673	8660	18,7971700764623	8660	20
8662	-520,9283	8662	18,914308397050856	8662	20
8664	-520,8893	8664	19,011923664207988	8664	20
8666	-520,85030000000006	8666	19,093269720172263	8666	20
8668	-520,81090000000006	8668	19,19439143347693	8668	20
8670	-520,77150000000006	8670	19,278659527897489	8670	20
8672	-520,7318	8672	19,37388293991782	8672	20
8674	-520,6921	8674	19,453235783268095	8674	20
8676	-520,6522	8676	19,536029819389142	8676	20
8678	-520,6124	8678	19,596691516158771	8678	20
8680	-520,5723	8680	19,672242930127187	8680	20
8682	-520,5322	8682	19,735202441777005	8682	20
8684	-520,492	8684	19,796002034816429	8684	20
8686	-520,45170000000007	8686	19,855001695671049	8686	20
8688	-520,4115	8688	19,8958347463948	8688	20
8690	-520,37100000000009	8690	19,954862288658315	8690	20
8692	-520,3304	8692	20,012385240551961	8692	20
8694	-520,2894	8694	20,093654367131105	8694	20
8696	-520,2482	8696	20,178045305942877	8696	20
8698	-520,2069	8698	20,256704421617261	8698	20
8700	-520,1652	8700	20,355587018013686	8700	20
8702	-520,12340000000006	8702	20,446322515008617	8702	20
8704	-520,081	8704	20,571935429177458	8704	20
8706	-520,0385	8706	20,684946190982732	8706	20
8708	-519,9958	8708	20,795788492482941	8708	20
8710	-519,9529	8710	20,904823743738408	8710	20
8712	-519,91000000000008	8712	20,99568645310849	8712	20
8714	-519,8672	8714	21,063072044261791	8714	20
8716	-519,8238	8716	21,169226703553132	8716	20
8718	-519,78010000000006	8718	21,282688919622974	8718	20
8720	-519,7362	8720	21,3939074330198	8720	20
8722	-519,6923	8722	21,48658952751715	8722	20
8724	-519,6484	8724	21,563824606264944	8724	20
8726	-519,6045	8726	21,628187171888108	8726	20
8728	-519,5606	8728	21,681822643240743	8728	20
8730	-519,51650000000006	8730	21,743185536030424	8730	20
8732	-519,4721	8732	21,819321280034494	8732	20
8734	-519,4283	8734	21,83276773335535	8734	20
8736	-519,3844	8736	21,852306444463444	8736	20
8738	-519,3406	8738	21,860255370388948	8738	20
8740	-519,2972	8740	21,833546141992429	8740	20
8742	-519,25430000000006	8742	21,769621784986843	8742	20
8744	-519,2119	8744	21,674684820825977	8744	20
8746	-519,1704	8746	21,520570684025135	8746	20
8748	-519,1296	8748	21,333808903353461	8748	20
8750	-519,0892	8750	21,144840752792625	8750	20
8752	-519,0492	8752	20,95403396065749	8752	20
8754	-519,0089	8754	20,820028300548078	8754	20
8756	-518,9688	8756	20,691690250461082	8756	20
8758	-518,92900000000009	8758	20,559741875375916	8758	20
8760	-518,8889	8760	20,474784896150947	8760	20
8762	-518,8486	8762	20,420654080125956	8762	20
8764	-518,8083	8764	20,3755450667718	8764	20
8766	-518,7679	8766	20,346287555641243	8766	20
8768	-518,7276	8768	20,313572963034538	8768	20
8770	-518,6875	8770	20,269644135866468	8770	20
8772	-518,6476	8772	20,216370113221117	8772	20
8774	-518,6078	8774	20,163641761018749	8774	20
8776	-518,5678	8776	20,136368134179261	8776	20
8778	-518,5279	8778	20,105306778481779	8778	20
8780	-518,4881	8780	20,071088982069302	8780	20
8782	-518,4482	8782	20,050907485056815	8782	20
8784	-518,4077	8784	20,084089570886135	8784	20
8786	-518,3668	8786	20,145074642402204	8786	20
8788	-518,3261	8788	20,179228868669778	8788	20
8790	-518,2852	8790	20,224357390555237	8790	20
8792	-518,2445	8792	20,245297825463972	8792	20
8794	-518,2032	8794	20,312748187884839	8794	20
8796	-518,1621	8796	20,35229015657308	8796	20
8798	-518,12100000000009	8798	20,385241797137141	8798	20
8800	-518,08	8800	20,404368164285422	8800	20
8802	-518,0391	8802	20,411973470244416	8802	20
8804	-517,9983	8804	20,409977891869527	8804	20
8806	-517,9576	8806	20,399981576559213	8806	20
8808	-517,91730000000007	8808	20,358317980456704	8808	20
8810	-517,8777	8810	20,265264983719259	8810	20
8812	-517,838	8812	20,196054153102626	8812	20
8814	-517,798	8814	20,163378460915823	8814	20
8816	-517,7583	8816	20,111148717433096	8816	20
8818	-517,7186	8818	20,067623931188017	8818	20
8820	-517,67910000000006	8820	20,014686609321302	8820	20
8822	-517,6403	8822	19,912238841104209	8822	20
8824	-517,6017	8824	19,81019903425134	8824	20
8826	-517,5634	8826	19,700165861880226	8826	20
8828	-517,5252	8828	19,600138218230246	8828	20
8830	-517,4875	8830	19,475115181865725	8830	20
8832	-517,44990000000007	8832	19,362595984878435	8832	20
8834	-517,41270000000009	8834	19,235496654064061	8834	20
8836	-517,3758	8836	19,104580545058358	8836	20
8838	-517,3392	8838	18,970483787550407	8838	20
8840	-517,303	8840	18,825403156292673	8840	20
8842	-517,2672	8842	18,671169296910122	8842	20
8844	-517,231	8844	18,575974414092435	8844	20
8846	-517,1946	8846	18,513312011740179	8846	20
8848	-517,1589	8848	18,402760009785137	8848	20
8850	-517,12290000000007	8850	18,335633341482993	8850	20
8852	-517,087	8852	18,271361117909436	8852	20
8854	-517,0509	8854	18,234467598260622	8854	20
8856	-517,0148	8856	18,203722998543803	8856	20
8858	-516,9787	8858	18,178102498789261	8858	20
8860	-516,9422	8860	18,190085415661585	8860	20
8862	-516,9062	8862	18,158404513046698	8862	20
8864	-516,8703	8864	18,123670427536382	8864	20
8866	-516,83400000000006	8866	18,128058689612228	8866	20
8868	-516,7976	8868	18,140048908016148	8868	20
8870	-516,7611	8870	18,158374090007847	8870	20
8872	-516,7241	8872	18,215311741676086	8872	20
8874	-516,68680000000006	8874	18,287759784726674	8874	20
8876	-516,64910000000009	8876	18,38146648726994	8876	20
8878	-516,6109	8878	18,501222072731149	8878	20
8880	-516,5723	8880	18,634351727273792	8880	20
8882	-516,5334	8882	18,770293106062525	8882	20
8884	-516,4949	8884	18,850244255052029	8884	20
8886	-516,4564	8886	18,91687021254328	8886	20
8888	-516,4177	8888	18,989058510457948	8888	20
8890	-516,3789	8890	19,057548758708606	8890	20
8892	-516,3398	8892	19,139623965596826	8892	20
8894	-516,3005	8894	19,224686637990018	8894	20
8896	-516,2609	8896	19,320572198330353	8896	20
8898	-516,22070000000008	8898	19,450476831934747	8898	20
8900	-516,1804	8900	19,567064026621928	8900	20
8902	-516,14	8902	19,672553355516349	8902	20
8904	-516,0991	8904	19,802127796260713	8904	20
8906	-516,0583	8906	19,901773163549777	8906	20
8908	-516,017	8908	20,026477636289677	8908	20
8910	-515,97530000000006	8910	20,163731363574033	8910	20
8912	-515,9339	8912	20,253109469650607	8912	20
8914	-515,8926	8914	20,319257891373702	8914	20
8916	-515,851	8916	20,399381576146148	8916	20
8918	-515,8093	8918	20,474484646787758	8918	20
8920	-515,7676	8920	20,537070538989102	8920	20
8922	-515,7255	8922	20,622558782491328	8922	20
8924	-515,6834	8924	20,693798985409849	8924	20
8926	-515,6416	8926	20,728165821172087	8926	20
8928	-515,6005	8928	20,698471517645789	8928	20
8930	-515,5581	8930	20,782059598041766	8930	20
8932	-515,5157	8932	20,851716331695606	8932	20
8934	-515,4737	8934	20,876430276415508	8934	20
8936	-515,4307	8936	20,980358563680124	8936	20
8938	-515,38700000000006	8938	21,125298803062133	8938	20
8940	-515,3433	8940	21,246082335889945	8940	20
8942	-515,2999	8942	21,321735279909927	8942	20
8944	-515,25690000000009	8944	21,351446066582664	8944	20
8946	-515,2137	8946	21,392871722158041	8946	20
8948	-515,17090000000007	8948	21,394059768460274	8948	20
8950	-515,1278	8950	21,420049807058142	8950	20
8952	-515,0843	8952	21,475041505881332	8952	20
8954	-515,04040000000009	8954	21,554201254892288	8954	20
8956	-514,99700000000007	8956	21,578501045745213	8956	20
8958	-514,9536	8958	21,598750871455984	8958	20
8960	-514,9102	8960	21,615625726214958	8960	20
8962	-514,8664	8962	21,663021438515212	8962	20
8964	-514,8232	8964	21,65251786542569	8964	20
8966	-514,7795	8966	21,685431554526243	8966	20
8968	-514,73570000000007	8968	21,721192962098474	8968	20
8970	-514,6921	8970	21,734327468422322	8970	20
8972	-514,6485	8972	21,745272890349387	8972	20
8974	-514,6051	8974	21,737727408626128	8974	20
8976	-514,562	8976	21,706439507186879	8976	20
8978	-514,5194	8978	21,638699589321824	8978	20
8980	-514,4768	8980	21,582249657767612	8980	20
8982	-514,4343	8982	21,52687471480786	8982	20
8984	-514,39190000000008	8984	21,472395595667351	8984	20
8986	-514,3498	8986	21,401996329732675	8986	20
8988	-514,30760000000009	8988	21,351663608099408	8988	20
8990	-514,2652	8990	21,326386340086447	8990	20
8992	-514,223	8992	21,288655283413163	8992	20
8994	-514,1805	8994	21,282212736169679	8994	20
8996	-514,138	8996	21,276843946809581	8996	20
8998	-514,09530000000007	8998	21,289036622338649	8998	20
9000	-514,053	9000	21,265863851954578	9000	20
9002	-514,01060000000007	9002	21,254886543289615	9002	20
9004	-513,9682	9004	21,245738786078288	9004	20
9006	-513,9258	9006	21,238115655068849	9006	20
9008	-513,8834	9008	21,23176304588484	9008	20
9010	-513,84080000000006	9010	21,243135871570125	9010	20
9012	-513,7981	9012	21,26094655964858	9012	20
9014	-513,7556	9014	21,259122133042	9014	20
9016	-513,7131	9016	21,257601777527043	9016	20
9018	-513,67000000000007	9018	21,306334814604309	9018	20
9020	-513,6273	9020	21,3136123455104	9020	20
9022	-513,5844	9022	21,336343621261289	9022	20
9024	-513,5419	9024	21,321953017709784	9024	20
9026	-513,5	9026	21,259960848096082	9026	20
9028	-513,4591	9028	21,124967373410492	9028	20
9030	-513,4192	9030	20,92913947784114	9030	20
9032	-513,37920000000008	9032	20,774282898197921	9032	20
9034	-513,3396	9034	20,61190241517027	9034	20
9036	-513,3007	9036	20,418252012642924	9036	20
9038	-513,2619	9038	20,248543343872228	9038	20
9040	-513,2236	9040	20,065452786554825	9040	20
9042	-513,1853	9042	19,912877322133127	9042	20
9044	-513,14740000000006	9044	19,752397768437802	9044	20
9046	-513,1095	9046	19,618664807034502	9046	20
9048	-513,07210000000009	9048	19,465554005856596	9048	20
9050	-513,0348	9050	19,329628338219912	9050	20
9052	-512,99750000000006	9052	19,216356948513198	9052	20
9054	-512,96080000000006	9054	19,071964123760679	9054	20
9056	-512,9246	9056	18,909970103134569	9056	20
9058	-512,88880000000006	9058	18,741641752611702	9058	20
9060	-512,8531	9060	18,593034793844737	9060	20
9062	-512,8175	9062	18,460862328207693	9062	20
9064	-512,7817	9064	18,367385273505974	9064	20
9066	-512,7459	9066	18,289487727921205	9066	20
9068	-512,7102	9068	18,216239773269326	9068	20
9070	-512,6747	9070	18,138533144387466	9070	20
9072	-512,6395	9072	18,048777620325527	9072	20
9074	-512,6037	9074	18,023981350270834	9074	20
9076	-512,568	9076	17,99498445856068	9076	20
9078	-512,5325	9078	17,954153715463594	9078	20
9080	-512,4969	9080	17,928461429556741	9080	20
9082	-512,4613	9082	17,907051191291554	9082	20
9084	-512,4253	9084	17,922542659414479	9084	20
9086	-512,38920000000007	9086	17,94378554950535	9086	20
9088	-512,3533	9088	17,944821291261402	9088	20
9090	-512,3174	9090	17,945684409381972	9090	20
9092	-512,2815	9092	17,946403674482447	9092	20
9094	-512,2456	9094	17,947003062075648	9094	20
9096	-512,2095	9096	17,964169218389657	9096	20
9098	-512,1735	9098	17,970141015329563	9098	20
9100	-512,1371	9100	18,008450846104452	9100	20
9102	-512,1005	9102	18,057042371755486	9102	20
9104	-512,0632	9104	18,155868643126176	9104	20
9106	-512,02600000000007	9106	18,229890535937177	9106	20
9108	-511,9888	9108	18,291575446617749	9108	20
9110	-511,95130000000006	9110	18,367979538845283	9110	20
9112	-511,9134	9112	18,464982949040738	9112	20
9114	-511,8754	9114	18,554152457534858	9114	20
9116	-511,837	9116	18,661793714614397	9116	20
9118	-511,798	9118	18,801494762177605	9118	20
9120	-511,7592	9120	18,901245635146388	9120	20
9122	-511,72040000000004	9122	18,984371362620376	9122	20
9124	-511,6818	9124	19,036976135519549	9124	20
9126	-511,6426	9126	19,130813446265783	9126	20
9128	-511,60310000000004	9128	19,234011205219442	9128	20
9130	-511,56350000000003	9130	19,3283426710168	9130	20
9132	-511,52380000000005	9132	19,415285559179175	9132	20
9134	-511,4834	9134	19,54607129931879	9134	20
9136	-511,44230000000005	9136	19,713392749429968	9136	20
9138	-511,4013	9138	19,844493957862777	9138	20
9140	-511,36030000000005	9140	19,953744964880649	9140	20
9142	-511,319	9142	20,069787470736809	9142	20
9144	-511,2777	9144	20,166489558950275	9144	20
9146	-511,23670000000004	9146	20,222074632453563	9146	20
9148	-511,1947	9148	20,351728860380472	9148	20
9150	-511,15250000000003	9150	20,476440716982047	9150	20
9152	-511,11060000000003	9152	20,555367264151563	9152	20
9154	-511,0689	9154	20,604472720130346	9154	20
9156	-511,0273	9156	20,637060600105283	9156	20
9158	-510,9859	9158	20,647550500088578	9158	20
9160	-510,9447	9160	20,63962541674077	9160	20
9162	-510,9035	9162	20,633021180617597	9162	20
9164	-510,86170000000004	9164	20,677517650511877	9164	20
9166	-510,8199	9166	20,714598042095179	9166	20
9168	-510,778	9168	20,753831701745838	9168	20
9170	-510,7363	9170	20,769859751454167	9170	20
9172	-510,6943	9172	20,808216459547641	9172	20
9174	-510,65290000000005	9174	20,790180382952475	9174	20
9176	-510,6111	9176	20,808483652462343	9176	20
9178	-510,5692	9178	20,832069710385142	9178	20
9180	-510,5271	9180	20,868391425321359	9180	20
9182	-510,48570000000007	9182	20,840326187763907	9182	20
9184	-510,4448	9184	20,775271823143154	9184	20
9186	-510,404	9186	20,712726519285145	9186	20
9188	-510,36300000000006	9188	20,677272099399286	9188	20
9190	-510,322	9190	20,647726749503875	9190	20
9192	-510,2812	9192	20,606438957919078	9192	20
9194	-510,24060000000003	9194	20,555365798264528	9194	20
9196	-510,1994	9196	20,562804831887394	9196	20
9198	-510,1585	9198	20,544004026574658	9198	20
9200	-510,11800000000005	9200	20,495003355474864	9200	20
9202	-510,0774	9202	20,462502796232418	9202	20
9204	-510,0366	9204	20,452085663526198	9204	20
9206	-509,9956	9206	20,460071386271569	9206	20
9208	-509,95480000000003	9208	20,450059488558821	9208	20
9210	-509,91460000000006	9210	20,391716240463207	9210	20
9212	-509,87440000000004	9212	20,343096867054932	9212	20
9214	-509,83450000000005	9214	20,27758072254484	9214	20
9216	-509,7944	9216	20,239650602125053	9216	20
9218	-509,7546	9218	20,183042168438696	9218	20
9220	-509,7147	9220	20,144201807031308	9220	20
9222	-509,6744	9222	20,145168172526258	9222	20
9224	-509,6341	9224	20,145973477105382	9224	20
9226	-509,59350000000006	9226	20,171644564248378	9226	20
9228	-509,553	9228	20,184703803545773	9228	20
9230	-509,51250000000005	9230	20,195586502950793	9230	20
9232	-509,4721	9232	20,196322085795138	9232	20
9234	-509,43170000000003	9234	20,196935071494025	9234	20
9236	-509,391	9236	20,222445892912962	9236	20
9238	-509,35030000000006	9238	20,243704910757337	9238	20
9240	-509,3094	9240	20,278087425637679	9240	20
9242	-509,2686	9242	20,298406188030583	9242	20
9244	-509,22760000000005	9244	20,332005156687153	9244	20
9246	-509,187	9246	20,326670963909326	9246	20
9248	-509,1462	9248	20,338892469923621	9248	20
9250	-509,1056	9250	20,332410391606384	9250	20
9252	-509,0649	9252	20,335341993001855	9252	20
9254	-509,0246	9254	20,304451660835049	9254	20
9256	-508,9845	9256	20,262043050695489	9256	20
9258	-508,9447	9258	20,201702542247393	9258	20
9260	-508,9054	9260	20,109752118541632	9260	20
9262	-508,86620000000005	9262	20,024793432112784	9262	20
9264	-508,82720000000006	9264	19,937327860092925	9264	20
9266	-508,7882	9266	19,864439883414448	9266	20
9268	-508,7496	9268	19,770366569514611	9268	20
9270	-508,71070000000003	9270	19,71697214125847	9270	20
9272	-508,67220000000003	9272	19,63914345104865	9272	20
9274	-508,63430000000005	9274	19,524286209205474	9274	20
9276	-508,59680000000003	9276	19,395238507673124	9276	20
9278	-508,5594	9278	19,279365423064924	9278	20
9280	-508,5221	9280	19,174471185884041	9280	20
9282	-508,48490000000004	9282	19,078725988235398	9282	20
9284	-508,4479	9284	18,982271656865713	9284	20
9286	-508,41100000000006	9286	18,893559714050259	9286	20
9288	-508,374	9288	18,827966428378097	9288	20
9290	-508,3369	9290	18,781638690315869	9290	20
9292	-508,3002	9292	18,709698908596241	9292	20
9294	-508,2633	9294	18,666415757163769	9294	20
9296	-508,2266	9296	18,613679797636156	9296	20
9298	-508,1902	9298	18,544733164698016	9298	20
9300	-508,1536	9300	18,503944303916789	9300	20
9302	-508,1169	9302	18,478286919930341	9302	20
9304	-508,0801	9304	18,465239099939541	9304	20
9306	-508,04280000000006	9306	18,496032583279558	9306	20
9308	-508,0055	9308	18,521693819405712	9308	20
9310	-507,96770000000004	9310	18,584744849500378	9310	20
9312	-507,9293	9312	18,687287374585665	9312	20
9314	-507,89060000000006	9314	18,797739478817128	9314	20
9316	-507,8519	9316	18,889782899019487	9316	20
9318	-507,81280000000004	9318	18,999819082513088	9318	20
9320	-507,7736	9320	19,099849235431805	9320	20
9322	-507,73470000000003	9322	19,158207696189464	9322	20
9324	-507,69550000000004	9324	19,231839746824047	9324	20
9326	-507,65650000000005	9326	19,276533122352312	9326	20
9328	-507,61710000000005	9328	19,347110935293639	9328	20
9330	-507,57710000000003	9330	19,455925779413072	9330	20
9332	-507,5371	9332	19,546604816179265	9332	20
9334	-507,49670000000003	9334	19,655504013480797	9334	20
9336	-507,4561	9336	19,762920011237362	9336	20
9338	-507,41560000000004	9338	19,844100009360453	9338	20
9340	-507,375	9340	19,920083341137076	9340	20
9342	-507,3342	9342	20,000069450946746	9342	20
9344	-507,29370000000006	9344	20,041724542451604	9344	20
9346	-507,25280000000004	9346	20,109770452044831	9346	20
9348	-507,2115	9348	20,199808710040294	9348	20
9350	-507,17050000000006	9350	20,249840591695246	9350	20
9352	-507,1291	9352	20,324867159751616	9352	20
9354	-507,08720000000005	9354	20,4290559664548	9354	20
9356	-507,04510000000005	9356	20,532546638712741	9356	20
9358	-507,00280000000004	9358	20,635455532261581	9358	20
9360	-506,9601	9360	20,754546276886721	9360	20
9362	-506,91690000000006	9362	20,89545523073528	9362	20
9364	-506,8732	9364	21,054546025617569	9364	20
9366	-506,8293	9366	21,203788354681961	9366	20
9368	-506,7855	9368	21,319823628899641	9368	20
9370	-506,7418	9370	21,408186357416469	9370	20
9372	-506,6975	9372	21,531821964515483	9372	20
9374	-506,6531	9374	21,643184970429235	9374	20
9376	-506,60900000000004	9376	21,710987475354166	9376	20
9378	-506,5648	9378	21,775822896132325	9378	20
9380	-506,52070000000003	9380	21,821519080106743	9380	20
9382	-506,47710000000006	9382	21,817932566753072	9382	20
9384	-506,4329	9384	21,864943805631412	9384	20
9386	-506,3883	9386	21,937453171359731	9386	20
9388	-506,34430000000003	9388	21,947877642798336	9388	20
9390	-506,3002	9390	21,964898035666486	9390	20
9392	-506,2559	9392	21,995748363057164	9392	20
9394	-506,21180000000004	9394	22,004790302544105	9394	20
9396	-506,16790000000003	9396	21,995658585454073	9396	20
9398	-506,12440000000004	9398	21,954715487877941	9398	20
9400	-506,081	9400	21,912262906566589	9400	20
9402	-506,0381	9402	21,835219088808113	9402	20
9404	-505,9956	9404	21,737682574003539	9404	20
9406	-505,95360000000005	9406	21,614735478334048	9406	20
9408	-505,91190000000006	9408	21,487279565277674	9408	20
9410	-505,87070000000006	9410	21,339399637731685	9410	20
9412	-505,82980000000003	9412	21,191166364778233	9412	20
9414	-505,7894	9414	21,025971970651341	9414	20
9416	-505,74890000000005	9416	20,8966433088721	9416	20
9418	-505,7085	9418	20,780536090729562	9418	20
9420	-505,66780000000006	9420	20,708780075604505	9420	20
9422	-505,627	9422	20,657316729674339	9422	20
9424	-505,58630000000005	9424	20,606097274725151	9424	20
9426	-505,5461	9426	20,521747728939886	9426	20
9428	-505,50610000000006	9428	20,43478977411354	9428	20
9430	-505,46590000000003	9430	20,378991478430208	9430	20
9432	-505,4252	9432	20,374159565359783	9432	20
9434	-505,3844	9434	20,378466304465668	9434	20
9436	-505,34360000000004	9436	20,382055253720573	9436	20
9438	-505,3034	9438	20,335046044769403	9438	20
9440	-505,2633	9440	20,287538370640785	9440	20
9442	-505,2232	9442	20,247948642200271	9442	20
9444	-505,183	9444	20,223290535169152	9444	20
9446	-505,14250000000004	9446	20,227742112636943	9446	20
9448	-505,1018	9448	20,248118427198726	9448	20
9450	-505,0621	9450	20,181765356002185	9450	20
9452	-505,0221	9452	20,151471129998789	9452	20
9454	-504,9824	9454	20,101225941668904	9454	20
9456	-504,9425	9456	20,076021618056483	9456	20
9458	-504,9026	9458	20,05501801504613	9458	20
9460	-504,8628	9460	20,02918167920626	9460	20
9462	-504,82320000000004	9462	19,990984732667748	9462	20
9464	-504,7837	9464	19,950820610559148	9464	20
9466	-504,7446	9466	19,884017175467541	9466	20
9468	-504,70570000000004	9468	19,81168097955258	9468	20
9470	-504,66700000000003	9470	19,734734149627627	9470	20
9472	-504,62850000000003	9472	19,653945124689614	9472	20
9474	-504,5905	9474	19,544954270575591	9474	20
9476	-504,5527	9476	19,437461892146683	9476	20
9478	-504,515	9478	19,339551576791351	9478	20
9480	-504,47700000000003	9480	19,282959647322297	9480	20
9482	-504,4393	9482	19,21079970610436	9482	20
9484	-504,40180000000004	9484	19,133999755084126	9484	20
9486	-504,3645	9486	19,053333129238112	9486	20
9488	-504,3275	9488	18,96111094103464	9488	20
9490	-504,29100000000005	9490	18,842592450856593	9490	20
9492	-504,25480000000005	9492	18,718827042381161	9492	20
9494	-504,2192	9494	18,565689201988047	9494	20
9496	-504,18330000000003	9496	18,463074334987507	9496	20
9498	-504,14750000000004	9498	18,369228612489152	9498	20
9500	-504,1118	9500	18,282690510409282	9500	20
9502	-504,0762	9502	18,202242092006742	9502	20
9504	-504,0412	9504	18,085201743341035	9504	20
9506	-504,0068	9506	17,937668119451288	9506	20
9508	-503,9719	9508	17,856390099542182	9508	20
9510	-503,9365	9510	17,830325082950274	9510	20
9512	-503,9005	9512	17,858604235792008	9512	20
9514	-503,8639	9514	17,932170196495115	9514	20
9516	-503,827	9516	18,018475163746164	9516	20
9518	-503,7903	9518	18,073729303121485	9518	20
9520	-503,75370000000004	9520	18,11144108593161	9520	20
9522	-503,7171	9522	18,142867571611447	9522	20
9524	-503,6806	9524	18,160722976342	9524	20
9526	-503,6438	9526	18,20060248028733	9526	20
9528	-503,6064	9528	18,283835400238694	9528	20
9530	-503,56890000000004	9530	18,36152950019607	9530	20
9532	-503,5312	9532	18,442941250165841	9532	20
9534	-503,4934	9534	18,519117708471892	9534	20
9536	-503,4556	9536	18,5825980903936	9536	20
9538	-503,418	9538	18,61883174199447	9538	20
9540	-503,38030000000003	9540	18,657359784993105	9540	20
9542	-503,34200000000004	9542	18,739466487493626	9542	20
9544	-503,30350000000004	9544	18,824555406244613	9544	20
9546	-503,2644	9546	18,945462838538763	9546	20
9548	-503,2253	9548	19,046219032117222	9548	20
9550	-503,1861	9550	19,138515860097176	9550	20
9552	-503,14680000000004	9552	19,223763216745049	9552	20
9554	-503,1075	9554	19,294802680623011	9554	20
9556	-503,0677	9556	19,395668900520327	9556	20
9558	-503,02770000000004	9558	19,496390750430574	9558	20
9560	-502,98720000000003	9560	19,6219922920262	9560	20
9562	-502,9465	9562	19,743326910023107	9562	20
9564	-502,9058	9564	19,8444390916872	9564	20
9566	-502,8647	9566	19,962032576403644	9566	20
9568	-502,82340000000005	9568	20,076693813667898	9568	20
9570	-502,7819	9570	20,188911511393403	9570	20
9572	-502,74010000000004	9572	20,307426259491717	9572	20
9574	-502,6979	9574	20,439521882912818	9574	20
9576	-502,65520000000004	9576	20,591268235758015	9576	20
9578	-502,6125	9578	20,717723529800416	9578	20
9580	-502,56940000000003	9580	20,85643627483212	9580	20
9582	-502,526	9582	20,997030229028407	9582	20
9584	-502,4823	9584	21,139191857523773	9584	20
9586	-502,4386	9586	21,257659881269909	9586	20
9588	-502,39500000000004	9588	21,34804990105571	9588	20
9590	-502,3509	9590	21,465041584214298	9590	20
9592	-502,30690000000004	9592	21,554201320177143	9592	20
9594	-502,2636	9594	21,570167766818013	9594	20
9596	-502,2207	9596	21,550139805679564	9596	20
9598	-502,1772	9598	21,583449838065849	9598	20
9600	-502,13340000000005	9600	21,636208198386214	9600	20
9602	-502,09000000000003	9602	21,646840165323486	9602	20
9604	-502,0466	9604	21,655700137771209	9604	20
9606	-502,0033	9606	21,654750114808333	9606	20
9608	-501,9603	9608	21,628958429007476	9608	20
9610	-501,9171	9610	21,624132024173981	9610	20
9612	-501,874	9612	21,611776686810092	9612	20
9614	-501,8312	9614	21,576480572341723	9614	20
9616	-501,7889	9616	21,5054004769524	9616	20
9618	-501,7466	9618	21,446167064127962	9618	20
9620	-501,70410000000004	9620	21,413472553436748	9620	20
9622	-501,6618	9622	21,369560461198251	9622	20
9624	-501,6195	9624	21,332967050999503	9624	20
9626	-501,57730000000004	9626	21,294139209164573	9626	20
9628	-501,53400000000005	9628	21,353449340969469	9628	20
9630	-501,49030000000005	9630	21,436207784141324	9630	20
9632	-501,44660000000005	9632	21,505173153451203	9632	20
9634	-501,4028	9634	21,570977627878747	9634	20
9636	-501,35880000000003	9636	21,642481356564183	9636	20
9638	-501,315	9638	21,685401130472897	9638	20
9640	-501,27110000000005	9640	21,729500942056664	9640	20
9642	-501,2275	9642	21,741250785049413	9642	20
9644	-501,18390000000005	9644	21,751042320871964	9644	20
9646	-501,1399	9646	21,7925352673966	9646	20
9648	-501,09610000000004	9648	21,81044605616184	9648	20
9650	-501,05260000000004	9650	21,800371713467747	9650	20
9652	-501,00910000000005	9652	21,791976427889335	9652	20
9654	-500,96610000000004	9654	21,743313689908312	9654	20
9656	-500,9237	9656	21,652761408260535	9656	20
9658	-500,8811	9658	21,593967840216539	9658	20
9660	-500,8385	9660	21,544973200179875	9660	20
9662	-500,79600000000005	9662	21,495811000146677	9662	20
9664	-500,75370000000004	9664	21,438175833456526	9664	20
9666	-500,7115	9666	21,381813194550162	9666	20
9668	-500,6693	9668	21,334844328790123	9668	20
9670	-500,62710000000004	9670	21,295703607323421	9670	20
9672	-500,58520000000004	9672	21,238086339436041	9672	20
9674	-500,5436	9674	21,165071949531431	9674	20
9676	-500,50230000000005	9676	21,07922662460772	9676	20
9678	-500,461	9678	21,0076888538427	9678	20
9680	-500,4198	9680	20,939740711535872	9680	20
9682	-500,3788	9682	20,866450592946297	9682	20
9684	-500,3383	9684	20,763708827455968	9684	20
9686	-500,298	9686	20,661424022880141	9686	20
9688	-500,2579	9688	20,5595200190664	9688	20
9690	-500,21790000000004	9690	20,466266682552302	9690	20
9692	-500,17850000000004	9692	20,33855556879363	9692	20
9694	-500,13930000000005	9694	20,215462973994185	9694	20
9696	-500,10040000000004	9696	20,087885811662854	9696	20
9698	-500,06210000000004	9698	19,931571509718417	9698	20
9700	-500,0242	9700	19,767976258101683	9700	20
9702	-499,98670000000004	9702	19,598313548415227	9702	20
9704	-499,9495	9704	19,431927957016125	9704	20
9706	-499,9128	9706	19,251606630846453	9706	20
9708	-499,87600000000003	9708	19,109672192369636	9708	20
9710	-499,8389	9710	19,016393493642152	9710	20
9712	-499,80190000000005	9712	18,930327911366604	9712	20
9714	-499,76520000000005	9714	18,833606592805186	9714	20
9716	-499,72880000000004	9716	18,728005494005544	9716	20
9718	-499,6922	9718	18,656671245006393	9718	20
9720	-499,6555	9720	18,605559370838343	9720	20
9722	-499,619	9722	18,546299475697747	9722	20
9724	-499,58250000000004	9724	18,496916229747253	9724	20
9726	-499,5464	9726	18,422430191458805	9726	20
9728	-499,5102	9728	18,368691826216338	9728	20
9730	-499,47400000000005	9730	18,323909855176211	9730	20
9732	-499,4377	9732	18,294924879316824	9732	20
9734	-499,40130000000005	9734	18,279104066093836	9734	20
9736	-499,3646	9736	18,290920055082616	9736	20
9738	-499,32750000000004	9738	18,334100045898232	9738	20
9740	-499,2901	9740	18,395083371585848	9740	20
9742	-499,25280000000004	9742	18,437569476318146	9742	20
9744	-499,2155	9744	18,472974563599795	9744	20
9746	-499,17810000000003	9746	18,510812136332412	9746	20
9748	-499,1408	9748	18,534010113611686	9748	20
9750	-499,10360000000003	9750	18,545008428008437	9750	20
9752	-499,0663	9752	18,562507023341706	9752	20
9754	-499,02880000000005	9754	18,593755852781911	9754	20
9756	-498,9914	9756	18,611463210655579	9756	20
9758	-498,9545	9758	18,584552675546551	9758	20
9760	-498,91760000000005	9760	18,562127229617623	9760	20
9762	-498,8809	9762	18,526772691352438	9762	20
9764	-498,8441	9764	18,505643909457955	9764	20
9766	-498,8068	9766	18,529703257882971	9766	20
9768	-498,7692	9768	18,574752714902282	9768	20
9770	-498,73170000000005	9770	18,603960595749058	9770	20
9772	-498,69390000000004	9772	18,653300496457906	9772	20
9774	-498,65590000000003	9774	18,711083747049166	9774	20
9776	-498,61780000000005	9776	18,767569789206455	9776	20
9778	-498,5794	9778	18,839641491007395	9778	20
9780	-498,54080000000005	9780	18,916367909170663	9780	20
9782	-498,5022	9782	18,980306590978124	9782	20
9784	-498,463	9784	19,083588825814594	9784	20
9786	-498,4237	9786	19,177990688180966	9786	20
9788	-498,38410000000005	9788	19,281658906813334	9788	20
9790	-498,34470000000005	9790	19,351382422344489	9790	20
9792	-498,3055	9792	19,392818685291306	9792	20
9794	-498,26610000000005	9794	19,444015571071397	9794	20
9796	-498,22630000000004	9796	19,520012975893984	9796	20
9798	-498,1863	9798	19,600010813246691	9798	20
9800	-498,14570000000003	9800	19,716675677704206	9800	20
9802	-498,1043	9802	19,880563064754348	9802	20
9804	-498,06300000000005	9804	20,008802553960152	9804	20
9806	-498,02160000000003	9806	20,124002128300969	9806	20
9808	-497,9805	9808	20,195001773586522	9808	20
9810	-497,9392	9810	20,2708348113203	9810	20
9812	-497,89770000000004	9812	20,350695676098997	9812	20
9814	-497,856	9814	20,433913063419872	9814	20
9816	-497,81390000000005	9816	20,536594219512235	9816	20
9818	-497,7721	9818	20,597161849595476	9818	20
9820	-497,73040000000003	9820	20,639301541328866	9820	20
9822	-497,6888	9822	20,66608461777545	9822	20
9824	-497,64700000000005	9824	20,705070514810089	9824	20
9826	-497,6053	9826	20,729225429012448	9826	20
9828	-497,5636	9828	20,749354524176344	9828	20
9830	-497,52110000000005	9830	20,8327954368104	9830	20
9832	-497,4785	9832	20,910662864012828	9832	20
9834	-497,4366	9834	20,917219053343878	9834	20
9836	-497,3944	9836	20,947682544451553	9836	20
9838	-497,3521	9838	20,981402120377258	9838	20
9840	-497,31010000000003	9840	20,984501766978813	9840	20
9842	-497,2681	9842	20,987084805818178	9842	20
9844	-497,22610000000003	9844	20,989237338179581	9844	20
9846	-497,1841	9846	20,991031115152154	9846	20
9848	-497,1426	9848	20,950859262625546	9848	20
9850	-497,1021	9850	20,834049385522011	9850	20
9852	-497,0618	9852	20,720041154601844	9852	20
9854	-497,0219	9854	20,591700962167266	9854	20
9856	-496,9823	9856	20,459750801806653	9856	20
9858	-496,9427	9858	20,349792334839474	9858	20
9860	-496,9031	9860	20,258160279033493	9860	20
9862	-496,8639	9862	20,148466899194069	9862	20
9864	-496,8252	9864	20,015389082662203	9864	20
9866	-496,78610000000003	9866	19,937824235548685	9866	20
9868	-496,7465	9868	19,9148535296245	9868	20
9870	-496,70700000000005	9870	19,887377941351708	9870	20
9872	-496,6673	9872	19,881148284463002	9872	20
9874	-496,6275	9874	19,884290237053655	9874	20
9876	-496,5869	9876	19,953575197543341	9876	20
9878	-496,54630000000003	9878	20,011312664618078	9878	20
9880	-496,5054	9880	20,084427220516893	9880	20
9882	-496,4644	9882	20,153689350430479	9882	20
9884	-496,4236	9884	20,194741125357915	9884	20
9886	-496,3824	9886	20,262284271131886	9886	20
9888	-496,34090000000003	9888	20,343570225941988	9888	20
9890	-496,2988	9890	20,461308521618733	9890	20
9892	-496,2563	9892	20,592757101350461	9892	20
9894	-496,214	9894	20,685630917793013	9894	20
9896	-496,172	9896	20,738025764825277	9896	20
9898	-496,1304	9898	20,748354804022458	9898	20
9900	-496,08880000000005	9900	20,75696233668204	9900	20
9902	-496,0478	9902	20,714135280572837	9902	20
9904	-496,00730000000004	9904	20,636779400473348	9904	20
9906	-495,96680000000003	9906	20,572316167061846	9906	20
9908	-495,9272	9908	20,44359680588547	9908	20
9910	-495,8881	9910	20,294664004906142	9910	20
9912	-495,8498	9912	20,103886670754491	9912	20
9914	-495,8116	9914	19,936572225630208	9914	20
9916	-495,77380000000005	9916	19,763810188020791	9916	20
9918	-495,7363	9918	19,594841823352553	9918	20
9920	-495,69910000000004	9920	19,429034852792494	9920	20
9922	-495,6628	9922	19,215862377330392	9922	20
9924	-495,62690000000003	9924	19,004885314439463	9924	20
9926	-495,5912	9926	18,812404428701207	9926	20
9928	-495,5559	9928	18,618670357251553	9928	20
9930	-495,52070000000003	9930	18,448891964374194	9930	20
9932	-495,4852	9932	18,332409970312927	9932	20
9934	-495,45000000000005	9934	18,210341641925339	9934	20
9936	-495,4146	9936	18,12528470160764	9936	20
9938	-495,37910000000005	9938	18,062737251336063	9938	20
9940	-495,3441	9940	17,968947709448805	9940	20
9942	-495,30920000000003	9942	17,882456424540113	9942	20
9944	-495,2739	9944	17,843713687117308	9944	20
9946	-495,2387	9946	17,80309473926706	9946	20
9948	-495,20340000000004	9948	17,777578949385024	9948	20
9950	-495,16760000000005	9950	17,797982457820414	9950	20
9952	-495,13160000000005	9952	17,831652048183791	9952	20
9954	-495,09520000000003	9954	17,893043373487714	9954	20
9956	-495,05850000000004	9956	17,969202811239445	9956	20
9958	-495,021	9958	18,099335676034766	9958	20
9960	-494,98380000000003	9960	18,182779730027669	9960	20
9962	-494,94620000000003	9962	18,285649775022861	9962	20
9964	-494,90810000000005	9964	18,413041479184535	9964	20
9966	-494,8697	9966	18,544201232655798	9966	20
9968	-494,83090000000004	9968	18,686834360544886	9968	20
9970	-494,7918	9970	18,830695300455655	9970	20
9972	-494,7524	9972	18,975579417046426	9972	20
9974	-494,7128	9974	19,112982847539286	9974	20
9976	-494,6732	9976	19,227485706283336	9976	20
9978	-494,6333	9978	19,347904755235174	9978	20
9980	-494,5926	9980	19,514920629363921	9980	20
9982	-494,552	9982	19,645767191135231	9982	20
9984	-494,51050000000004	9984	19,829805992611441	9984	20
9986	-494,46860000000004	9986	20,016504993842723	9986	20
9988	-494,42690000000005	9988	20,155420828201571	9988	20
9990	-494,3849	9990	20,296184023503812	9990	20
9992	-494,343	9992	20,4051533529197	9992	20
9994	-494,3011	9994	20,495961127432938	9994	20
9996	-494,2593	9996	20,563300939529398	9996	20
9998	-494,21750000000003	9998	20,619417449605045	9998	20
10000	-494,17530000000005	10000	20,699514541335859	10000	20
10002	-494,13320000000004	10002	20,757928784446957	10002	20
10004	-494,09110000000004	10004	20,806607320372873	10004	20
10006	-494,04900000000004	10006	20,847172766977803	10006	20
10008	-494,0068	10008	20,889310639151223	10008	20
10010	-493,96430000000004	10010	20,949425532622797	10010	20
10012	-493,92150000000004	10012	21,024521277185645	10012	20
10014	-493,8786	10014	21,095434397657325	10014	20
10016	-493,83590000000004	10016	21,137861998045103	10016	20
10018	-493,7932	10018	21,173218331706323	10018	20
10020	-493,7502	10020	21,227681943089134	10020	20
10022	-493,70680000000004	10022	21,306401619237846	10022	20
10024	-493,66330000000005	10024	21,38033468269775	10024	20
10026	-493,62	10026	21,425278902251854	10026	20
10028	-493,576	10028	21,521065751875106	10028	20
10030	-493,5319	10030	21,609221459897128	10030	20
10032	-493,4879	10032	21,6743512165795	10032	20
10034	-493,4438	10034	21,736959347150787	10034	20
10036	-493,39950000000005	10036	21,805799455956013	10036	20
10038	-493,3552	10038	21,863166213298438	10038	20
10040	-493,3109	10040	21,910971844417123	10040	20
10042	-493,2671	10042	21,909143203678941	10042	20
10044	-493,223	10044	21,932619336400322	10044	20
10046	-493,1791	10046	21,935516113667589	10046	20
10048	-493,13590000000005	10048	21,879596761386004	10048	20
10050	-493,0933	10050	21,782997301159167	10050	20
10052	-493,0505	10052	21,719164417632619	10052	20
10054	-493,00780000000003	10054	21,657637014691183	10054	20
10056	-492,9653	10056	21,589697512244168	10056	20
10058	-492,9227	10058	21,541414593536231	10058	20
10060	-492,88030000000003	10060	21,484512161279067	10060	20
10062	-492,83790000000005	10062	21,43709346773143	10062	20
10064	-492,7957	10064	21,38091122311258	10064	20
10066	-492,7534	10066	21,342426019261445	10066	20
10068	-492,7113	10068	21,293688349384947	10068	20
10070	-492,6694	10070	21,236406957820645	10070	20
10072	-492,6279	10072	21,155339131515952	10072	20
10074	-492,58700000000005	10074	21,037782609593716	10074	20
10076	-492,54650000000004	10076	20,906485507995484	10076	20
10078	-492,50640000000004	10078	20,763737923329185	10078	20
10080	-492,4657	10080	20,694781602775596	10080	20
10082	-492,4241	10082	20,71231800231439	10082	20
10084	-492,38300000000004	10084	20,6852650019263	10084	20
10086	-492,3419	10086	20,662720834940966	10086	20
10088	-492,3009	10088	20,635600695783875	10088	20
10090	-492,26000000000005	10090	20,60466724648365	10090	20
10092	-492,21930000000003	10092	20,562222705404317	10092	20
10094	-492,17870000000005	10094	20,518518921168894	10094	20
10096	-492,13820000000004	10096	20,473765767641467	10096	20
10098	-492,0975	10098	20,4531381397025	10098	20
10100	-492,0564	10100	20,469281783087798	10100	20
10102	-492,0151	10102	20,499401485904695	10102	20
10104	-491,97400000000005	10104	20,507834571584887	10104	20
10106	-491,93330000000003	10106	20,481528809655348	10106	20
10108	-491,8929	10108	20,434607341382268	10108	20
10110	-491,8527	10110	20,378839451149414	10110	20
10112	-491,81300000000005	10112	20,29069954262302	10112	20
10114	-491,7731	10114	20,23391628552298	10114	20
10116	-491,73350000000005	10116	20,161596904598348	10116	20
10118	-491,69410000000005	10118	20,084664087165336	10118	20
10120	-491,6546	10120	20,02888673930714	10120	20
10122	-491,6152	10122	19,974072282755994	10122	20
10124	-491,576	10124	19,911726902296152	10124	20
10126	-491,5367	10126	19,8681057519156	10126	20
10128	-491,49780000000004	10128	19,798421459925962	10128	20
10130	-491,4596	10130	19,6820178832731	10130	20
10132	-491,4218	10132	19,55168156939461	10132	20
10134	-491,3845	10134	19,401401307830184	10134	20
10136	-491,34720000000004	10136	19,276167756521758	10136	20
10138	-491,3109	10138	19,088473130438114	10138	20
10140	-491,2753	10140	18,873727608697436	10140	20
10142	-491,24010000000004	10142	18,661439673912433	10142	20
10144	-491,20500000000004	10144	18,476199728260355	10144	20
10146	-491,1698	10146	18,3301664402196	10146	20
10148	-491,13480000000004	10148	18,191805366847014	10148	20
10150	-491,09990000000005	10150	18,068171139038618	10150	20
10152	-491,065	10152	17,965142615869691	10152	20
10154	-491,0298	10154	17,904285513222646	10154	20
10156	-490,99460000000005	10156	17,853571261016775	10156	20
10158	-490,9594	10158	17,811309384183282	10158	20
10160	-490,92400000000004	10160	17,792757820151188	10160	20
10162	-490,8885	10162	17,785631516793757	10162	20
10164	-490,85330000000005	10164	17,754692930659367	10164	20
10166	-490,81780000000003	10166	17,753910775550573	10166	20
10168	-490,7823	10168	17,753258979626576	10168	20
10170	-490,7472	10170	17,719382483022141	10170	20
10172	-490,7119	10172	17,707818735852332	10172	20
10174	-490,6766	10174	17,698182279877489	10174	20
10176	-490,6408	10176	17,731818566564137	10176	20
10178	-490,60490000000004	10178	17,768182138800917	10178	20
10180	-490,56850000000003	10180	17,840151782335319	10180	20
10182	-490,5319	10182	17,916793151947871	10182	20
10184	-490,49460000000005	10184	18,0389942932865	10184	20
10186	-490,45680000000004	10186	18,182495244405775	10186	20
10188	-490,4193	10188	18,27707937034004	10188	20
10190	-490,3818	10190	18,355899475285263	10190	20
10192	-490,34360000000004	10192	18,479916229401113	10192	20
10194	-490,3054	10194	18,583263524502392	10194	20
10196	-490,26680000000005	10196	18,702719603749827	10196	20
10198	-490,22790000000003	10198	18,827266336459221	10198	20
10200	-490,1891	10200	18,922721947052473	10200	20
10202	-490,15070000000003	10202	18,968934955874339	10202	20
10204	-490,112	10204	19,032445796562428	10204	20
10206	-490,0729	10206	19,118704830470275	10206	20
10208	-490,03380000000004	10208	19,190587358722077	10208	20
10210	-489,9943	10210	19,283822798937756	10210	20
10212	-489,95390000000003	10212	19,436518999112874	10212	20
10214	-489,913	10214	19,605432499262555	10214	20
10216	-489,87190000000004	10216	19,762860416049772	10216	20
10218	-489,83070000000004	10218	19,902383680041766	10218	20
10220	-489,78920000000005	10220	20,04365306670022	10220	20
10222	-489,74780000000004	10222	20,153044222251026	10222	20
10224	-489,70640000000003	10224	20,244203518543365	10224	20
10226	-489,6652	10226	20,303502932119759	10226	20
10228	-489,6238	10228	20,369585776767309	10228	20
10230	-489,5824	10230	20,4246548139736	10230	20
10232	-489,5414	10232	20,437212344977734	10232	20
10234	-489,5	10234	20,481010287482288	10234	20
10236	-489,4587	10236	20,509175239566769	10236	20
10238	-489,4169	10238	20,574312699640924	10238	20
10240	-489,37480000000005	10240	20,653593916363111	10240	20
10242	-489,3324	10242	20,744661596972868	10242	20
10244	-489,2894	10244	20,870551330811256	10244	20
10246	-489,2465	10246	20,967126109007268	10246	20
10248	-489,204	10248	21,014271757507572	10248	20
10250	-489,16110000000003	10250	21,086893131254197	10250	20
10252	-489,11870000000005	10252	21,105744276044035	10252	20
10254	-489,0758	10254	21,163120230039318	10254	20
10256	-489,0326	10256	21,23593352503385	10256	20
10258	-488,9891	10258	21,321611270861087	10258	20
10260	-488,946	10260	21,359676059049345	10260	20
10262	-488,9028	10262	21,399730049208873	10262	20
10264	-488,8593	10264	21,458108374340274	10264	20
10266	-488,8158	10266	21,506756978616441	10266	20
10268	-488,7726	10268	21,522297482181454	10268	20
10270	-488,7293	10270	21,543581235150203	10270	20
10272	-488,68640000000005	10272	21,527984362623055	10272	20
10274	-488,64390000000003	10274	21,481653635520729	10274	20
10276	-488,60130000000004	10276	21,451378029600033	10276	20
10278	-488,55920000000003	10278	21,384481691333768	10278	20
10280	-488,5169	10280	21,34540140944577	10280	20
10282	-488,4739	10282	21,371167841205342	10282	20
10284	-488,43080000000003	10284	21,400973201002891	10284	20
10286	-488,3877	10286	21,42581100083892	10286	20
10288	-488,345	10288	21,413175834029765	10288	20
10290	-488,3023	10290	21,402646528360208	10290	20
10292	-488,2593	10292	21,418872106967374	10292	20
10294	-488,21610000000004	10294	21,449060089135823	10294	20
10296	-488,17240000000004	10296	21,515883407613284	10296	20
10298	-488,12850000000003	10298	21,588236173011722	10298	20
10300	-488,0846	10300	21,648530144177087	10300	20
10302	-488,04060000000004	10302	21,707108453479467	10302	20
10304	-487,99600000000004	10304	21,80592371123311	10304	20
10306	-487,9517	10306	21,863269759362684	10306	20
10308	-487,90790000000004	10308	21,869391466133575	10308	20
10310	-487,8637	10310	21,907826221781832	10310	20
10312	-487,8193	10312	21,956521851484528	10312	20
10314	-487,77500000000003	10314	21,988768209567464	10314	20
10316	-487,7309	10316	21,998973507974092	10316	20
10318	-487,68690000000004	10318	21,999144589976972	10318	20
10320	-487,6428	10320	22,007620491648684	10320	20
10322	-487,5984	10322	22,039683743040236	10322	20
10324	-487,5539	10324	22,074736452535841	10324	20
10326	-487,5094	10326	22,103947043777445	10326	20
10328	-487,46540000000005	10328	22,086622536479766	10328	20
10330	-487,422	10330	22,022185447068111	10330	20
10332	-487,3791	10332	21,926821205892715	10332	20
10334	-487,3363	10334	21,839017671577242	10334	20
10336	-487,29380000000003	10336	21,740848059644481	10336	20
10338	-487,2513	10338	21,659040049705251	10338	20
10340	-487,20950000000005	10340	21,532533374751587	10340	20
10342	-487,1685	10342	21,360444478964126	10342	20
10344	-487,1277	10344	21,200370399135956	10344	20
10346	-487,08770000000004	10346	21,0003086659436	10346	20
10348	-487,0487	10348	20,750257221623343	10348	20
10350	-487,0101	10350	20,508547684683951	10350	20
10352	-486,9716	10352	20,29878973723655	10352	20
10354	-486,93370000000004	10354	20,073991447695391	10354	20
10356	-486,89610000000005	10356	19,861659539745965	10356	20
10358	-486,85900000000004	10358	19,643049616455759	10358	20
10360	-486,82250000000005	10360	19,410874680378928	10360	20
10362	-486,7862	10362	19,200728900319088	10362	20
10364	-486,75010000000003	10364	19,008940750263928	10364	20
10366	-486,7144	10366	18,815783958554928	10366	20
10368	-486,6789	10368	18,638153298796873	10368	20
10370	-486,6435	10370	18,481794415662513	10370	20
10372	-486,60810000000004	10372	18,351495346383881	10372	20
10374	-486,5724	10374	18,267912788654886	10374	20
10376	-486,5364	10376	18,223260657212521	10376	20
10378	-486,50030000000004	10378	18,194383881008456	10378	20
10380	-486,46430000000004	10380	18,16198656750716	10380	20
10382	-486,428	10382	18,159988806259278	10382	20
10384	-486,3919	10384	18,141657338547422	10384	20
10386	-486,3553	10386	18,168047782124624	10386	20
10388	-486,3184	10388	18,215039818437422	10388	20
10390	-486,2817	10390	18,237533182030866	10390	20
10392	-486,24510000000004	10392	18,247944318356094	10392	20
10394	-486,20860000000005	10394	18,248286931962539	10394	20
10396	-486,17190000000005	10396	18,265239109968466	10396	20
10398	-486,1347	10398	18,321032591643821	10398	20
10400	-486,0973	10400	18,384193826369103	10400	20
10402	-486,0597	10402	18,45349485530739	10402	20
10404	-486,0222	10404	18,502912379424721	10404	20
10406	-485,9843	10406	18,5774269828522	10406	20
10408	-485,946	10408	18,672855819042873	10408	20
10410	-485,9074	10410	18,777379849204966	10410	20
10412	-485,8686	10412	18,881149874335858	10412	20
10414	-485,8296	10414	18,984291561945486	10414	20
10416	-485,7901	10416	19,111909634957264	10416	20
10418	-485,75050000000005	10418	19,226591362460248	10418	20
10420	-485,711	10420	19,313826135386233	10420	20
10422	-485,67150000000004	10422	19,386521779486483	10422	20
10424	-485,63210000000004	10424	19,438768149572113	10424	20
10426	-485,59310000000005	10426	19,4489734579757	10426	20
10428	-485,55440000000004	10428	19,432477881646896	10428	20
10430	-485,51550000000003	10430	19,435398234706778	10430	20
10432	-485,476	10432	19,487831862258339	10432	20
10434	-485,4361	10434	19,564859885214346	10434	20
10436	-485,39610000000005	10436	19,637383237675593	10436	20
10438	-485,3562	10438	19,689486031400126	10438	20
10440	-485,3163	10440	19,732905026165835	10440	20
10442	-485,27630000000005	10442	19,777420855135166	10442	20
10444	-485,2361	10444	19,83118404594823	10444	20
10446	-485,1959	10446	19,875986704959118	10446	20
10448	-485,1555	10448	19,929988920797342	10448	20
10450	-485,1147	10450	20,008324100663636	10450	20
10452	-485,07370000000003	10452	20,0902700838861	10452	20
10454	-485,033	10454	20,133558403239693	10454	20
10456	-484,9927	10456	20,136298669366578	10456	20
10458	-484,95250000000004	10458	20,130248891136336	10458	20
10460	-484,9126	10460	20,100207409284078	10460	20
10462	-484,8722	10462	20,116839507734806	10462	20
10464	-484,8317	10464	20,13903292311306	10464	20
10466	-484,7914	10466	20,140860769261053	10466	20
10468	-484,7518	10468	20,084050641051476	10468	20
10470	-484,71200000000005	10470	20,05337553420598	10470	20
10472	-484,6721	10472	20,036146278508781	10472	20
10474	-484,632	10474	20,038455232090268	10474	20
10476	-484,5915	10476	20,073712693409277	10476	20
10478	-484,5509	10478	20,111427244506359	10478	20
10480	-484,5099	10480	20,176189370421703	10480	20
10482	-484,4692	10482	20,205157808686028	10482	20
10484	-484,42900000000003	10484	20,187631507235878	10484	20
10486	-484,38980000000004	10486	20,089692922696056	10486	20
10488	-484,3509	10488	19,983077435581077	10488	20
10490	-484,31190000000004	10490	19,902564529649837	10490	20
10492	-484,2733	10492	19,802137108044104	10492	20
10494	-484,23420000000004	10494	19,76011425670027	10494	20
10496	-484,19550000000004	10496	19,691761880584036	10496	20
10498	-484,15630000000004	10498	19,67646823381952	10498	20
10500	-484,1172	10500	19,655390194851186	10500	20
10502	-484,07750000000004	10502	19,687825162374498	10502	20
10504	-484,0375	10504	19,739854301980454	10504	20
10506	-483,9975	10506	19,783211918318749	10506	20
10508	-483,95730000000003	10508	19,836009931929812	10508	20
10510	-483,91700000000003	10510	19,88834160994168	10510	20
10512	-483,87620000000004	10512	19,973618008283914	10512	20
10514	-483,83540000000005	10514	20,044681673569112	10514	20
10516	-483,7948	10516	20,087234727977624	10516	20
10518	-483,75460000000004	10518	20,089362273312208	10518	20
10520	-483,7151	10520	20,032801894429532	10520	20
10522	-483,67530000000005	10522	20,01066824535436	10522	20
10524	-483,63500000000005	10524	20,033890204462136	10524	20
10526	-483,5944	10526	20,078241837055145	10526	20
10528	-483,5534	10528	20,148534864212358	10528	20
10530	-483,512	10530	20,240445720177807	10530	20
10532	-483,47040000000004	10532	20,333704766811497	10532	20
10534	-483,4286	10534	20,428087305678197	10534	20
10536	-483,38710000000003	10536	20,481739421397247	10536	20
10538	-483,3457	10538	20,518116184498549	10538	20
10540	-483,30420000000004	10540	20,556763487080872	10540	20
10542	-483,2624	10542	20,613969572569342	10542	20
10544	-483,22040000000004	10544	20,678307977138886	10544	20
10546	-483,1791	10546	20,673589980952006	10546	20
10548	-483,13800000000003	10548	20,65299165079098	10548	20
10550	-483,09720000000004	10550	20,610826375658334	10550	20
10552	-483,0568	10552	20,542355313051424	10552	20
10554	-483,0165	10554	20,476962760876354	10554	20
10556	-482,976	10556	20,43913563406435	10556	20
10558	-482,93580000000003	10558	20,38261302838448	10558	20
10560	-482,8955	10560	20,343844190320567	10560	20
10562	-482,85540000000003	10562	20,294870158600087	10562	20
10564	-482,8154	10564	20,245725132168445	10564	20
10566	-482,77570000000003	10566	20,179770943472214	10566	20
10568	-482,7364	10568	20,091475786228983	10568	20
10570	-482,6979	10570	19,95122982185741	10570	20
10572	-482,65970000000004	10572	19,8093581848779	10572	20
10574	-482,6218	10574	19,666131820734584	10574	20
10576	-482,5849	10576	19,463443183945721	10576	20
10578	-482,5486	10578	19,244535986620008	10578	20
10580	-482,5128	10580	19,020446655516235	10580	20
10582	-482,4767	10582	18,85870554626629	10582	20
10584	-482,4404	10584	18,740587955220484	10584	20
10586	-482,4041	10586	18,642156629348978	10586	20
10588	-482,36830000000003	10588	18,518463857790376	10588	20
10590	-482,33270000000005	10590	18,39871988149099	10590	20
10592	-482,2968	10592	18,323933234578032	10592	20
10594	-482,2611	10594	18,244944362150012	10594	20
10596	-482,22560000000004	10596	18,162453635121373	10596	20
10598	-482,19010000000003	10598	18,093711362602246	10598	20
10600	-482,154	10600	18,086426135504631	10600	20
10602	-482,11760000000004	10602	18,10535511291701	10602	20
10604	-482,08090000000004	10604	18,146129260763857	10604	20
10606	-482,0439	10606	18,205107717306095	10606	20
10608	-482,0068	10608	18,262589764422536	10608	20
10610	-481,97	10610	18,285491470349704	10610	20
10612	-481,93280000000004	10612	18,337909558623451	10612	20
10614	-481,89500000000004	10614	18,431591298853235	10614	20
10616	-481,857	10616	18,526326082378606	10616	20
10618	-481,819	10618	18,605271735316414	10618	20
10620	-481,781	10620	18,671059779431257	10620	20
10622	-481,7432	10622	18,709216482859738	10622	20
10624	-481,7054	10624	18,741013735716805	10624	20
10626	-481,6671	10626	18,80917811309671	10626	20
10628	-481,62870000000004	10628	18,874315094244537	10628	20
10630	-481,59000000000003	10630	18,953595911870927	10630	20
10632	-481,5511	10632	19,036329926560136	10632	20
10634	-481,5119	10634	19,130274938799605	10634	20
10636	-481,4723	10636	19,241895782333604	10636	20
10638	-481,4325	10638	19,351579818612489	10638	20
10640	-481,3926	10640	19,451316515509468	10640	20
10642	-481,35240000000005	10642	19,559430429588748	10642	20
10644	-481,31190000000004	10644	19,674525357991346	10644	20
10646	-481,2713	10646	19,778771131662818	10646	20
10648	-481,2305	10648	19,882309276384863	10648	20
10650	-481,1891	10650	20,018591063654895	10650	20
10652	-481,14700000000005	10652	20,19049255304142	10652	20
10654	-481,10490000000004	10654	20,333743794201592	10654	20
10656	-481,0625	10656	20,478119828504934	10656	20
10658	-481,02000000000004	10658	20,606766523750892	10658	20
10660	-480,9773	10660	20,730638769794478	10660	20
10662	-480,9347	10662	20,825532308161492	10662	20
10664	-480,89160000000004	10664	20,94627692346635	10664	20
10666	-480,84790000000004	10666	21,096897436222058	10666	20
10668	-480,80420000000004	10668	21,222414530185148	10668	20
10670	-480,7606	10670	21,318678775156481	10670	20
10672	-480,7166	10672	21,432232312628962	10672	20
10674	-480,67220000000003	10674	21,560193593857136	10674	20
10676	-480,62800000000004	10676	21,650161328213393	10676	20
10678	-480,58320000000003	10678	21,7751344401786	10678	20
10680	-480,53790000000004	10680	21,920945366815289	10680	20
10682	-480,49240000000003	10682	22,059121139013083	10682	20
10684	-480,4472	10684	22,149267615846114	10684	20
10686	-480,4017	10686	22,249389679872106	10686	20
10688	-480,356	10688	22,349491399894319	10688	20
10690	-480,31	10690	22,457909499911288	10690	20
10692	-480,264	10692	22,548257916592096	10692	20
10694	-480,2182	10694	22,606881597158882	10694	20
10696	-480,17220000000003	10696	22,672401330965091	10696	20
10698	-480,127	10698	22,660334442472788	10698	20
10700	-480,08160000000004	10700	22,66694536872502	10700	20
10702	-480,0366	10702	22,639121140605511	10702	20
10704	-479,99170000000004	10704	22,607600950503276	10704	20
10706	-479,94710000000003	10706	22,556334125419617	10706	20
10708	-479,9032	10708	22,455278437850335	10708	20
10710	-479,86010000000005	10710	22,304398698207052	10710	20
10712	-479,8174	10712	22,145332248507945	10712	20
10714	-479,7747	10714	22,012776873758689	10714	20
10716	-479,73220000000003	10716	21,885647394795686	10716	20
10718	-479,68960000000004	10718	21,7880394956625	10718	20
10720	-479,6469	10720	21,715032913054152	10720	20
10722	-479,60420000000005	10722	21,654194094209128	10722	20
10724	-479,5616	10724	21,595161745178434	10724	20
10726	-479,5192	10726	21,529301454314233	10726	20
10728	-479,47700000000003	10728	21,457751211926848	10728	20
10730	-479,4349	10730	21,389792676606117	10730	20
10732	-479,39300000000003	10732	21,316493897171618	10732	20
10734	-479,351	10734	21,263744914312184	10734	20
10736	-479,3089	10736	21,228120761927229	10736	20
10738	-479,2671	10738	21,173433968269904	10738	20
10740	-479,225	10740	21,152861640225328	10740	20
10742	-479,18300000000005	10742	21,127384700185541	10742	20
10744	-479,1412	10744	21,089487250156566	10744	20
10746	-479,0992	10746	21,074572708466306	10746	20
10748	-479,0568	10748	21,095477257054128	10748	20
10750	-479,01410000000004	10750	21,137897714209107	10750	20
10752	-478,97130000000004	10752	21,181581428507567	10752	20
10754	-478,928	10754	21,259651190426702	10754	20
10756	-478,8852	10756	21,2830426586889	10756	20
10758	-478,8424	10758	21,302535548907397	10758	20
10760	-478,7996	10760	21,318779624089476	10760	20
10762	-478,7574	10762	21,282316353406216	10762	20
10764	-478,7158	10764	21,201930294506575	10764	20
10766	-478,67490000000004	10766	21,07660857875257	10766	20
10768	-478,6345	10768	20,930507148963287	10768	20
10770	-478,595	10770	20,733755957467363	10770	20
10772	-478,55620000000005	10772	20,511463297887854	10772	20
10774	-478,5176	10774	20,309552748242449	10774	20
10776	-478,4785	10776	20,18296062353696	10776	20
10778	-478,4399	10778	20,035800519611964	10778	20
10780	-478,4021	10780	19,846500433010327	10780	20
10782	-478,36490000000003	10782	19,638750360840639	10782	20
10784	-478,3281	10784	19,432291967369526	10784	20
10786	-478,2914	10786	19,251909972807621	10786	20
10788	-478,2554	10788	19,043258310673131	10788	20
10790	-478,2203	10790	18,794381925560938	10790	20
10792	-478,185	10792	18,60365160463466	10792	20
10794	-478,1501	10794	18,411376337194991	10794	20
10796	-478,1161	10796	18,17614694766181	10796	20
10798	-478,0822	10798	17,971789123052918	10798	20
10800	-478,0489	10800	17,751490935877182	10800	20
10802	-478,01590000000004	10802	17,542909113227537	10802	20
10804	-477,98330000000004	10804	17,335757594356465	10804	20
10806	-477,951	10806	17,13813132863211	10806	20
10808	-477,9187	10808	16,973442773861812	10808	20
10810	-477,8858	10810	16,886202311550154	10810	20
10812	-477,85240000000005	10812	16,855168592956119	10812	20
10814	-477,81870000000004	10814	16,854307160797624	10814	20
10816	-477,7848	10816	16,870255967332763	10816	20
10818	-477,75050000000005	10818	16,916879972775082	10818	20
10820	-477,71630000000005	10820	16,94739997731244	10820	20
10822	-477,6822	10822	16,964499981095663	10822	20
10824	-477,64790000000005	10824	16,995416650910833	10824	20
10826	-477,6132	10826	17,054513875762652	10826	20
10828	-477,57840000000004	10828	17,112094896465671	10828	20
10830	-477,5434	10830	17,17674574705681	10830	20
10832	-477,50800000000004	10832	17,263954789212463	10832	20
10834	-477,47240000000005	10834	17,35329565767606	10834	20
10836	-477,4368	10836	17,427746381400461	10836	20
10838	-477,401	10838	17,506455317833279	10838	20
10840	-477,365	10840	17,588712764861178	10840	20
10842	-477,3283	10842	17,715593970717329	10842	20
10844	-477,2914	10844	17,837994975598008	10844	20
10846	-477,2538	10846	17,998329146331479	10846	20
10848	-477,2156	10848	18,181940955277696	10848	20
10850	-477,1772	10850	18,351617462728694	10850	20
10852	-477,1392	10852	18,459681218941487	10852	20
10854	-477,1007	10854	18,5914010157845	10854	20
10856	-477,06190000000004	10856	18,726167513152134	10856	20
10858	-477,0228	10858	18,863472927628365	10858	20
10860	-476,98260000000005	10860	19,069560773021159	10860	20
10862	-476,94230000000005	10862	19,2496339775178	10862	20
10864	-476,90130000000005	10864	19,4580283145979	10864	20
10866	-476,8605	10866	19,615023595502169	10866	20
10868	-476,8199	10868	19,729186329583769	10868	20
10870	-476,7792	10870	19,832655274654417	10870	20
10872	-476,7386	10872	19,910546062210642	10872	20
10874	-476,6979	10874	19,983788385176812	10874	20
10876	-476,65630000000004	10876	20,119823654310668	10876	20
10878	-476,6145	10878	20,249853045260839	10878	20
10880	-476,57250000000005	10880	20,374877537715133	10880	20
10882	-476,53040000000004	10882	20,487397948096351	10882	20
10884	-476,4886	10884	20,556164956748908	10884	20
10886	-476,4469	10886	20,605137463956726	10886	20
10888	-476,40470000000005	10888	20,687614553295592	10888	20
10890	-476,3618	10890	20,814678794415617	10890	20
10892	-476,319	10892	20,912232328679661	10892	20
10894	-476,2758	10894	21,0268602739008	10894	20
10896	-476,23260000000005	10896	21,122383561580349	10896	20
10898	-476,18960000000004	10898	21,185319634650824	10898	20
10900	-476,1465	10900	21,246099695545528	10900	20
10902	-476,10360000000003	10902	21,28008307961916	10902	20
10904	-476,0609	10904	21,291735899684703	10904	20
10906	-476,01750000000004	10906	21,359779916400818	10906	20
10908	-475,9743	10908	21,399816597001767	10908	20
10910	-475,93120000000005	10910	21,424847164166579	10910	20
10912	-475,8879	10912	21,46237263680921	10912	20
10914	-475,8449	10914	21,468643864008207	10914	20
10916	-475,8021	10916	21,457203220006818	10916	20
10918	-475,7595	10918	21,431002683338441	10918	20
10920	-475,7173	10920	21,37583556944702	10920	20
10922	-475,67510000000004	10922	21,3298629745375	10922	20
10924	-475,6331	10924	21,274885812117088	10924	20
10926	-475,5917	10926	21,179071510098414	10926	20
10928	-475,5507	10928	21,065892925081748	10928	20
10930	-475,50960000000003	10930	20,9799107708991	10930	20
10932	-475,4683	10932	20,924925642418852	10932	20
10934	-475,4268	10934	20,895771368681125	10934	20
10936	-475,38550000000004	10936	20,854809473899135	10936	20
10938	-475,34450000000004	10938	20,795674561582349	10938	20
10940	-475,3034	10940	20,754728801321004	10940	20
10942	-475,26210000000003	10942	20,737274001099031	10942	20
10944	-475,22040000000004	10944	20,756061667581829	10944	20
10946	-475,17870000000005	10946	20,771718056317493	10946	20
10948	-475,1372	10948	20,768098380268064	10948	20
10950	-475,0951	10950	20,815081983557128	10950	20
10952	-475,05240000000003	10952	20,904234986294941	10952	20
10954	-475,00960000000003	10954	20,986862488579096	10954	20
10956	-474,96750000000003	10956	20,997385407149654	10956	20
10958	-474,9254	10958	21,006154505958452	10958	20
10960	-474,88300000000004	10960	21,038462088297582	10960	20
10962	-474,8401	10962	21,107051740250608	10962	20
10964	-474,797	10964	21,180876450207279	10964	20
10966	-474,7538	10966	21,25073037517382	10966	20
10968	-474,7106	10968	21,308941979312603	10968	20
10970	-474,66720000000004	10970	21,374118316090737	10970	20
10972	-474,6243	10972	21,386765263411569	10972	20
10974	-474,58140000000003	10974	21,397304386174195	10974	20
10976	-474,53810000000004	10976	21,439420321810822	10976	20
10978	-474,4941	10978	21,532850268178983	10978	20
10980	-474,45000000000005	10980	21,619041890145624	10980	20
10982	-474,4062	10982	21,665868241790765	10982	20
10984	-474,36260000000004	10984	21,688223534823091	10984	20
10986	-474,31960000000004	10986	21,656852945686442	10986	20
10988	-474,2765	10988	21,639044121408542	10988	20
10990	-474,2337	10990	21,599203434507096	10990	20
10992	-474,1916	10992	21,507669528756324	10992	20
10994	-474,1494	10994	21,439724607295258	10994	20
10996	-474,1075	10996	21,358103839412571	10996	20
10998	-474,06600000000003	10998	21,256753199509227	10998	20
11000	-474,0251	11000	21,122294332926185	11000	20
11002	-473,9848	11002	20,960245277438656	11002	20
11004	-473,94500000000005	11004	20,783537731195295	11004	20
11006	-473,90520000000004	11006	20,636281442663897	11006	20
11008	-473,8661	11008	20,455234535554833	11008	20
11010	-473,8276	11010	20,254362112962287	11010	20
11012	-473,7894	11012	20,061968427470038	11012	20
11014	-473,7511	11014	19,909973689557738	11014	20
11016	-473,7133	11016	19,741644741298472	11016	20
11018	-473,67580000000004	11018	19,576370617745887	11018	20
11020	-473,63840000000005	11020	19,430308848120823	11020	20
11022	-473,601	11022	19,308590706771341	11022	20
11024	-473,5636	11024	19,207158922308704	11024	20
11026	-473,52660000000003	11026	19,089299101922066	11026	20
11028	-473,48990000000003	11028	18,966082584934735	11028	20
11030	-473,4533	11030	18,855068820780723	11030	20
11032	-473,41670000000005	11032	18,76255735064764	11032	20
11034	-473,38	11034	18,693797792210788	11034	20
11036	-473,3428	11036	18,678164826841019	11036	20
11038	-473,30530000000005	11038	18,690137355698006	11038	20
11040	-473,2679	11040	18,691781129752325	11040	20
11042	-473,23060000000004	11042	18,684817608123545	11042	20
11044	-473,19320000000005	11044	18,687348006768872	11044	20
11046	-473,1555	11046	18,71445667230984	11046	20
11048	-473,1179	11048	18,728713893591337	11048	20
11050	-473,0801	11050	18,757261577993138	11050	20
11052	-473,0421	11052	18,797717981661858	11052	20
11054	-473,004	11054	18,839764984717036	11054	20
11056	-472,9655	11056	18,908137487264121	11056	20
11058	-472,9273	11058	18,940114572721566	11058	20
11060	-472,88910000000004	11060	18,966762143931366	11060	20
11062	-472,8507	11062	19,00563511994482	11062	20
11064	-472,8123	11064	19,0380292666227	11064	20
11066	-472,77340000000004	11066	19,106691055515213	11066	20
11068	-472,7343	11068	19,180575879597598	11068	20
11070	-472,6952	11070	19,242146566332917	11070	20
11072	-472,656	11072	19,301788805276921	11072	20
11074	-472,6166	11074	19,368157337730814	11074	20
11076	-472,577	11076	19,440131114776278	11076	20
11078	-472,5373	11078	19,508442595645409	11078	20
11080	-472,4973	11080	19,590368829706211	11080	20
11082	-472,4572	11082	19,66697402475479	11082	20
11084	-472,41670000000005	11084	19,764145020624973	11084	20
11086	-472,37600000000003	11086	19,861787517188752	11086	20
11088	-472,3353	11088	19,943156264325236	11088	20
11090	-472,2943	11090	20,0359635536041	11090	20
11092	-472,2536	11092	20,088302961338023	11092	20
11094	-472,2131	11094	20,115252467782408	11094	20
11096	-472,1725	11096	20,146043723150637	11096	20
11098	-472,13210000000004	11098	20,155036435956941	11098	20
11100	-472,0914	11100	20,187530363298727	11100	20
11102	-472,05080000000004	11102	20,206275302747567	11102	20
11104	-472,01000000000005	11104	20,238562752288821	11104	20
11106	-471,969	11106	20,282135626911824	11106	20
11108	-471,92760000000004	11108	20,351779689089295	11108	20
11110	-471,88640000000004	11110	20,393149740908033	11110	20
11112	-471,84520000000003	11112	20,427624784090316	11112	20
11114	-471,80370000000005	11114	20,481353986740679	11114	20
11116	-471,7619	11116	20,551128322285848	11116	20
11118	-471,72020000000003	11118	20,600940268570842	11118	20
11120	-471,6789	11120	20,609116890478635	11120	20
11122	-471,63800000000003	11122	20,582597408729285	11122	20
11124	-471,5978	11124	20,502164507276664	11124	20
11126	-471,55800000000005	11126	20,401803756060303	11126	20
11128	-471,51820000000004	11128	20,31816979671807	11128	20
11130	-471,47790000000003	11130	20,290141497265228	11130	20
11132	-471,4377	11132	20,258451247723283	11132	20
11134	-471,39750000000004	11134	20,232042706433592	11134	20
11136	-471,35740000000004	11136	20,201702255360942	11136	20
11138	-471,3177	11138	20,143085212804031	11138	20
11140	-471,278	11140	20,0942376773352	11140	20
11142	-471,23830000000004	11142	20,053531397777842	11142	20
11144	-471,1988	11144	20,002942831484226	11144	20
11146	-471,15970000000004	11146	19,927452359567038	11146	20
11148	-471,1209	11148	19,839543632975655	11148	20
11150	-471,0819	11150	19,782953027478651	11150	20
11152	-471,04310000000004	11152	19,71912752289726	11152	20
11154	-471,0049	11154	19,61593960241585	11154	20
11156	-470,96720000000005	11156	19,48828300201092	11156	20
11158	-470,92900000000003	11158	19,4235691683439	11158	20
11160	-470,8903	11160	19,41130764028706	11160	20
11162	-470,8512	11162	19,434423033574134	11162	20
11164	-470,81170000000003	11164	19,487019194643068	11164	20
11166	-470,77200000000005	11166	19,5475159955344	11166	20
11168	-470,7318	11168	19,639596662947593	11168	20
11170	-470,69120000000004	11170	19,749663885788291	11170	20
11172	-470,65070000000003	11172	19,833053238157632	11172	20
11174	-470,61010000000005	11174	19,910877698463324	11174	20
11176	-470,5695	11176	19,975731415389468	11176	20
11178	-470,5283	11178	20,079776179491514	11178	20
11180	-470,48720000000003	11180	20,158146816240571	11180	20
11182	-470,44640000000004	11182	20,198455680199658	11182	20
11184	-470,40630000000004	11184	20,173713066832665	11184	20
11186	-470,3659	11186	20,178094222363367	11186	20
11188	-470,3253	11188	20,1984118519681	11188	20
11190	-470,28430000000003	11190	20,248676543306484	11190	20
11192	-470,243	11192	20,315563786091673	11192	20
11194	-470,2017	11194	20,371303155074589	11194	20
11196	-470,16	11196	20,451085962561461	11196	20
11198	-470,1182	11198	20,525904968803165	11198	20
11200	-470,0765	11200	20,579920807335274	11200	20
11202	-470,0349	11202	20,616600672780791	11202	20
11204	-469,9929	11204	20,680500560648426	11204	20
11206	-469,951	11206	20,725417133873545	11206	20
11208	-469,9094	11208	20,737847611562682	11208	20
11210	-469,86850000000004	11210	20,689873009632656	11210	20
11212	-469,8278	11212	20,63322750802849	11212	20
11214	-469,7873	11214	20,56935625669113	11214	20
11216	-469,74760000000003	11216	20,449463547241116	11216	20
11218	-469,70820000000003	11218	20,32455295603431	11218	20
11220	-469,6694	11220	20,170460796698382	11220	20
11222	-469,6313	11222	19,983717330580802	11222	20
11224	-469,59360000000004	11224	19,794764442148381	11224	20
11226	-469,5565	11226	19,587303701791104	11226	20
11228	-469,519	11228	19,447753084827813	11228	20
11230	-469,4823	11230	19,264794237356192	11230	20
11232	-469,44570000000004	11232	19,103995197793864	11232	20
11234	-469,4094	11234	18,944995998164867	11234	20
11236	-469,3734	11236	18,787496665137503	11236	20
11238	-469,3376	11238	18,639580554280812	11238	20
11240	-469,3021	11240	18,491317128568443	11240	20
11242	-469,267	11242	18,334430940473695	11242	20
11244	-469,2323	11244	18,1703591170603	11244	20
11246	-469,1977	11246	18,025299264217896	11246	20
11248	-469,16290000000004	11248	17,921082720178376	11248	20
11250	-469,1283	11250	17,817568933482956	11250	20
11252	-469,09360000000004	11252	17,73964077790135	11252	20
11254	-469,0586	11254	17,699700648253209	11254	20
11256	-469,0239	11256	17,641417206876561	11256	20
11258	-468,98900000000003	11258	17,609514339063242	11258	20
11260	-468,9538	11260	17,607928615888675	11260	20
11262	-468,91830000000004	11262	17,63160717990359	11262	20
11264	-468,8826	11264	17,668005983254645	11264	20
11266	-468,84650000000005	11266	17,731671652710226	11266	20
11268	-468,8102	11268	17,801393043928503	11268	20
11270	-468,77360000000004	11270	17,884494203270791	11270	20
11272	-468,7364	11272	18,00374516939576	11272	20
11274	-468,6995	11274	18,078120974496702	11274	20
11276	-468,6625	11276	18,148434145412061	11276	20
11278	-468,62550000000005	11278	18,207028454508194	11278	20
11280	-468,5883	11280	18,272523712093594	11280	20
11282	-468,5509	11282	18,343769760077247	11282	20
11284	-468,51250000000005	11284	18,486474800061654	11284	20
11286	-468,47360000000003	11286	18,64706233338574	11286	20
11288	-468,4343	11288	18,814218611156921	11288	20
11290	-468,39500000000004	11290	18,953515509294835	11290	20
11292	-468,3555	11292	19,086262924415053	11292	20
11294	-468,31600000000003	11294	19,196885770343833	11294	20
11296	-468,27610000000004	11296	19,322404808618924	11296	20
11298	-468,23600000000005	11298	19,443670673848718	11298	20
11300	-468,19530000000003	11300	19,594725561541875	11300	20
11302	-468,15430000000003	11302	19,745604634617965	11302	20
11304	-468,1132	11304	19,879670528850685	11304	20
11306	-468,0717	11306	20,024725440707652	11306	20
11308	-468,0303	11308	20,137271200590551	11308	20
11310	-467,9893	11310	20,197726000491862	11310	20
11312	-467,9477	11312	20,29810500041128	11312	20
11314	-467,90540000000004	11314	20,440087500338958	11314	20
11316	-467,863	11316	20,566739583619405	11316	20
11318	-467,81980000000004	11318	20,738949653012519	11318	20
11320	-467,7764	11320	20,899124710845406	11320	20
11322	-467,7328	11322	21,049270592373365	11322	20
11324	-467,68870000000004	11324	21,216058826974272	11324	20
11326	-467,6446	11326	21,355049022479765	11326	20
11328	-467,60060000000004	11328	21,462540852065029	11328	20
11330	-467,5563	11330	21,577117376722615	11330	20
11332	-467,51140000000004	11332	21,722597813934197	11332	20
11334	-467,4664	11334	21,85216484494649	11334	20
11336	-467,42170000000004	11336	21,935137370786872	11336	20
11338	-467,3768	11338	22,020947808992478	11338	20
11340	-467,3317	11340	22,109123174159635	11340	20
11342	-467,2862	11342	22,215935978466707	11342	20
11344	-467,2409	11344	22,288279982055379	11344	20
11346	-467,1961	11346	22,306899985046922	11346	20
11348	-467,1515	11348	22,305749987539322	11348	20
11350	-467,10760000000005	11350	22,246458322945351	11350	20
11352	-467,0643	11352	22,147048602458188	11352	20
11354	-467,0206	11354	22,097540502048588	11354	20
11356	-466,9771	11356	22,039617085040035	11356	20
11358	-466,93370000000004	11358	21,983014237530263	11358	20
11360	-466,89070000000004	11360	21,902511864609085	11360	20
11362	-466,8473	11362	21,868759887175877	11362	20
11364	-466,8041	11364	21,823966572647649	11364	20
11366	-466,76140000000004	11366	21,744972143870374	11366	20
11368	-466,7189	11368	21,662476786560159	11368	20
11370	-466,6761	11370	21,618730655466777	11370	20
11372	-466,63280000000003	11372	21,623942212887975	11372	20
11374	-466,5897	11374	21,611618510743156	11374	20
11376	-466,5469	11376	21,576348758952609	11376	20
11378	-466,5045	11378	21,513623965792714	11378	20
11380	-466,4621	11380	21,461353304826133	11380	20
11382	-466,41920000000005	11382	21,459461087353	11382	20
11384	-466,3761	11384	21,474550906130673	11384	20
11386	-466,333	11386	21,487125755107336	11386	20
11388	-466,2896	11388	21,522604795924419	11388	20
11390	-466,2456	11390	21,602170663268907	11390	20
11392	-466,20180000000005	11392	21,651808886055431	11392	20
11394	-466,15810000000005	11394	21,684840738379624	11394	20
11396	-466,1147	11396	21,68736728198466	11396	20
11398	-466,07160000000005	11398	21,664472734985655	11398	20
11400	-466,0283	11400	21,662060612491775	11400	20
11402	-465,98510000000005	11402	21,651717177072825	11402	20
11404	-465,9418	11404	21,65143098089775	11404	20
11406	-465,8989	11406	21,61785915074601	11406	20
11408	-465,85630000000003	11408	21,564882625621102	11408	20
11410	-465,8136	11410	21,529068854686322	11410	20
11412	-465,77090000000004	11412	21,499224045569267	11412	20
11414	-465,7282	11414	21,474353371309792	11414	20
11416	-465,6854	11416	21,461961142758138	11416	20
11418	-465,64300000000003	11418	21,418300952297322	11418	20
11420	-465,6003	11420	21,406917460249836	11420	20
11422	-465,55760000000004	11422	21,397431216872196	11422	20
11424	-465,5153	11424	21,356192680727791	11424	20
11426	-465,4732	11426	21,305160567273568	11426	20
11428	-465,4315	11428	21,229300472727274	11428	20
11430	-465,3903	11430	21,124417060606351	11430	20
11432	-465,35020000000003	11432	20,945347550504909	11432	20
11434	-465,31080000000003	11434	20,737789625420803	11434	20
11436	-465,27200000000005	11436	20,514824687849053	11436	20
11438	-465,23310000000004	11438	20,33735390654191	11438	20
11440	-465,195	11440	20,122794922121813	11440	20
11442	-465,1576	11442	19,885662435100762	11442	20
11444	-465,11990000000003	11444	19,713052029248349	11444	20
11446	-465,08270000000005	11446	19,527543357705657	11446	20
11448	-465,04580000000004	11448	19,347952798088283	11448	20
11450	-465,0095	11450	19,148293998410217	11450	20
11452	-464,973	11452	18,998578332007643	11452	20
11454	-464,93710000000004	11454	18,823815276670505	11454	20
11456	-464,9021	11456	18,603179397227507	11456	20
11458	-464,86740000000003	11458	18,394316164355143	11458	20
11460	-464,83270000000005	11460	18,220263470294839	11460	20
11462	-464,7979	11462	18,083552891913897	11462	20
11464	-464,7633	11464	17,952960743262558	11464	20
11466	-464,72950000000003	11466	17,777467286050896	11466	20
11468	-464,6956	11468	17,639556071710491	11468	20
11470	-464,66220000000004	11470	17,482963393089733	11470	20
11472	-464,6288	11472	17,352469494243842	11472	20
11474	-464,5951	11474	17,268724578537391	11474	20
11476	-464,5611	11476	17,223937148780479	11476	20
11478	-464,5264	11478	17,244947623982618	11478	20
11480	-464,49170000000004	11480	17,262456353317734	11480	20
11482	-464,4571	11482	17,268713627765756	11482	20
11484	-464,4225	11484	17,273928023139106	11484	20
11486	-464,3878	11486	17,286606685948144	11486	20
11488	-464,3525	11488	17,347172238290668	11488	20
11490	-464,3172	11490	17,397643531909438	11490	20
11492	-464,2812	11492	17,498036276591314	11492	20
11494	-464,2447	11494	17,623363563825222	11494	20
11496	-464,20770000000005	11496	17,769469636519162	11496	20
11498	-464,1705	11498	17,9078913637694	11498	20
11500	-464,13320000000004	11500	18,031576136471106	11500	20
11502	-464,096	11502	18,126313447062689	11502	20
11504	-464,059	11504	18,18859453921705	11504	20
11506	-464,0221	11506	18,232162116014443	11506	20
11508	-463,9845	11508	18,326801763345173	11508	20
11510	-463,94620000000003	11510	18,464001469453684	11510	20
11512	-463,90770000000003	11512	18,59500122454466	11512	20
11514	-463,8693	11514	18,695834353789234	11514	20
11516	-463,8304	11516	18,821528628158724	11516	20
11518	-463,79110000000003	11518	18,95960719012967	11518	20
11520	-463,75140000000005	11520	19,108005991773233	11520	20
11522	-463,7115	11522	19,248338326481491	11522	20
11524	-463,6712	11524	19,398615272068078	11524	20
11526	-463,63050000000004	11526	19,5571793933866	11526	20
11528	-463,58930000000004	11528	19,730982827822455	11528	20
11530	-463,54810000000003	11530	19,875819023185667	11530	20
11532	-463,5067	11532	20,013182519322232	11532	20
11534	-463,4657	11534	20,094318766101594	11534	20
11536	-463,42440000000005	11536	20,186932305082859	11536	20
11538	-463,3829	11538	20,280776920905872	11538	20
11540	-463,341	11540	20,392314100754749	11540	20
11542	-463,2987	11542	20,518595083963252	11542	20
11544	-463,25640000000004	11544	20,623829236632268	11544	20
11546	-463,21430000000004	11546	20,694857697193967	11546	20
11548	-463,172	11548	20,770714747662602	11548	20
11550	-463,1295	11550	20,850595623053685	11550	20
11552	-463,0871	11552	20,908829685876945	11552	20
11554	-463,0446	11554	20,965691404898969	11554	20
11556	-463,0017	11556	21,046409504080362	11556	20
11558	-462,9585	11558	21,138674586734719	11558	20
11560	-462,9157	11560	21,182228822278912	11560	20
11562	-462,8729	11562	21,218524018565738	11562	20
11564	-462,8306	11564	21,207103348805745	11564	20
11566	-462,7882	11566	21,205919457336993	11566	20
11568	-462,7459	11568	21,196599547781791	11568	20
11570	-462,70320000000004	11570	21,22216628981549	11570	20
11572	-462,6607	11572	21,226805241514423	11572	20
11574	-462,6186	11574	21,197337701262427	11574	20
11576	-462,5761	11576	21,206114751053537	11576	20
11578	-462,5342	11578	21,163428959211135	11578	20
11580	-462,49240000000003	11580	21,11952413267316	11580	20
11582	-462,45000000000005	11582	21,132936777226504	11582	20
11584	-462,408	11584	21,110780647691257	11584	20
11586	-462,36600000000004	11586	21,092317206407149	11586	20
11588	-462,32410000000004	11588	21,068597672005811	11588	20
11590	-462,2821	11590	21,05716472667401	11590	20
11592	-462,2402	11592	21,039303938894864	11592	20
11594	-462,1988	11594	20,982753282413228	11594	20
11596	-462,1576	11596	20,91896106867798	11596	20
11598	-462,1163	11598	20,874134223896512	11598	20
11600	-462,0751	11600	20,828445186580716	11600	20
11602	-462,03360000000004	11602	20,815370988816014	11602	20
11604	-461,99240000000003	11604	20,779475824013634	11604	20
11606	-461,951	11606	20,766229853345536	11606	20
11608	-461,90950000000004	11608	20,763524877786697	11608	20
11610	-461,8679	11610	20,769604064823643	11610	20
11612	-461,826	11612	20,799670054019558	11612	20
11614	-461,7841	11614	20,824725045016155	11614	20
11616	-461,7423	11616	20,837270870848744	11616	20
11618	-461,70050000000003	11618	20,8477257257045	11618	20
11620	-461,65900000000005	11620	20,8314381047525	11620	20
11622	-461,61760000000004	11622	20,809531753961259	11622	20
11624	-461,5761	11624	20,799609794971204	11624	20
11626	-461,5344	11626	20,808008162475307	11626	20
11628	-461,4927	11628	20,815006802062058	11628	20
11630	-461,45070000000004	11630	20,845839001716147	11630	20
11632	-461,40900000000005	11632	20,846532501429426	11632	20
11634	-461,3671	11634	20,863777084529115	11634	20
11636	-461,3249	11636	20,903147570439248	11636	20
11638	-461,28270000000003	11638	20,935956308697694	11638	20
11640	-461,2407	11640	20,946630257250579	11640	20
11642	-461,1986	11642	20,963858547709226	11642	20
11644	-461,15680000000003	11644	20,953215456421567	11644	20
11646	-461,1155	11646	20,902679547020909	11646	20
11648	-461,0744	11648	20,843899622515067	11648	20
11650	-461,03360000000004	11650	20,769916352095073	11650	20
11652	-460,993	11652	20,691596960082592	11652	20
11654	-460,9526	11654	20,609664133400237	11654	20
11656	-460,9125	11656	20,516386777833148	11656	20
11658	-460,8729	11658	20,396988981528221	11658	20
11660	-460,83340000000004	11660	20,289157484604807	11660	20
11662	-460,79420000000005	11662	20,17429790383683	11662	20
11664	-460,7552	11664	20,061914919867704	11664	20
11666	-460,71680000000003	11666	19,918262433220367	11666	20
11668	-460,6786	11668	19,781885361018436	11668	20
11670	-460,6408	11670	19,634904467515721	11670	20
11672	-460,60360000000003	11672	19,462420389595131	11672	20
11674	-460,5668	11674	19,285350324664936	11674	20
11676	-460,5303	11676	19,112791937219907	11676	20
11678	-460,4936	11678	18,985659947682937	11678	20
11680	-460,4572	11680	18,854716623070335	11680	20
11682	-460,4205	11682	18,770597185891628	11682	20
11684	-460,38410000000005	11684	18,675497654906174	11684	20
11686	-460,3476	11686	18,604581379092345	11686	20
11688	-460,3113	11688	18,528817815908862	11688	20
11690	-460,2748	11690	18,482348179923182	11690	20
11692	-460,23830000000004	11692	18,443623483268446	11692	20
11694	-460,2019	11694	18,403019569391592	11694	20
11696	-460,1657	11696	18,352516307826996	11696	20
11698	-460,12960000000004	11698	18,302096923187186	11698	20
11700	-460,0935	11700	18,260080769325416	11700	20
11702	-460,0572	11702	18,241733974436421	11702	20
11704	-460,0206	11704	18,251444978698792	11704	20
11706	-459,9839	11706	18,267870815582008	11706	20
11708	-459,9469	11708	18,306559012983151	11708	20
11710	-459,9098	11710	18,347132510820082	11710	20
11712	-459,87260000000003	11712	18,389277092348767	11712	20
11714	-459,8349	11714	18,46606424362642	11714	20
11716	-459,79720000000003	11716	18,530053536353062	11716	20
11718	-459,759	11718	18,625044613629015	11718	20
11720	-459,7205	11720	18,729203844690772	11720	20
11722	-459,68190000000004	11722	18,824336537240143	11722	20
11724	-459,64340000000004	11724	18,895280447700046	11724	20
11726	-459,60470000000004	11726	18,971067039750515	11726	20
11728	-459,56570000000005	11728	19,05922253312437	11728	20
11730	-459,5267	11730	19,132685444273985	11730	20
11732	-459,4875	11732	19,210571203561148	11732	20
11734	-459,44780000000003	11734	19,317142669632798	11734	20
11736	-459,4085	11736	19,3726188913628	11736	20
11738	-459,3691	11738	19,427182409469047	11738	20
11740	-459,3295	11740	19,489318674558138	11740	20
11742	-459,28950000000003	11742	19,574432228795416	11742	20
11744	-459,2491	11744	19,678693523998991	11744	20
11746	-459,20860000000005	11746	19,773911269995143	11746	20
11748	-459,1684	11748	19,828259391664876	11748	20
11750	-459,1274	11750	19,940216159720464	11750	20
11752	-459,08610000000004	11752	20,058513466431915	11752	20
11754	-459,0444	11754	20,190427888697304	11754	20
11756	-459,00260000000003	11756	20,308689907244965	11756	20
11758	-458,9603	11758	20,448908256038433	11758	20
11760	-458,9176	11760	20,599090213367429	11760	20
11762	-458,8743	11762	20,774241844471849	11762	20
11764	-458,831	11764	20,920201537058865	11764	20
11766	-458,78770000000003	11766	21,041834614214714	11766	20
11768	-458,7443	11768	21,151528845180568	11768	20
11770	-458,70050000000003	11770	21,276274037648481	11770	20
11772	-458,65630000000004	11772	21,413561698039512	11772	20
11774	-458,61170000000004	11774	21,561301415033146	11774	20
11776	-458,5674	11776	21,659417845862713	11776	20
11778	-458,5233	11778	21,724514871553467	11778	20
11780	-458,4791	11780	21,787095726293668	11780	20
11782	-458,43580000000003	11782	21,76424643857705	11782	20
11784	-458,3928	11784	21,720205365481409	11784	20
11786	-458,3501	11786	21,658504471236576	11786	20
11788	-458,3079	11788	21,565420392695465	11788	20
11790	-458,26570000000004	11790	21,487850327244541	11790	20
11792	-458,22380000000004	11792	21,398208606036974	11792	20
11794	-458,1818	11794	21,331840505033313	11794	20
11796	-458,1401	11796	21,25153375419373	11796	20
11798	-458,09860000000003	11798	21,167944795160192	11798	20
11800	-458,0575	11800	21,064953995969208	11800	20
11802	-458,0169	11802	20,9374616633063	11802	20
11804	-457,9764	11804	20,822884719422639	11804	20
11806	-457,93620000000004	11806	20,702403932849723	11806	20
11808	-457,89610000000005	11808	20,59366994404105	11808	20
11810	-457,85580000000004	11810	20,51972495336771	11810	20
11812	-457,8158	11812	20,433104127808129	11812	20
11814	-457,77660000000003	11814	20,2942534398396	11814	20
11816	-457,7377	11816	20,153544533200698	11816	20
11818	-457,69870000000003	11818	20,044620444332853	11818	20
11820	-457,65970000000004	11820	19,953850370276317	11820	20
11822	-457,6207	11822	19,87820864190061	11822	20
11824	-457,58160000000004	11824	19,823507201580689	11824	20
11826	-457,5421	11826	19,811256001319933	11826	20
11828	-457,5029	11828	19,776046667766103	11828	20
11830	-457,4639	11830	19,730038889804025	11830	20
11832	-457,42470000000003	11832	19,708365741502845	11832	20
11834	-457,3852	11834	19,715304784588398	11834	20
11836	-457,3457	11836	19,721087320488287	11836	20
11838	-457,3056	11838	19,775906100406523	11838	20
11840	-457,26500000000004	11840	19,863255083670733	11840	20
11842	-457,2244	11842	19,936045903062308	11842	20
11844	-457,18370000000004	11844	20,005038252548459	11844	20
11846	-457,14270000000005	11846	20,087531877123453	11846	20
11848	-457,1014	11848	20,18127656427248	11848	20
11850	-457,06	11850	20,26773047022791	11850	20
11852	-457,0187	11852	20,331442058521453	11852	20
11854	-456,97740000000005	11854	20,384535048766075	11854	20
11856	-456,9361	11856	20,428779207307997	11856	20
11858	-456,8951	11858	20,440649339423068	11858	20
11860	-456,85400000000004	11860	20,458874449516866	11860	20
11862	-456,8129	11862	20,474062041266436	11862	20
11864	-456,7726	11864	20,420051701055531	11864	20
11866	-456,7328	11866	20,333376417547427	11866	20
11868	-456,6927	11868	20,286147014622472	11868	20
11870	-456,6524	11870	20,263455845518894	11870	20
11872	-456,61190000000005	11872	20,261213204595062	11872	20
11874	-456,5724	11874	20,17601100383191	11874	20
11876	-456,5337	11876	20,038342503193736	11876	20
11878	-456,4956	11878	19,873618752660263	11878	20
11880	-456,458	11880	19,694682293883357	11880	20
11882	-456,42080000000004	11882	19,512235244901497	11882	20
11884	-456,38320000000004	11884	19,393529370751054	11884	20
11886	-456,3458	11886	19,277941142296534	11886	20
11888	-456,30850000000004	11888	19,173284285243717	11888	20
11890	-456,2715	11890	19,061070237705977	11890	20
11892	-456,2352	11892	18,90922519808689	11892	20
11894	-456,1988	11894	18,791020998406964	11894	20
11896	-456,16240000000005	11896	18,692517498668956	11896	20
11898	-456,12640000000005	11898	18,577097915557577	11898	20
11900	-456,09040000000005	11900	18,480914929631428	11900	20
11902	-456,05440000000004	11902	18,400762441359639	11902	20
11904	-456,01860000000005	11904	18,317302034465925	11904	20
11906	-455,9832	11906	18,214418362058129	11906	20
11908	-455,9485	11908	18,070348635047328	11908	20
11910	-455,91380000000004	11910	17,950290529204992	11910	20
11912	-455,87870000000004	11912	17,883575441004155	11912	20
11914	-455,84380000000004	11914	17,811312867502902	11914	20
11916	-455,8088	11916	17,759427389587838	11916	20
11918	-455,7735	11918	17,741189491323745	11918	20
11920	-455,7379	11920	17,750991242768794	11920	20
11922	-455,70180000000005	11922	17,800826035638686	11922	20
11924	-455,6655	11924	17,859021696368885	11924	20
11926	-455,6291	11926	17,91585141364196	11926	20
11928	-455,5923	11928	17,996542844699224	11928	20
11930	-455,5552	11930	18,088785703916809	11930	20
11932	-455,51750000000004	11932	18,215654753261717	11932	20
11934	-455,47970000000004	11934	18,329712294385121	11934	20
11936	-455,4413	11936	18,474760245322951	11936	20
11938	-455,40270000000004	11938	18,612300204433627	11938	20
11940	-455,3641	11940	18,726916837030593	11940	20
11942	-455,3251	11942	18,855764030857767	11942	20
11944	-455,28540000000004	11944	19,021470025713313	11944	20
11946	-455,2459	11946	19,142891688097119	11946	20
11948	-455,20570000000004	11948	19,302409740078453	11948	20
11950	-455,16490000000005	11950	19,48534145006456	11950	20
11952	-455,12420000000003	11952	19,62945120838841	11952	20
11954	-455,0831	11954	19,782876006992723	11954	20
11956	-455,0423	11956	19,885730005826453	11956	20
11958	-455,0015	11958	19,971441671521227	11958	20
11960	-454,9612	11960	20,001201392934526	11960	20
11962	-454,9209	11962	20,026001160778939	11962	20
11964	-454,88070000000005	11964	20,038334300646639	11964	20
11966	-454,8405	11966	20,04861191720779	11966	20
11968	-454,7998	11968	20,0988432643411	11968	20
11970	-454,75910000000005	11970	20,140702720280785	11970	20
11972	-454,7189	11972	20,133918933569579	11972	20
11974	-454,6786	11974	20,136599111308151	11974	20
11976	-454,6381	11976	20,155499259424182	11976	20
11978	-454,5973	11978	20,196249382852667	11978	20
11980	-454,55620000000005	11980	20,25520781904153	11980	20
11982	-454,51460000000003	11982	20,346006515869338	11982	20
11984	-454,4732	11984	20,405005429891958	11984	20
11986	-454,4316	11986	20,470837858244693	11986	20
11988	-454,3897	11988	20,550698215203766	11988	20
11990	-454,3475	11990	20,642248512668125	11990	20
11992	-454,30510000000004	11992	20,735207093888977	11992	20
11994	-454,2622	11994	20,854339244910104	11994	20
11996	-454,2187	11996	21,003616037424631	11996	20
11998	-454,17490000000004	11998	21,153013364518532	11998	20
12000	-454,13140000000004	12000	21,252511137098324	12000	20
12002	-454,08770000000004	12002	21,352092614248704	12002	20
12004	-454,04380000000003	12004	21,451743845207908	12004	20
12006	-453,99870000000004	12006	21,634786537672493	12006	20
12008	-453,9538	12008	21,770655448063831	12008	20
12010	-453,90900000000005	12010	21,875546206715896	12010	20
12012	-453,8643	12012	21,954621838932781	12012	20
12014	-453,81980000000004	12014	22,003851532441562	12014	20
12016	-453,77520000000004	12016	22,053209610368189	12016	20
12018	-453,7309	12018	22,06934134197525	12018	20
12020	-453,6868	12020	22,06611778498058	12020	20
12022	-453,6426	12022	22,071764820816263	12022	20
12024	-453,5984	12024	22,076470684012666	12024	20
12026	-453,5545	12026	22,055392236677875	12026	20
12028	-453,5108	12028	22,021160197231662	12028	20
12030	-453,4671	12030	21,992633497693152	12030	20
12032	-453,4237	12032	21,943861248079266	12032	20
12034	-453,3806	12034	21,87821770673116	12034	20
12036	-453,3373	12036	21,840181422274959	12036	20
12038	-453,2941	12038	21,80015118523022	12038	20
12040	-453,25120000000004	12040	21,741792654356402	12040	20
12042	-453,20840000000004	12042	21,684827211963647	12042	20
12044	-453,1659	12044	21,612356009971222	12044	20
12046	-453,1236	12046	21,53529667497698	12046	20
12048	-453,0815	12048	21,454413895814557	12048	20
12050	-453,0392	12050	21,403678246513092	12050	20
12052	-452,99710000000005	12052	21,344731872089916	12052	20
12054	-452,95500000000004	12054	21,295609893408674	12054	20
12056	-452,9128	12056	21,263008244510285	12056	20
12058	-452,8706	12058	21,23584020375689	12058	20
12060	-452,8288	12060	21,179866836466022	12060	20
12062	-452,7869	12062	21,141555697054873	12062	20
12064	-452,7452	12064	21,092963080878363	12064	20
12066	-452,7031	12066	21,085802567399046	12066	20
12068	-452,6609	12068	21,088168806164191	12068	20
12070	-452,6191	12070	21,056807338472108	12070	20
12072	-452,57750000000004	12072	21,014006115390082	12072	20
12074	-452,5368	12074	20,903338429493012	12074	20
12076	-452,49580000000003	12076	20,836115357910579	12076	20
12078	-452,4551	12078	20,755096131593426	12078	20
12080	-452,41470000000004	12080	20,662580109659263	12080	20
12082	-452,37420000000003	12082	20,593816758050107	12082	20
12084	-452,33360000000005	12084	20,544847298373718	12084	20
12086	-452,293	12086	20,504039415314796	12086	20
12088	-452,2527	12088	20,445032846095831	12088	20
12090	-452,21250000000003	12090	20,387527371744049	12090	20
12092	-452,17240000000004	12092	20,331272809786324	12092	20
12094	-452,1329	12094	20,23439400815796	12094	20
12096	-452,0939	12096	20,111995006797237	12096	20
12098	-452,0552	12098	19,984995838998177	12098	20
12100	-452,0172	12100	19,820829865832724	12100	20
12102	-451,9796	12102	19,650691554860408	12102	20
12104	-451,9418	12104	19,525576295717364	12104	20
12106	-451,90450000000004	12106	19,379646913094408	12106	20
12108	-451,86780000000005	12108	19,20803909424502	12108	20
12110	-451,8315	12110	19,0316992452075	12110	20
12112	-451,7952	12112	18,884749371004823	12112	20
12114	-451,7594	12114	18,720624475836914	12114	20
12116	-451,7232	12116	18,617187063198095	12116	20
12118	-451,687	12118	18,530989219332412	12118	20
12120	-451,6508	12120	18,459157682777679	12120	20
12122	-451,6152	12122	18,349298068980406	12122	20
12124	-451,5797	12124	18,249415057484772	12124	20
12126	-451,54380000000003	12126	18,199512547901445	12126	20
12128	-451,5081	12128	18,141260456586192	12128	20
12130	-451,47220000000004	12130	18,109383713819295	12130	20
12132	-451,43640000000005	12132	18,074486428182304	12132	20
12134	-451,4005	12134	18,053738690154127	12134	20
12136	-451,36490000000003	12136	18,011448908460778	12136	20
12138	-451,329	12138	18,001207423719521	12138	20
12140	-451,2928	12140	18,017672853100269	12140	20
12142	-451,2563	12142	18,056394044249352	12142	20
12144	-451,22020000000003	12144	18,055328370205814	12144	20
12146	-451,1841	12146	18,054440308507605	12146	20
12148	-451,14730000000003	12148	18,112033590420594	12148	20
12150	-451,11060000000003	12150	18,15169465868351	12150	20
12152	-451,0738	12152	18,193078882238588	12152	20
12154	-451,03650000000005	12154	18,269232401862094	12154	20
12156	-450,999	12156	18,349360334886974	12156	20
12158	-450,9614	12158	18,424466945738949	12158	20
12160	-450,9241	12160	18,462055788117134	12160	20
12162	-450,88660000000004	12162	18,510046490094769	12162	20
12164	-450,8485	12164	18,600038741749195	12164	20
12166	-450,8102	12166	18,691698951457035	12166	20
12168	-450,77200000000005	12168	18,75974912621092	12168	20
12170	-450,7339	12170	18,808124271845987	12170	20
12172	-450,6956	12172	18,865103559871027	12172	20
12174	-450,6574	12174	18,904252966560652	12174	20
12176	-450,61870000000005	12176	18,978544138796284	12176	20
12178	-450,57930000000005	12178	19,098786782330283	12178	20
12180	-450,5396	12180	19,223988985278481	12180	20
12182	-450,4995	12182	19,361657487731684	12182	20
12184	-450,4592	12184	19,493047906443238	12184	20
12186	-450,4186	12186	19,627539922034661	12186	20
12188	-450,3774	12188	19,78961660169584	12188	20
12190	-450,33570000000003	12190	19,966347168079171	12190	20
12192	-450,2939	12192	20,121955973401256	12192	20
12194	-450,2522	12194	20,243296644500351	12194	20
12196	-450,2103	12196	20,361080537083481	12196	20
12198	-450,1685	12198	20,450900447571517	12198	20
12200	-450,1267	12200	20,525750372973476	12200	20
12202	-450,0849	12202	20,588125310813179	12202	20
12204	-450,0426	12204	20,681771092345279	12204	20
12206	-449,9998	12206	20,801475910287714	12206	20
12208	-449,9567	12208	20,9262299252382	12208	20
12210	-449,91380000000004	12210	21,013524937696385	12210	20
12212	-449,8705	12212	21,119604114750715	12212	20
12214	-449,8269	12214	21,233003428956383	12214	20
12216	-449,7837	12216	21,294169524131405	12216	20
12218	-449,7409	12218	21,311807936776152	12218	20
12220	-449,69820000000004	12220	21,318173280644125	12220	20
12222	-449,65520000000004	12222	21,348477733870638	12222	20
12224	-449,6125	12224	21,348731444894266	12224	20
12226	-449,5701	12226	21,323942870744094	12226	20
12228	-449,52790000000005	12228	21,286619058951732	12228	20
12230	-449,4863	12230	21,205515882461171	12230	20
12232	-449,4451	12232	21,10459656871793	12232	20
12234	-449,4037	12234	21,037163807265784	12234	20
12236	-449,36220000000003	12236	20,989303172720238	12236	20
12238	-449,3208	12238	20,941085977267708	12238	20
12240	-449,27930000000003	12240	20,909238314388507	12240	20
12242	-449,2378	12242	20,882698595327245	12242	20
12244	-449,19660000000005	12244	20,835582162768258	12244	20
12246	-449,15540000000004	12246	20,796318468973837	12246	20
12248	-449,1146	12248	20,73026539081545	12248	20
12250	-449,07370000000003	12250	20,683554492343298	12250	20
12252	-449,0332	12252	20,611295410286804	12252	20
12254	-448,9923	12254	20,584412841907497	12254	20
12256	-448,9517	12256	20,537010701588208	12256	20
12258	-448,911	12258	20,505842251324783	12258	20
12260	-448,8704	12260	20,471535209435949	12260	20
12262	-448,83020000000005	12262	20,40961267452748	12262	20
12264	-448,7894	12264	20,408010562110153	12264	20
12266	-448,74800000000005	12266	20,456675468421235	12266	20
12268	-448,7071	12268	20,455562890352859	12268	20
12270	-448,6655	12270	20,512969075295445	12270	20
12272	-448,6236	12272	20,585807562746059	12272	20
12274	-448,5815	12274	20,663172968955458	12274	20
12276	-448,5389	12276	20,769310807462308	12276	20
12278	-448,4964	12278	20,84942567288677	12278	20
12280	-448,45390000000003	12280	20,916188060735756	12280	20
12282	-448,4118	12282	20,938490050613538	12282	20
12284	-448,3698	12284	20,948741708847116	12284	20
12286	-448,3278	12286	20,957284757370363	12286	20
12288	-448,2864	12288	20,914403964476143	12288	20
12290	-448,2447	12290	20,903669970396088	12290	20
12292	-448,2027	12292	20,919724975332574	12292	20
12294	-448,1608	12294	20,924770812777002	12294	20
12296	-448,1195	12296	20,878975677312365	12296	20
12298	-448,0785	12298	20,815813064426706	12298	20
12300	-448,03770000000003	12300	20,746510887021437	12300	20
12302	-447,9974	12302	20,647092405851367	12302	20
12304	-447,95750000000004	12304	20,530910338208535	12304	20
12306	-447,91830000000004	12306	20,375758615173272	12306	20
12308	-447,8788	12308	20,271465512647083	12308	20
12310	-447,83910000000003	12310	20,201221260537746	12310	20
12312	-447,8	12312	20,092684383783041	12312	20
12314	-447,7618	12314	19,927236986487333	12314	20
12316	-447,72380000000004	12316	19,772697488735616	12316	20
12318	-447,68600000000004	12318	19,62724790728004	12318	20
12320	-447,648	12320	19,522706589400943	12320	20
12322	-447,6102	12322	19,418922157834476	12322	20
12324	-447,5726	12324	19,315768464861868	12324	20
12326	-447,5357	12326	19,17147372071846	12326	20
12328	-447,49870000000004	12328	19,059561433930195	12328	20
12330	-447,4619	12330	18,949634528277493	12330	20
12332	-447,4255	12332	18,824695440232464	12332	20
12334	-447,38910000000004	12334	18,720579533523537	12334	20
12336	-447,3527	12336	18,633816277937502	12336	20
12338	-447,31620000000004	12338	18,569846898280382	12338	20
12340	-447,27970000000005	12340	18,516539081899445	12340	20
12342	-447,2432	12342	18,472115901586736	12342	20
12344	-447,20680000000004	12344	18,426763251318764	12344	20
12346	-447,17080000000004	12346	18,355636042765752	12346	20
12348	-447,1344	12348	18,329696702306016	12348	20
12350	-447,0978	12350	18,324747251923455	12350	20
12352	-447,06080000000003	12352	18,35395604326769	12352	20
12354	-447,0235	12354	18,403296702724418	12354	20
12356	-446,98600000000005	12356	18,46108058560084	12356	20
12358	-446,94820000000004	12358	18,534233821334389	12358	20
12360	-446,9107	12360	18,570194851113886	12360	20
12362	-446,8727	12362	18,641829042595816	12362	20
12364	-446,83430000000004	12364	18,734857535493791	12364	20
12366	-446,7957	12366	18,829047946247396	12366	20
12368	-446,75690000000003	12368	18,924206621871217	12368	20
12370	-446,718	12370	19,011838851560377	12370	20
12372	-446,67900000000003	12372	19,093199042965921	12372	20
12374	-446,6403	12374	19,135999202472078	12374	20
12376	-446,6016	12376	19,171666002060544	12376	20
12378	-446,5627	12378	19,218055001718149	12378	20
12380	-446,52340000000004	12380	19,290045834762527	12380	20
12382	-446,4841	12382	19,350038195637577	12382	20
12384	-446,4442	12384	19,450031829697043	12384	20
12386	-446,4042	12386	19,541693191415906	12386	20
12388	-446,3638	12388	19,651410992844664	12388	20
12390	-446,3233	12390	19,751175827371274	12390	20
12392	-446,2825	12392	19,859313189475245	12392	20
12394	-446,2418	12394	19,941094324563981	12394	20
12396	-446,20090000000005	12396	20,025911937133738	12396	20
12398	-446,16040000000004	12398	20,06325994761217	12398	20
12400	-446,12010000000004	12400	20,077716623010311	12400	20
12402	-446,08020000000005	12402	20,05643051917432	12402	20
12404	-446,0398	12404	20,080358765981412	12404	20
12406	-445,9993	12406	20,108632304985232	12406	20
12408	-445,959	12408	20,115526920821196	12408	20
12410	-445,9185	12410	20,137939100685053	12410	20
12412	-445,87800000000004	12412	20,156615917233527	12412	20
12414	-445,83770000000004	12414	20,155513264361442	12414	20
12416	-445,79720000000003	12416	20,171261053635256	12416	20
12418	-445,7567	12418	20,184384211363437	12418	20
12420	-445,716	12420	20,211986842804141	12420	20
12422	-445,675	12422	20,259989035669854	12422	20
12424	-445,6338	12424	20,316657529725166	12424	20
12426	-445,593	12426	20,330547941436819	12426	20
12428	-445,5521	12428	20,350456617865845	12428	20
12430	-445,5111	12430	20,37538051488794	12430	20
12432	-445,4691	12432	20,479483762404382	12432	20
12434	-445,4268	12434	20,59123646867128	12434	20
12436	-445,3845	12436	20,684363723893696	12436	20
12438	-445,3419	12438	20,78696976991084	12438	20
12440	-445,2991	12440	20,88914147492568	12440	20
12442	-445,2558	12442	21,015951229103727	12442	20
12444	-445,2121	12444	21,154959357586538	12444	20
12446	-445,1685	12446	21,262466131324306	12446	20
12448	-445,12530000000004	12448	21,318721776099935	12448	20
12450	-445,08230000000003	12450	21,348934813417145	12450	20
12452	-445,0391	12452	21,39077901118204	12452	20
12454	-444,9961	12454	21,4089825093189	12454	20
12456	-444,9531	12456	21,424152091099614	12456	20
12458	-444,9101	12458	21,43679340925021	12458	20
12460	-444,8673	12460	21,430661174375153	12460	20
12462	-444,82480000000004	12462	21,400550978642741	12462	20
12464	-444,7825	12464	21,358792482203246	12464	20
12466	-444,74080000000004	12466	21,273993735168673	12466	20
12468	-444,69890000000004	12468	21,219994779307083	12468	20
12470	-444,65680000000003	12470	21,191662316089644	12470	20
12472	-444,6148	12472	21,159718596743872	12472	20
12474	-444,57300000000004	12474	21,116432163950439	12474	20
12476	-444,5316	12476	21,047026803292873	12476	20
12478	-444,4905	12478	20,964189002746444	12478	20
12480	-444,4494	12480	20,895157502286345	12480	20
12482	-444,4083	12482	20,83763125190767	12482	20
12484	-444,36690000000004	12484	20,814692709919164	12484	20
12486	-444,3254	12486	20,803910591602794	12486	20
12488	-444,28340000000003	12488	20,836592159666761	12488	20
12490	-444,2416	12490	20,847160133057582	12490	20
12492	-444,1999	12492	20,847633444213955	12492	20
12494	-444,15810000000005	12494	20,856361203508843	12494	20
12496	-444,1166	12496	20,838634336260856	12496	20
12498	-444,0749	12498	20,840528613550017	12498	20
12500	-444,03310000000005	12500	20,850440511288895	12500	20
12502	-443,9916	12502	20,833700426077566	12502	20
12504	-443,9501	12504	20,819750355063388	12504	20
12506	-443,9087	12506	20,799791962553666	12506	20
12508	-443,8677	12508	20,749826635461122	12508	20
12510	-443,8272	12510	20,666522196218324	12510	20
12512	-443,78740000000005	12512	20,538768496845019	12512	20
12514	-443,7477	12514	20,423973747374095	12514	20
12516	-443,7083	12516	20,303311456145124	12516	20
12518	-443,6687	12518	20,21942621345487	12518	20
12520	-443,6292	12520	20,141188511210348	12520	20
12522	-443,5903	12522	20,025990426009656	12522	20
12524	-443,5513	12524	19,938325355006985	12524	20
12526	-443,51230000000004	12526	19,865271129171425	12526	20
12528	-443,4739	12528	19,754392607644874	12528	20
12530	-443,43600000000004	12530	19,620327173035662	12530	20
12532	-443,39860000000004	12532	19,466939310862305	12532	20
12534	-443,36170000000004	12534	19,29744942571882	12534	20
12536	-443,3252	12536	19,122874521436216	12536	20
12538	-443,28880000000004	12538	18,96906210119333	12538	20
12540	-443,2527	12540	18,815885084330535	12540	20
12542	-443,2167	12542	18,679904236942228	12542	20
12544	-443,18170000000003	12544	18,483253530782537	12544	20
12546	-443,1469	12546	18,302711275653646	12546	20
12548	-443,112	12548	18,16059272971081	12548	20
12550	-443,0774	12550	18,01716060809332	12550	20
12552	-443,04290000000003	12552	17,889300506742767	12552	20
12554	-443,0086	12554	17,766083755621487	12554	20
12556	-442,97490000000005	12556	17,613403129680695	12556	20
12558	-442,9408	12558	17,51950260806921	12558	20
12560	-442,90630000000004	12560	17,474585506722676	12560	20
12562	-442,87190000000004	12562	17,428821255602653	12562	20
12564	-442,8372	12564	17,4156843796725	12564	20
12566	-442,8025	12566	17,4047369830593	12566	20
12568	-442,76730000000003	12568	17,437280819213985	12568	20
12570	-442,73220000000003	12570	17,45606734934498	12570	20
12572	-442,6972	12572	17,463389457789567	12572	20
12574	-442,66200000000003	12574	17,486157881489206	12574	20
12576	-442,62690000000003	12576	17,496798234574332	12576	20
12578	-442,5916	12578	17,522331862145823	12578	20
12580	-442,5564	12580	17,535276551790822	12580	20
12582	-442,52090000000004	12582	17,571063793155382	12582	20
12584	-442,4852	12584	17,617553160964473	12584	20
12586	-442,4488	12586	17,714627634138282	12586	20
12588	-442,4121	12588	17,82052302844825	12588	20
12590	-442,375	12590	17,942102523707664	12590	20
12592	-442,33750000000003	12592	18,076752103086879	12592	20
12594	-442,2991	12594	18,263960085907748	12594	20
12596	-442,26070000000004	12596	18,419966738253734	12596	20
12598	-442,22200000000004	12598	18,574972281878591	12598	20
12600	-442,1825	12600	18,770810234901518	12600	20
12602	-442,1428	12602	18,950675195749774	12602	20
12604	-442,1028	12604	19,125562663126516	12604	20
12606	-442,0627	12606	19,279635552605043	12606	20
12608	-442,0224	12608	19,424696293837705	12608	20
12610	-441,9818	12610	19,570580244863383	12610	20
12612	-441,94100000000003	12612	19,708816870718668	12612	20
12614	-441,8998	12614	19,857347392265844	12614	20
12616	-441,8582	12616	20,014456160222931	12616	20
12618	-441,81640000000004	12618	20,162046800182988	12618	20
12620	-441,77450000000005	12620	20,293372333485678	12620	20
12622	-441,73220000000003	12622	20,436143611239029	12622	20
12624	-441,69	12624	20,546786342702244	12624	20
12626	-441,6481	12626	20,613988618918391	12626	20
12628	-441,60630000000003	12628	20,661657182429206	12628	20
12630	-441,5643	12630	20,71804765202684	12630	20
12632	-441,5224	12632	20,756706376688889	12632	20
12634	-441,4803	12634	20,805588647241152	12634	20
12636	-441,4384	12636	20,829657206034149	12636	20
12638	-441,39660000000003	12638	20,841381005025671	12638	20
12640	-441,3548	12640	20,851150837523342	12640	20
12642	-441,3127	12642	20,884292364603194	12642	20
12644	-441,2705	12644	20,920243637167648	12644	20
12646	-441,2284	12646	20,941869697640115	12646	20
12648	-441,1863	12648	20,959891414700504	12648	20
12650	-441,14430000000004	12650	20,966576178914853	12650	20
12652	-441,10240000000005	12652	20,9638134824289	12652	20
12654	-441,06080000000003	12654	20,936511235358811	12654	20
12656	-441,01980000000003	12656	20,863759362798746	12656	20
12658	-440,9787	12658	20,811466135668002	12658	20
12660	-440,9372	12660	20,801221779722084	12660	20
12662	-440,8958	12662	20,784351483102579	12662	20
12664	-440,85420000000005	12664	20,786959569248808	12664	20
12666	-440,8124	12666	20,805799641042622	12666	20
12668	-440,77110000000005	12668	20,779833034200379	12668	20
12670	-440,72950000000003	12670	20,783194195168377	12670	20
12672	-440,6877	12672	20,802661829308931	12672	20
12674	-440,6456	12674	20,843884857757853	12674	20
12676	-440,6034	12676	20,88657071479653	12676	20
12678	-440,5613	12678	20,913808928997518	12678	20
12680	-440,51930000000004	12680	20,9281741074957	12680	20
12682	-440,4778	12682	20,898478422916572	12682	20
12684	-440,4365	12684	20,857065352428673	12684	20
12686	-440,3953	12686	20,814221127024183	12686	20
12688	-440,35420000000005	12688	20,770184272517795	12688	20
12690	-440,3131	12690	20,733486893767211	12690	20
12692	-440,27180000000004	12692	20,719572411470871	12692	20
12694	-440,2301	12694	20,741310342896433	12694	20
12696	-440,1884	12696	20,759425285746332	12696	20
12698	-440,1467	12698	20,774521071454579	12698	20
12700	-440,1051	12700	20,778767559546878	12700	20
12702	-440,06350000000003	12702	20,782306299619059	12702	20
12704	-440,02160000000003	12704	20,810255249682406	12704	20
12706	-439,98	12706	20,8085460414034	12706	20
12708	-439,93800000000005	12708	20,8404550345006	12708	20
12710	-439,89570000000003	12710	20,892045862084796	12710	20
12712	-439,85360000000003	12712	20,918371551737739	12712	20
12714	-439,8114	12714	20,948642959784504	12714	20
12716	-439,76890000000003	12716	20,998869133150531	12716	20
12718	-439,72650000000004	12718	21,032390944290981	12718	20
12720	-439,684	12720	21,068659120244	12720	20
12722	-439,6408	12722	21,157215933537753	12722	20
12724	-439,5971	12724	21,272679944614893	12724	20
12726	-439,5534	12726	21,368899953845844	12726	20
12728	-439,50980000000004	12728	21,440749961535655	12728	20
12730	-439,4667	12730	21,458958301282888	12730	20
12732	-439,42350000000005	12732	21,48246525106542	12732	20
12734	-439,3806	12734	21,477054375890472	12734	20
12736	-439,3381	12736	21,43921197991024	12736	20
12738	-439,296	12738	21,374343316592277	12738	20
12740	-439,2545	12740	21,27028609715898	12740	20
12742	-439,2137	12742	21,125238414298334	12742	20
12744	-439,173	12744	20,996032011916554	12744	20
12746	-439,1325	12746	20,871693343264518	12746	20
12748	-439,09270000000004	12748	20,709744452716848	12748	20
12750	-439,0532	12750	20,5497870439334	12750	20
12752	-439,01390000000004	12752	20,399822536608568	12752	20
12754	-438,9746	12754	20,274852113842613	12754	20
12756	-438,9357	12756	20,137376761536544	12756	20
12758	-438,8974	12758	19,972813967946493	12758	20
12760	-438,8589	12760	19,85234497328867	12760	20
12762	-438,821	12762	19,701954144405491	12762	20
12764	-438,7835	12764	19,543295120339803	12764	20
12766	-438,7466	12766	19,361079266950071	12766	20
12768	-438,71000000000004	12768	19,18423272245543	12768	20
12770	-438,6734	12770	19,036860602047966	12770	20
12772	-438,6376	12772	18,847383835039533	12772	20
12774	-438,6018	12774	18,689486529199172	12774	20
12776	-438,5661	12776	18,549572107667629	12776	20
12778	-438,5305	12778	18,424643423055365	12778	20
12780	-438,49460000000005	12780	18,345536185876938	12780	20
12782	-438,45820000000003	12782	18,32128015489867	12782	20
12784	-438,422	12784	18,28440012908289	12784	20
12786	-438,38570000000004	12786	18,262000107567651	12786	20
12788	-438,34900000000005	12788	18,276666756306057	12788	20
12790	-438,3122	12790	18,297222296924041	12790	20
12792	-438,2753	12792	18,322685247436937	12792	20
12794	-438,2377	12794	18,402237706197251	12794	20
12796	-438,2001	12796	18,468531421830846	12796	20
12798	-438,16220000000004	12798	18,548776184857303	12798	20
12800	-438,1241	12800	18,632313487384639	12800	20
12802	-438,0854	12802	18,751927906154343	12802	20
12804	-438,04650000000004	12804	18,868273255124915	12804	20
12806	-438,00690000000003	12806	19,023561045938028	12806	20
12808	-437,9669	12808	19,18630087161673	12808	20
12810	-437,92650000000003	12810	19,35525072634535	12810	20
12812	-437,8859	12812	19,512708938624488	12812	20
12814	-437,8449	12814	19,677257448853474	12814	20
12816	-437,8038	12816	19,822714540708873	12816	20
12818	-437,7622	12818	19,985595450592122	12818	20
12820	-437,72040000000004	12820	20,137996208823981	12820	20
12822	-437,6784	12822	20,28166350735582	12822	20
12824	-437,6363	12824	20,409719589463592	12824	20
12826	-437,5944	12826	20,499766324552848	12826	20
12828	-437,5523	12828	20,591471937127782	12828	20
12830	-437,51050000000004	12830	20,642893280937031	12830	20
12832	-437,4689	12832	20,669077734115589	12832	20
12834	-437,4271	12834	20,707564778431607	12834	20
12836	-437,3854	12836	20,73130398202564	12836	20
12838	-437,3435	12838	20,767753318354554	12838	20
12840	-437,3016	12840	20,798127765295316	12840	20
12842	-437,2604	12842	20,765106471079719	12842	20
12844	-437,21930000000003	12844	20,729255392564074	12844	20
12846	-437,178	12846	20,716046160472995	12846	20
12848	-437,13660000000004	12848	20,71337180039027	12848	20
12850	-437,09520000000003	12850	20,711143166992734	12850	20
12852	-437,0538	12852	20,709285972494786	12852	20
12854	-437,012	12854	20,741071643747603	12854	20
12856	-436,9701	12856	20,775893036456193	12856	20
12858	-436,9286	12858	20,771577530378909	12858	20
12860	-436,8867	12860	20,801314608648948	12860	20
12862	-436,8453	12862	20,784428840541633	12862	20
12864	-436,8045	12864	20,720357367117209	12864	20
12866	-436,764	12866	20,641964472598396	12866	20
12868	-436,72310000000004	12868	20,609970393829087	12868	20
12870	-436,68190000000004	12870	20,608308661524529	12870	20
12872	-436,64090000000004	12872	20,590257217936841	12872	20
12874	-436,5996	12874	20,600214348283636	12874	20
12876	-436,55780000000004	12876	20,650178623566909	12876	20
12878	-436,516	12878	20,69181551964104	12878	20
12880	-436,4743	12880	20,718179599700168	12880	20
12882	-436,43240000000003	12882	20,756816333083329	12882	20
12884	-436,39050000000003	12884	20,789013610902629	12884	20
12886	-436,3487	12886	20,807511342420806	12886	20
12888	-436,3077	12888	20,756259452017073	12888	20
12890	-436,2671	12890	20,680216210012855	12890	20
12892	-436,22700000000003	12892	20,575180175010328	12892	20
12894	-436,187	12894	20,479316812510312	12894	20
12896	-436,1469	12896	20,407764010424877	12896	20
12898	-436,1068	12898	20,348136675353679	12898	20
12900	-436,06620000000004	12900	20,340113896126695	12900	20
12902	-436,02570000000003	12902	20,325094913439635	12902	20
12904	-435,9852	12904	20,312579094533753	12904	20
12906	-435,9451	12906	20,268815912111076	12906	20
12908	-435,9051	12908	20,224013260094267	12908	20
12910	-435,865	12910	20,195011050078172	12910	20
12912	-435,82480000000004	12912	20,179175875062665	12912	20
12914	-435,7846	12914	20,165979895887812	12914	20
12916	-435,74460000000005	12916	20,138316579903478	12916	20
12918	-435,70480000000003	12918	20,098597149920717	12918	20
12920	-435,66490000000005	12920	20,073830958266328	12920	20
12922	-435,6252	12922	20,036525798558518	12922	20
12924	-435,5851	12924	20,038771498798379	12924	20
12926	-435,545	12926	20,040642915664932	12926	20
12928	-435,5047	12928	20,058869096387614	12928	20
12930	-435,464	12930	20,107390913657621	12930	20
12932	-435,42310000000003	12932	20,164492428045108	12932	20
12934	-435,38230000000004	12934	20,203743690036774	12934	20
12936	-435,34130000000005	12936	20,253119741697049	12936	20
12938	-435,3005	12938	20,277599784751459	12938	20
12940	-435,26000000000005	12940	20,2729998206222	12940	20
12942	-435,219	12942	20,310833183856303	12942	20
12944	-435,17780000000005	12944	20,359027653209139	12944	20
12946	-435,13620000000003	12946	20,432523044342346	12946	20
12948	-435,0953	12948	20,435435870287119	12948	20
12950	-435,0541	12950	20,462863225239555	12950	20
12952	-435,0136	12952	20,427386021033684	12952	20
12954	-434,973	12954	20,4061550175267	12954	20
12956	-434,93260000000004	12956	20,371795847936994	12956	20
12958	-434,8922	12958	20,343163206616975	12958	20
12960	-434,8521	12960	20,294302672180429	12960	20
12962	-434,8122	12962	20,236918893482752	12962	20
12964	-434,7728	12964	20,147432411235673	12964	20
12966	-434,73400000000004	12966	20,022860342694781	12966	20
12968	-434,6956	12968	19,88571695224767	12968	20
12970	-434,6574	12970	19,754764126874523	12970	20
12972	-434,61960000000005	12972	19,612303439057722	12972	20
12974	-434,58230000000003	12974	19,451919532549443	12974	20
12976	-434,54540000000003	12976	19,284932943791436	12976	20
12978	-434,50890000000004	12978	19,112444119825323	12978	20
12980	-434,4728	12980	18,935370099857195	12980	20
12982	-434,4372	12982	18,746141749880003	12982	20
12984	-434,40180000000004	12984	18,571784791565122	12984	20
12986	-434,3666	12986	18,409820659640239	12986	20
12988	-434,331	12988	18,308183883032541	12988	20
12990	-434,2955	12990	18,21515323586155	12990	20
12992	-434,26030000000003	12992	18,112627696549193	12992	20
12994	-434,2248	12994	18,052189747125428	12994	20
12996	-434,1895	12996	17,985158122605071	12996	20
12998	-434,1542	12998	17,929298435504773	12998	20
13000	-434,1191	13000	17,866082029587304	13000	20
13002	-434,084	13002	17,813401691322746	13002	20
13004	-434,0489	13004	17,769501409435616	13004	20
13006	-434,0142	13006	17,6995845078619	13006	20
13008	-433,9791	13008	17,674653756551578	13008	20
13010	-433,94390000000004	13010	17,662211463790882	13010	20
13012	-433,90840000000003	13012	17,676842886493503	13012	20
13014	-433,8727	13014	17,705702405412907	13014	20
13016	-433,83680000000004	13016	17,74641867117489	13016	20
13018	-433,8005	13018	17,813682225982387	13018	20
13020	-433,76370000000003	13020	17,911401854982913	13020	20
13022	-433,72650000000004	13022	18,026168212484457	13022	20
13024	-433,689	13024	18,146806843738943	13024	20
13026	-433,65110000000004	13026	18,280672369780717	13026	20
13028	-433,6129	13028	18,417226974818728	13028	20
13030	-433,5747	13030	18,531022479017071	13030	20
13032	-433,53630000000004	13032	18,642518732511505	13032	20
13034	-433,49760000000003	13034	18,7604322770934	13034	20
13036	-433,4588	13036	18,867026897580956	13036	20
13038	-433,4198	13038	18,972522414649735	13038	20
13040	-433,38070000000005	13040	19,068768678871628	13040	20
13042	-433,3415	13042	19,157307232397255	13042	20
13044	-433,30190000000005	13044	19,264422693660244	13044	20
13046	-433,2624	13046	19,34535224471956	13046	20
13048	-433,2226	13048	19,437793537267453	13048	20
13050	-433,1823	13050	19,556494614389713	13050	20
13052	-433,14140000000003	13052	19,705412178655184	13052	20
13054	-433,1003	13054	19,846176815548368	13054	20
13056	-433,05920000000003	13056	19,963480679621284	13056	20
13058	-433,0178	13058	20,086233899685247	13058	20
13060	-432,9764	13060	20,18852824973855	13060	20
13062	-432,93510000000003	13062	20,265440208113652	13062	20
13064	-432,8938	13064	20,329533506764314	13064	20
13066	-432,8521	13066	20,416277922302896	13066	20
13068	-432,81030000000004	13068	20,49689826858296	13068	20
13070	-432,7685	13070	20,564081890487749	13070	20
13072	-432,72630000000004	13072	20,653401575404779	13072	20
13074	-432,6839	13074	20,744501312840924	13074	20
13076	-432,64140000000003	13076	20,828751094030885	13076	20
13078	-432,5987	13078	20,915625911694473	13078	20
13080	-432,5561	13080	20,979688259744819	13080	20
13082	-432,5135	13082	21,033073549786774	13082	20
13084	-432,4707	13084	21,094227958155624	13084	20
13086	-432,4279	13086	21,145189965129667	13086	20
13088	-432,3849	13088	21,204324970941922	13088	20
13090	-432,3419	13090	21,253604142452133	13090	20
13092	-432,29920000000004	13092	21,269670118707445	13092	20
13094	-432,2567	13094	21,266391765591052	13094	20
13096	-432,21450000000004	13096	21,23865980465753	13096	20
13098	-432,17220000000003	13098	21,223883170548905	13098	20
13100	-432,12980000000005	13100	21,21990264212296	13100	20
13102	-432,08770000000004	13102	21,191585535102877	13102	20
13104	-432,04540000000003	13104	21,184654612586694	13104	20
13106	-432,0033	13106	21,162212177155986	13106	20
13108	-431,9608	13108	21,176843480964838	13108	20
13110	-431,9182	13110	21,197369567470123	13110	20
13112	-431,8756	13112	21,21447463955786	13112	20
13114	-431,8333	13114	21,20372886629918	13114	20
13116	-431,79110000000003	13116	21,186440721914302	13116	20
13118	-431,749	13118	21,163700601595661	13118	20
13120	-431,7074	13120	21,103083834664446	13120	20
13122	-431,6662	13122	21,019236528887326	13122	20
13124	-431,6249	13124	20,9576971074043	13124	20
13126	-431,5833	13126	20,931414256171646	13126	20
13128	-431,5418	13128	20,901178546808453	13128	20
13130	-431,5002	13130	20,884315455675107	13130	20
13132	-431,4585	13132	20,878596213061893	13132	20
13134	-431,4166	13134	20,8904968442181	13134	20
13136	-431,3745	13136	20,917080703515492	13136	20
13138	-431,332	13138	20,972567252931093	13138	20
13140	-431,2891	13140	21,052139377440465	13140	20
13142	-431,2461	13142	21,126782814534252	13142	20
13144	-431,20320000000004	13144	21,180652345443097	13144	20
13146	-431,16040000000004	13146	21,217210287869225	13146	20
13148	-431,1175	13148	21,256008573226975	13148	20
13150	-431,0747	13150	21,280007144355793	13150	20
13152	-431,0315	13152	21,333339286964247	13152	20
13154	-430,98830000000004	13154	21,37778273913322	13154	20
13156	-430,94460000000004	13156	21,456485615944448	13156	20
13158	-430,90110000000004	13158	21,505404679953251	13158	20
13160	-430,8575	13160	21,554503899963237	13160	20
13162	-430,814	13162	21,587086583302245	13162	20
13164	-430,7708	13164	21,589238819419624	13164	20
13166	-430,7278	13166	21,574365682850217	13166	20
13168	-430,68460000000005	13168	21,578638069038195	13168	20
13170	-430,6415	13170	21,573865057535006	13170	20
13172	-430,5989	13172	21,528220881278596	13172	20
13174	-430,55690000000004	13174	21,44018406772993	13174	20
13176	-430,5153	13176	21,333486723109672	13176	20
13178	-430,47400000000005	13178	21,219572269256258	13178	20
13180	-430,43350000000004	13180	21,057976891047602	13180	20
13182	-430,3938	13182	20,856647409209579	13182	20
13184	-430,3548	13184	20,630539507673589	13184	20
13186	-430,3157	13186	20,450449589729576	13186	20
13188	-430,2771	13188	20,258707991439145	13188	20
13190	-430,2386	13190	20,09058999286588	13190	20
13192	-430,2006	13192	19,908824994055813	13192	20
13194	-430,16290000000004	13194	19,732354161710891	13194	20
13196	-430,1252	13196	19,585295134761523	13196	20
13198	-430,0881	13198	19,41274594563539	13198	20
13200	-430,05190000000005	13200	19,193954954692089	13200	20
13202	-430,0156	13202	19,01996246224672	13202	20
13204	-429,98	13204	18,816635385204606	13204	20
13206	-429,9445	13206	18,638862821004938	13206	20
13208	-429,9094	13208	18,457385684170774	13208	20
13210	-429,8748	13210	18,26448807014329	13210	20
13212	-429,8403	13212	18,095406725117741	13212	20
13214	-429,8061	13214	17,929505604264655	13214	20
13216	-429,7714	13216	17,8329213368861	13216	20
13218	-429,7363	13218	17,785767780738407	13218	20
13220	-429,7006	13220	17,796473150616993	13220	20
13222	-429,6652	13222	17,780394292179281	13222	20
13224	-429,6299	13224	17,758661910149947	13224	20
13226	-429,5948	13226	17,723884925124949	13226	20
13228	-429,55960000000005	13228	17,703237437602027	13228	20
13230	-429,52410000000003	13230	17,711031198002789	13230	20
13232	-429,4884	13232	17,734192665003977	13232	20
13234	-429,45250000000004	13234	17,77016055416745	13234	20
13236	-429,41650000000004	13236	17,808467128472991	13236	20
13238	-429,3804	13238	17,848722607063586	13238	20
13240	-429,3441	13240	17,898935505884896	13240	20
13242	-429,30780000000004	13242	17,940779588235991	13242	20
13244	-429,2715	13244	17,97564965686664	13244	20
13246	-429,2348	13246	18,038041380721882	13246	20
13248	-429,19800000000004	13248	18,098367817265824	13248	20
13250	-429,1608	13250	18,181973181058289	13250	20
13252	-429,12280000000004	13252	18,318310984211415	13252	20
13254	-429,08430000000004	13254	18,473592486842769	13254	20
13256	-429,0459	13256	18,594660405704325	13256	20
13258	-429,00690000000003	13258	18,745550338085877	13258	20
13260	-428,96770000000004	13260	18,887958615071057	13260	20
13262	-428,928	13262	19,048298845895793	13262	20
13264	-428,88820000000004	13264	19,190249038242911	13264	20
13266	-428,8482	13266	19,3252075318708	13266	20
13268	-428,80850000000004	13268	19,412672943224173	13268	20
13270	-428,7687	13270	19,493894119354628	13270	20
13272	-428,72900000000004	13272	19,5532450994607	13272	20
13274	-428,6893	13274	19,602704249553828	13274	20
13276	-428,6497	13276	19,635586874628789	13276	20
13278	-428,61	13278	19,6713223955225	13278	20
13280	-428,5701	13280	19,717768662934478	13280	20
13282	-428,5298	13282	19,789807219112234	13282	20
13284	-428,48920000000004	13284	19,874839349258824	13284	20
13286	-428,4483	13286	19,970699457717515	13286	20
13288	-428,40720000000005	13288	20,067249548095571	13288	20
13290	-428,36600000000004	13290	20,15604129007993	13290	20
13292	-428,3253	13292	20,188367741734549	13292	20
13294	-428,28470000000004	13294	20,206973118110753	13294	20
13296	-428,24420000000003	13296	20,214144265093015	13296	20
13298	-428,2036	13298	20,228453554247544	13298	20
13300	-428,1626	13300	20,273711295206024	13300	20
13302	-428,1218	13302	20,294759412670867	13302	20
13304	-428,081	13304	20,312299510558237	13304	20
13306	-428,0403	13306	20,318582925466472	13306	20
13308	-427,999	13308	20,37381910455359	13308	20
13310	-427,95730000000003	13310	20,453182587127294	13310	20
13312	-427,9155	13312	20,527652155941361	13312	20
13314	-427,8732	13314	20,631376796618763	13314	20
13316	-427,83050000000003	13316	20,751147330512968	13316	20
13318	-427,7876	13318	20,867622775430096	13318	20
13320	-427,7446	13320	20,973018979525612	13320	20
13322	-427,7017	13322	21,052515816269231	13322	20
13324	-427,65840000000003	13324	21,152096513556685	13324	20
13326	-427,61530000000005	13326	21,218413761295679	13326	20
13328	-427,5717	13328	21,315344801081924	13328	20
13330	-427,5278	13330	21,421120667568921	13330	20
13332	-427,48420000000004	13332	21,484267222971553	13332	20
13334	-427,44120000000004	13334	21,486889352476826	13334	20
13336	-427,3976	13336	21,539074460399547	13336	20
13338	-427,35380000000004	13338	21,599228716997629	13338	20
13340	-427,31010000000003	13340	21,641023930831459	13340	20
13342	-427,267	13342	21,625853275696059	13342	20
13344	-427,2243	13344	21,579877729744048	13344	20
13346	-427,1816	13346	21,541564774788775	13346	20
13348	-427,1393	13348	21,476303978991609	13348	20
13350	-427,09700000000004	13350	21,421919982489236	13350	20
13352	-427,05490000000003	13352	21,35993331874144	13352	20
13354	-427,0129	13354	21,299944432287035	13354	20
13356	-426,97130000000004	13356	21,216620360235854	13356	20
13358	-426,9291	13358	21,197183633532934	13358	20
13360	-426,8869	13360	21,180986361275764	13360	20
13362	-426,8446	13362	21,175821967730766	13362	20
13364	-426,80260000000004	13364	21,146518306440072	13364	20
13366	-426,7604	13366	21,138765255369783	13366	20
13368	-426,7183	13368	21,123971046141897	13368	20
13370	-426,6761	13370	21,119975871783232	13370	20
13372	-426,63390000000004	13372	21,116646559817681	13372	20
13374	-426,5919	13374	21,097205466517238	13374	20
13376	-426,5494	13376	21,122671222099214	13376	20
13378	-426,50730000000004	13378	21,110559351745017	13378	20
13380	-426,46500000000003	13380	21,117132793121812	13380	20
13382	-426,42310000000003	13382	21,089277327601366	13382	20
13384	-426,38120000000004	13384	21,06606443966766	13384	20
13386	-426,33930000000004	13386	21,046720366389572	13386	20
13388	-426,2978	13388	20,997266971994797	13388	20
13390	-426,2565	13390	20,939389143327194	13390	20
13392	-426,21540000000005	13392	20,874490952770305	13392	20
13394	-426,17420000000004	13394	20,828742460642211	13394	20
13396	-426,13320000000004	13396	20,773952050534913	13396	20
13398	-426,0924	13398	20,711626708783012	13398	20
13400	-426,0518	13400	20,643022257317806	13400	20
13402	-426,0115	13402	20,56085188109834	13402	20
13404	-425,97220000000004	13404	20,40904323424602	13404	20
13406	-425,93370000000004	13406	20,215869361871608	13406	20
13408	-425,8949	13408	20,07989113489613	13408	20
13410	-425,8568	13410	19,908242612412259	13410	20
13412	-425,8193	13412	19,71520217701211	13412	20
13414	-425,78180000000003	13414	19,554335147507249	13414	20
13416	-425,7448	13416	19,378612622925587	13416	20
13418	-425,70840000000004	13418	19,182177185767809	13418	20
13420	-425,67220000000003	13420	19,001814321473844	13420	20
13422	-425,6361	13422	18,843178601230964	13422	20
13424	-425,6	13424	18,710982167690492	13424	20
13426	-425,56390000000005	13426	18,600818473073431	13426	20
13428	-425,52770000000004	13428	18,51734872756186	13428	20
13430	-425,4921	13430	18,397790606305293	13430	20
13432	-425,456	13432	18,339825505252431	13432	20
13434	-425,41990000000004	13434	18,291521254375048	13434	20
13436	-425,3838	13436	18,251267711981967	13436	20
13438	-425,3478	13438	18,209389759985086	13438	20
13440	-425,3115	13440	18,199491466652812	13440	20
13442	-425,2751	13442	18,199576222211896	13442	20
13444	-425,2389	13444	18,182980185177247	13444	20
13446	-425,2027	13446	18,169150154315041	13446	20
13448	-425,1662	13448	18,182625128594996	13448	20
13450	-425,129	13450	18,252187607161193	13450	20
13452	-425,0917	13452	18,318489672635671	13452	20
13454	-425,05440000000004	13454	18,373741393859664	13454	20
13456	-425,0167	13456	18,453117828218836	13456	20
13458	-424,9785	13458	18,560931523517162	13458	20
13460	-424,94	13460	18,675776269597559	13460	20
13462	-424,90160000000003	13462	18,763146891328578	13462	20
13464	-424,8629	13464	18,860955742774294	13464	20
13466	-424,8243	13466	18,934129785647816	13466	20
13468	-424,7857	13468	18,995108154704347	13468	20
13470	-424,747	13470	19,054256795587435	13470	20
13472	-424,7083	13472	19,103547329656674	13472	20
13474	-424,6694	13474	19,161289441381591	13474	20
13476	-424,62980000000005	13476	19,267741201147189	13476	20
13478	-424,59000000000003	13478	19,373117667623809	13478	20
13480	-424,55	13480	19,477598056354879	13480	20
13482	-424,5094	13482	19,614665046961029	13482	20
13484	-424,46840000000003	13484	19,76222087246726	13484	20
13486	-424,42740000000003	13486	19,885184060389118	13486	20
13488	-424,3865	13488	19,979320050326095	13488	20
13490	-424,3451	13490	20,099433375272589	13490	20
13492	-424,3036	13492	20,207861146059241	13492	20
13494	-424,2617	13494	20,331550955049224	13494	20
13496	-424,21950000000004	13496	20,459625795872672	13496	20
13498	-424,17780000000005	13498	20,524688163226529	13498	20
13500	-424,1359	13500	20,595573469360037	13500	20
13502	-424,0944	13502	20,621311224465448	13502	20
13504	-424,05260000000004	13504	20,66775935371842	13504	20
13506	-424,0102	13506	20,756466128102293	13506	20
13508	-423,9676	13508	20,847055106751338	13508	20
13510	-423,9248	13510	20,939212588959428	13510	20
13512	-423,8817	13512	21,041010490797962	13512	20
13514	-423,8387	13514	21,117508742332166	13514	20
13516	-423,7957	13516	21,181257285277336	13516	20
13518	-423,7529	13518	21,217714404397761	13518	20
13520	-423,7099	13520	21,264762003665332	13520	20
13522	-423,6669	13522	21,303968336388309	13522	20
13524	-423,624	13524	21,328306946988143	13524	20
13526	-423,5817	13526	21,29858912249108	13526	20
13528	-423,5396	13528	21,257157602076308	13528	20
13530	-423,49760000000003	13530	21,214298001728022	13530	20
13532	-423,4563	13532	21,120248334776285	13532	20
13534	-423,415	13534	21,041873612311768	13534	20
13536	-423,3736	13536	20,984894676927315	13536	20
13538	-423,33230000000003	13538	20,929078897437623	13538	20
13540	-423,29080000000005	13540	20,8992324145301	13540	20
13542	-423,2498	13542	20,832693678779556	13542	20
13544	-423,20840000000004	13544	20,810578065645736	13544	20
13546	-423,16700000000003	13546	20,792148388038957	13546	20
13548	-423,1257	13548	20,7684569900354	13548	20
13550	-423,0846	13550	20,732047491693809	13550	20
13552	-423,0437	13552	20,685039576413335	13552	20
13554	-423,0029	13554	20,637532980343629	13554	20
13556	-422,9628	13556	20,539610816952639	13556	20
13558	-422,9227	13558	20,458009014126816	13558	20
13560	-422,8827	13560	20,381674178440718	13560	20
13562	-422,8432	13562	20,276395148698555	13562	20
13564	-422,8032	13564	20,230329290583835	13564	20
13566	-422,7631	13566	20,200274408819478	13566	20
13568	-422,7221	13568	20,250228674015968	13568	20
13570	-422,6813	13570	20,275190561679157	13570	20
13572	-422,6403	13572	20,312658801399031	13572	20
13574	-422,5991	13574	20,360549001166149	13574	20
13576	-422,5577	13576	20,4171241676393	13576	20
13578	-422,5163	13578	20,464270139700261	13578	20
13580	-422,47470000000004	13580	20,520225116413545	13580	20
13582	-422,43330000000003	13582	20,55018759701213	13582	20
13584	-422,3919	13584	20,575156330844283	13584	20
13586	-422,3503	13586	20,612630275704966	13586	20
13588	-422,3091	13588	20,610525229754426	13588	20
13590	-422,26770000000005	13590	20,625437691458128	13590	20
13592	-422,22650000000004	13592	20,621198076215396	13592	20
13594	-422,1854	13594	20,609331730181879	13594	20
13596	-422,144	13596	20,624443108485742	13596	20
13598	-422,1023	13598	20,66203592373742	13598	20
13600	-422,06080000000003	13600	20,676696603113268	13600	20
13602	-422,0194	13602	20,68058050259523	13602	20
13604	-421,97880000000004	13604	20,617150418827986	13604	20
13606	-421,9386	13606	20,530958682358914	13606	20
13608	-421,8989	13608	20,417465568630938	13608	20
13610	-421,85880000000003	13610	20,356221307192065	13610	20
13612	-421,81890000000004	13612	20,288517755992451	13612	20
13614	-421,77930000000003	13614	20,207098129994307	13614	20
13616	-421,73990000000003	13616	20,1225817749953	13616	20
13618	-421,701	13618	20,010484812497115	13618	20
13620	-421,66270000000003	13620	19,8670706770803	13620	20
13622	-421,62440000000004	13622	19,747558897566289	13622	20
13624	-421,58610000000004	13624	19,647965747971281	13624	20
13626	-421,54810000000003	13626	19,539971456643645	13626	20
13628	-421,5104	13628	19,424976213872153	13628	20
13630	-421,47290000000004	13630	19,312480178223954	13630	20
13632	-421,43530000000004	13632	19,227066815186433	13632	20
13634	-421,3983	13634	19,105889012658242	13634	20
13636	-421,3619	13636	18,954907510549756	13636	20
13638	-421,32550000000003	13638	18,829089592121282	13638	20
13640	-421,28900000000004	13640	18,732574660100198	13640	20
13642	-421,2529	13642	18,618812216752925	13642	20
13644	-421,21700000000004	13644	18,50734351395824	13644	20
13646	-421,1815	13646	18,3811195949663	13646	20
13648	-421,14610000000005	13648	18,267599662470371	13648	20
13650	-421,1112	13650	18,131333052062821	13650	20
13652	-421,07570000000004	13652	18,067777543382046	13652	20
13654	-421,0398	13654	18,048147952820578	13654	20
13656	-421,00350000000003	13656	18,065123294015724	13656	20
13658	-420,9669	13658	18,104269411681543	13658	20
13660	-420,93	13660	18,161891176401522	13660	20
13662	-420,89340000000004	13662	18,184909313664971	13662	20
13664	-420,8561	13664	18,262424428055485	13664	20
13666	-420,81870000000004	13666	18,335353690045487	13666	20
13668	-420,78180000000003	13668	18,354461408371474	13668	20
13670	-420,74530000000004	13670	18,337051173642024	13670	20
13672	-420,7087	13672	18,330875978036794	13672	20
13674	-420,67150000000004	13674	18,375729981696026	13674	20
13676	-420,63390000000004	13676	18,44644165141316	13676	20
13678	-420,5965	13678	18,48870137618162	13678	20
13680	-420,55850000000004	13680	18,573917813480858	13680	20
13682	-420,5201	13682	18,678264844569398	13682	20
13684	-420,4814	13684	18,790220703808309	13684	20
13686	-420,4427	13686	18,88351725317407	13686	20
13688	-420,4032	13688	19,027931044309678	13688	20
13690	-420,3637	13690	19,148275870260754	13690	20
13692	-420,324	13692	19,26522989188247	13692	20
13694	-420,284	13694	19,387691576570429	13694	20
13696	-420,2436	13696	19,523076313806765	13696	20
13698	-420,2027	13698	19,677563594840798	13698	20
13700	-420,1619	13700	19,797969662366516	13700	20
13702	-420,1211	13702	19,898308051971277	13702	20
13704	-420,0804	13704	19,973590043310672	13704	20
13706	-420,0394	13706	20,061325036091961	13706	20
13708	-419,9977	13708	20,192770863409269	13708	20
13710	-419,95550000000003	13710	20,343975719506044	13710	20
13712	-419,9132	13712	20,478313099589332	13712	20
13714	-419,8706	13714	20,615260916323869	13714	20
13716	-419,8277	13716	20,75438409693918	13716	20
13718	-419,78450000000004	13718	20,895320080778998	13718	20
13720	-419,7409	13720	21,046100067318022	13720	20
13722	-419,697	13722	21,196750056099006	13722	20
13724	-419,6531	13724	21,32229171341649	13724	20
13726	-419,6095	13726	21,401909761177862	13726	20
13728	-419,5657	13728	21,4849248009843	13728	20
13730	-419,52180000000004	13730	21,5624373341495	13730	20
13732	-419,4782	13732	21,602031111793444	13732	20
13734	-419,43510000000003	13734	21,593359259826311	13734	20
13736	-419,39250000000004	13736	21,544466049854684	13736	20
13738	-419,3498	13738	21,51205504154764	13738	20
13740	-419,30740000000003	13740	21,460045867955241	13740	20
13742	-419,2652	13742	21,400038223299088	13742	20
13744	-419,22310000000004	13744	21,34169851941158	13744	20
13746	-419,1811	13746	21,284748766178819	13746	20
13748	-419,13870000000003	13748	21,270623971814555	13748	20
13750	-419,0966	13750	21,23385330984587	13750	20
13752	-419,0545	13752	21,203211091538634	13752	20
13754	-419,0126	13754	21,161009242948719	13754	20
13756	-418,97090000000003	13756	21,109174369123235	13756	20
13758	-418,9295	13758	21,040978640936871	13758	20
13760	-418,88800000000003	13760	20,992482200779474	13760	20
13762	-418,84630000000004	13762	20,968735167315529	13762	20
13764	-418,8045	13764	20,957279306098222	13764	20
13766	-418,76300000000003	13766	20,922732755080602	13766	20
13768	-418,7214	13768	20,902277295901897	13768	20
13770	-418,6795	13770	20,910231079918102	13770	20
13772	-418,6379	13772	20,89185923326648	13772	20
13774	-418,596	13774	20,901549361055256	13774	20
13776	-418,55400000000003	13776	20,917957800877147	13776	20
13778	-418,51210000000003	13778	20,92329816739748	13778	20
13780	-418,4703	13780	20,919415139499847	13780	20
13782	-418,4286	13782	20,907845949582509	13782	20
13784	-418,3869	13784	20,898204957984728	13784	20
13786	-418,34540000000004	13786	20,873504131652687	13786	20
13788	-418,3038	13788	20,861253443045303	13788	20
13790	-418,2624	13790	20,834377869205262	13790	20
13792	-418,2208	13792	20,828648224339116	13792	20
13794	-418,1793	13794	20,815540186948013	13794	20
13796	-418,1376	13796	20,821283489122646	13796	20
13798	-418,09610000000004	13798	20,809402907600955	13798	20
13800	-418,0546	13800	20,799502423004284	13800	20
13802	-418,01320000000004	13802	20,78291868583301	13802	20
13804	-417,97180000000003	13804	20,769098904861686	13804	20
13806	-417,9302	13806	20,774249087386135	13806	20
13808	-417,8885	13808	20,786874239487748	13808	20
13810	-417,8466	13810	20,814061866239644	13810	20
13812	-417,8046	13812	20,845051555202204	13812	20
13814	-417,7624	13814	20,887542962666824	13814	20
13816	-417,7203	13816	20,914619135556094	13816	20
13818	-417,67830000000004	13818	20,928849279627844	13818	20
13820	-417,6365	13820	20,924041066358484	13820	20
13822	-417,59540000000004	13822	20,861700888629713	13822	20
13824	-417,55420000000004	13824	20,818084073858383	13824	20
13826	-417,5133	13826	20,756736728217149	13826	20
13828	-417,47220000000004	13828	20,722280606845267	13828	20
13830	-417,4315	13830	20,660233839038998	13830	20
13832	-417,3908	13832	20,608528199200439	13832	20
13834	-417,35040000000004	13834	20,54044016599844	13834	20
13836	-417,31030000000004	13836	20,45870013833165	13836	20
13838	-417,2713	13838	20,298916781946719	13838	20
13840	-417,2328	13840	20,124097318288857	13840	20
13842	-417,195	13842	19,920081098574407	13842	20
13844	-417,15770000000003	13844	19,708400915475277	13844	20
13846	-417,1204	13846	19,532000762897404	13846	20
13848	-417,0835	13848	19,351667302414739	13848	20
13850	-417,0471	13850	19,159722752013504	13850	20
13852	-417,01120000000003	13852	18,958102293342055	13852	20
13854	-416,9753	13854	18,79008524445392	13854	20
13856	-416,93960000000004	13856	18,633404370375182	13856	20
13858	-416,90430000000003	13858	18,469503641979866	13858	20
13860	-416,8689	13860	18,341253034986412	13860	20
13862	-416,83320000000003	13862	18,25937752915226	13862	20
13864	-416,79760000000005	13864	18,182814607625893	13864	20
13866	-416,76210000000003	13866	18,110678839689346	13866	20
13868	-416,72700000000003	13868	18,017232366407782	13868	20
13870	-416,69210000000004	13870	17,922693638672591	13870	20
13872	-416,6573	13872	17,835578032228689	13872	20
13874	-416,6225	13874	17,76298169352544	13874	20
13876	-416,5876	13876	17,710818077937308	13876	20
13878	-416,5528	13878	17,659015064949287	13878	20
13880	-416,5181	13880	17,607512554123293	13880	20
13882	-416,48380000000003	13882	17,531260461767189	13882	20
13884	-416,4492	13884	17,492717051473637	13884	20
13886	-416,4143	13886	17,485597542894137	13886	20
13888	-416,37940000000003	13888	17,479664619077887	13888	20
13890	-416,34430000000003	13890	17,4913871825649	13890	20
13892	-416,30830000000003	13892	17,576155985470862	13892	20
13894	-416,2719	13894	17,680129987893608	13894	20
13896	-416,2355	13896	17,766774989912562	13896	20
13898	-416,19910000000004	13898	17,838979158256954	13898	20
13900	-416,1623	13900	17,932482631883122	13900	20
13902	-416,1254	13902	18,018735526569504	13902	20
13904	-416,08820000000003	13904	18,115612938806617	13904	20
13906	-416,0509	13906	18,204677449006855	13906	20
13908	-416,0135	13908	18,287231207504963	13908	20
13910	-415,976	13910	18,364359339589363	13910	20
13912	-415,9384	13912	18,436966116324275	13912	20
13914	-415,90070000000003	13914	18,505805096934608	13914	20
13916	-415,8627	13916	18,588170914113086	13916	20
13918	-415,8243	13918	18,690142428429589	13918	20
13920	-415,78540000000004	13920	18,816785357020951	13920	20
13922	-415,7465	13922	18,922321130851824	13922	20
13924	-415,70730000000003	13924	19,03526760904268	13924	20
13926	-415,6678	13926	19,154389674204925	13926	20
13928	-415,62850000000003	13928	19,236991395168172	13928	20
13930	-415,5889	13930	19,33082616264074	13930	20
13932	-415,5495	13932	19,392355135533997	13932	20
13934	-415,5099	13934	19,460295946278929	13934	20
13936	-415,47020000000003	13936	19,525246621897615	13936	20
13938	-415,43080000000003	13938	19,554372184914726	13938	20
13940	-415,3911	13940	19,603643487432183	13940	20
13942	-415,35110000000003	13942	19,669702906190455	13942	20
13944	-415,3111	13944	19,724752421827084	13944	20
13946	-415,2712	13946	19,762293684854967	13946	20
13948	-415,2309	13948	19,826911404045976	13948	20
13950	-415,19050000000004	13950	19,889092836703057	13950	20
13952	-415,14950000000005	13952	19,990910697252282	13952	20
13954	-415,1082	13954	20,100758914379838	13954	20
13956	-415,0666	13956	20,217299095317927	13956	20
13958	-415,0246	13958	20,34774924609604	13958	20
13960	-414,9827	13960	20,448124371746555	13960	20
13962	-414,94100000000003	13962	20,515103643121432	13962	20
13964	-414,8988	13964	20,612586369270915	13964	20
13966	-414,85630000000003	13966	20,718821974389208	13966	20
13968	-414,8133	13968	20,849018311991539	13968	20
13970	-414,7703	13970	20,957515259993482	13970	20
13972	-414,72740000000005	13972	21,039596049992454	13972	20
13974	-414,6841	13974	21,141330041664109	13974	20
13976	-414,6408	13976	21,226108368052415	13976	20
13978	-414,5978	13978	21,271756973377546	13978	20
13980	-414,55440000000004	13980	21,343130811144853	13980	20
13982	-414,51140000000004	13982	21,369275675954576	13982	20
13984	-414,4687	13984	21,366063063297549	13984	20
13986	-414,42650000000003	13986	21,321719219412945	13986	20
13988	-414,38460000000003	13988	21,259766016177309	13988	20
13990	-414,3433	13990	21,15813834681736	13990	20
13992	-414,30240000000003	13992	21,040115289011556	13992	20
13994	-414,26120000000003	13994	20,966762740843251	13994	20
13996	-414,22020000000003	13996	20,888968950702445	13996	20
13998	-414,1795	13998	20,799140792253311	13998	20
14000	-414,139	14000	20,707617326878481	14000	20
14002	-414,09860000000003	14002	20,623014439063475	14002	20
14004	-414,05850000000004	14004	20,527512032552512	14004	20
14006	-414,0181	14006	20,47292669379657	14006	20
14008	-413,9773	14008	20,460772244829656	14008	20
14010	-413,93620000000004	14010	20,47564353735569	14010	20
14012	-413,8951	14012	20,488036281132125	14012	20
14014	-413,8537	14014	20,523363567610946	14014	20
14016	-413,8122	14016	20,561136306341204	14016	20
14018	-413,7703	14018	20,62594692195086	14018	20
14020	-413,7282	14020	20,696622434959458	14020	20
14022	-413,6857	14022	20,788852029134397	14022	20
14024	-413,64250000000004	14024	20,924043357608344	14024	20
14026	-413,59900000000005	14026	21,0617027980065	14026	20
14028	-413,5559	14028	21,143085665008591	14028	20
14030	-413,51300000000003	14030	21,194238054171713	14030	20
14032	-413,47	14032	21,24519837847696	14032	20
14034	-413,4268	14034	21,304331982065218	14034	20
14036	-413,38320000000004	14036	21,386943318385136	14036	20
14038	-413,33950000000004	14038	21,464119431987712	14038	20
14040	-413,2959	14040	21,520099526658619	14040	20
14042	-413,2525	14042	21,550082938883822	14042	20
14044	-413,2092	14044	21,566735782402176	14044	20
14046	-413,16650000000004	14046	21,530613151999148	14046	20
14048	-413,12440000000004	14048	21,4505109599997	14048	20
14050	-413,08270000000005	14050	21,350425799999051	14050	20
14052	-413,04080000000005	14052	21,283688166665733	14052	20
14054	-412,9991	14054	21,21140680555882	14054	20
14056	-412,9576	14056	21,134505671297767	14056	20
14058	-412,9166	14058	21,028754726081207	14058	20
14060	-412,8754	14060	20,957295605067962	14060	20
14062	-412,8342	14062	20,897746337556924	14062	20
14064	-412,79310000000004	14064	20,839788614628414	14064	20
14066	-412,75280000000004	14066	20,724823845523847	14066	20
14068	-412,71250000000003	14068	20,629019871270042	14068	20
14070	-412,67260000000005	14070	20,5158498927241	14070	20
14072	-412,6335	14072	20,354874910605	14072	20
14074	-412,5948	14074	20,18739575883798	14074	20
14076	-412,557	14076	19,972829799032009	14076	20
14078	-412,5196	14078	19,760691499192593	14078	20
14080	-412,4823	14080	19,575576249328503	14080	20
14082	-412,4454	14082	19,387980207773985	14082	20
14084	-412,409	14084	19,189983506479543	14084	20
14086	-412,3731	14086	18,983319588730421	14086	20
14088	-412,33700000000005	14088	18,82776632394004	14088	20
14090	-412,3014	14090	18,656471936620445	14090	20
14092	-412,26590000000004	14092	18,5053932805134	14092	20
14094	-412,2302	14094	18,396161067096152	14094	20
14096	-412,1941	14096	18,338467555916221	14096	20
14098	-412,15840000000003	14098	18,257056296593767	14098	20
14100	-412,1225	14100	18,20588024716368	14100	20
14102	-412,08610000000004	14102	18,204900205966219	14102	20
14104	-412,0496	14104	18,21241683830905	14104	20
14106	-412,01300000000003	14106	18,227014031921247	14106	20
14108	-411,97650000000004	14108	18,230845026600168	14108	20
14110	-411,9397	14110	18,259037522169134	14110	20
14112	-411,9028	14112	18,290864601807847	14112	20
14114	-411,8655	14114	18,35072050150788	14114	20
14116	-411,8281	14116	18,408933751255816	14116	20
14118	-411,7903	14118	18,49077812604687	14118	20
14120	-411,752	14120	18,600648438371763	14120	20
14122	-411,7131	14122	18,7422070319775	14122	20
14124	-411,6739	14124	18,885172526647409	14124	20
14126	-411,6344	14126	19,029310438870795	14126	20
14128	-411,59470000000005	14128	19,166092032390836	14128	20
14130	-411,55440000000004	14130	19,330076693659198	14130	20
14132	-411,5138	14132	19,491730578052696	14132	20
14134	-411,4734	14134	19,609775481708656	14134	20
14136	-411,4334	14136	19,674812901425586	14136	20
14138	-411,39300000000003	14138	19,7623440845194	14138	20
14140	-411,3525	14140	19,843620070433555	14140	20
14142	-411,31190000000004	14142	19,919683392026592	14142	20
14144	-411,2713	14144	19,983069493358858	14144	20
14146	-411,2302	14146	20,077557911130025	14146	20
14148	-411,18890000000005	14148	20,172964925939883	14148	20
14150	-411,14770000000004	14150	20,244137438283524	14150	20
14152	-411,1066	14152	20,29511453190532	14152	20
14154	-411,06510000000003	14154	20,370928776586517	14154	20
14156	-411,02360000000004	14156	20,434107313820846	14156	20
14158	-410,9816	14158	20,528422761519874	14158	20
14160	-410,9395	14160	20,61535230126697	14160	20
14162	-410,8972	14162	20,704460251056769	14162	20
14164	-410,8552	14164	20,753716875878407	14164	20
14166	-410,81300000000005	14166	20,81143072989699	14166	20
14168	-410,7712	14168	20,826192274916107	14168	20
14170	-410,72950000000003	14170	20,830160229096059	14170	20
14172	-410,68710000000004	14172	20,891800190912257	14172	20
14174	-410,6446	14174	20,951500159095062	14174	20
14176	-410,60200000000003	14176	21,009583465911977	14176	20
14178	-410,5591	14178	21,082986221595934	14178	20
14180	-410,5163	14180	21,135821851329926	14180	20
14182	-410,4733	14182	21,196518209442136	14182	20
14184	-410,4304	14184	21,238765174533	14184	20
14186	-410,3874	14186	21,282304312111368	14186	20
14188	-410,34470000000005	14188	21,293586926756806	14188	20
14190	-410,3023	14190	21,27798910563428	14190	20
14192	-410,2602	14192	21,23999092136231	14192	20
14194	-410,21770000000004	14194	21,241659101132036	14194	20
14196	-410,17510000000004	14196	21,251382584276122	14196	20
14198	-410,13320000000004	14198	21,201152153563292	14198	20
14200	-410,0912	14200	21,167626794638579	14200	20
14202	-410,0496	14202	21,106355662200212	14202	20
14204	-410,0079	14204	21,063629718499477	14204	20
14206	-409,96610000000004	14206	21,036358098746778	14206	20
14208	-409,92420000000004	14208	21,021965082288837	14208	20
14210	-409,88190000000003	14210	21,04330423524166	14210	20
14212	-409,8401	14212	21,019420196036666	14212	20
14214	-409,7991	14214	20,932850163363625	14214	20
14216	-409,7576	14216	20,902375136135102	14216	20
14218	-409,7164	14218	20,851979280112875	14218	20
14220	-409,6754	14220	20,793316066760465	14220	20
14222	-409,6351	14222	20,686096722300555	14222	20
14224	-409,5951	14224	20,5717472685855	14224	20
14226	-409,5552	14226	20,468122723820311	14226	20
14228	-409,5154	14228	20,373435603184745	14228	20
14230	-409,4753	14230	20,319529669320236	14230	20
14232	-409,4348	14232	20,307941391100918	14232	20
14234	-409,39390000000003	14234	20,33161782591452	14234	20
14236	-409,35330000000005	14236	20,326348188260731	14236	20
14238	-409,3127	14238	20,321956823553975	14238	20
14240	-409,272	14240	20,326630686296255	14240	20
14242	-409,23080000000004	14242	20,372192238575767	14242	20
14244	-409,1897	14244	20,401826865482189	14244	20
14246	-409,1489	14246	20,401522387901007	14246	20
14248	-409,1082	14248	20,392935323252114	14248	20
14250	-409,0676	14250	20,377446102708724	14250	20
14252	-409,0276	14252	20,314538418925643	14252	20
14254	-408,9878	14254	20,245448682439189	14254	20
14256	-408,9483	14256	20,162873902030615	14256	20
14258	-408,9092	14258	20,060728251693764	14258	20
14260	-408,8697	14260	20,008940209742757	14260	20
14262	-408,8301	14262	19,974116841452897	14262	20
14264	-408,7901	14264	19,978430701212453	14264	20
14266	-408,7499	14266	19,9986922510079	14266	20
14268	-408,70980000000003	14268	20,0072435425062	14268	20
14270	-408,67	14270	19,989369618756317	14270	20
14272	-408,6304	14272	19,957808015630864	14272	20
14274	-408,5914	14274	19,881506679691324	14274	20
14276	-408,55330000000004	14276	19,742922233074921	14276	20
14278	-408,5147	14278	19,669101860898341	14278	20
14280	-408,476	14280	19,615918217415761	14280	20
14282	-408,4379	14282	19,521598514511954	14282	20
14284	-408,4005	14284	19,384665428759213	14284	20
14286	-408,36350000000004	14286	19,237221190630823	14286	20
14288	-408,3267	14288	19,097684325528014	14288	20
14290	-408,28970000000004	14290	18,998070271271491	14290	20
14292	-408,2531	14292	18,881725226061349	14292	20
14294	-408,2165	14294	18,784771021719564	14294	20
14296	-408,1795	14296	18,737309184764449	14296	20
14298	-408,1428	14298	18,672757653970056	14298	20
14300	-408,10630000000003	14300	18,602298044974177	14300	20
14302	-408,07	14302	18,526915037481793	14302	20
14304	-408,03430000000003	14304	18,414095864565077	14304	20
14306	-407,9991	14306	18,278413220473535	14306	20
14308	-407,96410000000003	14308	18,148677683725296	14308	20
14310	-407,9291	14310	18,04056473643983	14310	20
14312	-407,894	14312	17,958803947033186	14312	20
14314	-407,85920000000004	14314	17,865669955857783	14314	20
14316	-407,82500000000005	14316	17,738058296548022	14316	20
14318	-407,7903	14318	17,673381913793641	14318	20
14320	-407,75530000000003	14320	17,644484928158715	14320	20
14322	-407,72020000000003	14322	17,628737440132255	14322	20
14324	-407,6849	14324	17,632281200110761	14324	20
14326	-407,64910000000003	14326	17,67690100009186	14326	20
14328	-407,61310000000003	14328	17,73075083341	14328	20
14330	-407,57640000000004	14330	17,833959027841349	14330	20
14332	-407,5394	14332	17,944965856537337	14332	20
14334	-407,50210000000004	14334	18,062471547111052	14334	20
14336	-407,4653	14336	18,118726289261538	14336	20
14338	-407,42850000000004	14338	18,165605241048873	14338	20
14340	-407,3915	14340	18,221337700876941	14340	20
14342	-407,35400000000004	14342	18,309448084061273	14342	20
14344	-407,31640000000004	14344	18,391206736717532	14344	20
14346	-407,2785	14346	18,484338947267613	14346	20
14348	-407,24060000000003	14348	18,561949122721273	14348	20
14350	-407,202	14350	18,6849576022703	14350	20
14352	-407,16310000000004	14352	18,812464668554878	14352	20
14354	-407,12420000000003	14354	18,918720557130094	14354	20
14356	-407,08500000000004	14356	19,032267130941236	14356	20
14358	-407,045	14358	19,193555942452736	14358	20
14360	-407,00460000000004	14360	19,361296618708689	14360	20
14362	-406,9639	14362	19,52608051559185	14362	20
14364	-406,9234	14364	19,646733762993932	14364	20
14366	-406,8827	14366	19,763944802496219	14366	20
14368	-406,8421	14368	19,853287335412144	14368	20
14370	-406,80080000000004	14370	19,986072779508316	14370	20
14372	-406,7592	14372	20,121727316258326	14372	20
14374	-406,7173	14374	20,259772763548462	14374	20
14376	-406,6746	14376	20,441477302959122	14376	20
14378	-406,6318	14378	20,601231085799249	14378	20
14380	-406,5889	14380	20,742692571497262	14380	20
14382	-406,5457	14382	20,885577142915469	14382	20
14384	-406,50190000000003	14384	21,054647619094229	14384	20
14386	-406,4581	14386	21,19553968258127	14386	20
14388	-406,4144	14388	21,304616402151158	14388	20
14390	-406,37010000000004	14390	21,445513668456321	14390	20
14392	-406,32570000000004	14392	21,571261390379934	14392	20
14394	-406,2816	14394	21,65105115865115	14394	20
14396	-406,23760000000004	14396	21,709209298874519	14396	20
14398	-406,19350000000003	14398	21,766007749063306	14398	20
14400	-406,1497	14400	21,788339790888834	14400	20
14402	-406,1057	14402	21,823616492405922	14402	20
14404	-406,06170000000003	14404	21,853013743670161	14404	20
14406	-406,0178	14406	21,869178119725788	14406	20
14408	-405,9739	14408	21,882648433105476	14408	20
14410	-405,93030000000005	14410	21,868873694252017	14410	20
14412	-405,8863	14412	21,890728078546648	14412	20
14414	-405,8426	14414	21,88394006545564	14414	20
14416	-405,7994	14416	21,836616721214121	14416	20
14418	-405,75640000000004	14418	21,780513934340895	14418	20
14420	-405,71360000000004	14420	21,71709494528406	14420	20
14422	-405,6712	14422	21,630912454406992	14422	20
14424	-405,6292	14424	21,52576037867026	14424	20
14426	-405,58770000000004	14426	21,396466982223966	14426	20
14428	-405,5464	14428	21,272055818522908	14428	20
14430	-405,50480000000005	14430	21,193379848765751	14430	20
14432	-405,4633	14432	21,119483207308281	14432	20
14434	-405,4221	14434	21,032902672757189	14434	20
14436	-405,3811	14436	20,944085560630725	14436	20
14438	-405,3399	14438	20,886737967192559	14438	20
14440	-405,2986	14440	20,847281639325328	14440	20
14442	-405,2568	14442	20,856068032773056	14442	20
14444	-405,2146	14444	20,896723360642532	14444	20
14446	-405,17240000000004	14446	20,930602800533762	14446	20
14448	-405,1304	14448	20,942169000447304	14448	20
14450	-405,0885	14450	20,943474167039277	14450	20
14452	-405,0466	14452	20,94456180586592	14452	20
14454	-405,005	14454	20,92046817155633	14454	20
14456	-404,9631	14456	20,925390142963465	14456	20
14458	-404,92060000000004	14458	20,979491785799667	14458	20
14460	-404,8784	14460	20,999576488169446	14460	20
14462	-404,83610000000004	14462	21,024647073470764	14462	20
14464	-404,7937	14464	21,053872561229245	14464	20
14466	-404,7513	14466	21,078227134356577	14466	20
14468	-404,70840000000004	14468	21,140189278628366	14468	20
14470	-404,6658	14470	21,166824398861134	14470	20
14472	-404,62280000000004	14472	21,222353665713406	14472	20
14474	-404,5799	14474	21,260294721430462	14474	20
14476	-404,53700000000003	14476	21,291912267856606	14476	20
14478	-404,4946	14478	21,276593556550779	14478	20
14480	-404,4531	14480	21,188827963791066	14480	20
14482	-404,4121	14482	21,074023303158956	14482	20
14484	-404,3716	14484	20,936686085966517	14484	20
14486	-404,33140000000003	14486	20,797238404969619	14486	20
14488	-404,2918	14488	20,631032004141947	14488	20
14490	-404,25210000000004	14490	20,500860003450132	14490	20
14492	-404,2122	14492	20,409050002878907	14492	20
14494	-404,17220000000003	14494	20,340875002396057	14494	20
14496	-404,1327	14496	20,24239583533274	14496	20
14498	-404,0932	14498	20,160329862775239	14498	20
14500	-404,0543	14500	20,04194155231373	14500	20
14502	-404,0161	14502	19,884951293596242	14502	20
14504	-403,9775	14504	19,787459411328033	14504	20
14506	-403,9388	14506	19,714549509440506	14506	20
14508	-403,9012	14508	19,562124591200227	14508	20
14510	-403,8645	14510	19,360103825999872	14510	20
14512	-403,8278	14512	19,191753188332907	14512	20
14514	-403,7916	14514	19,009794323611423	14514	20
14516	-403,75620000000004	14516	18,791495269674641	14516	20
14518	-403,72090000000003	14518	18,601246058062749	14518	20
14520	-403,6855	14520	18,451038381722149	14520	20
14522	-403,6501	14522	18,325865318100245	14522	20
14524	-403,6146	14524	18,229887765084637	14524	20
14526	-403,57890000000003	14526	18,166573137567447	14526	20
14528	-403,5432	14528	18,113810947974525	14528	20
14530	-403,5075	14530	18,069842456647091	14530	20
14532	-403,4719	14532	18,024868713871584	14532	20
14534	-403,43620000000004	14534	17,995723928223235	14534	20
14536	-403,4005	14536	17,971436606854351	14536	20
14538	-403,3646	14538	17,9678638390475	14538	20
14540	-403,32890000000003	14540	17,948219865869831	14540	20
14542	-403,2932	14542	17,931849888226512	14542	20
14544	-403,25730000000004	14544	17,934874906852897	14544	20
14546	-403,2217	14546	17,912395755714492	14546	20
14548	-403,1863	14548	17,876996463093864	14548	20
14550	-403,1508	14550	17,855830385912654	14550	20
14552	-403,1153	14552	17,838191988261645	14552	20
14554	-403,0792	14554	17,873493323549393	14554	20
14556	-403,0427	14556	17,936244436290291	14556	20
14558	-403,0059	14558	18,013537030244237	14558	20
14560	-402,96880000000004	14560	18,102947525199582	14560	20
14562	-402,93120000000005	14562	18,219122937666121	14562	20
14564	-402,8937	14564	18,307602448056997	14564	20
14566	-402,8561	14566	18,389668706713969	14566	20
14568	-402,8181	14568	18,491390588929217	14568	20
14570	-402,78000000000003	14570	18,584492157439833	14570	20
14572	-402,74190000000004	14572	18,662076797865346	14572	20
14574	-402,7037	14574	18,735063998222586	14574	20
14576	-402,66560000000004	14576	18,787553331850972	14576	20
14578	-402,62760000000003	14578	18,822961109876722	14578	20
14580	-402,5897	14580	18,844134258233602	14580	20
14582	-402,55170000000004	14582	18,870111881857508	14582	20
14584	-402,51390000000004	14584	18,875093234881614	14584	20
14586	-402,4757	14586	18,912577695736143	14586	20
14588	-402,437	14588	18,985481413113931	14588	20
14590	-402,398	14590	19,071234510927216	14590	20
14592	-402,3587	14592	19,167695425774816	14592	20
14594	-402,319	14594	19,281412854810856	14594	20
14596	-402,2791	14596	19,392844045674774	14596	20
14598	-402,23920000000004	14598	19,485703371394706	14598	20
14600	-402,19960000000003	14600	19,53808614282952	14600	20
14602	-402,1592	14602	19,648405119027412	14602	20
14604	-402,11870000000005	14604	19,748670932518827	14604	20
14606	-402,0781	14606	19,84055911043572	14606	20
14608	-402,03790000000004	14608	19,883799258693955	14608	20
14610	-401,9977	14610	19,919832715580554	14610	20
14612	-401,9572	14612	19,97486059631785	14612	20
14614	-401,91630000000004	14614	20,054050496928632	14614	20
14616	-401,875	14616	20,15337541411013	14616	20
14618	-401,83320000000003	14618	20,277812845088988	14618	20
14620	-401,7912	14620	20,398177370909991	14620	20
14622	-401,7489	14622	20,523481142425954	14622	20
14624	-401,7061	14624	20,669567618688273	14624	20
14626	-401,66360000000003	14626	20,766306348903672	14626	20
14628	-401,6218	14628	20,788588624088341	14628	20
14630	-401,57980000000003	14630	20,823823853404718	14630	20
14632	-401,5373	14632	20,894853211172116	14632	20
14634	-401,4946	14634	20,970711009312165	14634	20
14636	-401,452	14636	21,025592507759562	14636	20
14638	-401,40950000000004	14638	21,062993756463083	14638	20
14640	-401,3675	14640	21,052494797055072	14640	20
14642	-401,3247	14642	21,110412330879207	14642	20
14644	-401,2816	14644	21,183676942397778	14644	20
14646	-401,2377	14646	21,3113974519988	14646	20
14648	-401,19370000000004	14648	21,426164543330895	14648	20
14650	-401,14930000000004	14650	21,55513711944208	14650	20
14652	-401,1053	14652	21,629280932871698	14652	20
14654	-401,0618	14654	21,649400777392628	14654	20
14656	-401,0185	14656	21,649500647826184	14656	20
14658	-400,97520000000003	14658	21,649583873187478	14658	20
14660	-400,93170000000003	14660	21,666319894322445	14660	20
14662	-400,8883	14662	21,671933245270342	14662	20
14664	-400,8458	14664	21,6016110377268	14664	20
14666	-400,8039	14666	21,493009198105522	14666	20
14668	-400,7617	14668	21,427507665086253	14668	20
14670	-400,7199	14670	21,33958972090716	14670	20
14672	-400,6779	14672	21,282991434087066	14672	20
14674	-400,636	14674	21,227492861739076	14674	20
14676	-400,59430000000003	14676	21,164577384781865	14676	20
14678	-400,5529	14678	21,087147820652397	14678	20
14680	-400,5119	14680	20,9892898505434	14680	20
14682	-400,4708	14682	20,916074875455216	14682	20
14684	-400,4295	14684	20,871729062877542	14684	20
14686	-400,38800000000003	14686	20,851440885730035	14686	20
14688	-400,34630000000004	14688	20,851200738107664	14688	20
14690	-400,30420000000004	14690	20,884333948423464	14690	20
14692	-400,2618	14692	20,936944957023162	14692	20
14694	-400,21930000000003	14694	20,98912079751608	14694	20
14696	-400,17650000000003	14696	21,057600664596713	14696	20
14698	-400,13320000000004	14698	21,156333887162919	14698	20
14700	-400,0899	14700	21,238611572639496	14700	20
14702	-400,04670000000004	14702	21,298842977195925	14702	20
14704	-400,00390000000004	14704	21,315702480996585	14704	20
14706	-399,9614	14706	21,304752067498669	14706	20
14708	-399,9191	14708	21,278960056249854	14708	20
14710	-399,8775	14710	21,199133380209606	14710	20
14712	-399,83660000000003	14712	21,074277816838428	14712	20
14714	-399,7962	14714	20,928564847368168	14714	20
14716	-399,7556	14716	20,8238040394721	14716	20
14718	-399,71540000000005	14718	20,703170032890942	14718	20
14720	-399,67560000000003	14720	20,5693083607436	14720	20
14722	-399,6356	14722	20,474423633954707	14722	20
14724	-399,59590000000003	14724	20,370353028294097	14724	20
14726	-399,55670000000003	14726	20,241960856911241	14726	20
14728	-399,5176	14728	20,126634047427618	14728	20
14730	-399,4789	14730	19,997195039523493	14730	20
14732	-399,4404	14732	19,872662532936168	14732	20
14734	-399,40250000000003	14734	19,718885444111738	14734	20
14736	-399,3648	14736	19,574071203428897	14736	20
14738	-399,32750000000004	14738	19,420059336187354	14738	20
14740	-399,29040000000003	14740	19,275049446823584	14740	20
14742	-399,2536	14742	19,129207872355313	14742	20
14744	-399,21700000000004	14744	18,99100656029313	14744	20
14746	-399,18	14746	18,909172133580491	14746	20
14748	-399,14320000000004	14748	18,824310111314666	14748	20
14750	-399,1064	14750	18,753591759431217	14750	20
14752	-399,0697	14752	18,686326466192362	14752	20
14754	-399,0328	14754	18,646938721827205	14754	20
14756	-398,99580000000003	14756	18,622448934854148	14756	20
14758	-398,958	14758	18,668707445712148	14758	20
14760	-398,9198	14760	18,74058953809492	14760	20
14762	-398,8813	14762	18,825491281745691	14762	20
14764	-398,8431	14764	18,87124273478954	14764	20
14766	-398,80490000000003	14766	18,909368945654677	14766	20
14768	-398,767	14768	18,916140788048565	14768	20
14770	-398,72880000000004	14770	18,946783990037197	14770	20
14772	-398,6904	14772	18,988986658366347	14772	20
14774	-398,6521	14774	19,015822215304659	14774	20
14776	-398,6138	14776	19,038185179419919	14776	20
14778	-398,5754	14778	19,065154316185282	14778	20
14780	-398,5368	14780	19,104295263485568	14780	20
14782	-398,4979	14782	19,161912719572339	14782	20
14784	-398,4588	14784	19,226593932978531	14784	20
14786	-398,4196	14786	19,288828277481603	14786	20
14788	-398,38030000000003	14788	19,349023564565403	14788	20
14790	-398,3406	14790	19,43251963714108	14790	20
14792	-398,30080000000004	14792	19,510433030947315	14792	20
14794	-398,26030000000003	14794	19,633694192456819	14794	20
14796	-398,2196	14796	19,753078493715289	14796	20
14798	-398,1784	14798	19,894232078096362	14798	20
14800	-398,1377	14800	19,97019339841491	14800	20
14802	-398,0966	14802	20,066827832010066	14802	20
14804	-398,0555	14804	20,147356526677438	14804	20
14806	-398,01410000000004	14806	20,239463772227303	14806	20
14808	-397,9724	14808	20,341219810193461	14808	20
14810	-397,9309	14810	20,409349841826632	14810	20
14812	-397,8888	14812	20,516124868189269	14812	20
14814	-397,84680000000003	14814	20,596770723488824	14814	20
14816	-397,8047	14816	20,672308936241095	14816	20
14818	-397,76210000000003	14818	20,776924113533671	14818	20
14820	-397,71950000000004	14820	20,864103427944151	14820	20
14822	-397,6761	14822	21,003419523288432	14822	20
14824	-397,63230000000004	14824	21,152849602738367	14824	20
14826	-397,5883	14826	21,294041335618605	14826	20
14828	-397,5444	14828	21,403367779682824	14828	20
14830	-397,5006	14830	21,48613981640036	14830	20
14832	-397,4567	14832	21,563449847000953	14832	20
14834	-397,413	14834	21,611208205834227	14834	20
14836	-397,3691	14836	21,66767350486251	14836	20
14838	-397,3256	14838	21,681394587384972	14838	20
14840	-397,2824	14840	21,667828822821896	14840	20
14842	-397,2393	14842	21,648190685683353	14842	20
14844	-397,19570000000004	14844	21,673492238066913	14844	20
14846	-397,1528	14846	21,63624353172505	14846	20
14848	-397,10990000000004	14848	21,605202943102096	14848	20
14850	-397,0672	14850	21,562669119253815	14850	20
14852	-397,0249	14852	21,493890932712475	14852	20
14854	-396,98330000000004	14854	21,378242443923721	14854	20
14856	-396,94230000000005	14856	21,2318687032695	14856	20
14858	-396,9014	14858	21,101557252726412	14858	20
14860	-396,86150000000004	14860	20,90963104393774	14860	20
14862	-396,82230000000004	14862	20,691359203280943	14862	20
14864	-396,7832	14864	20,50113266940237	14864	20
14866	-396,7446	14866	20,300943891171212	14866	20
14868	-396,70590000000004	14868	20,142453242638418	14868	20
14870	-396,6667	14870	20,052044368869581	14870	20
14872	-396,62780000000004	14872	19,951703640720947	14872	20
14874	-396,58840000000004	14874	19,909753033934166	14874	20
14876	-396,5493	14876	19,849794194946725	14876	20
14878	-396,5101	14878	19,808161829121762	14878	20
14880	-396,4706	14880	19,798468190937491	14880	20
14882	-396,4307	14882	19,823723492446973	14882	20
14884	-396,3904	14884	19,878102910372647	14884	20
14886	-396,3503	14886	19,906752425310156	14886	20
14888	-396,3106	14888	19,897293687756971	14888	20
14890	-396,2711	14890	19,872744739800169	14890	20
14892	-396,2319	14892	19,8272872831663	14892	20
14894	-396,1925	14894	19,806072735971963	14894	20
14896	-396,15270000000004	14896	19,82172727997305	14896	20
14898	-396,1127	14898	19,851439399979245	14898	20
14900	-396,07210000000003	14900	19,926199499981333	14900	20
14902	-396,0314	14902	19,996832916652387	14902	20
14904	-395,9907	14904	20,0556940972116	14904	20
14906	-395,94980000000004	14906	20,121411747673424	14906	20
14908	-395,9087	14908	20,192843123063568	14908	20
14910	-395,86780000000005	14910	20,235702602550063	14910	20
14912	-395,82710000000003	14912	20,254752168792994	14912	20
14914	-395,7864	14914	20,270626807328771	14914	20
14916	-395,7459	14916	20,26718900610803	14916	20
14918	-395,7058	14918	20,230990838422972	14918	20
14920	-395,6667	14920	20,11749236535406	14920	20
14922	-395,6281	14922	19,981243637792883	14922	20
14924	-395,5894	14924	19,876036364827879	14924	20
14926	-395,5509	14926	19,771696970689824	14926	20
14928	-395,5127	14928	19,659747475576317	14928	20
14930	-395,47450000000003	14930	19,566456229643656	14930	20
14932	-395,4364	14932	19,480380191373268	14932	20
14934	-395,39840000000004	14934	19,400316826140561	14934	20
14936	-395,3604	14936	19,333597355118044	14936	20
14938	-395,3224	14938	19,277997795932617	14938	20
14940	-395,2849	14940	19,189998163279075	14940	20
14942	-395,24780000000004	14942	19,083331802728615	14942	20
14944	-395,2105	14944	19,011109835608522	14944	20
14946	-395,1734	14946	18,934258196341222	14946	20
14948	-395,1369	14948	18,820215163616815	14948	20
14950	-395,1008	14950	18,691845969683438	14950	20
14952	-395,0654	14952	18,526538308067984	14952	20
14954	-395,0301	14954	18,3804485900572	14954	20
14956	-394,99490000000003	14956	18,250373825045568	14956	20
14958	-394,9596	14958	18,150311520871853	14958	20
14960	-394,92400000000004	14960	18,091926267392218	14960	20
14962	-394,8879	14962	18,084938556162943	14962	20
14964	-394,8514	14964	18,11244879680158	14964	20
14966	-394,8149	14966	18,13537399733378	14966	20
14968	-394,778	14968	18,18781166444505	14968	20
14970	-394,7411	14970	18,231509720371111	14970	20
14972	-394,70390000000003	14972	18,292924766974622	14972	20
14974	-394,66720000000004	14974	18,302437305811868	14974	20
14976	-394,63050000000004	14976	18,310364421509572	14976	20
14978	-394,5937	14978	18,325303684593635	14978	20
14980	-394,5571	14980	18,321086403829803	14980	20
14982	-394,52000000000004	14982	18,359238669854221	14982	20
14984	-394,48330000000004	14984	18,357698891544867	14984	20
14986	-394,4465	14986	18,364749076289719	14986	20
14988	-394,4091	14988	18,420624230240684	14988	20
14990	-394,3714	14990	18,49218685853635	14990	20
14992	-394,33320000000003	14992	18,593489048777016	14992	20
14994	-394,2945	14994	18,719574207314658	14994	20
14996	-394,2554	14996	18,857978506097133	14996	20
14998	-394,2163	14998	18,973315421749195	14998	20
15000	-394,17760000000004	15000	19,036096184786736	15000	20
15002	-394,13890000000004	15002	19,088413487322757	15002	20
15004	-394,10020000000003	15004	19,13201123943611	15004	20
15006	-394,0613	15006	19,185009366197789	15006	20
15008	-394,02230000000003	15008	19,237507805163762	15008	20
15010	-393,98330000000004	15010	19,281256504302075	15010	20
15012	-393,9442	15012	19,326047086919981	15012	20
15014	-393,90500000000003	15014	19,371705905766142	15014	20
15016	-393,8657	15016	19,418088254807255	15016	20
15018	-393,82620000000003	15018	19,473406879004003	15018	20
15020	-393,7866	15020	19,527839065837266	15020	20
15022	-393,7468	15022	19,589865888198872	15022	20
15024	-393,70660000000004	15024	19,674888240163249	15024	20
15026	-393,666	15026	19,77907353347274	15026	20
15028	-393,62510000000003	15028	19,890894611224372	15028	20
15030	-393,5839	15030	20,009078842687266	15030	20
15032	-393,5425	15032	20,1242323689069	15032	20
15034	-393,50120000000004	15034	20,211860307420611	15034	20
15036	-393,4603	15036	20,25155025618567	15036	20
15038	-393,41900000000004	15038	20,317958546819586	15038	20
15040	-393,3773	15040	20,406632122353695	15040	20
15042	-393,3347	15042	20,555526768627505	15042	20
15044	-393,2921	15044	20,679605640522347	15044	20
15046	-393,2495	15046	20,783004700434716	15046	20
15048	-393,2072	15048	20,84417058369656	15048	20
15050	-393,16400000000004	15050	20,970142153076814	15050	20
15052	-393,12030000000004	15052	21,116785127564111	15052	20
15054	-393,07620000000003	15054	21,272320939637964	15054	20
15056	-393,0323	15056	21,385267449698958	15056	20
15058	-392,9888	15058	21,446056208082013	15058	20
15060	-392,9451	15060	21,513380173401778	15060	20
15062	-392,9014	15062	21,569483477834915	15062	20
15064	-392,8577	15064	21,616236231529196	15064	20
15066	-392,8143	15066	21,630196859609303	15066	20
15068	-392,77020000000005	15068	21,700164049670889	15068	20
15070	-392,72610000000003	15070	21,758470041393615	15070	20
15072	-392,68190000000004	15072	21,815391701160458	15072	20
15074	-392,63730000000004	15074	21,896159750967268	15074	20
15076	-392,593	15076	21,93846645914115	15076	20
15078	-392,5485	15078	21,990388715953269	15078	20
15080	-392,50390000000004	15080	22,041990596623208	15080	20
15082	-392,4595	15082	22,068325497190411	15082	20
15084	-392,41490000000005	15084	22,106937914320827	15084	20
15086	-392,3706	15086	22,114114928602447	15086	20
15088	-392,32660000000004	15088	22,095095773833933	15088	20
15090	-392,28290000000004	15090	22,054246478195044	15090	20
15092	-392,23920000000004	15092	22,020205398495968	15092	20
15094	-392,19550000000004	15094	21,991837832080073	15094	20
15096	-392,1519	15096	21,959864860068919	15096	20
15098	-392,10880000000003	15098	21,891554050055873	15098	20
15100	-392,0663	15100	21,784628375048076	15100	20
15102	-392,024	15102	21,678856979207691	15102	20
15104	-391,982	15104	21,565714149337509	15104	20
15106	-391,9399	15106	21,479761791115	15106	20
15108	-391,8972	15108	21,458134825931236	15108	20
15110	-391,8544	15110	21,44844568827601	15110	20
15112	-391,8113	15112	21,465371406895116	15112	20
15114	-391,7683	15114	21,471142839079796	15114	20
15116	-391,7253	15116	21,475952365900362	15116	20
15118	-391,6825	15118	21,463293638250281	15118	20
15120	-391,6392	15120	21,494411365207561	15120	20
15122	-391,5957	15122	21,537009471005849	15122	20
15124	-391,552	15124	21,589174559171639	15124	20
15126	-391,50800000000004	15126	21,657645465974927	15126	20
15128	-391,4642	15128	21,698037888315184	15128	20
15130	-391,42060000000004	15130	21,715031573593439	15130	20
15132	-391,3772	15132	21,712526311329505	15132	20
15134	-391,3339	15134	21,702105259440248	15134	20
15136	-391,2909	15136	21,668421049534071	15136	20
15138	-391,24830000000003	15138	21,60701754127782	15138	20
15140	-391,2063	15140	21,505847951067352	15140	20
15142	-391,16450000000003	15142	21,40487329255334	15142	20
15144	-391,12370000000004	15144	21,2373944104603	15144	20
15146	-391,0838	15146	21,02282867538738	15146	20
15148	-391,0443	15148	20,810690562820774	15148	20
15150	-391,0052	15150	20,600575469018896	15150	20
15152	-390,9665	15152	20,392146224182891	15152	20
15154	-390,92830000000004	15154	20,176788520149135	15154	20
15156	-390,8904	15156	19,972323766793945	15156	20
15158	-390,85290000000003	15158	19,768603138992113	15158	20
15160	-390,8163	15160	19,523835949161867	15160	20
15162	-390,7797	15162	19,319863290969998	15162	20
15164	-390,7437	15164	19,099886075808445	15164	20
15166	-390,70770000000005	15166	18,916571729835749	15166	20
15168	-390,6719	15168	18,747143108200756	15168	20
15170	-390,6363	15170	18,589285923499638	15170	20
15172	-390,6017	15172	18,374404936250677	15172	20
15174	-390,56710000000004	15174	18,195337446871804	15174	20
15176	-390,5326	15176	18,037781205729573	15176	20
15178	-390,4991	15178	17,82315100477495	15178	20
15180	-390,46610000000004	15180	17,602625837309009	15180	20
15182	-390,4332	15182	17,410521531094222	15182	20
15184	-390,39950000000005	15184	17,317101275907973	15184	20
15186	-390,3657	15186	17,247584396593481	15186	20
15188	-390,3322	15188	17,164653663828204	15188	20
15190	-390,2988	15190	17,087211386521162	15190	20
15192	-390,2653	15192	17,031009488767939	15192	20
15194	-390,2317	15194	16,992507907309566	15194	20
15196	-390,1979	15196	16,977089922756736	15196	20
15198	-390,1635	15198	17,014241602297705	15198	20
15200	-390,1288	15200	17,070201335246974	15200	20
15202	-390,09290000000004	15202	17,216834446036614	15202	20
15204	-390,05690000000004	15204	17,347362038363961	15204	20
15206	-390,0206	15206	17,481135031973281	15206	20
15208	-389,9846	15208	17,567612526644517	15208	20
15210	-389,94870000000003	15210	17,631343772201234	15210	20
15212	-389,91270000000003	15212	17,692786476834478	15212	20
15214	-389,8767	15214	17,743988730695513	15214	20
15216	-389,8407	15216	17,786657275579707	15216	20
15218	-389,8045	15218	17,838881062983756	15218	20
15220	-389,7679	15220	17,915734219154906	15220	20
15222	-389,731	15222	18,004778515962656	15222	20
15224	-389,694	15224	18,087315429967024	15224	20
15226	-389,65680000000003	15226	18,172762858304552	15226	20
15228	-389,6196	15228	18,243969048590561	15228	20
15230	-389,5819	15230	18,344974207156511	15230	20
15232	-389,54380000000003	15232	18,462478505962579	15232	20
15234	-389,5056	15234	18,568732088303612	15234	20
15236	-389,46700000000004	15236	18,690610073584175	15236	20
15238	-389,4282	15238	18,808841727989936	15238	20
15240	-389,3892	15240	18,924034773323886	15240	20
15242	-389,35020000000003	15242	19,020028977768845	15242	20
15244	-389,3114	15244	19,083357481477162	15244	20
15246	-389,2724	15246	19,152797901229906	15246	20
15248	-389,23380000000003	15248	19,177331584356089	15248	20
15250	-389,19460000000004	15250	19,247776320296232	15250	20
15252	-389,1547	15252	19,36481360025066	15252	20
15254	-389,1138	15254	19,545678000205971	15254	20
15256	-389,0719	15256	19,779731666838163	15256	20
15258	-389,0301	15258	19,966443055700417	15258	20
15260	-388,98810000000003	15260	20,13870254641478	15260	20
15262	-388,94570000000004	15262	20,315585455344522	15262	20
15264	-388,9032	15264	20,471321212788617	15264	20
15266	-388,86080000000004	15266	20,592767677322719	15266	20
15268	-388,81850000000003	15268	20,68563973110323	15268	20
15270	-388,7763	15270	20,754699775922415	15270	20
15272	-388,73420000000004	15272	20,803916479931019	15272	20
15274	-388,6926	15274	20,803263733277245	15274	20
15276	-388,65110000000004	15276	20,794386444396451	15276	20
15278	-388,6095	15278	20,795322036998439	15278	20
15280	-388,5681	15280	20,779435030832875	15280	20
15282	-388,5256	15282	20,857862525695577	15282	20
15284	-388,4828	15284	20,948218771412961	15284	20
15286	-388,4399	15286	21,031848976175354	15286	20
15288	-388,3972	15288	21,084874146814865	15288	20
15290	-388,3551	15290	21,079061789012798	15290	20
15292	-388,3131	15292	21,065884824175097	15292	20
15294	-388,2714	15294	21,029904020145217	15294	20
15296	-388,23	15296	20,974920016788523	15296	20
15298	-388,1886	15298	20,929100013991278	15298	20
15300	-388,14770000000004	15300	20,849250011656487	15300	20
15302	-388,1075	15302	20,724375009716	15302	20
15304	-388,0676	15304	20,595312508095727	15304	20
15306	-388,0273	15306	20,521093756746609	15306	20
15308	-387,9868	15308	20,47591146395623	15308	20
15310	-387,9459	15310	20,47159288663202	15310	20
15312	-387,90430000000003	15312	20,526327405523343	15312	20
15314	-387,86240000000004	15314	20,596939504602641	15314	20
15316	-387,8206	15316	20,647449587170815	15316	20
15318	-387,7788	15318	20,689541322644295	15318	20
15320	-387,73720000000003	15320	20,707951102200241	15320	20
15322	-387,695	15322	20,773292585169923	15322	20
15324	-387,6532	15324	20,794410487638814	15324	20
15326	-387,6116	15326	20,795342073033741	15326	20
15328	-387,57	15328	20,796118394196178	15328	20
15330	-387,52860000000004	15330	20,780098661826255	15330	20
15332	-387,48760000000004	15332	20,733415551521613	15332	20
15334	-387,4466	15334	20,694512959605817	15334	20
15336	-387,4053	15336	20,687094133003043	15336	20
15338	-387,3637	15338	20,705911777503932	15338	20
15340	-387,322	15340	20,72992648125258	15340	20
15342	-387,2797	15342	20,799938734378113	15342	20
15344	-387,237	15344	20,891615611979095	15344	20
15346	-387,1943	15346	20,968013009984649	15346	20
15348	-387,1519	15348	21,006677508319413	15348	20
15350	-387,1094	15350	21,04723125693436	15350	20
15352	-387,0666	15352	21,10602604744528	15352	20
15354	-387,0235	15354	21,18002170620284	15354	20
15356	-386,9805	15356	21,233351421836232	15356	20
15358	-386,9377	15358	21,261126184863507	15358	20
15360	-386,8953	15360	21,250938487385127	15360	20
15362	-386,8533	15362	21,209115406156776	15362	20
15364	-386,8114	15364	21,165929505130503	15364	20
15366	-386,7694	15366	21,138274587606517	15366	20
15368	-386,72720000000004	15368	21,131895489670416	15368	20
15370	-386,68530000000004	15370	21,101579574725204	15370	20
15372	-386,6446	15372	20,976316312272278	15372	20
15374	-386,60450000000003	15374	20,821930260226512	15374	20
15376	-386,5654	15376	20,609941883523678	15376	20
15378	-386,5262	15378	20,441618236269225	15378	20
15380	-386,4869	15380	20,309681863559824	15380	20
15382	-386,4477	15382	20,191401552966013	15382	20
15384	-386,4089	15384	20,05950129413673	15384	20
15386	-386,3704	15386	19,924584411780533	15386	20
15388	-386,3319	15388	19,812153676483703	15388	20
15390	-386,2936	15390	19,701794730402458	15390	20
15392	-386,2559	15392	19,559828942004497	15392	20
15394	-386,21860000000004	15394	19,408190785000354	15394	20
15396	-386,1812	15396	19,290158987504281	15396	20
15398	-386,14390000000003	15398	19,18346582291684	15398	20
15400	-386,1069	15400	19,069554852433583	15400	20
15402	-386,07	15402	18,966295710361553	15402	20
15404	-386,03380000000004	15404	18,821913091963893	15404	20
15406	-385,9977	15406	18,693260909972672	15406	20
15408	-385,9615	15408	18,59438409164456	15408	20
15410	-385,92580000000004	15410	18,470320076367383	15410	20
15412	-385,8901	15412	18,366933396974471	15412	20
15414	-385,8541	15414	18,305777830812175	15414	20
15416	-385,8175	15416	18,30481485901192	15416	20
15418	-385,7806	15418	18,329012382510168	15418	20
15420	-385,74330000000003	15420	18,382510318755081	15420	20
15422	-385,7061	15422	18,418758598966	15422	20
15424	-385,6685	15424	18,482298832471471	15424	20
15426	-385,63050000000004	15426	18,568582360389065	15426	20
15428	-385,5923	15428	18,657151966992352	15428	20
15430	-385,5532	15430	18,805959972495209	15430	20
15432	-385,514	15432	18,938299977078835	15432	20
15434	-385,4748	15434	19,048583314231855	15434	20
15436	-385,4357	15436	19,132152761861462	15436	20
15438	-385,3963	15438	19,22679396821793	15438	20
15440	-385,3567	15440	19,322328306848874	15440	20
15442	-385,3166	15442	19,443606922373679	15442	20
15444	-385,27590000000004	15444	19,594672435307935	15444	20
15446	-385,23490000000004	15446	19,745560362756347	15446	20
15448	-385,1936	15448	19,896300302299892	15448	20
15450	-385,15180000000004	15450	20,063583585247123	15450	20
15452	-385,1098	15452	20,219652987708439	15452	20
15454	-385,0677	15454	20,358044156424107	15454	20
15456	-385,02570000000003	15456	20,465036797017856	15456	20
15458	-384,98330000000004	15458	20,58753066418042	15458	20
15460	-384,94050000000004	15460	20,72294222015033	15460	20
15462	-384,8978	15462	20,827451850127343	15462	20
15464	-384,8546	15464	20,956209875107206	15464	20
15466	-384,8116	15466	21,046841562589872	15466	20
15468	-384,76890000000003	15468	21,097367968822226	15468	20
15470	-384,726	15470	21,156139974021144	15470	20
15472	-384,6829	15472	21,221783311682728	15472	20
15474	-384,63980000000004	15474	21,27648609306738	15474	20
15476	-384,5964	15476	21,347071744224454	15476	20
15478	-384,5525	15478	21,447559786854363	15478	20
15480	-384,5084	15480	21,547966489046509	15480	20
15482	-384,4642	15482	21,639972074204536	15482	20
15484	-384,41970000000003	15484	21,741643395168023	15484	20
15486	-384,3748	15486	21,859702829310105	15486	20
15488	-384,3293	15488	22,0080856910921	15488	20
15490	-384,2842	15490	22,098404742575987	15490	20
15492	-384,2396	15492	22,132003952146874	15492	20
15494	-384,19570000000004	15494	22,101669960118311	15494	20
15496	-384,15270000000004	15496	22,001391633432458	15496	20
15498	-384,10970000000003	15498	21,917826361194248	15498	20
15500	-384,06640000000004	15500	21,873188634327533	15500	20
15502	-384,0235	15502	21,802657195275568	15502	20
15504	-383,9809	15504	21,7188809960624	15504	20
15506	-383,9384	15506	21,640734163386849	15506	20
15508	-383,896	15508	21,567278469487913	15508	20
15510	-383,8539	15510	21,481065391240335	15510	20
15512	-383,81170000000003	15512	21,4175544926986	15512	20
15514	-383,7701	15514	21,314628743916895	15514	20
15516	-383,7287	15516	21,212190619931587	15516	20
15518	-383,6873	15518	21,1268255166105	15518	20
15520	-383,6462	15520	21,030687930506392	15520	20
15522	-383,6057	15522	20,900573275422715	15522	20
15524	-383,56550000000004	15524	20,76714439618312	15524	20
15526	-383,52570000000003	15526	20,622620330153751	15526	20
15528	-383,4862	15528	20,477183608464152	15528	20
15530	-383,4467	15530	20,355986340384749	15530	20
15532	-383,4069	15532	20,279988616988444	15532	20
15534	-383,3672	15534	20,208323847488877	15534	20
15536	-383,32730000000004	15536	20,16526987290646	15536	20
15538	-383,28700000000003	15538	20,162724894088885	15538	20
15540	-383,2466	15540	20,168937411743549	15540	20
15542	-383,207	15542	20,107447843120223	15542	20
15544	-383,1673	15544	20,06453986926536	15544	20
15546	-383,12780000000004	15546	20,012116557719089	15546	20
15548	-383,0881	15548	19,985097131435818	15548	20
15550	-383,0478	15550	20,012580942863352	15550	20
15552	-383,00730000000004	15552	20,052150785715444	15552	20
15554	-382,9671	15554	20,060125654765127	15554	20
15556	-382,9273	15556	20,033438045638757	15556	20
15558	-382,88750000000005	15558	20,011198371362045	15558	20
15560	-382,8476	15560	20,000998642805502	15560	20
15562	-382,8073	15562	20,025832202338087	15562	20
15564	-382,7662	15564	20,11319350194605	15564	20
15566	-382,7246	15566	20,227661251623104	15566	20
15568	-382,6831	15568	20,314717709684668	15568	20
15570	-382,6417	15570	20,378931424738067	15570	20
15572	-382,60040000000004	15572	20,42410952061325	15572	20
15574	-382,5595	15574	20,428424600512869	15574	20
15576	-382,51910000000004	15576	20,3903538337588	15576	20
15578	-382,4794	15578	20,300294861468913	15578	20
15580	-382,44030000000004	15580	20,175245717887609	15580	20
15582	-382,40160000000003	15582	20,03770476490682	15582	20
15584	-382,36330000000004	15584	19,889753970755056	15584	20
15586	-382,32550000000003	15586	19,724794975629571	15586	20
15588	-382,28770000000003	15588	19,587329146358336	15588	20
15590	-382,2506	15590	19,4144409552994	15590	20
15592	-382,21430000000004	15592	19,20370079608141	15592	20
15594	-382,1778	15594	19,044750663405043	15594	20
15596	-382,141	15596	18,937292219501792	15596	20
15598	-382,10400000000004	15598	18,864410182916306	15598	20
15600	-382,067	15600	18,803675152433136	15600	20
15602	-382,0303	15602	18,728062627027295	15602	20
15604	-381,994	15604	18,631718855854654	15604	20
15606	-381,9581	15606	18,51809904654775	15606	20
15608	-381,92260000000005	15608	18,390082538786153	15608	20
15610	-381,8874	15610	18,258402115657766	15610	20
15612	-381,85240000000005	15612	18,132001763045487	15612	20
15614	-381,8177	15614	18,001668135874862	15614	20
15616	-381,7835	15616	17,851390113228923	15616	20
15618	-381,7499	15618	17,676158427688982	15618	20
15620	-381,7155	15620	17,596798689741242	15620	20
15622	-381,6812	15622	17,522332241453551	15622	20
15624	-381,64660000000003	15624	17,485276867874198	15624	20
15626	-381,6113	15626	17,512730723229044	15626	20
15628	-381,5756	15628	17,568942269359191	15628	20
15630	-381,53990000000005	15630	17,615785224462908	15630	20
15632	-381,5038	15632	17,688154353721849	15632	20
15634	-381,46770000000004	15634	17,748461961432895	15634	20
15636	-381,4313	15636	17,8237183011953	15636	20
15638	-381,39430000000004	15638	17,936431917660894	15638	20
15640	-381,3573	15640	18,030359931386961	15640	20
15642	-381,32030000000003	15642	18,108633276153945	15642	20
15644	-381,2828	15644	18,215527730130184	15644	20
15646	-381,2452	15646	18,312939775108291	15646	20
15648	-381,2076	15648	18,394116479256713	15648	20
15650	-381,1703	15650	18,436763732715271	15650	20
15652	-381,1334	15652	18,438969777262962	15652	20
15654	-381,0955	15654	18,524141481050734	15654	20
15656	-381,0575	15656	18,603451234209857	15656	20
15658	-381,0196	15658	18,661209361839813	15658	20
15660	-380,9809	15660	18,776007801533655	15660	20
15662	-380,9416	15662	18,92167316794685	15662	20
15664	-380,9023	15664	19,043060973286444	15664	20
15666	-380,86310000000003	15666	19,135884144404862	15666	20
15668	-380,8235	15668	19,246570120337985	15668	20
15670	-380,7839	15670	19,338808433615586	15670	20
15672	-380,744	15672	19,440673694678718	15672	20
15674	-380,7036	15674	19,567228078901742	15674	20
15676	-380,6632	15676	19,672690065749528	15676	20
15678	-380,6223	15678	19,802241721459769	15678	20
15680	-380,5813	15680	19,918534767882875	15680	20
15682	-380,54060000000004	15682	19,990445639898933	15682	20
15684	-380,49920000000003	15684	20,108704699916618	15684	20
15686	-380,45750000000004	15686	20,232253916596484	15686	20
15688	-380,4159	15688	20,326878263831798	15688	20
15690	-380,37350000000004	15690	20,472398553192036	15690	20
15692	-380,3308	15692	20,618665460995434	15692	20
15694	-380,2882	15694	20,732221217495621	15694	20
15696	-380,2457	15696	20,818517681247865	15696	20
15698	-380,2031	15698	20,898764734372648	15698	20
15700	-380,1601	15700	20,99897061197774	15700	20
15702	-380,1166	15702	21,124142176647663	15702	20
15704	-380,0738	15704	21,1701184805397	15704	20
15706	-380,031	15706	21,208432067116394	15706	20
15708	-379,98720000000003	15708	21,323693389261667	15708	20
15710	-379,94390000000004	15710	21,378077824383716	15710	20
15712	-379,90110000000004	15712	21,381731520319743	15712	20
15714	-379,8577	15714	21,434776266934758	15714	20
15716	-379,8145	15716	21,46231355578005	15716	20
15718	-379,77070000000003	15718	21,53526129648138	15718	20
15720	-379,7269	15720	21,596051080403896	15720	20
15722	-379,68370000000004	15722	21,59670923366626	15722	20
15724	-379,6406	15724	21,588924361391726	15724	20
15726	-379,59770000000003	15726	21,565770301157659	15726	20
15728	-379,5554	15728	21,496475250965677	15728	20
15730	-379,5133	15730	21,422062709138473	15730	20
15732	-379,4715	15732	21,335052257617342	15732	20
15734	-379,4295	15734	21,279210214678884	15734	20
15736	-379,387	15736	21,274341845567253	15736	20
15738	-379,34430000000003	15738	21,286951537970044	15738	20
15740	-379,3016	15740	21,297459614977104	15740	20
15742	-379,2586	15742	21,331216345814784	15742	20
15744	-379,2158	15744	21,342680288178965	15744	20
15746	-379,17260000000005	15746	21,385566906812151	15746	20
15748	-379,12890000000004	15748	21,462972422343558	15748	20
15750	-379,08500000000004	15750	21,544143685286951	15750	20
15752	-379,0414	15752	21,586786404407984	15752	20
15754	-378,99850000000004	15754	21,563988670337874	15754	20
15756	-378,95570000000004	15756	21,536657225281541	15756	20
15758	-378,9135	15758	21,463881021071007	15758	20
15760	-378,8709	15760	21,436567517558597	15760	20
15762	-378,82820000000004	15762	21,422139597962829	15762	20
15764	-378,78540000000004	15764	21,418449664969003	15764	20
15766	-378,7425	15766	21,423708054143457	15766	20
15768	-378,6994	15768	21,444756711784652	15768	20
15770	-378,65630000000004	15770	21,462297259818982	15770	20
15772	-378,61310000000003	15772	21,485247716516906	15772	20
15774	-378,56980000000004	15774	21,512706430429748	15774	20
15776	-378,52610000000004	15776	21,568922025358223	15776	20
15778	-378,4827	15778	21,590768354466825	15778	20
15780	-378,43960000000004	15780	21,583973628720795	15780	20
15782	-378,3963	15782	21,594978023937724	15782	20
15784	-378,3532	15784	21,587481686613209	15784	20
15786	-378,3102	15786	21,572901405511541	15786	20
15788	-378,2674	15788	21,544084504592931	15788	20
15790	-378,2248	15790	21,50340375382687	15790	20
15792	-378,18260000000004	15792	21,436169794854045	15792	20
15794	-378,1406	15794	21,36347482904754	15794	20
15796	-378,0992	15796	21,252895690873792	15796	20
15798	-378,05780000000004	15798	21,1607464090576	15798	20
15800	-378,0167	15800	21,058955340883717	15800	20
15802	-377,97610000000003	15802	20,932462784068392	15802	20
15804	-377,93580000000003	15804	20,802052320057161	15804	20
15806	-377,89590000000004	15806	20,660043600046695	15806	20
15808	-377,8567	15808	20,483369666709809	15808	20
15810	-377,8183	15810	20,269474722255453	15810	20
15812	-377,7801	15812	20,074562268547677	15812	20
15814	-377,74260000000004	15814	19,853801890453557	15814	20
15816	-377,70550000000003	15816	19,636501575378752	15816	20
15818	-377,6684	15818	19,45541797948308	15818	20
15820	-377,6318	15820	19,262848316237676	15820	20
15822	-377,5956	15822	19,069040263532063	15822	20
15824	-377,5597	15824	18,882533552940856	15824	20
15826	-377,5237	15826	18,735444627450828	15826	20
15828	-377,4879	15828	18,596203856208582	15828	20
15830	-377,4528	15830	18,421836546840478	15830	20
15832	-377,4176	15832	18,284863789036368	15832	20
15834	-377,3818	15834	18,220719824196536	15834	20
15836	-377,346	15836	18,167266520163341	15836	20
15838	-377,3106	15838	18,089388766801239	15838	20
15840	-377,27500000000003	15840	18,041157305666708	15840	20
15842	-377,2395	15842	17,99263108805669	15842	20
15844	-377,2044	15844	17,918859240047237	15844	20
15846	-377,1694	15846	17,849049366708115	15846	20
15848	-377,1347	15848	17,76587447225565	15848	20
15850	-377,10020000000003	15850	17,679895393544708	15850	20
15852	-377,06550000000004	15852	17,624912827952809	15852	20
15854	-377,0306	15854	17,595760689964848	15854	20
15856	-376,9955	15856	17,588133908304034	15856	20
15858	-376,9599	15858	17,6234449235857	15858	20
15860	-376,92420000000004	15860	17,661204102985	15860	20
15862	-376,88820000000004	15862	17,717670085820949	15862	20
15864	-376,8517	15864	17,80639173818799	15864	20
15866	-376,81530000000004	15866	17,871993115153142	15866	20
15868	-376,7791	15868	17,909994262628288	15868	20
15870	-376,74190000000004	15870	18,024995218855604	15870	20
15872	-376,7045	15872	18,137496015716991	15872	20
15874	-376,6673	15874	18,214580013096189	15874	20
15876	-376,6302	15876	18,270483344247612	15876	20
15878	-376,593	15878	18,325402786871706	15878	20
15880	-376,5559	15880	18,36283565572721	15880	20
15882	-376,5186	15882	18,410696379774016	15882	20
15884	-376,481	15884	18,475580316478151	15884	20
15886	-376,4431	15886	18,554650263730057	15886	20
15888	-376,4051	15888	18,628875219775956	15888	20
15890	-376,3663	15890	18,757396016478349	15890	20
15892	-376,32710000000003	15892	18,897830013731451	15892	20
15894	-376,28770000000003	15894	19,03152501144292	15894	20
15896	-376,248	15896	19,167937509539009	15896	20
15898	-376,2083	15898	19,281614591281016	15898	20
15900	-376,1685	15900	19,384678826068665	15900	20
15902	-376,1286	15902	19,478899021722949	15902	20
15904	-376,0892	15904	19,51574918476917	15904	20
15906	-376,0498	15906	19,546457653974354	15906	20
15908	-376,0109	15908	19,530381378312992	15908	20
15910	-375,9726	15910	19,466984481926865	15910	20
15912	-375,93420000000003	15912	19,422487068269668	15912	20
15914	-375,8956	15914	19,402072556893962	15914	20
15916	-375,8567	15916	19,410060464079333	15916	20
15918	-375,8172	15918	19,4667170533974	15918	20
15920	-375,77680000000004	15920	19,588930877829242	15920	20
15922	-375,7359	15922	19,732442398192862	15922	20
15924	-375,69480000000004	15924	19,868701998491694	15924	20
15926	-375,6537	15926	19,982251665412129	15926	20
15928	-375,61240000000004	15928	20,093543054508302	15928	20
15930	-375,5706	15930	20,227952545425534	15930	20
15932	-375,5283	15932	20,381627121188906	15932	20
15934	-375,4861	15934	20,501355934322408	15934	20
15936	-375,4438	15936	20,60946327860297	15936	20
15938	-375,4019	15938	20,666219398835665	15938	20
15940	-375,3605	15940	20,671849499030564	15940	20
15942	-375,3188	15942	20,70154124919144	15942	20
15944	-375,2776	15944	20,684617707659822	15944	20
15946	-375,23560000000003	15946	20,737181423047616	15946	20
15948	-375,1931	15948	20,82265118587453	15948	20
15950	-375,15000000000003	15950	20,943875988227216	15950	20
15952	-375,107	15952	21,036563323523211	15952	20
15954	-375,06440000000003	15954	21,080469436268768	15954	20
15956	-375,0217	15956	21,125391196892707	15956	20
15958	-374,97950000000003	15958	21,121159330742241	15958	20
15960	-374,93710000000004	15960	21,134299442284075	15960	20
15962	-374,8947	15962	21,145249535240339	15962	20
15964	-374,85220000000004	15964	21,162707946030395	15964	20
15966	-374,8099	15966	21,160589955026293	15966	20
15968	-374,7677	15968	21,150491629191631	15968	20
15970	-374,7253	15970	21,158743024325233	15970	20
15972	-374,683	15972	21,157285853605323	15972	20
15974	-374,6413	15974	21,106071544670407	15974	20
15976	-374,5994	15976	21,080059620558529	15976	20
15978	-374,5571	15978	21,091716350466402	15978	20
15980	-374,51480000000004	15980	21,10143029205156	15980	20
15982	-374,4723	15982	21,126191910044483	15982	20
15984	-374,4296	15984	21,163493258372473	15984	20
15986	-374,3868	15986	21,202911048643706	15986	20
15988	-374,3439	15988	21,244092540534307	15988	20
15990	-374,3011	15990	21,270077117111903	15990	20
15992	-374,25820000000004	15992	21,300064264257806	15992	20
15994	-374,2155	15994	21,308386886883575	15994	20
15996	-374,17310000000003	15996	21,290322405735186	15996	20
15998	-374,13050000000004	15998	21,291935338112079	15998	20
16000	-374,0878	16000	21,301612781762135	16000	20
16002	-374,0452	16002	21,301343984801203	16002	20
16004	-374,00210000000004	16004	21,342786653999443	16004	20
16006	-373,9587	16006	21,40232221166784	16006	20
16008	-373,9155	16008	21,435268509724285	16008	20
16010	-373,8727	16010	21,429390424770215	16010	20
16012	-373,8303	16012	21,391158687307385	16012	20
16014	-373,7884	16014	21,317632239422675	16014	20
16016	-373,7465	16016	21,256360199518753	16016	20
16018	-373,7052	16018	21,155300166268564	16018	20
16020	-373,6644	16020	21,029416805222986	16020	20
16022	-373,62370000000004	16022	20,916180671015692	16022	20
16024	-373,5837	16024	20,763483892514781	16024	20
16026	-373,5439	16026	20,619569910430137	16026	20
16028	-373,50460000000004	16028	20,457974925355849	16028	20
16030	-373,4653	16030	20,32331243779868	16030	20
16032	-373,4264	16032	20,177760364833265	16032	20
16034	-373,38800000000003	16034	20,014800304024998	16034	20
16036	-373,3501	16036	19,837333586690498	16036	20
16038	-373,3132	16038	19,606111322242317	16038	20
16040	-373,27680000000004	16040	19,371759435198417	16040	20
16042	-373,2404	16042	19,1764661959999	16042	20
16044	-373,2051	16044	18,9220551633338	16044	20
16046	-373,1701	16046	18,685045969446918	16046	20
16048	-373,135	16048	18,49587164120576	16048	20
16050	-373,0996	16050	18,36322636766992	16050	20
16052	-373,0643	16052	18,244355306392148	16052	20
16054	-373,02930000000003	16054	18,120296088657469	16054	20
16056	-372,9937	16056	18,0669134072183	16056	20
16058	-372,958	16058	18,030761172678833	16058	20
16060	-372,9223	16060	18,000634310567346	16060	20
16062	-372,88620000000003	16062	18,008861925470811	16062	20
16064	-372,84950000000003	16064	18,065718271225357	16064	20
16066	-372,81300000000005	16066	18,096431892686926	16066	20
16068	-372,7763	16068	18,13869324391019	16068	20
16070	-372,7395	16070	18,182244369922749	16070	20
16072	-372,7027	16072	18,218536974937951	16072	20
16074	-372,6657	16074	18,265447479113103	16074	20
16076	-372,62870000000004	16076	18,30453956592573	16076	20
16078	-372,5917	16078	18,337116304940988	16078	20
16080	-372,5545	16080	18,380930254116187	16080	20
16082	-372,5171	16082	18,434108545096073	16082	20
16084	-372,4792	16084	18,520090454249729	16084	20
16086	-372,44050000000004	16086	18,658408711870514	16086	20
16088	-372,401	16088	18,84034059322812	16088	20
16090	-372,3609	16090	19,041950494356382	16090	20
16092	-372,32030000000003	16092	19,25162541196228	16092	20
16094	-372,2792	16094	19,468021176637617	16094	20
16096	-372,23760000000004	16096	19,690017647194672	16096	20
16098	-372,1958	16098	19,891681372664177	16098	20
16100	-372,1538	16100	20,076401143889317	16100	20
16102	-372,11150000000004	16102	20,255334286570658	16102	20
16104	-372,0697	16104	20,362778572144165	16104	20
16106	-372,02770000000004	16106	20,468982143451239	16106	20
16108	-371,98580000000004	16108	20,549151786209222	16108	20
16110	-371,9445	16110	20,565959821843954	16110	20
16112	-371,90290000000005	16112	20,604966518199955	16112	20
16114	-371,86080000000004	16114	20,679138765167039	16114	20
16116	-371,81870000000004	16116	20,740948970972941	16116	20
16118	-371,7767	16118	20,784124142479953	16118	20
16120	-371,73470000000003	16120	20,820103452064394	16120	20
16122	-371,6922	16122	20,891752876721846	16122	20
16124	-371,6494	16124	20,976460730601517	16124	20
16126	-371,6059	16126	21,105383942167478	16126	20
16128	-371,562	16128	21,246153285140217	16128	20
16130	-371,5177	16130	21,396794404285274	16130	20
16132	-371,47360000000003	16132	21,505662003567533	16132	20
16134	-371,42900000000003	16134	21,638051669639829	16134	20
16136	-371,3849	16136	21,706709724701064	16136	20
16138	-371,341	16138	21,747258103918206	16138	20
16140	-371,2966	16140	21,822715086598173	16140	20
16142	-371,2518	16142	21,918929238832582	16142	20
16144	-371,2071	16144	21,990774365691948	16144	20
16146	-371,1624	16146	22,050645304746155	16146	20
16148	-371,11780000000005	16148	22,092204420617279	16148	20
16150	-371,0729	16150	22,151837017184484	16150	20
16152	-371,0282	16152	22,1848641809852	16152	20
16154	-370,9836	16154	22,204053484154553	16154	20
16156	-370,9391	16156	22,211711236797772	16156	20
16158	-370,8954	16158	22,151426030664908	16158	20
16160	-370,8523	16160	22,051188358885863	16160	20
16162	-370,80940000000004	16162	21,950990299069439	16162	20
16164	-370,76590000000004	16164	21,917491915890746	16164	20
16166	-370,7226	16166	21,872909929912684	16166	20
16168	-370,67920000000004	16168	21,844091608257468	16168	20
16170	-370,636	16170	21,803409673548977	16170	20
16172	-370,5931	16172	21,744508061293438	16172	20
16174	-370,5507	16174	21,653756717743406	16174	20
16176	-370,5084	16176	21,569797264787134	16176	20
16178	-370,4663	16178	21,483164387323022	16178	20
16180	-370,4246	16180	21,377636989435153	16180	20
16182	-370,38280000000003	16182	21,298030824526506	16182	20
16184	-370,3415	16184	21,190025687108356	16184	20
16186	-370,3004	16186	21,083354739254606	16186	20
16188	-370,2601	16188	20,927795616045675	16188	20
16190	-370,2199	16190	20,78982968004032	16190	20
16192	-370,18030000000005	16192	20,624858066696131	16192	20
16194	-370,1411	16194	20,454048388917673	16194	20
16196	-370,1017	16196	20,328373657431438	16196	20
16198	-370,0622	16198	20,231978047857488	16198	20
16200	-370,02250000000004	16200	20,168315039879751	16200	20
16202	-369,98240000000004	16202	20,148595866566076	16202	20
16204	-369,942	16204	20,157163222141207	16204	20
16206	-369,90160000000003	16206	20,16430268511575	16206	20
16208	-369,8612	16208	20,170252237599271	16208	20
16210	-369,82070000000004	16210	20,183543531328709	16210	20
16212	-369,7799	16212	20,219619609444511	16212	20
16214	-369,7388	16214	20,274683007868067	16214	20
16216	-369,6979	16216	20,303902506558551	16216	20
16218	-369,65700000000004	16218	20,328252088795882	16218	20
16220	-369,6159	16220	20,365210073998949	16220	20
16222	-369,5752	16222	20,362675061667066	16222	20
16224	-369,5348	16224	20,335562551387298	16224	20
16226	-369,4948	16226	20,279635459491121	16226	20
16228	-369,4547	16228	20,241362882908884	16228	20
16230	-369,41470000000004	16230	20,201135735754374	16230	20
16232	-369,3748	16232	20,15927977979911	16232	20
16234	-369,3354	16234	20,082733149832638	16234	20
16236	-369,2962	16236	20,002277624860024	16236	20
16238	-369,25690000000003	16238	19,943564687380757	16238	20
16240	-369,218	16240	19,861303906151662	16240	20
16242	-369,17990000000003	16242	19,726086588458536	16242	20
16244	-369,14250000000004	16244	19,555072157048031	16244	20
16246	-369,10580000000004	16246	19,354226797539706	16246	20
16248	-369,06960000000004	16248	19,145188997950424	16248	20
16250	-369,034	16250	18,920990831629098	16250	20
16252	-368,9988	16252	18,70082569302215	16252	20
16254	-368,9639	16254	18,492354744184563	16254	20
16256	-368,92920000000004	16256	18,301962286819357	16256	20
16258	-368,8944	16258	18,151635239017661	16258	20
16260	-368,8595	16260	18,034696032514159	16260	20
16262	-368,82480000000004	16262	17,920580027094019	16262	20
16264	-368,7901	16264	17,825483355915306	16264	20
16266	-368,75600000000003	16266	17,69623612992665	16266	20
16268	-368,721	16268	17,663530108274294	16268	20
16270	-368,68620000000004	16270	17,619608423558706	16270	20
16272	-368,6515	16272	17,574673686302546	16272	20
16274	-368,61670000000004	16274	17,545561405248918	16274	20
16276	-368,5819	16276	17,521301171042296	16276	20
16278	-368,547	16278	17,509417642534686	16278	20
16280	-368,5118	16280	17,524514702114875	16280	20
16282	-368,47700000000003	16282	17,503762251759191	16282	20
16284	-368,442	16284	17,50313520980141	16284	20
16286	-368,4076	16286	17,452612674834935	16286	20
16288	-368,3731	16288	17,418843895694113	16288	20
16290	-368,3385	16290	17,399036579746074	16290	20
16292	-368,3039	16292	17,382530483122707	16292	20
16294	-368,2686	16294	17,427108735936137	16294	20
16296	-368,2326	16296	17,522590613280229	16296	20
16298	-368,19570000000004	16298	17,677158844395692	16298	20
16300	-368,1583	16300	17,847632370333731	16300	20
16302	-368,1204	16302	18,031360308609706	16302	20
16304	-368,0824	16304	18,192800257175666	16304	20
16306	-368,0443	16306	18,33566688097854	16306	20
16308	-368,00600000000003	16308	18,471389067481489	16308	20
16310	-367,9672	16310	18,626157556237697	16310	20
16312	-367,9278	16312	18,805131296864793	16312	20
16314	-367,8878	16314	19,004276080717631	16314	20
16316	-367,84810000000004	16316	19,1452300672632	16316	20
16318	-367,8086	16318	19,246025056055359	16318	20
16320	-367,7687	16320	19,363354213378528	16320	20
16322	-367,7283	16322	19,502795177818253	16322	20
16324	-367,68800000000005	16324	19,610662648177307	16324	20
16326	-367,6471	16326	19,750552206816252	16326	20
16328	-367,60560000000004	16328	19,917126839012294	16328	20
16330	-367,5639	16330	20,072605699180954	16330	20
16332	-367,52230000000003	16332	20,193838082647456	16332	20
16334	-367,481	16334	20,269865068875816	16334	20
16336	-367,43940000000003	16336	20,358220890726507	16336	20
16338	-367,3979	16338	20,423517408942246	16338	20
16340	-367,3564	16340	20,477931174117288	16340	20
16342	-367,31510000000003	16342	20,506609311762602	16342	20
16344	-367,2737	16344	20,538841093136345	16344	20
16346	-367,2325	16346	20,549034244280577	16346	20
16348	-367,1915	16348	20,540861870233549	16348	20
16350	-367,15070000000003	16350	20,517384891860473	16350	20
16352	-367,1095	16352	20,531154076550685	16352	20
16354	-367,0677	16354	20,59262839712752	16354	20
16356	-367,02570000000003	16356	20,6605236642707	16356	20
16358	-366,98310000000004	16358	20,767103053558341	16358	20
16360	-366,9411	16360	20,80591921130112	16360	20
16362	-366,8994	16362	20,813266009416903	16362	20
16364	-366,8573	16364	20,852721674514495	16364	20
16366	-366,81530000000004	16366	20,877268062093179	16366	20
16368	-366,77320000000003	16368	20,906056718411392	16368	20
16370	-366,7314	16370	20,905047265344777	16370	20
16372	-366,69	16372	20,87087272112149	16372	20
16374	-366,6481	16374	20,884060600934429	16374	20
16376	-366,6057	16376	20,936717167444229	16376	20
16378	-366,5634	16378	20,972264306204487	16378	20
16380	-366,5208	16380	21,0268869218365	16380	20
16382	-366,4775	16382	21,130739101529411	16382	20
16384	-366,4339	16384	21,242282584610034	16384	20
16386	-366,39070000000004	16386	21,301902153838043	16386	20
16388	-366,3478	16388	21,326585128200993	16388	20
16390	-366,3055	16390	21,297154273501789	16390	20
16392	-366,26320000000004	16392	21,272628561247718	16392	20
16394	-366,22130000000004	16394	21,218857134372954	16394	20
16396	-366,17920000000004	16396	21,190714278644538	16396	20
16398	-366,1369	16398	21,183928565538078	16398	20
16400	-366,0941	16400	21,21994047128171	16400	20
16402	-366,05100000000004	16402	21,2749503927332	16402	20
16404	-366,00780000000003	16404	21,329125327278753	16404	20
16406	-365,9646	16406	21,374271106066715	16406	20
16408	-365,921	16408	21,445225921724454	16408	20
16410	-365,87760000000003	16410	21,487688268100612	16410	20
16412	-365,83410000000003	16412	21,531406890083389	16412	20
16414	-365,7908	16414	21,551172408406554	16414	20
16416	-365,74780000000004	16416	21,542643673667921	16416	20
16418	-365,7049	16418	21,527203061392555	16418	20
16420	-365,66220000000004	16420	21,497669217824463	16420	20
16422	-365,6197	16422	21,456391014855235	16422	20
16424	-365,5774	16424	21,405325845713659	16424	20
16426	-365,5351	16426	21,362771538095679	16426	20
16428	-365,4929	16428	21,318976281744717	16428	20
16430	-365,4506	16430	21,29081356812156	16430	20
16432	-365,408	16432	21,292344640100726	16432	20
16434	-365,36560000000003	16434	21,276953866749476	16434	20
16436	-365,32280000000003	16436	21,297461555624544	16436	20
16438	-365,2798	16438	21,331217963020986	16438	20
16440	-365,2363	16440	21,401014969183702	16440	20
16442	-365,1927	16442	21,467512474321943	16442	20
16444	-365,1495	16444	21,489593728602706	16444	20
16446	-365,1068	16446	21,466328107166255	16446	20
16448	-365,0645	16448	21,413606755972843	16448	20
16450	-365,02270000000004	16450	21,328005629974584	16450	20
16452	-364,98150000000004	16452	21,206671358312441	16452	20
16454	-364,9406	16454	21,080559465262198	16454	20
16456	-364,8998	16456	20,967132887717682	16456	20
16458	-364,8596	16458	20,822610739766994	16458	20
16460	-364,81980000000004	16460	20,668842283135579	16460	20
16462	-364,7801	16462	20,532368569282895	16462	20
16464	-364,7411	16464	20,360307141068017	16464	20
16466	-364,7028	16466	20,158589284222717	16466	20
16468	-364,6651	16468	19,940491070188045	16468	20
16470	-364,6283	16470	19,68374255848763	16470	20
16472	-364,5913	16472	19,486452132075907	16472	20
16474	-364,55420000000004	16474	19,330376776725974	16474	20
16476	-364,51750000000004	16476	19,166980647271327	16476	20
16478	-364,4811	16478	19,005817206060662	16478	20
16480	-364,44550000000004	16480	18,804847671716225	16480	20
16482	-364,41	16482	18,629039726431287	16482	20
16484	-364,37460000000004	16484	18,474199772024527	16484	20
16486	-364,3389	16486	18,370166476688759	16486	20
16488	-364,30310000000003	16488	18,291805397240193	16488	20
16490	-364,2678	16490	18,184837831034041	16490	20
16492	-364,23240000000004	16492	18,104031525860158	16492	20
16494	-364,1968	16494	18,053359604887209	16494	20
16496	-364,16130000000004	16496	18,002799670735705	16496	20
16498	-364,1261	16498	17,935666392282393	16498	20
16500	-364,0901	16500	17,946388660235442	16500	20
16502	-364,05400000000003	16502	17,963657216860891	16502	20
16504	-364,0177	16504	17,99471434738739	16504	20
16506	-363,9816	16506	18,003928622820847	16506	20
16508	-363,9454	16508	18,019940519018043	16508	20
16510	-363,9094	16510	18,016617099181815	16510	20
16512	-363,873	16512	18,047180915986068	16512	20
16514	-363,83660000000003	16514	18,072650763318208	16514	20
16516	-363,79990000000004	16516	18,118875636098188	16516	20
16518	-363,7629	16518	18,182396363418036	16518	20
16520	-363,7257	16520	18,251996969513726	16520	20
16522	-363,6884	16522	18,318330807929446	16522	20
16524	-363,65110000000004	16524	18,373609006604475	16524	20
16526	-363,61330000000004	16526	18,461340838837419	16526	20
16528	-363,5753	16528	18,551117365698758	16528	20
16530	-363,5368	16530	18,66759780474889	16530	20
16532	-363,498	16532	18,789664837293866	16532	20
16534	-363,4589	16534	18,916387364408404	16534	20
16536	-363,4195	16536	19,046989470340382	16536	20
16538	-363,3801	16538	19,155824558617031	16538	20
16540	-363,3413	16540	19,196520465517317	16540	20
16542	-363,3028	16542	19,205433721264356	16542	20
16544	-363,2642	16544	19,221194767718128	16544	20
16546	-363,2257	16546	19,225995639765031	16546	20
16548	-363,1873	16548	19,221663033139546	16548	20
16550	-363,14840000000004	16550	19,259719194279249	16550	20
16552	-363,10900000000004	16552	19,333099328566085	16552	20
16554	-363,069	16554	19,444249440473442	16554	20
16556	-363,0288	16556	19,553541200396793	16556	20
16558	-362,98810000000003	16558	19,686284333660531	16558	20
16560	-362,9476	16560	19,780236944717831	16560	20
16562	-362,9065	16562	19,908530787267242	16562	20
16564	-362,86510000000004	16564	20,040442322718807	16564	20
16566	-362,8234	16566	20,175368602269714	16566	20
16568	-362,7812	16568	20,32947383522308	16568	20
16570	-362,7393	16570	20,432894862685757	16570	20
16572	-362,6981	16572	20,460745718905088	16572	20
16574	-362,6574	16574	20,442288099088849	16574	20
16576	-362,6168	16576	20,418573415906003	16576	20
16578	-362,57710000000003	16578	20,323811179920177	16578	20
16580	-362,5376	16580	20,228175983269505	16580	20
16582	-362,4977	16582	20,181813319390315	16582	20
16584	-362,4574	16584	20,1765110994921	16584	20
16586	-362,4171	16586	20,172092582910253	16586	20
16588	-362,3766	16588	20,185077152425933	16588	20
16590	-362,336	16590	20,204230960353573	16590	20
16592	-362,29540000000003	16592	20,22019246695994	16592	20
16594	-362,2548	16594	20,23349372246998	16594	20
16596	-362,21450000000004	16596	20,219578102053745	16596	20
16598	-362,1739	16598	20,232981751714821	16598	20
16600	-362,1334	16600	20,235818126429738	16600	20
16602	-362,09290000000004	16602	20,238181772020763	16602	20
16604	-362,0532	16604	20,173484810020547	16604	20
16606	-362,0135	16606	20,11957067501563	16606	20
16608	-361,9743	16608	20,032975562512519	16608	20
16610	-361,935	16610	19,969146302095904	16610	20
16612	-361,8949	16612	19,982621918412868	16612	20
16614	-361,8537	16614	20,085518265344344	16614	20
16616	-361,812	16616	20,212931887786254	16616	20
16618	-361,7704	16618	20,310776573156609	16618	20
16620	-361,7285	16620	20,417313810963698	16620	20
16622	-361,6865	16622	20,514428175800848	16622	20
16624	-361,64500000000004	16624	20,553690146499456	16624	20
16626	-361,6033	16626	20,603075122086921	16626	20
16628	-361,5618	16628	20,62756260173785	16628	20
16630	-361,5199	16630	20,68130216811473	16630	20
16632	-361,4783	16632	20,701085140097003	16632	20
16634	-361,43690000000004	16634	20,700904283410274	16634	20
16636	-361,3958	16636	20,675753569510945	16636	20
16638	-361,35490000000004	16638	20,638127974589544	16638	20
16640	-361,31370000000004	16640	20,631773312158241	16640	20
16642	-361,27180000000004	16642	20,684811093465058	16642	20
16644	-361,2294	16644	20,77067591122449	16644	20
16646	-361,1872	16646	20,825563259352062	16646	20
16648	-361,1454	16648	20,837969382795333	16648	20
16650	-361,10360000000003	16650	20,848307818993323	16650	20
16652	-361,06210000000004	16652	20,831923182493185	16652	20
16654	-361,0206	16654	20,818269318747809	16654	20
16656	-360,97900000000004	16656	20,815224432286502	16656	20
16658	-360,93780000000004	16658	20,779353693572375	16658	20
16660	-360,8965	16660	20,757794744646581	16660	20
16662	-360,8548	16662	20,773162287204787	16662	20
16664	-360,8129	16664	20,802635239337178	16664	20
16666	-360,77090000000004	16666	20,83552936611208	16666	20
16668	-360,7287	16668	20,879607805096455	16668	20
16670	-360,68600000000004	16670	20,958006504244381	16670	20
16672	-360,6433	16672	21,023338753539054	16672	20
16674	-360,6008	16674	21,061115627950727	16674	20
16676	-360,5581	16676	21,109263023289607	16676	20
16678	-360,5154	16678	21,149385852743407	16678	20
16680	-360,4733	16680	21,132821543953249	16680	20
16682	-360,4314	16682	21,102351286627563	16682	20
16684	-360,3897	16684	21,060292738855605	16684	20
16686	-360,3484	16686	20,9919106157112	16686	20
16688	-360,3077	16688	20,88492551309394	16688	20
16690	-360,2681	16690	20,70410459424555	16690	20
16692	-360,2293	16692	20,486753828536344	16692	20
16694	-360,1911	16694	20,255628190448419	16694	20
16696	-360,1528	16696	20,071356825373055	16696	20
16698	-360,11490000000003	16698	19,884464021142477	16698	20
16700	-360,0772	16700	19,712053350954513	16700	20
16702	-360,0399	16702	19,535044459130102	16702	20
16704	-360,00280000000004	16704	19,370870382604469	16704	20
16706	-359,9658	16706	19,225725318839938	16706	20
16708	-359,92900000000003	16708	19,088104432364208	16708	20
16710	-359,89230000000003	16710	18,965087026969854	16710	20
16712	-359,856	16712	18,829239189144857	16712	20
16714	-359,81980000000004	16714	18,707699324283311	16714	20
16716	-359,78450000000004	16716	18,531416103569974	16716	20
16718	-359,7488	16718	18,417846752976633	16718	20
16720	-359,7131	16720	18,323205627482182	16720	20
16722	-359,6773	16722	18,252671356234714	16722	20
16724	-359,64140000000003	16724	18,202226130193065	16724	20
16726	-359,60560000000004	16726	18,151855108493784	16726	20
16728	-359,5695	16728	18,134879257080915	16728	20
16730	-359,533	16730	18,154066047566559	16730	20
16732	-359,49600000000004	16732	18,21172170630361	16732	20
16734	-359,4585	16734	18,301434755254903	16734	20
16736	-359,42060000000004	16736	18,409528962710684	16736	20
16738	-359,3829	16738	18,482940802261353	16738	20
16740	-359,345	16740	18,560784001882727	16740	20
16742	-359,30690000000004	16742	18,642320001567757	16742	20
16744	-359,2685	16744	18,735266667975147	16744	20
16746	-359,22970000000004	16746	18,846055556644341	16746	20
16748	-359,1904	16748	18,980046297205753	16748	20
16750	-359,1505	16750	19,141705247670522	16750	20
16752	-359,1105	16752	19,284754373060473	16752	20
16754	-359,0701	16754	19,437295310881805	16754	20
16756	-359,0294	16756	19,589412759069447	16756	20
16758	-358,98830000000004	16758	19,749510632555516	16758	20
16760	-358,94730000000004	16760	19,874592193795998	16760	20
16762	-358,9057	16762	20,028826828164728	16762	20
16764	-358,8639	16764	20,174022356805889	16764	20
16766	-358,8222	16766	20,286685297337542	16766	20
16768	-358,7801	16768	20,413904414448361	16768	20
16770	-358,73810000000003	16770	20,511587012038067	16770	20
16772	-358,6961	16772	20,59298917670089	16772	20
16774	-358,65450000000004	16774	20,627490980580735	16774	20
16776	-358,61310000000003	16776	20,639575817151453	16776	20
16778	-358,5713	16778	20,682979847628161	16778	20
16780	-358,5289	16780	20,769149873022339	16780	20
16782	-358,4859	16782	20,89095822751915	16782	20
16784	-358,44280000000003	16784	21,000798522931063	16784	20
16786	-358,3996	16786	21,100665435776971	16786	20
16788	-358,3561	16788	21,208887863147023	16788	20
16790	-358,31210000000004	16790	21,340739885954413	16790	20
16792	-358,2679	16792	21,467283238299196	16792	20
16794	-358,2234	16794	21,597736031913573	16794	20
16796	-358,17900000000003	16796	21,698113359927643	16796	20
16798	-358,1345	16798	21,790094466608682	16798	20
16800	-358,0898	16800	21,883412055505364	16800	20
16802	-358,0455	16802	21,927843379589561	16802	20
16804	-358,00120000000004	16804	21,964869482988323	16804	20
16806	-357,957	16806	21,987391235827456	16806	20
16808	-357,9128	16808	22,006159363188658	16808	20
16810	-357,8687	16810	22,013466135991756	16810	20
16812	-357,8245	16812	22,02788844665891	16812	20
16814	-357,78020000000004	16814	22,048240372212781	16814	20
16816	-357,7359	16816	22,065200310179076	16816	20
16818	-357,69210000000004	16818	22,037666925147235	16818	20
16820	-357,6481	16820	22,031389104292661	16820	20
16822	-357,6044	16822	22,001157586910651	16822	20
16824	-357,5614	16824	21,917631322426075	16824	20
16826	-357,5185	16826	21,839692768686284	16826	20
16828	-357,47610000000003	16828	21,733077307237444	16828	20
16830	-357,4338	16830	21,635897756032165	16830	20
16832	-357,3915	16832	21,554914796694433	16832	20
16834	-357,3492	16834	21,487428997246322	16834	20
16836	-357,30740000000003	16836	21,389524164369149	16836	20
16838	-357,2656	16838	21,307936803642907	16838	20
16840	-357,2237	16840	21,248280669702279	16840	20
16842	-357,1822	16842	21,165233891417316	16842	20
16844	-357,14050000000003	16844	21,112694909513731	16844	20
16846	-357,09860000000003	16846	21,085579091261298	16846	20
16848	-357,0563	16848	21,096315909385378	16848	20
16850	-357,01390000000004	16850	21,113596591153353	16850	20
16852	-356,9715	16852	21,127997159298069	16852	20
16854	-356,9297	16854	21,089997632745604	16854	20
16856	-356,8884	16856	21,016664693957605	16856	20
16858	-356,84720000000004	16858	20,947220578293557	16858	20
16860	-356,8062	16860	20,8726838152491	16860	20
16862	-356,7652	16862	20,810569846040654	16862	20
16864	-356,7243	16864	20,750474871697634	16864	20
16866	-356,6834	16866	20,700395726416524	16866	20
16868	-356,6424	16868	20,666996438680172	16868	20
16870	-356,60110000000003	16870	20,664163698898339	16870	20
16872	-356,5597	16872	20,670136415749457	16872	20
16874	-356,51840000000004	16874	20,666780346456076	16874	20
16876	-356,4773	16876	20,647316955382443	16876	20
16878	-356,43620000000004	16878	20,631097462816346	16878	20
16880	-356,3953	16880	20,600914552348783	16880	20
16882	-356,355	16882	20,525762126957488	16882	20
16884	-356,3154	16884	20,404801772465174	16884	20
16886	-356,27660000000003	16886	20,237334810386031	16886	20
16888	-356,2382	16888	20,064445675323711	16888	20
16890	-356,2002	16890	19,887038062770671	16890	20
16892	-356,1623	16892	19,730865052307159	16892	20
16894	-356,1245	16894	19,592387543589659	16894	20
16896	-356,08680000000004	16896	19,468656286322428	16896	20
16898	-356,0493	16898	19,348880238603918	16898	20
16900	-356,01210000000003	16900	19,224066865501964	16900	20
16902	-355,97540000000004	16902	19,078389054584651	16902	20
16904	-355,939	16904	18,931990878821765	16904	20
16906	-355,9029	16906	18,784992399020897	16906	20
16908	-355,8672	16908	18,629160332514331	16908	20
16910	-355,8319	16910	18,465966943762488	16910	20
16912	-355,7969	16912	18,304972453137491	16912	20
16914	-355,7622	16914	18,145810377613461	16914	20
16916	-355,7282	16916	17,954841981343868	16916	20
16918	-355,6942	16918	17,795701651119209	16918	20
16920	-355,6609	16920	17,604751375932423	16920	20
16922	-355,6277	16922	17,437292813278862	16922	20
16924	-355,5944	16924	17,3060773443988	16924	20
16926	-355,56080000000003	16926	17,221731120330546	16926	20
16928	-355,5269	16928	17,176442600276864	16928	20
16930	-355,4927	16930	17,163702166897259	16930	20
16932	-355,458	16932	17,194751805746602	16932	20
16934	-355,42330000000004	16934	17,22062650478772	16934	20
16936	-355,3886	16936	17,242188753993389	16936	20
16938	-355,35360000000003	16938	17,285157294991841	16938	20
16940	-355,3188	16940	17,304297745828066	16940	20
16942	-355,284	16942	17,320248121524919	16942	20
16944	-355,2491	16944	17,341873434603539	16944	20
16946	-355,21410000000003	16946	17,368227862166961	16946	20
16948	-355,1787	16948	17,423523218475658	16948	20
16950	-355,1427	16950	17,519602682063162	16950	20
16952	-355,1066	16952	17,608002235050659	16952	20
16954	-355,0709	16954	17,648335195877202	16954	20
16956	-355,03470000000004	16956	17,723612663226934	16956	20
16958	-354,9981	16958	17,819677219357551	16958	20
16960	-354,96110000000004	16960	17,933064349462772	16960	20
16962	-354,9232	16962	18,102553624555313	16962	20
16964	-354,8842	16964	18,335461353795033	16964	20
16966	-354,8451	16966	18,537884461497445	16966	20
16968	-354,8059	16968	18,71490371791403	16968	20
16970	-354,76660000000004	16970	18,870753098259094	16970	20
16972	-354,7275	16972	18,983960915217494	16972	20
16974	-354,68870000000004	16974	19,05330076267963	16974	20
16976	-354,6489	16976	19,194417302234179	16976	20
16978	-354,60880000000003	16978	19,337014418528096	16978	20
16980	-354,5686	16980	19,464178682109004	16980	20
16982	-354,528	16982	19,603482235089466	16982	20
16984	-354,488	16984	19,669568529242927	16984	20
16986	-354,4483	16986	19,69964044103428	16986	20
16988	-354,408	16988	19,774700367528734	16988	20
16990	-354,36740000000003	16990	19,862250306272575	16990	20
16992	-354,32640000000004	16992	19,968541921893546	16992	20
16994	-354,2848	16994	20,107118268246019	16994	20
16996	-354,2427	16996	20,264265223538757	16996	20
16998	-354,2002	16998	20,428554352950481	16998	20
17000	-354,1575	17000	20,582128627456068	17000	20
17002	-354,1148	17002	20,710107189548793	17002	20
17004	-354,072	17004	20,825089324623974	17004	20
17006	-354,0292	17006	20,920907770519957	17006	20
17008	-353,9863	17008	21,009089808764518	17008	20
17010	-353,9436	17010	21,0659081739725	17010	20
17012	-353,9014	17012	21,071590144975403	17012	20
17014	-353,85900000000004	17014	21,092991787478375	17014	20
17016	-353,8167	17016	21,102493156232942	17016	20
17018	-353,7745	17018	21,102077630197172	17018	20
17020	-353,7328	17020	21,060064691830281	17020	20
17022	-353,69030000000004	17022	21,091720576522015	17022	20
17024	-353,64750000000004	17024	21,143100480434992	17024	20
17026	-353,60490000000004	17026	21,169250400361918	17026	20
17028	-353,5618	17028	21,23270866697144	17028	20
17030	-353,5192	17030	21,243923889142295	17030	20
17032	-353,4768	17032	21,236603240950785	17032	20
17034	-353,43510000000003	17034	21,172169367458292	17034	20
17036	-353,39320000000004	17036	21,135141139548431	17036	20
17038	-353,351	17038	21,129284282960082	17038	20
17040	-353,30870000000004	17040	21,132736902462963	17040	20
17042	-353,2669	17042	21,093947418721083	17042	20
17044	-353,2249	17044	21,078289515603405	17044	20
17046	-353,183	17046	21,056907929669361	17046	20
17048	-353,14140000000003	17048	21,014089941387795	17048	20
17050	-353,0992	17050	21,028408284492883	17050	20
17052	-353,0568	17052	21,057006903742941	17052	20
17054	-353,01500000000004	17054	21,030839086449664	17054	20
17056	-352,973	17056	21,025699238710555	17056	20
17058	-352,9309	17058	21,029749365592536	17058	20
17060	-352,88890000000004	17060	21,024791137991546	17060	20
17062	-352,84680000000003	17062	21,028992614993363	17062	20
17064	-352,8046	17064	21,040827179164193	17064	20
17066	-352,7626	17066	21,03402264930126	17066	20
17068	-352,7207	17068	21,020018874417573	17068	20
17070	-352,6789	17070	21,000015728683259	17070	20
17072	-352,63710000000003	17072	20,983346440566596	17072	20
17074	-352,595	17074	20,994455367139238	17074	20
17076	-352,5523	17076	21,053712805951434	17076	20
17078	-352,5094	17078	21,119760671624082	17078	20
17080	-352,46680000000003	17080	21,14980055968616	17080	20
17082	-352,42420000000004	17082	21,174833799737893	17082	20
17084	-352,3815	17084	21,204028166450314	17084	20
17086	-352,3392	17086	21,195023472042891	17086	20
17088	-352,2973	17088	21,154186226702265	17088	20
17090	-352,2556	17090	21,10348852225119	17090	20
17092	-352,214	17092	21,052907101877388	17092	20
17094	-352,172	17094	21,044089251562255	17094	20
17096	-352,13	17096	21,036741042971048	17096	20
17098	-352,0878	17098	21,047284202474192	17098	20
17100	-352,0457	17100	21,047736835395568	17100	20
17102	-352,00350000000003	17102	21,05644736282796	17102	20
17104	-351,96160000000003	17104	21,038706135689822	17104	20
17106	-351,92	17106	20,998921779742915	17106	20
17108	-351,87850000000003	17108	20,95743481645118	17108	20
17110	-351,837	17110	20,922862347046138	17110	20
17112	-351,79560000000004	17112	20,885718622534554	17112	20
17114	-351,7549	17114	20,796432185446736	17114	20
17116	-351,7149	17116	20,663693487873985	17116	20
17118	-351,6757	17118	20,48641123989448	17118	20
17120	-351,6368	17120	20,313676033246431	17120	20
17122	-351,5983	17122	20,13639669437195	17122	20
17124	-351,56010000000003	17124	19,963663911973349	17124	20
17126	-351,5224	17126	19,77805325998024	17126	20
17128	-351,4851	17128	19,590044383318208	17128	20
17130	-351,44820000000004	17130	19,400036986094005	17130	20
17132	-351,41130000000004	17132	19,241697488411905	17132	20
17134	-351,37440000000004	17134	19,109747907010156	17134	20
17136	-351,3379	17136	18,966456589178996	17136	20
17138	-351,30080000000004	17138	18,897047157645215	17138	20
17140	-351,2636	17140	18,847539298041113	17140	20
17142	-351,2266	17142	18,789616081699073	17142	20
17144	-351,19010000000003	17144	18,69968006808169	17144	20
17146	-351,15340000000003	17146	18,641400056734422	17146	20
17148	-351,1172	17148	18,551166713946017	17148	20
17150	-351,0811	17150	18,467638928291109	17150	20
17152	-351,04490000000004	17152	18,406365773571856	17152	20
17154	-351,009	17154	18,330304811312086	17154	20
17156	-350,973	17156	18,275254009426853	17156	20
17158	-350,93710000000004	17158	18,221045007853178	17158	20
17160	-350,901	17160	18,192537506547076	17160	20
17162	-350,86510000000004	17162	18,1521145887867	17162	20
17164	-350,829	17164	18,13509549065834	17164	20
17166	-350,7926	17166	18,145912908883169	17166	20
17168	-350,7559	17168	18,179927424068989	17168	20
17170	-350,71840000000003	17170	18,274939520054652	17170	20
17172	-350,68100000000004	17172	18,345782933378128	17172	20
17174	-350,64340000000004	17174	18,421485777814912	17174	20
17176	-350,6055	17176	18,50957148151543	17176	20
17178	-350,5679	17178	18,557976234595994	17178	20
17180	-350,5306	17180	18,573313528831338	17180	20
17182	-350,4927	17182	18,636094607357713	17182	20
17184	-350,4544	17184	18,721745506130798	17184	20
17186	-350,4158	17186	18,818121255111567	17186	20
17188	-350,37690000000003	17188	18,923434379255934	17188	20
17190	-350,3379	17190	19,01952864938362	17190	20
17192	-350,2987	17192	19,116273874485842	17192	20
17194	-350,2592	17194	19,221894895402823	17194	20
17196	-350,2192	17196	19,351579079504056	17196	20
17198	-350,17900000000003	17198	19,476315899584236	17198	20
17200	-350,13870000000003	17200	19,588596582987034	17200	20
17202	-350,098	17202	19,715497152490471	17202	20
17204	-350,0571	17204	19,837914293743889	17204	20
17206	-350,01640000000003	17206	19,923261911449778	17206	20
17208	-349,9757	17208	19,994384926209424	17208	20
17210	-349,93530000000004	17210	20,028654105172595	17210	20
17212	-349,89500000000004	17212	20,048878420977331	17212	20
17214	-349,8546	17214	20,074065350817254	17214	20
17216	-349,8142	17216	20,095054459012452	17216	20
17218	-349,7736	17218	20,12921204918041	17218	20
17220	-349,733	17220	20,157676707648971	17220	20
17222	-349,69190000000003	17222	20,223063923038453	17222	20
17224	-349,651	17224	20,260886602533873	17224	20
17226	-349,6102	17226	20,28407216877741	17226	20
17228	-349,5691	17228	20,328393473983557	17228	20
17230	-349,5281	17230	20,356994561652698	17230	20
17232	-349,4869	17232	20,397495468044205	17232	20
17234	-349,44620000000003	17234	20,389579556700042	17234	20
17236	-349,4053	17236	20,3996496305852	17236	20
17238	-349,3643	17238	20,416374692154069	17238	20
17240	-349,32320000000004	17240	20,438645576792698	17240	20
17242	-349,2825	17242	20,423871313995189	17242	20
17244	-349,2422	17244	20,378226094996158	17244	20
17246	-349,20120000000003	17246	20,398521745829868	17246	20
17248	-349,1599	17248	20,440434788194491	17248	20
17250	-349,11830000000003	17250	20,50036232349207	17250	20
17252	-349,07620000000003	17252	20,591968602910466	17252	20
17254	-349,03430000000003	17254	20,651640502425245	17254	20
17256	-348,9927	17256	20,676367085355768	17256	20
17258	-348,9511	17258	20,6969725711312	17258	20
17260	-348,9092	17260	20,739143809275856	17260	20
17262	-348,8673	17262	20,774286507729734	17262	20
17264	-348,8256	17264	20,786905423107413	17264	20
17266	-348,78450000000004	17266	20,747421185920487	17266	20
17268	-348,74350000000004	17268	20,706184321600141	17268	20
17270	-348,7027	17270	20,655153601337368	17270	20
17272	-348,66220000000004	17272	20,587628001110456	17272	20
17274	-348,6214	17274	20,556356667595963	17274	20
17276	-348,5802	17276	20,56363055633026	17276	20
17278	-348,53880000000004	17278	20,58635879693799	17278	20
17280	-348,4973	17280	20,613632330785148	17280	20
17282	-348,4558	17282	20,63636027565304	17282	20
17284	-348,41400000000004	17284	20,680300229708081	17284	20
17286	-348,3718	17286	20,750250191426456	17286	20
17288	-348,32980000000003	17288	20,791875159519812	17288	20
17290	-348,2875	17290	20,85156263293414	17290	20
17292	-348,2454	17292	20,884635527445525	17292	20
17294	-348,2034	17294	20,903862939540439	17294	20
17296	-348,1615	17296	20,911552449616888	17296	20
17298	-348,1202	17298	20,867960374678937	17298	20
17300	-348,0793	17300	20,798300312234275	17300	20
17302	-348,0384	17302	20,740250260192319	17302	20
17304	-347,9975	17304	20,691875216828763	17304	20
17306	-347,9563	17306	20,676562680690925	17306	20
17308	-347,9148	17308	20,688802233907854	17308	20
17310	-347,873	17310	20,724001861591827	17310	20
17312	-347,8306	17312	20,803334884658728	17312	20
17314	-347,7885	17314	20,844445737216017	17314	20
17316	-347,7463	17316	20,887038114345	17316	20
17318	-347,7042	17318	20,914198428621241	17318	20
17320	-347,6621	17320	20,936832023851444	17320	20
17322	-347,62030000000004	17322	20,930693353206749	17322	20
17324	-347,57890000000003	17324	20,892244461006467	17324	20
17326	-347,53810000000004	17326	20,810203717504571	17326	20
17328	-347,49760000000003	17328	20,716836431254531	17328	20
17330	-347,45730000000003	17330	20,622363692712277	17330	20
17332	-347,4173	17332	20,518636410595271	17332	20
17334	-347,3777	17334	20,398863675496656	17334	20
17336	-347,3378	17336	20,324053062912942	17336	20
17338	-347,298	17338	20,253377552428603	17338	20
17340	-347,2586	17340	20,161147960357216	17340	20
17342	-347,2201	17342	20,009289966964271	17342	20
17344	-347,1816	17344	19,882741639136817	17344	20
17346	-347,1438	17346	19,718951365947706	17346	20
17348	-347,10650000000004	17348	19,540792804953028	17348	20
17350	-347,0695	17350	19,367327337463738	17350	20
17352	-347,0323	17352	19,239439447885147	17352	20
17354	-346,9955	17354	19,099532873239951	17354	20
17356	-346,9595	17356	18,916277394366741	17356	20
17358	-346,9245	17358	18,68023116196963	17358	20
17360	-346,8892	17360	18,508525968308572	17360	20
17362	-346,8537	17362	18,382104973591577	17362	20
17364	-346,81850000000003	17364	18,251754144657546	17364	20
17366	-346,7831	17366	18,159795120551145	17366	20
17368	-346,7475	17368	18,09982926712496	17368	20
17370	-346,7121	17370	18,033191055935923	17370	20
17372	-346,67670000000004	17372	17,97765921327839	17372	20
17374	-346,6415	17374	17,914716011067963	17374	20
17376	-346,60630000000003	17376	17,862263342554535	17376	20
17378	-346,5707	17378	17,85188611879919	17378	20
17380	-346,53470000000004	17380	17,876571765661367	17380	20
17382	-346,49830000000003	17382	17,930476471385695	17382	20
17384	-346,4612	17384	18,0337303928222	17384	20
17386	-346,4238	17386	18,144775327351084	17386	20
17388	-346,38620000000003	17388	18,253979439459041	17388	20
17390	-346,3484	17390	18,36164953288289	17390	20
17392	-346,3106	17392	18,4513746107361	17392	20
17394	-346,2724	17394	18,559478842281546	17394	20
17396	-346,2335	17396	18,707899035235656	17396	20
17398	-346,19440000000003	17398	18,848249196026561	17398	20
17400	-346,1548	17400	19,006874330022733	17400	20
17402	-346,11490000000003	17402	19,164061941684672	17402	20
17404	-346,0751	17404	19,286718284738377	17404	20
17406	-346,0353	17406	19,3889319039498	17406	20
17408	-345,9954	17408	19,482443253290562	17408	20
17410	-345,9553	17410	19,577036044408416	17410	20
17412	-345,91540000000003	17412	19,639196703672742	17412	20
17414	-345,8752	17414	19,715997253062877	17414	20
17416	-345,8344	17416	19,829997710884914	17416	20
17418	-345,79310000000004	17418	19,966664759068959	17418	20
17420	-345,7518	17420	20,080553965893735	17420	20
17422	-345,7104	17422	20,183794971578955	17422	20
17424	-345,6689	17424	20,278162476314545	17424	20
17426	-345,62690000000003	17426	20,398468730259886	17426	20
17428	-345,5847	17428	20,515390608552959	17428	20
17430	-345,54240000000004	17430	20,621158840457024	17430	20
17432	-345,4999	17432	20,725965700382368	17432	20
17434	-345,4571	17434	20,838304750318621	17434	20
17436	-345,4142	17436	20,940253958601474	17436	20
17438	-345,37100000000004	17438	21,050211632164242	17438	20
17440	-345,3284	17440	21,091843026807698	17440	20
17442	-345,2858	17442	21,126535855672508	17442	20
17444	-345,243	17444	21,172113213060403	17444	20
17446	-345,1993	17446	21,2850943442171	17446	20
17448	-345,1556	17448	21,379245286847684	17448	20
17450	-345,1125	17450	21,407704405704845	17450	20
17452	-345,0691	17452	21,456420338089011	17452	20
17454	-345,02570000000003	17454	21,497016948404408	17454	20
17456	-344,98220000000003	17456	21,539180790336552	17456	20
17458	-344,9382	17458	21,615983991950426	17458	20
17460	-344,8944	17460	21,663319993290028	17460	20
17462	-344,851	17462	21,669433327743327	17462	20
17464	-344,8081	17464	21,632861106450658	17464	20
17466	-344,7652	17466	21,602384255378169	17466	20
17468	-344,7228	17468	21,535320212814014	17468	20
17470	-344,6805	17470	21,471100177345974	17470	20
17472	-344,6386	17472	21,384250147788169	17472	20
17474	-344,5969	17474	21,295208456489444	17474	20
17476	-344,55510000000004	17476	21,229340380405084	17476	20
17478	-344,5131	17478	21,191116983673407	17478	20
17480	-344,4714	17480	21,134264153060474	17480	20
17482	-344,43010000000004	17482	21,053553460881925	17482	20
17484	-344,38910000000004	17484	20,961294550734674	17484	20
17486	-344,3476	17486	20,926078792282382	17486	20
17488	-344,30600000000004	17488	20,90506566023198	17488	20
17490	-344,2644	17490	20,887554716861377	17490	20
17492	-344,2232	17492	20,839628930718103	17492	20
17494	-344,1821	17494	20,791357442267469	17494	20
17496	-344,141	17496	20,7511312018872	17496	20
17498	-344,0994	17498	20,759276001574062	17498	20
17500	-344,05740000000003	17500	20,799396667976151	17500	20
17502	-344,0153	17502	20,841163889980535	17502	20
17504	-343,9728	17504	20,909303241651962	17504	20
17506	-343,93	17506	20,991086034709948	17506	20
17508	-343,887	17508	21,07590502892549	17508	20
17510	-343,8437	17510	21,171587524103568	17510	20
17512	-343,8005	17512	21,242989603420725	17512	20
17514	-343,75730000000004	17514	21,302491336180285	17514	20
17516	-343,71430000000004	17516	21,335409446817437	17516	20
17518	-343,67170000000004	17518	21,329507872347289	17518	20
17520	-343,6295	17520	21,291256560292464	17520	20
17522	-343,58770000000004	17522	21,226047133574266	17522	20
17524	-343,54630000000003	17524	21,138372611312729	17524	20
17526	-343,50460000000004	17526	21,090310509426576	17526	20
17528	-343,4629	17528	21,05025875785952	17528	20
17530	-343,4207	17530	21,058548964881254	17530	20
17532	-343,3782	17532	21,090457470735895	17532	20
17534	-343,336	17534	21,092047892278231	17534	20
17536	-343,2942	17536	21,060039910233808	17536	20
17538	-343,2527	17538	21,008366591860256	17538	20
17540	-343,2113	17540	20,956972159884387	17540	20
17542	-343,1701	17542	20,897476799903945	17542	20
17544	-343,129	17544	20,839563999917598	17544	20
17546	-343,08840000000004	17546	20,749636666596626	17546	20
17548	-343,0482	17548	20,641363888832778	17548	20
17550	-343,0082	17550	20,534469907362354	17550	20
17552	-342,9687	17552	20,403724922799917	17552	20
17554	-342,9298	17554	20,244770769000962	17554	20
17556	-342,89140000000003	17556	20,07064230749808	17556	20
17558	-342,8535	17558	19,883868589584733	17558	20
17560	-342,8154	17560	19,744890491319428	17560	20
17562	-342,7773	17562	19,629075409431675	17562	20
17564	-342,7394	17564	19,515896174529395	17564	20
17566	-342,70210000000003	17566	19,371580145437768	17566	20
17568	-342,6652	17568	19,217983454531709	17568	20
17570	-342,6281	17570	19,106652878777211	17570	20
17572	-342,5913	17572	18,988877398983337	17572	20
17574	-342,5543	17574	18,907397832484257	17574	20
17576	-342,51750000000004	17576	18,822831527067805	17576	20
17578	-342,481	17578	18,727359605893703	17578	20
17580	-342,44480000000004	17580	18,622799671574018	17580	20
17582	-342,4094	17582	18,468999726314873	17582	20
17584	-342,3743	17584	18,315833105262389	17584	20
17586	-342,33910000000003	17586	18,19652758771656	17586	20
17588	-342,3041	17588	18,080439656432549	17588	20
17590	-342,2687	17590	18,017033047025578	17590	20
17592	-342,2336	17592	17,939194205854641	17592	20
17594	-342,1984	17594	17,882661838214837	17594	20
17596	-342,1634	17596	17,818884865176379	17596	20
17598	-342,1282	17598	17,782404054316288	17598	20
17600	-342,09250000000003	17600	17,793670045260487	17600	20
17602	-342,0568	17602	17,80305837105206	17602	20
17604	-342,02090000000004	17604	17,827548642540851	17604	20
17606	-341,9851	17606	17,83962386878834	17606	20
17608	-341,9488	17608	17,891353223988858	17608	20
17610	-341,9121	17610	17,967794353323729	17610	20
17612	-341,87510000000003	17612	18,056495294434583	17612	20
17614	-341,8378	17614	18,155412745363495	17614	20
17616	-341,8009	17616	18,204510621136482	17616	20
17618	-341,7643	17618	18,22042551761551	17618	20
17620	-341,7273	17620	18,267021264677737	17620	20
17622	-341,69030000000004	17622	18,305851053896259	17622	20
17624	-341,6532	17624	18,346542544914339	17624	20
17626	-341,61560000000003	17626	18,42211878742842	17626	20
17628	-341,5774	17628	18,535098989525146	17628	20
17630	-341,53860000000003	17630	18,679249157936006	17630	20
17632	-341,49920000000003	17632	18,849374298280051	17632	20
17634	-341,4596	17634	19,007811915233976	17634	20
17636	-341,4196	17636	19,173176596030018	17636	20
17638	-341,3795	17638	19,31931383002463	17638	20
17640	-341,33950000000004	17640	19,432761525017494	17640	20
17642	-341,2993	17642	19,543967937516836	17642	20
17644	-341,2591	17644	19,636639947932956	17644	20
17646	-341,2187	17646	19,730533289942205	17646	20
17648	-341,1787	17648	19,775444408286877	17648	20
17650	-341,1385	17650	19,829537006903251	17650	20
17652	-341,09860000000003	17652	19,849614172418438	17652	20
17654	-341,05850000000004	17654	19,883011810348314	17654	20
17656	-341,0179	17656	19,952509841960293	17656	20
17658	-340,9767	17658	20,060424868300533	17658	20
17660	-340,9349	17660	20,200354056914325	17660	20
17662	-340,8928	17662	20,341961714095678	17662	20
17664	-340,8508	17664	20,4516347617489	17664	20
17666	-340,80850000000004	17666	20,568028968120309	17666	20
17668	-340,76640000000003	17668	20,648357473434	17668	20
17670	-340,7239	17670	20,748631227863182	17670	20
17672	-340,6822	17672	20,765526023218619	17672	20
17674	-340,6401	17674	20,812938352682593	17674	20
17676	-340,598	17676	20,852448627235905	17676	20
17678	-340,5556	17678	20,910373856028794	17678	20
17680	-340,5136	17680	20,925311546693163	17680	20
17682	-340,4714	17682	20,954426288909289	17682	20
17684	-340,4287	17684	21,020355240759809	17684	20
17686	-340,3859	17686	21,083629367299821	17686	20
17688	-340,3432	17688	21,128024472747185	17688	20
17690	-340,30060000000003	17690	21,15668706062208	17690	20
17692	-340,2588	17692	21,113905883853683	17692	20
17694	-340,2167	17694	21,103254903211813	17694	20
17696	-340,1748	17696	21,077712419343033	17696	20
17698	-340,13280000000003	17698	21,064760349450292	17698	20
17700	-340,0906	17700	21,070633624544964	17700	20
17702	-340,0487	17702	21,050528020453992	17702	20
17704	-340,007	17704	21,017106683710963	17704	20
17706	-339,9651	17706	21,005922236425658	17706	20
17708	-339,92310000000003	17708	21,004935197019147	17708	20
17710	-339,88140000000004	17710	20,979112664181926	17710	20
17712	-339,83930000000004	17712	20,990927220152013	17712	20
17714	-339,797	17714	21,017439350127638	17714	20
17716	-339,754	17716	21,097866125106897	17716	20
17718	-339,71090000000004	17718	21,173221770920854	17718	20
17720	-339,6684	17720	21,186018142435561	17720	20
17722	-339,6265	17722	21,146681785362823	17722	20
17724	-339,5846	17724	21,11390148780221	17724	20
17726	-339,5434	17726	21,028251239835463	17726	20
17728	-339,502	17728	20,973542699863728	17728	20
17730	-339,46070000000003	17730	20,919618916551304	17730	20
17732	-339,41900000000004	17732	20,908015763792054	17732	20
17734	-339,37760000000003	17734	20,873346469827553	17734	20
17736	-339,3364	17736	20,827788724856582	17736	20
17738	-339,29490000000004	17738	20,814823937379234	17738	20
17740	-339,2532	17740	20,820686614486736	17740	20
17742	-339,2115	17742	20,825572178738248	17742	20
17744	-339,16970000000003	17744	20,837976815612421	17744	20
17746	-339,1279	17746	20,8483140130123	17746	20
17748	-339,086	17748	20,865261677510105	17748	20
17750	-339,04400000000004	17750	20,887718064589521	17750	20
17752	-339,00210000000004	17752	20,898098387157791	17752	20
17754	-338,9604	17754	20,8900819893022	17754	20
17756	-338,9189	17756	20,866734991083916	17756	20
17758	-338,8773	17758	20,855612492571325	17758	20
17760	-338,836	17760	20,821343743807635	17760	20
17762	-338,7952	17762	20,751119786505544	17762	20
17764	-338,7548	17764	20,659266488757432	17764	20
17766	-338,7147	17766	20,557722073964143	17766	20
17768	-338,67490000000004	17768	20,448101728299868	17768	20
17770	-338,63530000000003	17770	20,340084773583822	17770	20
17772	-338,59590000000003	17772	20,233403977986562	17772	20
17774	-338,557	17774	20,102836648323166	17774	20
17776	-338,51910000000004	17776	19,910697206934238	17776	20
17778	-338,48130000000003	17778	19,742247672445558	17778	20
17780	-338,4432	17780	19,626873060374852	17780	20
17782	-338,40540000000004	17782	19,505727550307995	17782	20
17784	-338,3684	17784	19,338106291926209	17784	20
17786	-338,3313	17786	19,206755243272628	17786	20
17788	-338,2944	17788	19,080629369394092	17788	20
17790	-338,2577	17790	18,958857807828092	17790	20
17792	-338,22110000000004	17792	18,849048173187114	17792	20
17794	-338,1847	17794	18,74087347765715	17794	20
17796	-338,14840000000004	17796	18,642394564712866	17796	20
17798	-338,1129	17798	18,493662137261822	17798	20
17800	-338,07750000000004	17800	18,361385114383307	17800	20
17802	-338,0418	17802	18,276154261987742	17802	20
17804	-338,00640000000004	17804	18,180128551654906	17804	20
17806	-337,971	17806	18,10010712638228	17806	20
17808	-337,93580000000003	17808	18,0167559386498	17808	20
17810	-337,9006	17810	17,94729661554414	17810	20
17812	-337,86560000000003	17812	17,872747179617463	17812	20
17814	-337,83050000000003	17814	17,818955983014547	17814	20
17816	-337,79540000000003	17816	17,774129985845448	17816	20
17818	-337,76	17818	17,76177498820773	17818	20
17820	-337,7242	17820	17,784812490172669	17820	20
17822	-337,688	17822	17,837343741811225	17822	20
17824	-337,6517	17824	17,889453118174597	17824	20
17826	-337,615	17826	17,966210931811847	17826	20
17828	-337,5781	17828	18,046842443176775	17828	20
17830	-337,541	17830	18,130702035981436	17830	20
17832	-337,5041	17832	18,1839183633181	17832	20
17834	-337,4665	17834	18,286598636098219	17834	20
17836	-337,4289	17836	18,372165530081652	17836	20
17838	-337,3911	17838	18,460137941735066	17838	20
17840	-337,35290000000003	17840	18,566781618109282	17840	20
17842	-337,3142	17842	18,697318015091547	17842	20
17844	-337,2753	17844	18,822765012577321	17844	20
17846	-337,23650000000004	17846	18,918970843812819	17846	20
17848	-337,1975	17848	19,015809036514359	17848	20
17850	-337,15840000000003	17850	19,104840863758813	17850	20
17852	-337,1193	17852	19,179034053133929	17852	20
17854	-337,07980000000003	17854	19,27419504427623	17854	20
17856	-337,04040000000003	17856	19,345162536896904	17856	20
17858	-337,0007	17858	19,429302114084	17858	20
17860	-336,961	17860	19,499418428401842	17860	20
17862	-336,92080000000004	17862	19,599515356999056	17862	20
17864	-336,88030000000003	17864	19,707929464166604	17864	20
17866	-336,8394	17866	19,831607886807333	17866	20
17868	-336,798	17868	19,976339905673619	17868	20
17870	-336,7565	17870	20,105283254726764	17870	20
17872	-336,7146	17872	20,246069378938827	17872	20
17874	-336,6729	17874	20,346724482448327	17874	20
17876	-336,6306	17876	20,480603735374569	17876	20
17878	-336,5881	17878	20,608836446146988	17878	20
17880	-336,5455	17880	20,724030371788583	17880	20
17882	-336,5029	17882	20,820025309823244	17882	20
17884	-336,4604	17884	20,891687758187551	17884	20
17886	-336,41790000000003	17886	20,951406465153074	17886	20
17888	-336,37510000000003	17888	21,026172054294207	17888	20
17890	-336,332	17890	21,113476711915016	17890	20
17892	-336,2887	17892	21,202897259928172	17892	20
17894	-336,24530000000004	17894	21,285747716603709	17894	20
17896	-336,202	17896	21,346456430506819	17896	20
17898	-336,1589	17898	21,380380358754124	17898	20
17900	-336,1159	17900	21,400316965628971	17900	20
17902	-336,07280000000003	17902	21,42526413802258	17902	20
17904	-336,03020000000004	17904	21,404386781684909	17904	20
17906	-335,9877	17906	21,378655651405605	17906	20
17908	-335,94550000000004	17908	21,332213042836322	17908	20
17910	-335,9032	17910	21,301844202364563	17910	20
17912	-335,8612	17912	21,251536835306304	17912	20
17914	-335,8193	17914	21,201280696088443	17914	20
17916	-335,7773	17916	21,167733913404803	17916	20
17918	-335,7357	17918	21,10644492783873	17918	20
17920	-335,69390000000004	17920	21,072037439862822	17920	20
17922	-335,6528	17922	20,985031199888066	17922	20
17924	-335,6118	17924	20,904192666573124	17924	20
17926	-335,5706	17926	20,853493888811226	17926	20
17928	-335,5292	17928	20,827911574010198	17928	20
17930	-335,4884	17930	20,756592978341015	17930	20
17932	-335,4481	17932	20,655494148617681	17932	20
17934	-335,40790000000004	17934	20,562911790512256	17934	20
17936	-335,3678	17936	20,477426492097898	17936	20
17938	-335,3279	17938	20,389522076747312	17938	20
17940	-335,2874	17940	20,366268397290149	17940	20
17942	-335,2465	17942	20,380223664405548	17942	20
17944	-335,20550000000003	17944	20,400186387004361	17944	20
17946	-335,1642	17946	20,441821989173235	17946	20
17948	-335,1227	17948	20,493184990976445	17948	20
17950	-335,0811	17950	20,5443208258151	17950	20
17952	-335,0391	17952	20,620267354843683	17952	20
17954	-334,997	17954	20,691889462370145	17954	20
17956	-334,9551	17956	20,73490788530831	17956	20
17958	-334,9133	17958	20,762423237758874	17958	20
17960	-334,8715	17960	20,785352698129607	17960	20
17962	-334,83000000000004	17962	20,779460581773421	17962	20
17964	-334,789	17964	20,732883818148988	17964	20
17966	-334,7482	17966	20,677403181790005	17966	20
17968	-334,7071	17968	20,656169318155982	17968	20
17970	-334,6657	17970	20,663474431797493	17970	20
17972	-334,62420000000003	17972	20,677895359829993	17972	20
17974	-334,58320000000003	17974	20,648246133191396	17974	20
17976	-334,54220000000004	17976	20,6235384443259	17976	20
17978	-334,5014	17978	20,586282036942166	17978	20
17980	-334,46070000000003	17980	20,546901697448341	17980	20
17982	-334,4201	17982	20,505751414543649	17982	20
17984	-334,37960000000004	17984	20,463126178782357	17984	20
17986	-334,33910000000003	17986	20,427605148986018	17986	20
17988	-334,2988	17988	20,381337624155183	17988	20
17990	-334,2591	17990	20,292781353465898	17990	20
17992	-334,22020000000003	17992	20,152317794551212	17992	20
17994	-334,18170000000003	17994	20,001931495459267	17994	20
17996	-334,14340000000004	17996	19,859942912882094	17996	20
17998	-334,10540000000003	17998	19,716619094069323	17998	20
18000	-334,06800000000004	18000	19,547182578390355	18000	20
18002	-334,03020000000004	18002	19,439318815325656	18002	20
18004	-333,9921	18004	19,374432346108268	18004	20
18006	-333,9543	18006	19,295360288423915	18006	20
18008	-333,9167	18008	19,212800240353069	18008	20
18010	-333,8798	18010	19,085666866961127	18010	20
18012	-333,8435	18012	18,929722389132849	18012	20
18014	-333,8075	18014	18,774768657610821	18014	20
18016	-333,7715	18016	18,645640548009133	18016	20
18018	-333,7362	18018	18,479700456674824	18018	20
18020	-333,7004	18020	18,383083713895246	18020	20
18022	-333,665	18022	18,269236428244493	18022	20
18024	-333,6298	18024	18,157697023539715	18024	20
18026	-333,5949	18026	18,039747519615869	18026	20
18028	-333,56010000000003	18028	17,933122933010019	18028	20
18030	-333,52520000000004	18030	17,852602444174455	18030	20
18032	-333,49010000000004	18032	17,802168703478706	18032	20
18034	-333,4546	18034	17,79347391956669	18034	20
18036	-333,4184	18036	17,844561599639576	18036	20
18038	-333,3813	18038	17,962134666367103	18038	20
18040	-333,344	18040	18,076778888640593	18040	20
18042	-333,3064	18042	18,197315740533632	18042	20
18044	-333,26840000000004	18044	18,331096450440867	18044	20
18046	-333,22990000000004	18046	18,484247042033982	18046	20
18048	-333,1915	18048	18,603539201697	18048	20
18050	-333,1531	18050	18,702949334749515	18050	20
18052	-333,1143	18052	18,819124445622982	18052	20
18054	-333,07480000000004	18054	18,974270371350439	18054	20
18056	-333,03520000000003	18056	19,111891976125964	18056	20
18058	-332,9957	18058	19,218243313440993	18058	20
18060	-332,9563	18060	19,298536094534207	18060	20
18062	-332,91650000000004	18062	19,398780078774923	18062	20
18064	-332,8767	18064	19,482316732313588	18064	20
18066	-332,8364	18066	19,593597276928158	18066	20
18068	-332,7957	18068	19,719664397441406	18068	20
18070	-332,7549	18070	19,833053664533686	18070	20
18072	-332,7139	18072	19,944211387111142	18072	20
18074	-332,6728	18074	20,045176155928335	18074	20
18076	-332,63210000000004	18076	20,095980129936816	18076	20
18078	-332,5914	18078	20,13831677494862	18078	20
18080	-332,55060000000003	18080	20,1819306457897	18080	20
18082	-332,5101	18082	20,193275538158804	18082	20
18084	-332,46930000000003	18084	20,227729615131519	18084	20
18086	-332,4286	18086	20,248108012610874	18086	20
18088	-332,3877	18088	20,281756677177558	18088	20
18090	-332,34680000000003	18090	20,309797230978386	18090	20
18092	-332,3061	18092	20,316497692483264	18092	20
18094	-332,2653	18094	20,330414743735236	18094	20
18096	-332,22470000000004	18096	20,325345619777991	18096	20
18098	-332,1836	18098	20,362788016484043	18098	20
18100	-332,1422	18100	20,418990013737545	18100	20
18102	-332,10040000000004	18102	20,4991583447785	18102	20
18104	-332,05850000000004	18104	20,574298620648605	18104	20
18106	-332,0168	18106	20,620248850544545	18106	20
18108	-331,97520000000003	18108	20,650207375450446	18108	20
18110	-331,93350000000004	18110	20,683506146208007	18110	20
18112	-331,8913	18112	20,752921788509727	18112	20
18114	-331,84880000000004	18114	20,835768157088218	18114	20
18116	-331,80580000000003	18116	20,946473464240714	18116	20
18118	-331,7629	18118	21,030394553536549	18118	20
18120	-331,7196	18120	21,133662127946117	18120	20
18122	-331,6759	18122	21,253051773288529	18122	20
18124	-331,6318	18124	21,385876477741647	18124	20
18126	-331,5881	18126	21,463230398118139	18126	20
18128	-331,5445	18128	21,5193586650959	18128	20
18130	-331,5009	18130	21,566132220915442	18130	20
18132	-331,45750000000004	18132	21,588443517426434	18132	20
18134	-331,4141	18134	21,607036264523668	18134	20
18136	-331,3707	18136	21,62253022043803	18136	20
18138	-331,32750000000004	18138	21,618775183694705	18138	20
18140	-331,2846	18140	21,590645986414877	18140	20
18142	-331,24170000000004	18142	21,567204988676952	18142	20
18144	-331,1994	18144	21,497670823898421	18144	20
18146	-331,1571	18146	21,439725686582978	18146	20
18148	-331,11510000000004	18148	21,366438072150249	18148	20
18150	-331,0726	18150	21,347031726793389	18150	20
18152	-331,0303	18152	21,31419310566212	18152	20
18154	-330,9884	18154	21,253494254718291	18154	20
18156	-330,9461	18156	21,236245212266205	18156	20
18158	-330,904	18158	21,205204343555579	18158	20
18160	-330,8619	18160	21,179336952963393	18160	20
18162	-330,8206	18162	21,091114127467691	18162	20
18164	-330,77930000000003	18164	21,017595106221272	18164	20
18166	-330,738	18166	20,956329255187327	18166	20
18168	-330,6965	18168	20,921941045988188	18168	20
18170	-330,6548	18170	20,909950871656125	18170	20
18172	-330,6136	18172	20,858292393047059	18172	20
18174	-330,5725	18174	20,806910327541598	18174	20
18176	-330,5312	18176	20,780758606282859	18176	20
18178	-330,4895	18178	20,792298838568353	18178	20
18180	-330,4476	18180	20,818582365473482	18180	20
18182	-330,40590000000003	18182	20,823818637893872	18182	20
18184	-330,3639	18184	20,853182198247396	18184	20
18186	-330,3217	18186	20,894318498537817	18186	20
18188	-330,2799	18188	20,89526541545013	18188	20
18190	-330,23810000000003	18190	20,896054512872322	18190	20
18192	-330,19710000000003	18192	20,830045427393337	18192	20
18194	-330,15610000000004	18194	20,77503785616085	18194	20
18196	-330,11490000000003	18196	20,745864880134331	18196	20
18198	-330,07390000000004	18198	20,704887400111676	18198	20
18200	-330,03290000000004	18200	20,6707395000928	18200	20
18202	-329,9921	18202	20,625616250081251	18202	20
18204	-329,9515	18204	20,57134687506634	18204	20
18206	-329,91130000000004	18206	20,492789062552806	18206	20
18208	-329,8712	18208	20,418990885465021	18208	20
18210	-329,8313	18210	20,340825737886579	18210	20
18212	-329,7914	18212	20,275688114904543	18212	20
18214	-329,7523	18214	20,154740095755372	18214	20
18216	-329,71410000000003	18216	19,97895007979287	18216	20
18218	-329,6761	18218	19,815791733161635	18218	20
18220	-329,63890000000004	18220	19,613159777633395	18220	20
18222	-329,6017	18222	19,444299814697931	18222	20
18224	-329,5654	18224	19,228583178913517	18224	20
18226	-329,5296	18226	19,007152649094159	18226	20
18228	-329,4936	18228	18,839293874245246	18228	20
18230	-329,4577	18230	18,691078228539912	18230	20
18232	-329,4217	18232	18,575898523783373	18232	20
18234	-329,3865	18234	18,413248769817379	18234	20
18236	-329,3512	18236	18,286040641515029	18236	20
18238	-329,3159	18238	18,180033867929737	18238	20
18240	-329,28040000000004	18240	18,108361556604475	18240	20
18242	-329,24490000000003	18242	18,048634630504829	18242	20
18244	-329,2096	18244	17,982195525421236	18244	20
18246	-329,1734	18246	18,001829604518363	18246	20
18248	-329,13710000000003	18248	18,026524670430543	18248	20
18250	-329,101	18250	18,030437225361545	18250	20
18252	-329,065	18252	18,025364354468067	18252	20
18254	-329,0289	18254	18,029470295388077	18254	20
18256	-328,9928	18256	18,032891912826155	18256	20
18258	-328,9565	18258	18,052409927353704	18258	20
18260	-328,9196	18260	18,118674939461656	18260	20
18262	-328,8824	18262	18,198895782883412	18262	20
18264	-328,8451	18264	18,274079819070852	18264	20
18266	-328,8072	18266	18,386733182557307	18266	20
18268	-328,7694	18268	18,472277652131446	18268	20
18270	-328,731	18270	18,593564710111554	18270	20
18272	-328,6922	18272	18,727970591758016	18272	20
18274	-328,6528	18274	18,889975493131725	18274	20
18276	-328,6141	18276	18,966646244276916	18276	20
18278	-328,5751	18278	19,055538536896368	18278	20
18280	-328,53610000000003	18280	19,129615447412579	18280	20
18282	-328,4973	18282	19,174679539513605	18282	20
18284	-328,4585	18284	19,212232949593055	18284	20
18286	-328,41970000000003	18286	19,2435274579926	18286	20
18288	-328,3815	18288	19,2196062149953	18288	20
18290	-328,3432	18290	19,208005179162122	18290	20
18292	-328,3047	18292	19,215004315968361	18292	20
18294	-328,266	18294	19,237503596640778	18294	20
18296	-328,22720000000004	18296	19,264586330532367	18296	20
18298	-328,1883	18298	19,295488608778005	18298	20
18300	-328,1492	18300	19,337907173983254	18300	20
18302	-328,1095	18302	19,423255978317886	18302	20
18304	-328,0697	18304	19,502713315266057	18304	20
18306	-328,0299	18306	19,568927762722865	18306	20
18308	-327,99010000000004	18308	19,624106468932137	18308	20
18310	-327,9499	18310	19,703422057445707	18310	20
18312	-327,91	18312	19,744518381203818	18312	20
18314	-327,87	18314	19,787098651004886	18314	20
18316	-327,83000000000004	18316	19,822582209167706	18316	20
18318	-327,7902	18318	19,835485174307575	18318	20
18320	-327,7499	18320	19,887904311923148	18320	20
18322	-327,70910000000003	18322	19,97325359326847	18322	20
18324	-327,668	18324	20,069377994392774	18324	20
18326	-327,6266	18326	20,174481661994822	18326	20
18328	-327,5851	18328	20,270401384994432	18328	20
18330	-327,5432	18330	20,383667820828549	18330	20
18332	-327,5014	18332	20,469723184025739	18332	20
18334	-327,4595	18334	20,549769320021305	18334	20
18336	-327,4178	18336	20,599807766683725	18336	20
18338	-327,3761	18338	20,64150647223574	18338	20
18340	-327,334	18340	20,709588726863526	18340	20
18342	-327,29220000000004	18342	20,741323939050151	18342	20
18344	-327,25100000000003	18344	20,717769949208748	18344	20
18346	-327,2101	18346	20,673141624342453	18346	20
18348	-327,1693	18348	20,627618020284558	18348	20
18350	-327,1283	18350	20,606348350236868	18350	20
18352	-327,0874	18352	20,580290291865886	18352	20
18354	-327,0464	18354	20,566908576554642	18354	20
18356	-327,0052	18356	20,572423813795822	18356	20
18358	-326,9638	18358	20,59368651149736	18358	20
18360	-326,92240000000004	18360	20,611405426243905	18360	20
18362	-326,8817	18362	20,56783785520453	18362	20
18364	-326,841	18364	20,531531546005052	18364	20
18366	-326,8005	18366	20,4846096216716	18366	20
18368	-326,7599	18368	20,453841351391628	18368	20
18370	-326,7197	18370	20,394867792828613	18370	20
18372	-326,67920000000004	18372	20,370723160686495	18372	20
18374	-326,6385	18374	20,367269300573355	18374	20
18376	-326,5975	18376	20,389391083810864	18376	20
18378	-326,5566	18378	20,399492569844217	18378	20
18380	-326,5162	18380	20,366243808201588	18380	20
18382	-326,4759	18382	20,330203173501491	18382	20
18384	-326,4349	18384	20,358502644584313	18384	20
18386	-326,3933	18386	20,43208553715499	18386	20
18388	-326,35130000000004	18388	20,526737947626923	18388	20
18390	-326,3091	18390	20,62228162302549	18390	20
18392	-326,2668	18392	20,710234685855536	18392	20
18394	-326,2244	18394	20,79186223821182	18394	20
18396	-326,182	18396	20,859885198508724	18396	20
18398	-326,1395	18398	20,924904332092119	18398	20
18400	-326,0971	18400	20,97075361007564	18400	20
18402	-326,05510000000004	18402	20,975628008394132	18402	20
18404	-326,0129	18404	20,996356673664831	18404	20
18406	-325,971	18406	20,988630561387215	18406	20
18408	-325,92920000000004	18408	20,973858801153224	18408	20
18410	-325,8867	18410	21,019882334295868	18410	20
18412	-325,84450000000004	18412	21,033235278578211	18412	20
18414	-325,8025	18414	21,027696065484346	18414	20
18416	-325,7609	18416	20,989746721238351	18416	20
18418	-325,7197	18418	20,92478893436558	18418	20
18420	-325,6793	18420	20,803990778636059	18420	20
18422	-325,63960000000003	18422	20,644992315528558	18422	20
18424	-325,6005	18424	20,462493596275383	18424	20
18426	-325,5615	18426	20,30207799689509	18426	20
18428	-325,52230000000003	18428	20,185064997412066	18428	20
18430	-325,4836	18430	20,045887497843868	18430	20
18432	-325,445	18432	19,92157291487246	18432	20
18434	-325,40610000000004	18434	19,842977429056678	18434	20
18436	-325,3673	18436	19,769147857550355	18436	20
18438	-325,32890000000003	18438	19,674289881289241	18438	20
18440	-325,2908	18440	19,570241567744588	18440	20
18442	-325,2532	18442	19,441867973120296	18442	20
18444	-325,2156	18444	19,334889977600053	18444	20
18446	-325,17850000000004	18446	19,20407498132943	18446	20
18448	-325,1417	18448	19,070062484443518	18448	20
18450	-325,1048	18450	18,9667187370365	18450	20
18452	-325,0681	18452	18,863932280863434	18452	20
18454	-325,03180000000003	18454	18,74494356738477	18454	20
18456	-324,9961	18456	18,595786306155627	18456	20
18458	-324,95980000000003	18458	18,521488588461597	18458	20
18460	-324,92310000000003	18460	18,492907157051015	18460	20
18462	-324,8861	18462	18,494089297545393	18462	20
18464	-324,8496	18464	18,453407747953623	18464	20
18466	-324,8132	18466	18,411173123295907	18466	20
18468	-324,7772	18468	18,34264426941337	18468	20
18470	-324,7404	18470	18,352203557842067	18470	20
18472	-324,7031	18472	18,401836298203065	18472	20
18474	-324,6655	18474	18,468196915169024	18474	20
18476	-324,62800000000004	18476	18,515164095971343	18476	20
18478	-324,5901	18478	18,587636746645789	18478	20
18480	-324,552	18480	18,664697288870308	18480	20
18482	-324,5138	18482	18,737247740726719	18482	20
18484	-324,4755	18484	18,806039783938303	18484	20
18486	-324,4374	18486	18,846699819947403	18486	20
18488	-324,3994	18488	18,872249849957079	18488	20
18490	-324,3607	18490	18,951874874964709	18490	20
18492	-324,3217	18492	19,043229062469528	18492	20
18494	-324,2826	18494	19,127690885392859	18494	20
18496	-324,2436	18496	19,189742404492989	18496	20
18498	-324,20390000000003	18498	19,299785337076	18498	20
18500	-324,1641	18500	19,399821114231152	18500	20
18502	-324,12420000000003	18502	19,491517595191688	18502	20
18504	-324,0838	18504	19,609597995995884	18504	20
18506	-324,0433	18506	19,716331663330624	18506	20
18508	-324,00260000000003	18508	19,821943052772056	18508	20
18510	-323,9622	18510	19,884952543979526	18510	20
18512	-323,9221	18512	19,912460453315887	18512	20
18514	-323,8823	18514	19,910383711097726	18514	20
18516	-323,84250000000003	18516	19,908653092577854	18516	20
18518	-323,803	18518	19,882210910484236	18518	20
18520	-323,7634	18520	19,868509092070795	18520	20
18522	-323,7237	18522	19,865424243390837	18522	20
18524	-323,6838	18524	19,879520202824761	18524	20
18526	-323,6442	18526	19,8662668356879	18526	20
18528	-323,6043	18528	19,88022236307231	18528	20
18530	-323,56370000000004	18530	19,950185302558886	18530	20
18532	-323,52320000000003	18532	20,000154418799795	18532	20
18534	-323,4825	18534	20,058462015667772	18534	20
18536	-323,4414	18536	20,140385013058857	18536	20
18538	-323,3999	18538	20,241987510881131	18538	20
18540	-323,358	18540	20,359989592400797	18540	20
18542	-323,3161	18542	20,458324660333854	18542	20
18544	-323,2738	18544	20,573603883612506	18544	20
18546	-323,2311	18546	20,70300323634109	18546	20
18548	-323,1884	18548	20,81083603028631	18548	20
18550	-323,146	18550	20,875696691904132	18550	20
18552	-323,1032	18552	20,963080576586755	18552	20
18554	-323,0599	18554	21,077567147154621	18554	20
18556	-323,01660000000004	18556	21,172972622627842	18556	20
18558	-322,9731	18558	21,269143852194151	18558	20
18560	-322,9297	18560	21,340953210158691	18560	20
18562	-322,88620000000003	18562	21,409127675131788	18562	20
18564	-322,8426	18564	21,474273062612017	18564	20
18566	-322,79900000000004	18566	21,528560885507467	18566	20
18568	-322,7554	18568	21,573800737925083	18568	20
18570	-322,7119	18570	21,603167281603781	18570	20
18572	-322,66810000000004	18572	21,65263940133449	18572	20
18574	-322,62440000000004	18574	21,685532834445507	18574	20
18576	-322,5808	18576	21,704610695373447	18576	20
18578	-322,5367	18578	21,762175579479077	18578	20
18580	-322,4927	18580	21,80181298289779	18580	20
18582	-322,44890000000004	18582	21,818177485746165	18582	20
18584	-322,40520000000004	18584	21,823481238121904	18584	20
18586	-322,3618	18586	21,802901031769892	18586	20
18588	-322,3186	18588	21,769084193142664	18588	20
18590	-322,2753	18590	21,749236827617878	18590	20
18592	-322,2319	18592	21,741030689683203	18592	20
18594	-322,1886	18594	21,725858908068329	18594	20
18596	-322,14590000000004	18596	21,663215756720941	18596	20
18598	-322,1037	18598	21,569346463937173	18598	20
18600	-322,0616	18600	21,482788719948054	18600	20
18602	-322,0195	18602	21,410657266623787	18602	20
18604	-321,9774	18604	21,3505477221869	18604	20
18606	-321,9356	18606	21,275456435152961	18606	20
18608	-321,8937	18608	21,221213695960657	18608	20
18610	-321,8518	18610	21,176011413300404	18610	20
18612	-321,8097	18612	21,155009511084078	18612	20
18614	-321,7676	18614	21,137507925903808	18614	20
18616	-321,7257	18616	21,106256604919697	18616	20
18618	-321,6837	18618	21,088547170768916	18618	20
18620	-321,6417	18620	21,073789308971861	18620	20
18622	-321,5996	18622	21,069824424143626	18622	20
18624	-321,55760000000004	18624	21,058187020117455	18624	20
18626	-321,5161	18626	21,006822516768032	18626	20
18628	-321,47560000000004	18628	20,88068543063601	18628	20
18630	-321,43600000000004	18630	20,700571192197273	18630	20
18632	-321,3964	18632	20,550475993498328	18632	20
18634	-321,3573	18634	20,383729994583526	18634	20
18636	-321,31850000000003	18636	20,219774995484656	18636	20
18638	-321,2798	18638	20,074812496237691	18638	20
18640	-321,2411	18640	19,954010413531886	18640	20
18642	-321,2022	18642	19,87000867794427	18642	20
18644	-321,1643	18644	19,716673898285158	18644	20
18646	-321,1256	18646	19,655561581904777	18646	20
18648	-321,0873	18648	19,571301318253354	18648	20
18650	-321,0498	18650	19,434417765213023	18650	20
18652	-321,0125	18652	19,303681471012194	18652	20
18654	-320,9757	18654	19,153067892507753	18654	20
18656	-320,9389	18656	19,02755657709212	18656	20
18658	-320,9026	18658	18,881297147575342	18658	20
18660	-320,8672	18660	18,684414289644572	18660	20
18662	-320,8322	18662	18,487011908039229	18662	20
18664	-320,7967	18664	18,364176590033789	18664	20
18666	-320,76140000000004	18666	18,2451471583573	18666	20
18668	-320,72610000000003	18668	18,1459559652983	18668	20
18670	-320,69120000000004	18670	18,029963304414689	18670	20
18672	-320,6565	18672	17,916636087015867	18672	20
18674	-320,6211	18674	17,880530072511675	18674	20
18676	-320,5853	18676	17,883775060425958	18676	20
18678	-320,5494	18678	17,89481255035717	18678	20
18680	-320,5135	18680	17,904010458628445	18680	20
18682	-320,47790000000003	18682	17,886675382189381	18682	20
18684	-320,4422	18684	17,880562818492805	18684	20
18686	-320,4065	18686	17,875469015412325	18686	20
18688	-320,3711	18688	17,846224179508724	18688	20
18690	-320,3358	18690	17,813520149591149	18690	20
18692	-320,30060000000003	18692	17,777933457990525	18692	20
18694	-320,26550000000003	18694	17,739944548325429	18694	20
18696	-320,2308	18696	17,674953790274813	18696	20
18698	-320,19550000000004	18698	17,670794825224821	18698	20
18700	-320,1597	18700	17,708995687691647	18700	20
18702	-320,12330000000003	18702	17,790829739739525	18702	20
18704	-320,0864	18704	17,900691449783174	18704	20
18706	-320,0494	18706	18,000576208155525	18706	20
18708	-320,01210000000003	18708	18,108813506792877	18708	20
18710	-319,9744	18710	18,232344588996511	18710	20
18712	-319,9366	18712	18,343620490830784	18712	20
18714	-319,8986	18714	18,453017075693229	18714	20
18716	-319,8602	18716	18,577514229741638	18716	20
18718	-319,82120000000003	18718	18,731261858116969	18718	20
18720	-319,7821	18720	18,86771821509906	18720	20
18722	-319,74260000000004	18722	19,014765179247171	18722	20
18724	-319,7027	18724	19,170637649376438	18724	20
18726	-319,6625	18726	19,325531374477887	18726	20
18728	-319,62260000000003	18728	19,429609478730633	18728	20
18730	-319,58250000000004	18730	19,533007898941811	18730	20
18732	-319,5419	18732	19,660839915788209	18732	20
18734	-319,5011	18734	19,784033263156022	18734	20
18736	-319,4602	18736	19,895027719298515	18736	20
18738	-319,41900000000004	18738	20,012523099410981	18738	20
18740	-319,377	18740	20,177102582844984	18740	20
18742	-319,3349	18742	20,322585485704561	18742	20
18744	-319,2927	18744	20,452154571418788	18744	20
18746	-319,2505	18746	20,560128809518712	18746	20
18748	-319,2081	18748	20,666774007931132	18748	20
18750	-319,1655	18750	20,772311673275368	18750	20
18752	-319,123	18752	20,851926394397655	18752	20
18754	-319,08000000000004	18754	20,959938661993839	18754	20
18756	-319,03720000000004	18756	21,033282218328178	18756	20
18758	-318,99420000000003	18758	21,111068515274013	18758	20
18760	-318,95120000000003	18760	21,175890429395544	18760	20
18762	-318,908	18762	21,246575357830707	18762	20
18764	-318,8648	18764	21,30547946486001	18764	20
18766	-318,822	18766	21,321232887383321	18766	20
18768	-318,7787	18768	21,37602740615176	18768	20
18770	-318,7355	18770	21,41335617179422	18770	20
18772	-318,6926	18772	21,419463476493071	18772	20
18774	-318,6498	18774	21,416219563744207	18774	20
18776	-318,60720000000003	18776	21,396849636452931	18776	20
18778	-318,5643	18778	21,405708030380065	18778	20
18780	-318,52160000000003	18780	21,396423358647386	18780	20
18782	-318,47880000000004	18782	21,397019465539469	18782	20
18784	-318,4357	18784	21,422516221286067	18784	20
18786	-318,3927	18786	21,43543018440559	18786	20
18788	-318,3499	18788	21,429525153671303	18788	20
18790	-318,307	18790	21,432937628057307	18790	20
18792	-318,26390000000004	18792	21,452448023379528	18792	20
18794	-318,2208	18794	21,468706686152782	18794	20
18796	-318,1779	18796	21,465588905125205	18796	20
18798	-318,13530000000003	18798	21,43799075427043	18798	20
18800	-318,093	18800	21,389992295226321	18800	20
18802	-318,0504	18802	21,374993579354694	18802	20
18804	-318,0083	18804	21,320827982795986	18804	20
18806	-317,966	18806	21,292356652330952	18806	20
18808	-317,92400000000004	18808	21,243630543606894	18808	20
18810	-317,882	18810	21,203025453008248	18810	20
18812	-317,8396	18812	21,20252121083908	18812	20
18814	-317,79650000000004	18814	21,260434342364341	18814	20
18816	-317,7531	18816	21,333695285305257	18816	20
18818	-317,7101	18818	21,361412737754915	18818	20
18820	-317,6671	18820	21,384510614796294	18820	20
18822	-317,62420000000003	18822	21,395425512328131	18822	20
18824	-317,5815	18824	21,387854593608846	18824	20
18826	-317,53860000000003	18826	21,398212161338591	18826	20
18828	-317,4955	18828	21,423510134452002	18828	20
18830	-317,4524	18830	21,444591778708443	18830	20
18832	-317,40930000000003	18832	21,462159815588809	18832	20
18834	-317,3659	18834	21,501799846325646	18834	20
18836	-317,32280000000003	18836	21,50983320526981	18836	20
18838	-317,2798	18838	21,508194337725374	18838	20
18840	-317,2368	18840	21,506828614771678	18840	20
18842	-317,19370000000004	18842	21,514023845641503	18842	20
18844	-317,15070000000003	18844	21,511686538035118	18844	20
18846	-317,1077	18846	21,509738781696463	18846	20
18848	-317,065	18848	21,483115651415787	18848	20
18850	-317,0228	18850	21,419263042844808	18850	20
18852	-316,98150000000004	18852	21,291052535702203	18852	20
18854	-316,9402	18854	21,184210446421439	18854	20
18856	-316,8996	18856	21,036842038683162	18856	20
18858	-316,8598	18858	20,847368365570453	18858	20
18860	-316,82030000000003	18860	20,664473637973334	18860	20
18862	-316,7808	18862	20,512061364980468	18862	20
18864	-316,74150000000003	18864	20,368384470814458	18864	20
18866	-316,7024	18866	20,231987059013633	18866	20
18868	-316,6637	18868	20,084989215845173	18868	20
18870	-316,6256	18870	19,91249101320313	18870	20
18872	-316,588	18872	19,727075844335747	18872	20
18874	-316,551	18874	19,522563203616002	18874	20
18876	-316,51390000000004	18876	19,360469336342721	18876	20
18878	-316,4771	18878	19,200391113621261	18878	20
18880	-316,44030000000004	18880	19,066992594681977	18880	20
18882	-316,4041	18882	18,905827162235649	18882	20
18884	-316,3682	18884	18,746522635198581	18884	20
18886	-316,33230000000003	18886	18,613768862662951	18886	20
18888	-316,2969	18888	18,461474052222318	18888	20
18890	-316,2619	18890	18,301228376849281	18890	20
18892	-316,22700000000003	18892	18,159356980707173	18892	20
18894	-316,192	18894	18,049464150591394	18894	20
18896	-316,1569	18896	17,966220125492821	18896	20
18898	-316,1218	18898	17,896850104577343	18898	20
18900	-316,0862	18900	17,880708420480126	18900	20
18902	-316,05080000000004	18902	17,850590350398559	18902	20
18904	-316,015	18904	17,858825292003097	18904	20
18906	-315,9792	18906	17,865687743335474	18906	20
18908	-315,9431	18908	17,896406452777583	18908	20
18910	-315,9065	18910	17,963672043983095	18910	20
18912	-315,87	18912	18,01139336998504	18912	20
18914	-315,8331	18914	18,084494474987768	18914	20
18916	-315,79580000000004	18916	18,178745395819746	18916	20
18918	-315,7582	18918	18,282287829854329	18918	20
18920	-315,7206	18920	18,368573191545078	18920	20
18922	-315,68240000000003	18922	18,490477659617625	18922	20
18924	-315,64410000000004	18924	18,600398049680727	18924	20
18926	-315,60540000000003	18926	18,725331708067749	18926	20
18928	-315,5664	18928	18,854443090060133	18928	20
18930	-315,527	18930	18,995369241716823	18930	20
18932	-315,48720000000003	18932	19,146141034760433	18932	20
18934	-315,4474	18934	19,271784195634847	18934	20
18936	-315,40770000000003	18936	19,368153496360883	18936	20
18938	-315,368	18938	19,448461246970648	18938	20
18940	-315,3281	18940	19,532051039141269	18940	20
18942	-315,2883	18942	19,593375865952208	18942	20
18944	-315,24870000000004	18944	19,627813221622702	18944	20
18946	-315,2089	18946	19,673177684686738	18946	20
18948	-315,1695	18948	19,677648070572328	18948	20
18950	-315,1302	18950	19,673040058812411	18950	20
18952	-315,09090000000003	18952	19,669200049007745	18952	20
18954	-315,0519	18954	19,641000040843466	18954	20
18956	-315,0127	18956	19,63416670070238	18956	20
18958	-314,9733	18958	19,64513891725203	18958	20
18960	-314,934	18960	19,645949097707426	18960	20
18962	-314,8943	18962	19,6799575814261	18962	20
18964	-314,8546	18964	19,708297984520257	18964	20
18966	-314,81460000000004	18966	19,756914987097183	18966	20
18968	-314,7746	18968	19,797429155916024	18968	20
18970	-314,7346	18970	19,831190963265058	18970	20
18972	-314,695	18972	19,825992469388147	18972	20
18974	-314,6555	18974	19,813327057821411	18974	20
18976	-314,6161	18976	19,79443921485122	18976	20
18978	-314,5765	18978	19,795366012376615	18978	20
18980	-314,53700000000003	18980	19,7878050103118	18980	20
18982	-314,4974	18982	19,789837508593767	18982	20
18984	-314,4576	18984	19,80819792382929	18984	20
18986	-314,41790000000003	18986	19,815164936522919	18986	20
18988	-314,3783	18988	19,812637447103032	18988	20
18990	-314,3385	18990	19,827197872587011	18990	20
18992	-314,2982	18992	19,88099822715601	18992	20
18994	-314,2577	18994	19,942498522630729	18994	20
18996	-314,2172	18996	19,993748768859664	18996	20
18998	-314,17650000000003	18998	20,053123974046255	18998	20
19000	-314,1358	19000	20,102603311706488	19000	20
19002	-314,0942	19002	20,218836093090136	19002	20
19004	-314,0525	19004	20,324030077574417	19004	20
19006	-314,0109	19006	20,403358397980075	19006	20
19008	-313,9696	19008	20,444465331648257	19008	20
19010	-313,9284	19010	20,470387776373837	19010	20
19012	-313,8874	19012	20,475323146977932	19012	20
19014	-313,84680000000003	19014	20,44610262248024	19014	20
19016	-313,8062	19016	20,421752185403566	19016	20
19018	-313,76550000000003	19018	20,40979348783284	19018	20
19020	-313,7249	19020	20,3914945731974	19020	20
19022	-313,6843	19022	20,376245477663129	19022	20
19024	-313,6431	19024	20,413537898052898	19024	20
19026	-313,6015	19026	20,477948248378809	19026	20
19028	-313,55940000000004	19028	20,573290206978015	19028	20
19030	-313,5178	19030	20,611075172483076	19030	20
19032	-313,4767	19032	20,600895977071612	19032	20
19034	-313,4359	19034	20,567413314225526	19034	20
19036	-313,39500000000004	19036	20,54784442851836	19036	20
19038	-313,3539	19038	20,548203690434349	19038	20
19040	-313,3129	19040	20,540169742028361	19040	20
19042	-313,2721	19042	20,516808118356149	19042	20
19044	-313,2309	19044	20,530673431963745	19044	20
19046	-313,1897	19046	20,542227859970076	19046	20
19048	-313,1483	19048	20,568523216642571	19048	20
19050	-313,10630000000003	19050	20,640436013866577	19050	20
19052	-313,0639	19052	20,733696678225755	19052	20
19054	-313,0212	19054	20,836413898518796	19054	20
19056	-312,9785	19056	20,922011582101064	19056	20
19058	-312,93600000000004	19058	20,976676318414334	19058	20
19060	-312,8933	19060	21,038896932014016	19060	20
19062	-312,8507	19062	21,082414110011104	19062	20
19064	-312,808	19064	21,127011758344654	19064	20
19066	-312,76550000000003	19066	21,147509798617325	19066	20
19068	-312,7234	19068	21,131258165514847	19068	20
19070	-312,68170000000003	19070	21,084381804595008	19070	20
19072	-312,64070000000004	19072	20,986984837162243	19072	20
19074	-312,6	19074	20,880820697636477	19074	20
19076	-312,5595	19076	20,775683914697787	19076	20
19078	-312,5193	19078	20,663069928917082	19078	20
19080	-312,47970000000004	19080	20,519224940760097	19080	20
19082	-312,4404	19082	20,374354117302218	19082	20
19084	-312,4013	19084	20,2369617644201	19084	20
19086	-312,36240000000004	19086	20,105801470346382	19086	20
19088	-312,3242	19088	19,938167891956784	19088	20
19090	-312,2865	19090	19,7568065766331	19090	20
19092	-312,2493	19092	19,56400548052628	19092	20
19094	-312,2121	19094	19,403337900437265	19094	20
19096	-312,1751	19096	19,252781583700603	19096	20
19098	-312,1385	19098	19,093984653080874	19098	20
19100	-312,10220000000004	19100	18,93665387756597	19100	20
19102	-312,06600000000003	19102	18,797211564638978	19102	20
19104	-312,03000000000003	19104	18,664342970532594	19104	20
19106	-311,99440000000004	19106	18,520285808776169	19106	20
19108	-311,95910000000003	19108	18,375238173980687	19108	20
19110	-311,9239	19110	18,246031811653211	19110	20
19112	-311,8886	19112	18,146693176378221	19112	20
19114	-311,8534	19114	18,055577646979753	19114	20
19116	-311,8176	19116	18,029648039149357	19116	20
19118	-311,7817	19118	18,016373365960003	19118	20
19120	-311,74600000000004	19120	17,988644471630252	19120	20
19122	-311,7106	19122	17,940537059695068	19122	20
19124	-311,6754	19124	17,883780883077122	19124	20
19126	-311,64	19126	17,853150735900794	19126	20
19128	-311,60400000000004	19128	17,877625613246039	19128	20
19130	-311,5677	19130	17,923021344375012	19130	20
19132	-311,5308	19132	18,010851120312747	19132	20
19134	-311,4939	19134	18,084042600260858	19134	20
19136	-311,45660000000004	19136	18,178368833547321	19136	20
19138	-311,41880000000003	19138	18,298640694623124	19138	20
19140	-311,3804	19140	18,448867245521289	19140	20
19142	-311,3419	19142	18,582389371267666	19142	20
19144	-311,30310000000003	19144	18,718657809388109	19144	20
19146	-311,264	19146	18,857214841158342	19146	20
19148	-311,2249	19148	18,972679034300203	19148	20
19150	-311,1854	19150	19,102232528581457	19150	20
19152	-311,1458	19152	19,218527107151814	19152	20
19154	-311,10650000000004	19154	19,290439255957249	19154	20
19156	-311,0672	19156	19,35036604663318	19156	20
19158	-311,0278	19158	19,40863837219436	19158	20
19160	-310,9877	19160	19,51553197682825	19160	20
19162	-310,9472	19162	19,637943314024263	19162	20
19164	-310,9066	19164	19,748286095018848	19164	20
19166	-310,86580000000004	19166	19,856905079181555	19166	20
19168	-310,8247	19168	19,972420899320344	19168	20
19170	-310,7833	19170	20,093684082767794	19170	20
19172	-310,7414	19172	20,236403402306351	19172	20
19174	-310,6993	19174	20,372002835255703	19174	20
19176	-310,6569	19176	20,510002362711958	19176	20
19178	-310,6144	19178	20,633335302261482	19178	20
19180	-310,572	19180	20,727779418550107	19180	20
19182	-310,5296	19182	20,80648284879063	19182	20
19184	-310,4878	19184	20,822069040660807	19184	20
19186	-310,445	19186	20,918390867217319	19186	20
19188	-310,4019	19188	21,023659056012871	19188	20
19190	-310,3586	19190	21,128049213343051	19190	20
19192	-310,3152	19192	21,223374344454182	19192	20
19194	-310,272	19194	21,286145287046239	19194	20
19196	-310,2285	19196	21,363454405871412	19196	20
19198	-310,18530000000004	19198	21,402878671555857	19198	20
19200	-310,142	19200	21,444065559633611	19200	20
19202	-310,09860000000003	19202	21,486721299691574	19202	20
19204	-310,0557	19204	21,480601083078934	19204	20
19206	-310,0127	19206	21,483834235899643	19206	20
19208	-309,9696	19208	21,494861863248143	19208	20
19210	-309,9268	19210	21,479051552706764	19210	20
19212	-309,8844	19212	21,432542960587842	19212	20
19214	-309,84180000000003	19214	21,41045246715596	19214	20
19216	-309,79900000000004	19216	21,408710389296612	19216	20
19218	-309,7565	19218	21,382258657748693	19218	20
19220	-309,7139	19220	21,368548881456672	19220	20
19222	-309,6714	19222	21,348790734548743	19222	20
19224	-309,6288	19224	21,340658945456713	19224	20
19226	-309,5863	19226	21,325549121215442	19226	20
19228	-309,54380000000003	19228	21,312957601009646	19228	20
19230	-309,5014	19230	21,294131334178314	19230	20
19232	-309,4588	19232	21,295109445148022	19232	20
19234	-309,41650000000004	19234	21,270924537619578	19234	20
19236	-309,3747	19236	21,209103781351597	19236	20
19238	-309,3336	19238	21,099253151128714	19238	20
19240	-309,2924	19240	21,01604429260755	19240	20
19242	-309,25120000000004	19242	20,94670357716851	19242	20
19244	-309,2096	19244	20,922252980975152	19244	20
19246	-309,16790000000003	19246	20,910210817478596	19246	20
19248	-309,1263	19248	20,891842347900226	19248	20
19250	-309,0844	19250	20,901535289916712	19250	20
19252	-309,0423	19252	20,926279408264335	19252	20
19254	-308,9999	19254	20,971899506885819	19254	20
19256	-308,9577	19256	20,993249589074573	19256	20
19258	-308,91540000000003	19258	21,01937465755837	19258	20
19260	-308,8731	19260	21,04114554796627	19260	20
19262	-308,8311	19262	21,034287956641059	19262	20
19264	-308,7893	19264	21,011906630531428	19264	20
19266	-308,7479	19266	20,959922192110366	19266	20
19268	-308,70640000000003	19268	20,924935160090719	19268	20
19270	-308,6652	19270	20,870779300075888	19270	20
19272	-308,62370000000004	19272	20,850649416728658	19272	20
19274	-308,58160000000004	19274	20,883874513940956	19274	20
19276	-308,5393	19276	20,928228761618424	19276	20
19278	-308,49690000000004	19278	20,973523968014227	19278	20
19280	-308,4546	19280	21,00293664001282	19280	20
19282	-308,4125	19282	21,010780533344427	19282	20
19284	-308,3704	19284	21,017317111120764	19284	20
19286	-308,3288	19286	20,981097592602033	19286	20
19288	-308,2878	19288	20,900914660501432	19288	20
19290	-308,2472	19290	20,800762217083154	19290	20
19292	-308,207	19292	20,68396851423822	19292	20
19294	-308,16700000000003	19294	20,569973761862151	19294	20
19296	-308,1272	19296	20,458311468219613	19296	20
19298	-308,0879	19298	20,32359289018515	19298	20
19300	-308,0489	19300	20,186327408486562	19300	20
19302	-308,01050000000004	19302	20,021939507069415	19302	20
19304	-307,9728	19304	19,826616255893626	19304	20
19306	-307,9357	19306	19,613846879912142	19306	20
19308	-307,89840000000004	19308	19,453205733256723	19308	20
19310	-307,861	19310	19,327671444384592	19310	20
19312	-307,8236	19312	19,223059536986412	19312	20
19314	-307,78700000000003	19314	19,069216280819049	19314	20
19316	-307,75100000000003	19316	18,891013567349322	19316	20
19318	-307,7158	19318	18,675844639460408	19318	20
19320	-307,6803	19320	18,521537199551439	19320	20
19322	-307,6449	19322	18,384614332957987	19322	20
19324	-307,60970000000003	19324	18,25384527746289	19324	20
19326	-307,575	19326	18,103204397889364	19326	20
19328	-307,5402	19328	17,986003664904597	19328	20
19330	-307,50530000000003	19330	17,89666972075327	19330	20
19332	-307,471	19332	17,772224767296908	19332	20
19334	-307,4368	19334	17,66018730608063	19334	20
19336	-307,4029	19336	17,5418227550686	19336	20
19338	-307,3684	19338	17,493185629222168	19338	20
19340	-307,3333	19340	17,502654691018467	19340	20
19342	-307,2984	19342	17,493878909181497	19342	20
19344	-307,2633	19344	17,503232424317908	19344	20
19346	-307,2277	19346	17,552693686930596	19346	20
19348	-307,19190000000003	19348	17,610578072441726	19348	20
19350	-307,15590000000003	19350	17,675481727034885	19350	20
19352	-307,11990000000003	19352	17,729568105862519	19352	20
19354	-307,0838	19354	17,78297342155486	19354	20
19356	-307,0471	19356	17,8774778512954	19356	20
19358	-307,01030000000003	19358	17,964564876077091	19358	20
19360	-306,97360000000003	19360	18,028804063397256	19360	20
19362	-306,9368	19362	18,090670052833374	19362	20
19364	-306,9003	19364	18,117225044026942	19364	20
19366	-306,8635	19366	18,164354203358112	19366	20
19368	-306,8263	19368	18,236961836130458	19368	20
19370	-306,7887	19370	18,33080153010852	19370	20
19372	-306,7504	19372	18,467334608423137	19372	20
19374	-306,7113	19374	18,6477788403542	19374	20
19376	-306,6718	19376	18,831482366959786	19376	20
19378	-306,6317	19378	19,034568639132768	19378	20
19380	-306,5914	19380	19,22047386594414	19380	20
19382	-306,551	19382	19,383728221622928	19382	20
19384	-306,5104	19384	19,536440184684402	19384	20
19386	-306,46950000000004	19386	19,688700153900758	19386	20
19388	-306,4285	19388	19,823916794921768	19388	20
19390	-306,3876	19390	19,928263995765228	19390	20
19392	-306,34680000000003	19392	20,006886663136871	19392	20
19394	-306,30600000000004	19394	20,07240555261324	19394	20
19396	-306,2653	19396	20,118671293845644	19396	20
19398	-306,22450000000003	19398	20,16555941153722	19398	20
19400	-306,1838	19400	20,196299509615624	19400	20
19402	-306,14250000000004	19402	20,271916258011217	19402	20
19404	-306,1005	19404	20,393263548345182	19404	20
19406	-306,058	19406	20,536052956955835	19406	20
19408	-306,01550000000003	19408	20,655044130793311	19408	20
19410	-305,9731	19410	20,745870108998034	19410	20
19412	-305,9313	19412	20,77155842416224	19412	20
19414	-305,8899	19414	20,759632020136042	19414	20
19416	-305,8478	19416	20,80802668344711	19416	20
19418	-305,8056	19418	20,856688902870911	19418	20
19420	-305,7644	19420	20,81390741905938	19420	20
19422	-305,7231	19422	20,786589515885751	19422	20
19424	-305,6814	19424	20,797157929904095	19424	20
19426	-305,6397	19426	20,805964941586048	19426	20
19428	-305,59790000000004	19428	20,821637451318921	19428	20
19430	-305,5561	19430	20,83469787610105	19430	20
19432	-305,5138	19432	20,88724823008517	19432	20
19434	-305,4707	19434	20,997706858402747	19434	20
19436	-305,4277	19436	21,08142238200282	19436	20
19438	-305,3851	19438	21,117851985001778	19438	20
19440	-305,34270000000004	19440	21,131543320833689	19440	20
19442	-305,29990000000004	19442	21,176286100694721	19442	20
19444	-305,2567	19444	21,246905083913354	19444	20
19446	-305,2131	19446	21,339087569929987	19446	20
19448	-305,1692	19448	21,440906308275643	19448	20
19450	-305,125	19450	21,550755256895481	19450	20
19452	-305,08070000000004	19452	21,650629380743258	19452	20
19454	-305,0362	19454	21,750524483955026	19454	20
19456	-304,99170000000004	19456	21,833770403293432	19456	20
19458	-304,94710000000003	19458	21,91147533607808	19458	20
19460	-304,90270000000004	19460	21,959562780064733	19460	20
19462	-304,858	19462	22,024635650056808	19462	20
19464	-304,8136	19464	22,053863041713672	19464	20
19466	-304,7695	19466	22,053219201429265	19466	20
19468	-304,7258	19468	22,019349334524488	19468	20
19470	-304,6818	19470	22,016124445435633	19470	20
19472	-304,6385	19472	21,955103704528685	19472	20
19474	-304,59590000000003	19474	21,84591975377333	19474	20
19476	-304,55330000000004	19476	21,754933128143868	19476	20
19478	-304,51050000000004	19478	21,695777606786535	19478	20
19480	-304,46750000000003	19480	21,66314800565598	19480	20
19482	-304,4244	19482	21,644290004716492	19482	20
19484	-304,3811	19484	21,645241670596068	19484	20
19486	-304,33770000000004	19486	21,654368058826957	19486	20
19488	-304,2941	19488	21,678640049024658	19488	20
19490	-304,2507	19490	21,68220004085552	19490	20
19492	-304,20750000000004	19492	21,668500034042612	19492	20
19494	-304,1643	19494	21,657083361703261	19494	20
19496	-304,12100000000004	19496	21,655902801418378	19496	20
19498	-304,0776	19498	21,663252334516955	19498	20
19500	-304,0342	19500	21,669376945432436	19500	20
19502	-303,9907	19502	21,682814121193243	19502	20
19504	-303,9474	19504	21,67734510099336	19504	20
19506	-303,9042	19506	21,664454250828886	19506	20
19508	-303,8613	19508	21,628711875688623	19508	20
19510	-303,81890000000004	19510	21,557259896406059	19510	20
19512	-303,7771	19512	21,44771658034033	19512	20
19514	-303,7355	19514	21,33976381695167	19514	20
19516	-303,6948	19516	21,174803180794335	19516	20
19518	-303,6549	19518	20,970669317327676	19518	20
19520	-303,61580000000004	19520	20,733891097769913	19520	20
19522	-303,5775	19522	20,4699092481457	19522	20
19524	-303,53950000000003	19524	20,224924373450921	19524	20
19526	-303,502	19526	19,979103644544328	19526	20
19528	-303,4647	19528	19,757586370454948	19528	20
19530	-303,4277	19530	19,547988642043936	19530	20
19532	-303,3909	19532	19,356657201705609	19532	20
19534	-303,3546	19534	19,155547668086584	19534	20
19536	-303,31870000000004	19536	18,954623056736288	19536	20
19538	-303,2831	19538	18,762185880617317	19538	20
19540	-303,2479	19540	18,568488233845663	19540	20
19542	-303,2126	19542	18,4154068615386	19542	20
19544	-303,1772	19544	18,296172384613953	19544	20
19546	-303,1417	19546	18,205143653846061	19546	20
19548	-303,1061	19548	18,13761971153739	19548	20
19550	-303,0708	19550	18,056349759615038	19550	20
19552	-303,0355	19552	17,988624799679744	19552	20
19554	-303,0006	19554	17,898853999732559	19554	20
19556	-302,9654	19556	17,849044999779771	19556	20
19558	-302,9298	19558	17,840870833148816	19558	20
19560	-302,8946	19560	17,80072569428858	19560	20
19562	-302,8595	19562	17,758938078573809	19562	20
19564	-302,8242	19564	17,740781732145386	19564	20
19566	-302,7883	19566	17,775651443456695	19566	20
19568	-302,7523	19568	17,81304286954736	19568	20
19570	-302,71610000000004	19570	17,860869057952065	19570	20
19572	-302,6796	19572	17,925724214963921	19572	20
19574	-302,6431	19574	17,979770179135731	19574	20
19576	-302,6066	19576	18,024808482612237	19576	20
19578	-302,56960000000004	19578	18,104007068841675	19578	20
19580	-302,5322	19580	18,203339224038714	19580	20
19582	-302,4946	19582	18,302782686698734	19582	20
19584	-302,4567	19584	18,410652238913876	19584	20
19586	-302,4187	19586	18,508876865762474	19586	20
19588	-302,3807	19588	18,59073072146964	19588	20
19590	-302,34250000000003	19590	18,675608934554759	19590	20
19592	-302,3043	19592	18,746340778797098	19592	20
19594	-302,2658	19594	18,83028398233084	19594	20
19596	-302,2271	19596	18,916903318609513	19596	20
19598	-302,1883	19598	18,997419432172979	19598	20
19600	-302,14930000000004	19600	19,081182860143088	19600	20
19602	-302,1101	19602	19,167652383456804	19602	20
19604	-302,0707	19604	19,25637698621405	19604	20
19606	-302,031	19606	19,355314155176885	19606	20
19608	-301,9914	19608	19,429428462648	19608	20
19610	-301,95160000000004	19610	19,507857052203082	19610	20
19612	-301,9117	19612	19,581547543506368	19612	20
19614	-301,8718	19614	19,642956286254368	19614	20
19616	-301,8317	19616	19,710796905211588	19616	20
19618	-301,79150000000004	19618	19,775664087673846	19618	20
19620	-301,7509	19620	19,863053406398237	19620	20
19622	-301,7102	19622	19,944211171999807	19622	20
19624	-301,6692	19624	20,036842643332907	19624	20
19626	-301,6283	19626	20,105702202774513	19626	20
19628	-301,587	19628	20,19641850231503	19628	20
19630	-301,54540000000003	19630	20,297015418592519	19630	20
19632	-301,5041	19632	20,355846182163368	19632	20
19634	-301,462	19634	20,471538485136549	19634	20
19636	-301,4198	19636	20,576282070945442	19636	20
19638	-301,3779	19638	20,638568392454392	19638	20
19640	-301,336	19640	20,690473660378515	19640	20
19642	-301,2943	19642	20,717061383648065	19642	20
19644	-301,25280000000004	19644	20,722551153038804	19644	20
19646	-301,21180000000004	19646	20,68545929419874	19646	20
19648	-301,1711	19648	20,629549411833558	19648	20
19650	-301,13120000000004	19650	20,516291176527027	19650	20
19652	-301,0915	19652	20,4052426471091	19652	20
19654	-301,0518	19654	20,312702205922761	19654	20
19656	-301,0119	19656	20,25225183826803	19656	20
19658	-300,9721	19658	20,193543198557844	19658	20
19660	-300,9325	19660	20,127952665465468	19660	20
19662	-300,8929	19662	20,073293887888489	19662	20
19664	-300,8533	19664	20,027744906574341	19664	20
19666	-300,8142	19666	19,948120755475468	19666	20
19668	-300,7753	19668	19,865100629563923	19668	20
19670	-300,7366	19670	19,779250524637082	19670	20
19672	-300,6976	19672	19,73270877052984	19672	20
19674	-300,65840000000003	19674	19,710590642107693	19674	20
19676	-300,6193	19676	19,68382553509133	19676	20
19678	-300,5801	19678	19,6698546125756	19678	20
19680	-300,54060000000004	19680	19,683212177144291	19680	20
19682	-300,5011	19682	19,694343480956267	19682	20
19684	-300,462	19684	19,670286234131808	19684	20
19686	-300,4227	19686	19,666905195107244	19686	20
19688	-300,3833	19688	19,672420995922749	19688	20
19690	-300,34360000000004	19690	19,7020174966008	19690	20
19692	-300,3032	19692	19,785014580503478	19692	20
19694	-300,2624	19694	19,887512150418747	19694	20
19696	-300,2216	19696	19,972926792014803	19696	20
19698	-300,1803	19698	20,085772326681937	19698	20
19700	-300,1384	19700	20,229810272234804	19700	20
19702	-300,0966	19702	20,341508560192882	19702	20
19704	-300,0547	19704	20,442923800160589	19704	20
19706	-300,0127	19706	20,535769833469658	19706	20
19708	-299,9707	19708	20,613141527889148	19708	20
19710	-299,9287	19710	20,677617939910125	19710	20
19712	-299,8866	19712	20,739681616592179	19712	20
19714	-299,8441	19714	20,824734680490263	19714	20
19716	-299,80170000000004	19716	20,887278900407424	19716	20
19718	-299,75960000000003	19718	20,914399083673263	19718	20
19720	-299,71770000000004	19720	20,920332569727574	19720	20
19722	-299,6757	19722	20,933610474775481	19722	20
19724	-299,63370000000003	19724	20,944675395644	19724	20
19726	-299,5916	19726	20,962229496370409	19726	20
19728	-299,54970000000003	19728	20,960191246975196	19728	20
19730	-299,5086	19730	20,891826039148377	19730	20
19732	-299,4679	19732	20,801521699291591	19732	20
19734	-299,4279	19734	20,66793474940663	19734	20
19736	-299,38870000000003	19736	20,489945624505015	19736	20
19738	-299,35	19738	20,29995468708799	19738	20
19740	-299,31170000000003	19740	20,108295572572697	19740	20
19742	-299,2737	19742	19,923579643811493	19742	20
19744	-299,2357	19744	19,769649703177155	19744	20
19746	-299,19800000000004	19746	19,616374752645342	19746	20
19748	-299,1605	19748	19,47197896053968	19748	20
19750	-299,1229	19750	19,359982467116204	19750	20
19752	-299,08570000000003	19752	19,233318722595534	19752	20
19754	-299,0487	19754	19,111098935499161	19754	20
19756	-299,012	19756	18,984249112915649	19756	20
19758	-298,9759	19758	18,828540927427728	19758	20
19760	-298,94030000000004	19760	18,657117439522114	19760	20
19762	-298,90520000000004	19762	18,472597866268423	19762	20
19764	-298,87	19764	18,327164888559658	19764	20
19766	-298,8346	19766	18,2226374071315	19766	20
19768	-298,79920000000004	19768	18,13553117260804	19768	20
19770	-298,7638	19770	18,062942643843225	19770	20
19772	-298,72810000000004	19772	18,027452203199605	19772	20
19774	-298,6923	19774	18,0062101693373	19774	20
19776	-298,6564	19776	17,996841807778551	19776	20
19778	-298,62010000000004	19778	18,022368173147367	19778	20
19780	-298,5837	19780	18,051973477624024	19780	20
19782	-298,547	19782	18,101644564686367	19782	20
19784	-298,5102	19784	18,1513704705743	19784	20
19786	-298,4732	19786	18,209475392143393	19786	20
19788	-298,4362	19788	18,257896160122375	19788	20
19790	-298,3992	19790	18,298246800100124	19790	20
19792	-298,3618	19792	18,365205666749354	19792	20
19794	-298,32390000000004	19794	18,462671388956061	19794	20
19796	-298,28540000000004	19796	18,593892824129973	19796	20
19798	-298,2465	19798	18,736577353442676	19798	20
19800	-298,2071	19800	18,897147794535609	19800	20
19802	-298,1676	19802	19,039289828782366	19802	20
19804	-298,1282	19804	19,149408190652018	19804	20
19806	-298,088	19806	19,307840158874203	19806	20
19808	-298,047	19808	19,506533465728239	19808	20
19810	-298,0054	19810	19,722111221441594	19810	20
19812	-297,9637	19812	19,910092684533964	19812	20
19814	-297,92150000000004	19814	20,10841057044329	19814	20
19816	-297,879	19816	20,298675475370924	19816	20
19818	-297,8364	19818	20,465562896141861	19818	20
19820	-297,7935	19820	20,629635746787507	19820	20
19822	-297,7506	19822	20,766363122320808	19822	20
19824	-297,7081	19824	20,846969268602187	19824	20
19826	-297,6651	19826	20,95580772383569	19826	20
19828	-297,6218	19828	21,071506436528736	19828	20
19830	-297,5784	19830	21,176255363775585	19830	20
19832	-297,5347	19832	21,288546136479752	19832	20
19834	-297,4909	19834	21,390455113731132	19834	20
19836	-297,4468	19836	21,500379261443815	19836	20
19838	-297,4026	19838	21,600316051202292	19838	20
19840	-297,35810000000004	19840	21,70859670933282	19840	20
19842	-297,3138	19842	21,782163924445776	19842	20
19844	-297,2696	19844	21,835136603703926	19844	20
19846	-297,22520000000003	19846	21,895947169752937	19846	20
19848	-297,1814	19848	21,896622641463527	19848	20
19850	-297,13730000000004	19850	21,92218553454941	19850	20
19852	-297,0933	19852	21,935154612127807	19852	20
19854	-297,0496	19854	21,920962176773273	19854	20
19856	-297,0063	19856	21,875801813976722	19856	20
19858	-296,9629	19858	21,846501511648906	19858	20
19860	-296,9187	19860	21,888751259706535	19860	20
19862	-296,874	19862	21,965626049753574	19862	20
19864	-296,8293	19864	22,029688374797512	19864	20
19866	-296,7849	19866	22,058073645664258	19866	20
19868	-296,7405	19868	22,081728038053214	19868	20
19870	-296,6963	19870	22,084773365043457	19870	20
19872	-296,6524	19872	22,062311137536867	19872	20
19874	-296,60880000000003	19874	22,01859261461151	19874	20
19876	-296,5647	19876	22,02382717884413	19876	20
19878	-296,5208	19878	22,011522649037428	19878	20
19880	-296,47720000000004	19880	21,976268874195309	19880	20
19882	-296,4334	19882	21,963557395165502	19882	20
19884	-296,3894	19884	21,969631162636478	19884	20
19886	-296,3458	19886	21,941359302199256	19886	20
19888	-296,30260000000004	19888	21,884466085162394	19888	20
19890	-296,2594	19890	21,837055070969747	19890	20
19892	-296,21610000000004	19892	21,805879225807114	19892	20
19894	-296,17330000000004	19894	21,738232688172573	19894	20
19896	-296,1306	19896	21,67352724014588	19896	20
19898	-296,08820000000003	19898	21,594606033453772	19898	20
19900	-296,04560000000004	19900	21,545505027877571	19900	20
19902	-296,0033	19902	21,479587523232272	19902	20
19904	-295,9608	19904	21,44132293602841	19904	20
19906	-295,91900000000004	19906	21,351102446687555	19906	20
19908	-295,8773	19908	21,267585372243673	19908	20
19910	-295,8356	19910	21,197987810202363	19910	20
19912	-295,7941	19912	21,123323175167386	19912	20
19914	-295,75260000000003	19914	21,06110264597157	19914	20
19916	-295,7113	19916	20,992585538312575	19916	20
19918	-295,6701	19918	20,927154615260768	19918	20
19920	-295,6286	19920	20,89762884604939	19920	20
19922	-295,587	19922	20,881357371709221	19922	20
19924	-295,5452	19924	20,884464476421563	19924	20
19926	-295,5034	19926	20,887053730353252	19926	20
19928	-295,46160000000003	19928	20,889211441958256	19928	20
19930	-295,4201	19930	20,8660095349687	19930	20
19932	-295,37850000000003	19932	20,855007945803909	19932	20
19934	-295,33660000000003	19934	20,870839954836445	19934	20
19936	-295,2948	19936	20,875699962365651	19936	20
19938	-295,2533	19938	20,854749968636792	19938	20
19940	-295,212	19940	20,820624973866927	19940	20
19942	-295,1708	19942	20,783854144889396	19942	20
19944	-295,1295	19944	20,76154512073936	19944	20
19946	-295,0887	19946	20,701287600615316	19946	20
19948	-295,04830000000004	19948	20,617739667177506	19948	20
19950	-295,00870000000003	19950	20,48144972264852	19950	20
19952	-294,9696	19952	20,326208102208685	19952	20
19954	-294,9314	19954	20,121840085175368	19954	20
19956	-294,8934	19956	19,934866737647052	19956	20
19958	-294,8557	19958	19,754055614703589	19958	20
19960	-294,8182	19960	19,586713012254886	19960	20
19962	-294,7813	19962	19,397260843545972	19962	20
19964	-294,7453	19964	19,164384036288425	19964	20
19966	-294,7094	19966	18,961986696904489	19966	20
19968	-294,6739	19968	18,759988914088176	19968	20
19970	-294,6388	19970	18,558324095073473	19970	20
19972	-294,6035	19972	18,406936745895109	19972	20
19974	-294,5682	19974	18,280780621579805	19974	20
19976	-294,5335	19976	18,125650517982056	19976	20
19978	-294,49850000000004	19978	18,021375431649062	19978	20
19980	-294,4636	19980	17,926146193045064	19980	20
19982	-294,4289	19982	17,830121827536441	19982	20
19984	-294,3943	19984	17,741768189614678	19984	20
19986	-294,35990000000004	19986	17,651473491341253	19986	20
19988	-294,32570000000004	19988	17,559561242784248	19988	20
19990	-294,2915	19990	17,482967702324817	19990	20
19992	-294,2573	19992	17,41913975193722	19992	20
19994	-294,22290000000004	19994	17,382616459943371	19994	20
19996	-294,1891	19996	17,302180383289645	19996	20
19998	-294,1553	19998	17,235150319406802	19998	20
20000	-294,1204	20000	17,270958599505107	20000	20
20002	-294,0853	20002	17,317465499587584	20002	20
20004	-294,0501	20004	17,364554582992291	20004	20
20006	-294,0144	20006	17,445462152490492	20006	20
20008	-293,9785	20008	17,529551793744282	20008	20
20010	-293,9423	20010	17,62462649478757	20010	20
20012	-293,9063	20012	17,687188745656421	20012	20
20014	-293,8695	20014	17,805990621377941	20014	20
20016	-293,8326	20016	17,913325517815185	20016	20
20018	-293,79560000000004	20018	18,011104598177464	20018	20
20020	-293,7581	20020	18,134253831816448	20020	20
20022	-293,7203	20022	18,261878193180731	20022	20
20024	-293,6818	20024	18,42656516098387	20024	20
20026	-293,6433	20026	18,563804300819818	20026	20
20028	-293,6048	20028	18,678170250683106	20028	20
20030	-293,5661	20030	18,790141875569731	20030	20
20032	-293,52770000000004	20032	18,858451562972053	20032	20
20034	-293,4893	20034	18,915376302478727	20034	20
20036	-293,4501	20036	19,0294802520651	20036	20
20038	-293,4105	20038	19,157900210054848	20038	20
20040	-293,3709	20040	19,264916841712971	20040	20
20042	-293,331	20042	19,379097368093205	20042	20
20044	-293,2905	20044	19,524247806745059	20044	20
20046	-293,2505	20046	19,603539838955921	20046	20
20048	-293,2108	20048	19,644616532461775	20048	20
20050	-293,1705	20050	19,728847110384983	20050	20
20052	-293,1307	20052	19,757372591988638	20052	20
20054	-293,09090000000003	20054	19,781143826653615	20054	20
20056	-293,0512	20056	19,792619855547922	20056	20
20058	-293,0116	20058	19,793849879623867	20058	20
20060	-292,9719	20060	19,8032082330184	20060	20
20062	-292,9323	20062	19,802673527515932	20062	20
20064	-292,8919	20064	19,868894606261353	20064	20
20066	-292,8512	20066	19,949078838552403	20066	20
20068	-292,8104	20068	20,024232365459518	20068	20
20070	-292,7693	20070	20,111860304551982	20070	20
20072	-292,72790000000003	20072	20,209883587122757	20072	20
20074	-292,6862	20074	20,316569655939674	20074	20
20076	-292,6443	20076	20,422141379949583	20076	20
20078	-292,6024	20078	20,510117816624508	20078	20
20080	-292,5605	20080	20,583431513853611	20080	20
20082	-292,5186	20082	20,644526261544531	20082	20
20084	-292,4767	20084	20,695438551286966	20084	20
20086	-292,4348	20086	20,737865459405661	20086	20
20088	-292,39250000000004	20088	20,806554549500945	20088	20
20090	-292,3499	20090	20,888795457921617	20090	20
20092	-292,3072	20092	20,965662881598682	20092	20
20094	-292,2647	20094	21,013052401333752	20094	20
20096	-292,2226	20096	21,0192103344452	20096	20
20098	-292,1805	20098	21,024341945371411	20098	20
20100	-292,1379	20100	21,070284954475603	20100	20
20102	-292,0951	20102	21,125237462062984	20102	20
20104	-292,05330000000004	20104	21,0876978850497	20104	20
20106	-292,01140000000004	20106	21,064748237541274	20106	20
20108	-291,96950000000004	20108	21,045623531284249	20108	20
20110	-291,92760000000004	20110	21,029686276070063	20110	20
20112	-291,886	20112	20,99140523005978	20112	20
20114	-291,8446	20114	20,942837691717326	20114	20
20116	-291,8032	20116	20,902364743098612	20116	20
20118	-291,7622	20118	20,835303952581913	20118	20
20120	-291,7212	20120	20,779419960484663	20120	20
20122	-291,68010000000004	20122	20,741183300401527	20122	20
20124	-291,63890000000004	20124	20,717652750334896	20124	20
20126	-291,5975	20126	20,71471062527992	20126	20
20128	-291,5555	20128	20,762258854402436	20128	20
20130	-291,5135	20130	20,801882378666463	20130	20
20132	-291,4714	20132	20,843235315555795	20132	20
20134	-291,4291	20134	20,894362762964125	20134	20
20136	-291,3866	20136	20,953635635804954	20136	20
20138	-291,34360000000004	20138	21,044696363166587	20138	20
20140	-291,3001	20140	21,16224696930977	20140	20
20142	-291,2566	20142	21,260205807757689	20142	20
20144	-291,2131	20144	21,341838173130952	20144	20
20146	-291,1691	20146	21,45153181094102	20146	20
20148	-291,1247	20148	21,576276509117182	20148	20
20150	-291,07980000000003	20150	21,721897090929669	20150	20
20152	-291,035	20152	21,834914242442164	20152	20
20154	-290,99	20154	21,94576186870313	20154	20
20156	-290,9449	20156	22,046468223918513	20156	20
20158	-290,8998	20158	22,130390186597996	20158	20
20160	-290,8552	20160	22,158658488831882	20160	20
20162	-290,8114	20162	22,115548740695981	20162	20
20164	-290,7684	20164	22,012957283913849	20164	20
20166	-290,7259	20166	21,885797736591655	20166	20
20168	-290,6838	20168	21,746498113826789	20168	20
20170	-290,6419	20170	21,613748428188845	20170	20
20172	-290,6005	20172	21,461457023491548	20172	20
20174	-290,55940000000004	20174	21,309547519573933	20174	20
20176	-290,5184	20176	21,17462293298275	20176	20
20178	-290,4777	20178	21,037185777482161	20178	20
20180	-290,4372	20180	20,905988147902523	20180	20
20182	-290,3976	20182	20,721656789919368	20182	20
20184	-290,3587	20184	20,509713991600506	20184	20
20186	-290,3206	20186	20,266428326332573	20186	20
20188	-290,283	20188	20,022023605276949	20188	20
20190	-290,2459	20190	19,776686337731579	20190	20
20192	-290,2093	20192	19,530571948111422	20192	20
20194	-290,173	20194	19,30047662342476	20194	20
20196	-290,13710000000003	20196	19,07539718618477	20196	20
20198	-290,1008	20198	18,921164321823955	20198	20
20200	-290,0654	20200	18,71763693485175	20200	20
20202	-290,0297	20202	18,573030779044778	20202	20
20204	-289,994	20204	18,452525649200897	20204	20
20206	-289,9585	20206	18,335438041001847	20206	20
20208	-289,9228	20208	18,254531700836527	20208	20
20210	-289,8865	20210	18,23710975069568	20210	20
20212	-289,8501	20212	18,23092479224762	20212	20
20214	-289,81370000000004	20214	18,225770660202834	20214	20
20216	-289,7771	20216	18,238142216837467	20216	20
20218	-289,7405	20218	18,248451847366329	20218	20
20220	-289,7038	20220	18,265376539471625	20220	20
20222	-289,6671	20222	18,279480449559369	20222	20
20224	-289,63030000000003	20224	18,299567041297063	20224	20
20226	-289,5933	20226	18,332972534417102	20226	20
20228	-289,5561	20228	18,377477112012951	20228	20
20230	-289,5186	20230	18,439564260012688	20230	20
20232	-289,4808	20232	18,516303550010932	20232	20
20234	-289,44280000000003	20234	18,596919625005281	20234	20
20236	-289,4045	20236	18,689099687508509	20236	20
20238	-289,3659	20238	18,790916406254922	20238	20
20240	-289,3269	20240	18,909097005211375	20240	20
20242	-289,28770000000003	20242	19,024247504342306	20242	20
20244	-289,2486	20244	19,111872920286839	20244	20
20246	-289,2096	20246	19,17656076690464	20246	20
20248	-289,1705	20248	19,238800639088787	20248	20
20250	-289,1307	20250	19,34900053257514	20250	20
20252	-289,091	20252	19,432500443811126	20252	20
20254	-289,051	20254	19,527083703177642	20254	20
20256	-289,0111	20256	19,597569752647097	20256	20
20258	-288,9707	20258	19,697974793870657	20258	20
20260	-288,93010000000004	20260	19,798312328224178	20260	20
20262	-288,8893	20262	19,8985936068574	20262	20
20264	-288,8484	20264	19,990494672378254	20264	20
20266	-288,8072	20266	20,092078893648836	20266	20
20268	-288,76570000000004	20268	20,201732411372777	20268	20
20270	-288,7244	20270	20,276443676146915	20270	20
20272	-288,68260000000004	20272	20,380369730119643	20272	20
20274	-288,641	20274	20,450308108434431	20274	20
20276	-288,5994	20276	20,50859009036342	20276	20
20278	-288,5578	20278	20,55715840863758	20278	20
20280	-288,51640000000003	20280	20,580965340527424	20280	20
20282	-288,4756	20282	20,550804450443437	20282	20
20284	-288,43530000000004	20284	20,484003708698292	20284	20
20286	-288,39480000000003	20286	20,445003090582631	20286	20
20288	-288,3541	20288	20,429169242153467	20288	20
20290	-288,31350000000003	20290	20,407641035126517	20290	20
20292	-288,2727	20292	20,406367529276014	20292	20
20294	-288,2314	20294	20,446972941061542	20294	20
20296	-288,19010000000003	20296	20,480810784216146	20296	20
20298	-288,1488	20298	20,509008986849725	20298	20
20300	-288,1073	20300	20,549174155706854	20300	20
20302	-288,06620000000004	20302	20,549311796420021	20302	20
20304	-288,0249	20304	20,566093163686286	20304	20
20306	-287,9835	20306	20,588410969739414	20306	20
20308	-287,942	20308	20,615342474781595	20308	20
20310	-287,9006	20310	20,629452062318837	20310	20
20312	-287,8602	20312	20,557876718597107	20312	20
20314	-287,82	20314	20,481563932166516	20314	20
20316	-287,7799	20316	20,409636610138378	20316	20
20318	-287,7398	20318	20,34969717511493	20318	20
20320	-287,69980000000004	20320	20,291414312592742	20320	20
20322	-287,6596	20322	20,259511927162876	20322	20
20324	-287,61920000000003	20324	20,249593272633806	20324	20
20326	-287,57890000000003	20326	20,232994393861674	20326	20
20328	-287,5387	20328	20,210828661553652	20328	20
20330	-287,4989	20330	20,159023884629196	20330	20
20332	-287,4592	20332	20,107519903856172	20332	20
20334	-287,41970000000003	20334	20,047933253211433	20334	20
20336	-287,3806	20336	19,964944377677778	20336	20
20338	-287,3415	20338	19,895786981399734	20338	20
20340	-287,3023	20340	19,846489151165937	20340	20
20342	-287,2628	20342	19,830407625969571	20342	20
20344	-287,2235	20344	19,800339688310114	20344	20
20346	-287,184	20346	19,791949740256385	20346	20
20348	-287,1443	20348	19,801624783550231	20348	20
20350	-287,1042	20350	19,843020652958142	20350	20
20352	-287,0639	20352	19,894183877465288	20352	20
20354	-287,0231	20354	19,978486564553588	20354	20
20356	-286,982	20356	20,0737388037923	20356	20
20358	-286,9407	20358	20,169782336496517	20358	20
20360	-286,89930000000004	20360	20,258151947076538	20360	20
20362	-286,8577	20362	20,348459955898509	20362	20
20364	-286,8161	20364	20,423716629916818	20364	20
20366	-286,7744	20366	20,494763858263319	20366	20
20368	-286,7328	20368	20,54563654855416	20368	20
20370	-286,6914	20370	20,571363790462641	20370	20
20372	-286,6504	20372	20,559469825385271	20372	20
20374	-286,60970000000003	20374	20,524558187817597	20374	20
20376	-286,5691	20376	20,487131823184697	20376	20
20378	-286,5283	20378	20,472609852653097	20378	20
20380	-286,48720000000003	20380	20,485508210541891	20380	20
20382	-286,4457	20382	20,529590175455063	20382	20
20384	-286,4047	20384	20,524658479545622	20384	20
20386	-286,36400000000003	20386	20,495548732951221	20386	20
20388	-286,3235	20388	20,454623944126741	20388	20
20390	-286,28340000000003	20390	20,387186620105233	20390	20
20392	-286,244	20392	20,272655516754405	20392	20
20394	-286,2053	20394	20,118879597295816	20394	20
20396	-286,1674	20396	19,924066331082848	20396	20
20398	-286,1304	20398	19,686721942567186	20398	20
20400	-286,0939	20400	19,447268285471782	20400	20
20402	-286,0581	20402	19,189390237892713	20402	20
20404	-286,0228	20404	18,932825198244473	20404	20
20406	-285,9879	20406	18,685687665203169	20406	20
20408	-285,95320000000004	20408	18,46307305433486	20408	20
20410	-285,9184	20410	18,285894211947248	20410	20
20412	-285,8831	20412	18,179911843289918	20412	20
20414	-285,84790000000004	20414	18,083259869406167	20414	20
20416	-285,813	20416	17,977716557842648	20416	20
20418	-285,7779	20418	17,906430464868865	20418	20
20420	-285,7429	20420	17,838692054054736	20420	20
20422	-285,7079	20422	17,782243378381033	20422	20
20424	-285,6734	20424	17,693536148649194	20424	20
20426	-285,639	20426	17,611280123874753	20426	20
20428	-285,6042	20428	17,57606676989716	20428	20
20430	-285,5693	20430	17,555055641580406	20430	20
20432	-285,5344	20432	17,537546367983111	20432	20
20434	-285,4996	20434	17,514621973320789	20434	20
20436	-285,4653	20436	17,453851644431772	20436	20
20438	-285,4309	20438	17,411543037026902	20438	20
20440	-285,396	20440	17,417952530855192	20440	20
20442	-285,3605	20442	17,47329377571376	20442	20
20444	-285,32460000000003	20444	17,552744813092268	20444	20
20446	-285,28790000000004	20446	17,685620677576573	20446	20
20448	-285,25100000000003	20448	17,813017231314046	20448	20
20450	-285,21320000000003	20450	17,994181026095394	20450	20
20452	-285,1752	20452	18,161817521747071	20452	20
20454	-285,13710000000003	20454	18,309847934788046	20454	20
20456	-285,09860000000003	20456	18,466539945656628	20456	20
20458	-285,06	20458	18,605449954716427	20458	20
20460	-285,02160000000003	20460	18,704541628927636	20460	20
20462	-284,9833	20462	18,778784690777137	20462	20
20464	-284,9445	20464	18,882320575646	20464	20
20466	-284,9046	20466	19,060267146370727	20466	20
20468	-284,8644	20468	19,233555955311196	20468	20
20470	-284,82370000000003	20470	19,419629962755867	20470	20
20472	-284,783	20472	19,574691635631165	20472	20
20474	-284,7418	20474	19,74557636302626	20474	20
20476	-284,7006	20476	19,887980302522173	20476	20
20478	-284,6592	20478	20,023316918769321	20478	20
20480	-284,6173	20480	20,17776409897429	20480	20
20482	-284,57480000000004	20482	20,356470082475354	20482	20
20484	-284,5321	20484	20,522058402064864	20484	20
20486	-284,49	20486	20,610048668387797	20486	20
20488	-284,44780000000003	20488	20,691707223654817	20488	20
20490	-284,4055	20490	20,768089353046644	20490	20
20492	-284,3628	20492	20,865074460874272	20492	20
20494	-284,31960000000004	20494	20,987562050724907	20494	20
20496	-284,27590000000004	20496	21,131301708937521	20496	20
20498	-284,2316	20498	21,301084757449694	20498	20
20500	-284,1873	20500	21,442570631209836	20500	20
20502	-284,14250000000004	20502	21,6021421926709	20502	20
20504	-284,09700000000004	20504	21,793451827226093	20504	20
20506	-284,05170000000004	20506	21,936209856021534	20506	20
20508	-284,0064	20508	22,05517488002247	20508	20
20510	-283,9612	20510	22,145979066682536	20510	20
20512	-283,9159	20512	22,229982555568569	20512	20
20514	-283,87100000000004	20514	22,266652129639159	20514	20
20516	-283,82620000000003	20516	22,288876774700071	20516	20
20518	-283,7815	20518	22,299063978919591	20518	20
20520	-283,7371	20520	22,282553315765991	20520	20
20522	-283,692	20522	22,327127763137561	20522	20
20524	-283,6468	20524	22,372606469283181	20524	20
20526	-283,6014	20526	22,427172057733681	20526	20
20528	-283,5563	20528	22,447643381443971	20528	20
20530	-283,5113	20530	22,456369484537969	20530	20
20532	-283,4664	20532	22,455307903780323	20532	20
20534	-283,4214	20534	22,462756586484929	20534	20
20536	-283,3764	20536	22,4689638220721	20536	20
20538	-283,33250000000004	20538	22,382469851722668	20538	20
20540	-283,28880000000004	20540	22,293724876435657	20540	20
20542	-283,2456	20542	22,178104063697468	20542	20
20544	-283,2031	20544	22,023420053082738	20544	20
20546	-283,16020000000003	20546	21,9278500442335	20546	20
20548	-283,1175	20548	21,831541703529986	20548	20
20550	-283,0749	20550	21,742951419607749	20550	20
20552	-283,0323	20552	21,669126183005883	20552	20
20554	-282,9897	20554	21,607605152504327	20554	20
20556	-282,9477	20556	21,50633762708944	20556	20
20558	-282,9058	20558	21,413614689241054	20558	20
20560	-282,86400000000003	20560	21,328012241031423	20560	20
20562	-282,82210000000003	20562	21,265010200859376	20562	20
20564	-282,7803	20564	21,204175167384761	20564	20
20566	-282,73810000000003	20566	21,18681263948562	20566	20
20568	-282,6958	20568	21,180677199572312	20568	20
20570	-282,6533	20570	21,192230999645108	20570	20
20572	-282,6105	20572	21,226859166370904	20572	20
20574	-282,56800000000004	20574	21,230715971972533	20574	20
20576	-282,5255	20576	21,233929976645292	20576	20
20578	-282,4828	20578	21,253274980539814	20578	20
20580	-282,4398	20580	21,294395817117046	20580	20
20582	-282,3968	20582	21,328663180931404	20582	20
20584	-282,3537	20584	21,36555265077461	20584	20
20586	-282,3102	20586	21,429627208978388	20586	20
20588	-282,2667	20588	21,483022674148202	20588	20
20590	-282,22290000000004	20590	21,552518895121509	20590	20
20592	-282,17920000000004	20592	21,602099079268022	20592	20
20594	-282,1356	20594	21,635082566058877	20594	20
20596	-282,0926	20596	21,612568805049598	20596	20
20598	-282,05	20598	21,560474004207425	20598	20
20600	-282,0079	20600	21,475395003506595	20600	20
20602	-281,966	20602	21,387829169588684	20602	20
20604	-281,92470000000003	20604	21,2648576413221	20604	20
20606	-281,8835	20606	21,15404803443537	20606	20
20608	-281,8426	20608	21,036706695364636	20608	20
20610	-281,802	20610	20,913922246135826	20610	20
20612	-281,7622	20612	20,744935205114341	20612	20
20614	-281,7231	20614	20,545779337596869	20614	20
20616	-281,6843	20616	20,354816114662444	20616	20
20618	-281,6458	20618	20,170680095551962	20618	20
20620	-281,608	20620	19,958900079626993	20620	20
20622	-281,571	20622	19,715750066353973	20622	20
20624	-281,5346	20624	19,4631250552962	20624	20
20626	-281,4986	20626	19,219270879413614	20626	20
20628	-281,4631	20628	18,974392399512446	20628	20
20630	-281,4279	20630	18,745326999591605	20630	20
20632	-281,3933	20632	18,504439166327316	20632	20
20634	-281,3586	20634	18,312032638604983	20634	20
20636	-281,324	20636	18,143360532171798	20636	20
20638	-281,2898	20638	17,969467110143036	20638	20
20640	-281,2554	20640	17,841222591786288	20640	20
20642	-281,22110000000004	20642	17,726018826486353	20642	20
20644	-281,1871	20644	17,605015688742682	20644	20
20646	-281,1526	20646	17,545846407283904	20646	20
20648	-281,11830000000003	20648	17,4798720060677	20648	20
20650	-281,0844	20650	17,391560005057826	20650	20
20652	-281,0505	20652	17,317966670882932	20652	20
20654	-281,0162	20654	17,289972225733557	20654	20
20656	-280,9818	20656	17,274976854778387	20656	20
20658	-280,9476	20658	17,245814045648526	20658	20
20660	-280,9137	20660	17,196511704708513	20660	20
20662	-280,88	20662	17,138759753924617	20662	20
20664	-280,8464	20664	17,082299794935391	20664	20
20666	-280,8125	20666	17,060249829114234	20666	20
20668	-280,7785	20668	17,050208190927847	20668	20
20670	-280,7439	20670	17,091840159107516	20670	20
20672	-280,7088	20672	17,16820013258959	20672	20
20674	-280,6729	20674	17,298500110488792	20674	20
20676	-280,63640000000004	20676	17,457083425406456	20676	20
20678	-280,59950000000003	20678	17,622569521172281	20678	20
20680	-280,5621	20680	17,802141267647556	20680	20
20682	-280,52410000000003	20682	18,001784389702468	20682	20
20684	-280,48560000000003	20684	18,209820324751981	20684	20
20686	-280,4472	20686	18,374850270628666	20686	20
20688	-280,4091	20688	18,487375225522705	20688	20
20690	-280,3702	20690	18,647812687936618	20690	20
20692	-280,3311	20692	18,798177239948764	20692	20
20694	-280,29200000000003	20694	18,923481033287484	20694	20
20696	-280,2533	20696	18,994567527740045	20696	20
20698	-280,21430000000004	20698	19,078806273115642	20698	20
20700	-280,1755	20700	19,132338560932826	20700	20
20702	-280,1359	20702	19,24361546744462	20702	20
20704	-280,0957	20704	19,386346222868038	20704	20
20706	-280,0547	20706	19,5719551857231	20706	20
20708	-280,01390000000004	20708	19,709962654768432	20708	20
20710	-279,9728	20710	19,849968878976075	20710	20
20712	-279,9314	20712	19,991640732480903	20712	20
20714	-279,88980000000004	20714	20,12636727706408	20714	20
20716	-279,84770000000003	20716	20,280306064220476	20716	20
20718	-279,8055	20718	20,416921720186785	20718	20
20720	-279,7638	20720	20,48910143348829	20720	20
20722	-279,7224	20722	20,524251194574418	20722	20
20724	-279,6812	20724	20,536875995478972	20724	20
20726	-279,6403	20726	20,522396662896234	20726	20
20728	-279,5994	20728	20,510330552415358	20728	20
20730	-279,55830000000003	20730	20,516942127010442	20730	20
20732	-279,517	20732	20,539118439178303	20732	20
20734	-279,4762	20734	20,515932032647768	20734	20
20736	-279,4349	20736	20,538276693871335	20736	20
20738	-279,3934	20738	20,573563911562935	20738	20
20740	-279,3519	20740	20,602969926301196	20740	20
20742	-279,3096	20742	20,694141605251957	20742	20
20744	-279,2672	20744	20,778451337708837	20744	20
20746	-279,2249	20746	20,840376114758328	20746	20
20748	-279,1829	20748	20,866980095629707	20748	20
20750	-279,1411	20750	20,872483413026703	20750	20
20752	-279,0993	20752	20,8770695108528	20752	20
20754	-279,0572	20754	20,905891259044409	20754	20
20756	-279,0151	20756	20,929909382537417	20756	20
20758	-278,973	20758	20,949924485448257	20758	20
20760	-278,9309	20760	20,966603737873957	20760	20
20762	-278,8891	20762	20,955503114896914	20762	20
20764	-278,8469	20764	20,979585929079082	20764	20
20766	-278,8045	20766	21,016321607564773	20766	20
20768	-278,76230000000004	20768	21,030268006302297	20768	20
20770	-278,7206	20770	21,00022333858929	20770	20
20772	-278,67920000000004	20772	20,950186115487181	20772	20
20774	-278,6379	20774	20,900155096242251	20774	20
20776	-278,5966	20776	20,858462580200072	20776	20
20778	-278,5552	20778	20,83205215016757	20778	20
20780	-278,51370000000003	20780	20,818376791805058	20780	20
20782	-278,4722	20782	20,806980659841038	20782	20
20784	-278,4307	20784	20,797483883199614	20784	20
20786	-278,38890000000004	20786	20,814569902663557	20786	20
20788	-278,3467	20788	20,862141585556021	20788	20
20790	-278,3041	20790	20,935117987962776	20790	20
20792	-278,26120000000003	20792	21,020931656633532	20792	20
20794	-278,218	20794	21,117443047195696	20794	20
20796	-278,1748	20796	21,1978692059975	20796	20
20798	-278,1317	20798	21,256557671663021	20798	20
20800	-278,0886	20800	21,305464726389026	20800	20
20802	-278,04540000000003	20802	21,354553938653869	20802	20
20804	-278,00190000000003	20804	21,420461615544436	20804	20
20806	-277,9579	20806	21,51705134629033	20806	20
20808	-277,9141	20808	21,580876121906616	20808	20
20810	-277,8706	20810	21,609063434921726	20810	20
20812	-277,8267	20812	21,665886195768756	20812	20
20814	-277,7828	20814	21,713238496474617	20814	20
20816	-277,7391	20816	21,736032080395614	20816	20
20818	-277,6958	20818	21,721693400328672	20818	20
20820	-277,6529	20820	21,676411166943183	20820	20
20822	-277,6105	20822	21,597009305784859	20822	20
20824	-277,5684	20824	21,505841088154458	20824	20
20826	-277,527	20826	21,371534240129556	20826	20
20828	-277,4863	20828	21,201278533437833	20828	20
20830	-277,446	20830	21,026065444531696	20830	20
20832	-277,4062	20832	20,838387870444233	20832	20
20834	-277,367	20834	20,631989892036351	20834	20
20836	-277,3284	20836	20,409991576699532	20836	20
20838	-277,2903	20838	20,183326313915096	20838	20
20840	-277,2523	20840	19,986105261596826	20840	20
20842	-277,2145	20842	19,805087717997715	20842	20
20844	-277,17650000000003	20844	19,670906431660935	20844	20
20846	-277,1386	20846	19,550755359720448	20846	20
20848	-277,1009	20848	19,433962799764753	20848	20
20850	-277,0634	20850	19,319968999805855	20850	20
20852	-277,0261	20852	19,208307499839552	20852	20
20854	-276,9891	20854	19,090256249864439	20854	20
20856	-276,9524	20856	18,966880208220047	20856	20
20858	-276,9158	20858	18,855733506851813	20858	20
20860	-276,8799	20860	18,704777922373978	20860	20
20862	-276,8433	20862	18,637314935313423	20862	20
20864	-276,8068	20864	18,572762446093648	20864	20
20866	-276,7704	20866	18,510635371745927	20866	20
20868	-276,73400000000004	20868	18,458862809784758	20868	20
20870	-276,6975	20870	18,424052341491166	20870	20
20872	-276,66110000000003	20872	18,386710284572455	20872	20
20874	-276,6246	20874	18,36392523714758	20874	20
20876	-276,58750000000003	20876	18,394937697619035	20876	20
20878	-276,5501	20878	18,445781414686515	20878	20
20880	-276,5125	20880	18,5048178455719	20880	20
20882	-276,4746	20882	18,579014871308182	20882	20
20884	-276,43670000000003	20884	18,640845726088415	20884	20
20886	-276,3985	20886	18,717371438408478	20886	20
20888	-276,3605	20888	18,764476198674643	20888	20
20890	-276,32280000000003	20890	18,778730165559914	20890	20
20892	-276,2849	20892	18,807275137969597	20892	20
20894	-276,2471	20894	18,822729281641688	20894	20
20896	-276,2092	20896	18,843941068033004	20896	20
20898	-276,17130000000003	20898	18,861617556692437	20898	20
20900	-276,1331	20900	18,901347963911828	20900	20
20902	-276,0944	20902	18,976123303260337	20902	20
20904	-276,0561	20904	19,005102752716319	20904	20
20906	-276,0176	20906	19,045918960596858	20906	20
20908	-275,97860000000003	20908	19,121599133829655	20908	20
20910	-275,9395	20910	19,192999278192964	20910	20
20912	-275,9005	20912	19,244166065159742	20912	20
20914	-275,8609	20914	19,336805054300385	20914	20
20916	-275,8216	20916	19,389004211919126	20916	20
20918	-275,78180000000003	20918	19,474170176595688	20918	20
20920	-275,74170000000004	20920	19,570141813829355	20920	20
20922	-275,7013	20922	19,675118178193941	20922	20
20924	-275,6606	20924	19,787598481829558	20924	20
20926	-275,6197	20926	19,897998734855054	20926	20
20928	-275,5781	20928	20,048332279047273	20928	20
20930	-275,5364	20930	20,181943565872029	20930	20
20932	-275,494	20932	20,351619638225564	20932	20
20934	-275,45120000000003	20934	20,526349698521283	20934	20
20936	-275,4081	20936	20,696958082104246	20936	20
20938	-275,365	20938	20,83913173508531	20938	20
20940	-275,3215	20940	20,990943112570637	20940	20
20942	-275,27770000000004	20942	21,142452593806869	20942	20
20944	-275,23380000000003	20944	21,277043828173042	20944	20
20946	-275,1893	20946	21,439203190146515	20946	20
20948	-275,14480000000003	20948	21,574335991786338	20948	20
20950	-275,1006	20950	21,6619466598258	20950	20
20952	-275,0569	20952	21,693288883188266	20952	20
20954	-275,0134	20954	21,702740735989767	20954	20
20956	-274,9697	20956	21,72728394665824	20956	20
20958	-274,9261	20958	21,73940328887932	20958	20
20960	-274,8826	20960	21,741169407398978	20960	20
20962	-274,8395	20962	21,709307839502323	20962	20
20964	-274,7969	20964	21,641089866251363	20964	20
20966	-274,7545	20966	21,567574888541674	20966	20
20968	-274,71250000000003	20968	21,472979073782493	20968	20
20970	-274,67150000000004	20970	21,310815894818479	20970	20
20972	-274,63120000000004	20972	21,117346579015567	20972	20
20974	-274,591	20974	20,947788815848565	20974	20
20976	-274,551	20976	20,789824013208843	20976	20
20978	-274,5115	20978	20,616520011005324	20978	20
20980	-274,4724	20980	20,438766675839354	20980	20
20982	-274,4336	20982	20,265638896531179	20982	20
20984	-274,3949	20984	20,113032413776462	20984	20
20986	-274,3562	20986	19,985860344814196	20986	20
20988	-274,3176	20988	19,871550287342995	20988	20
20990	-274,2788	20990	19,792958572788955	20990	20
20992	-274,24	20992	19,727465477322514	20992	20
20994	-274,2011	20994	19,681221231103127	20994	20
20996	-274,1624	20996	19,626017692586416	20996	20
20998	-274,1238	20998	19,571681410486512	20998	20
21000	-274,0847	21000	19,568067842073678	21000	20
21002	-274,0453	21002	19,590056535061443	21002	20
21004	-274,0059	21004	19,608380445884581	21004	20
21006	-273,9664	21006	19,631983704901774	21006	20
21008	-273,9269	21008	19,651653087420836	21008	20
21010	-273,8877	21010	19,643044239516854	21010	20
21012	-273,8483	21012	19,652536866264089	21012	20
21014	-273,8086	21014	19,685447388551918	21014	20
21016	-273,76820000000004	21016	19,771206157124674	21016	20
21018	-273,7274	21018	19,876005130941145	21018	20
21020	-273,6865	21020	19,971670942448043	21020	20
21022	-273,6449	21022	20,109725785374764	21022	20
21024	-273,6032	21024	20,233104821144938	21024	20
21026	-273,5613	21026	20,352587350953971	21026	20
21028	-273,5195	21028	20,443822792463592	21028	20
21030	-273,4778	21030	20,511518993718962	21030	20
21032	-273,4361	21032	20,567932494765103	21032	20
21034	-273,3943	21034	20,623277078972869	21034	20
21036	-273,35310000000004	21036	20,619397565806278	21036	20
21038	-273,31260000000003	21038	20,557831304839286	21038	20
21040	-273,273	21040	20,43152608736667	21040	20
21042	-273,23400000000004	21042	20,276271739471163	21042	20
21044	-273,1954	21044	20,113559782895209	21044	20
21046	-273,1565	21046	20,002966485747038	21046	20
21048	-273,1175	21048	19,919138738121472	21048	20
21050	-273,0786	21050	19,840948948435592	21050	20
21052	-273,0401	21052	19,742457457029584	21052	20
21054	-273,002	21054	19,627047880856804	21054	20
21056	-272,9645	21056	19,480873234049231	21056	20
21058	-272,9276	21058	19,309061028374593	21058	20
21060	-272,8909	21060	19,149217523645177	21060	20
21062	-272,8546	21062	18,982681269702891	21062	20
21064	-272,8189	21064	18,793901058087396	21064	20
21066	-272,7838	21066	18,586584215072822	21066	20
21068	-272,749	21068	18,388820179224147	21068	20
21070	-272,7148	21070	18,174016816019993	21070	20
21072	-272,68100000000004	21072	17,961680680015427	21072	20
21074	-272,647	21074	17,801400566683579	21074	20
21076	-272,6125	21076	17,709500472234648	21076	20
21078	-272,5774	21078	17,682917060195532	21078	20
21080	-272,54200000000003	21080	17,685764216828062	21080	20
21082	-272,5064	21082	17,70480351402713	21082	20
21084	-272,4706	21084	17,737336261688839	21084	20
21086	-272,4347	21086	17,7727802180715	21086	20
21088	-272,3988	21088	17,802316848395122	21088	20
21090	-272,3627	21090	17,843597373660625	21090	20
21092	-272,3268	21092	17,861331144719394	21092	20
21094	-272,2909	21094	17,876109287263631	21094	20
21096	-272,255	21096	17,888424406055233	21096	20
21098	-272,2191	21098	17,898687005043495	21098	20
21100	-272,1831	21100	17,915572504203027	21100	20
21102	-272,1468	21102	17,954643753505835	21102	20
21104	-272,1102	21104	18,012203127918568	21104	20
21106	-272,0735	21106	18,068502606598489	21106	20
21108	-272,0364	21108	18,148752172166198	21108	20
21110	-271,9989	21110	18,248960143473727	21110	20
21112	-271,9613	21112	18,340800119561244	21112	20
21114	-271,9232	21114	18,459000099633187	21114	20
21116	-271,885	21116	18,565833416362452	21116	20
21118	-271,8467	21118	18,66319451363475	21118	20
21120	-271,8084	21120	18,744328761361665	21120	20
21122	-271,7702	21122	18,803607301136186	21122	20
21124	-271,7318	21124	18,8696727509441	21124	20
21126	-271,6934	21126	18,924727292455433	21126	20
21128	-271,6544	21128	19,020606077045134	21128	20
21130	-271,6148	21130	19,150505064204879	21130	20
21132	-271,5753	21132	19,250420886835354	21132	20
21134	-271,5355	21134	19,358684072363946	21134	20
21136	-271,49510000000004	21136	19,4989033936347	21136	20
21138	-271,4543	21138	19,649086161366167	21138	20
21140	-271,4139	21140	19,74090513446988	21140	20
21142	-271,3725	21142	19,900754278725742	21142	20
21144	-271,3303	21144	20,100628565603106	21144	20
21146	-271,2878	21146	20,292190471337438	21146	20
21148	-271,2455	21148	20,435158726115493	21148	20
21150	-271,2034	21150	20,537632271763318	21150	20
21152	-271,1615	21152	20,606360226469288	21152	20
21154	-271,1195	21154	20,671966855388838	21154	20
21156	-271,07730000000004	21156	20,743305712822352	21156	20
21158	-271,0347	21158	20,836088094022788	21158	20
21160	-270,99150000000003	21160	20,963406745015337	21160	20
21162	-270,9485	21162	21,052838954179979	21162	20
21164	-270,9055	21164	21,127365795150514	21164	20
21166	-270,86240000000004	21166	21,197804829290533	21166	20
21168	-270,8191	21168	21,273170691079173	21168	20
21170	-270,7755	21170	21,360975575896763	21170	20
21172	-270,7319	21172	21,434146313249496	21172	20
21174	-270,688	21174	21,520121927708566	21174	20
21176	-270,64410000000004	21176	21,591768273086387	21176	20
21178	-270,6001	21178	21,659806894241957	21178	20
21180	-270,5556	21180	21,758172411865875	21180	20
21182	-270,5117	21182	21,790143676555548	21182	20
21184	-270,46750000000003	21184	21,841786397128736	21184	20
21186	-270,423	21186	21,909821997609594	21186	20
21188	-270,3782	21188	21,9915183313421	21188	20
21190	-270,333	21190	22,092931942782226	21190	20
21192	-270,2872	21192	22,227443285655394	21192	20
21194	-270,241	21194	22,372869404712738	21194	20
21196	-270,1945	21196	22,519057837258984	21196	20
21198	-270,1476	21198	22,674214864381963	21198	20
21200	-270,1012	21200	22,761845720318764	21200	20
21202	-270,0555	21202	22,776538100266531	21202	20
21204	-270,01030000000003	21204	22,747115083552586	21204	20
21206	-269,9656	21206	22,680929236296688	21206	20
21208	-269,9211	21208	22,609107696911483	21208	20
21210	-269,8768	21210	22,532589747427995	21210	20
21212	-269,8329	21212	22,435491456190647	21212	20
21214	-269,78880000000004	21214	22,371242880155343	21214	20
21216	-269,7448	21216	22,30936906679942	21216	20
21218	-269,70120000000003	21218	22,224474222330304	21218	20
21220	-269,65770000000003	21220	22,1453951852748	21220	20
21222	-269,6144	21222	22,062829321066062	21222	20
21224	-269,571	21224	22,002357767551953	21224	20
21226	-269,5271	21226	21,993631472960612	21226	20
21228	-269,4832	21228	21,986359560801162	21228	20
21230	-269,4399	21230	21,930299633999962	21230	20
21232	-269,397	21232	21,850249695002589	21232	20
21234	-269,3537	21234	21,816874745834482	21234	20
21236	-269,3104	21236	21,789062288194394	21236	20
21238	-269,267	21238	21,774218573496967	21238	20
21240	-269,2233	21240	21,786848811247573	21240	20
21242	-269,1795	21242	21,805707342704316	21242	20
21244	-269,1358	21244	21,813089452253696	21244	20
21246	-269,0922	21246	21,810907876880272	21246	20
21248	-269,04830000000004	21248	21,834089897396144	21248	20
21250	-269,0047	21250	21,828408247832311	21250	20
21252	-268,9615	21252	21,790340206528011	21252	20
21254	-268,9185	21254	21,741950172107209	21254	20
21256	-268,8758	21256	21,676625143420008	21256	20
21258	-268,8336	21258	21,58052095285306	21258	20
21260	-268,7923	21260	21,425434127375745	21260	20
21262	-268,7516	21262	21,246195106147731	21262	20
21264	-268,7117	21264	21,030162588455504	21264	20
21266	-268,6721	21266	20,825135490380184	21266	20
21268	-268,6327	21268	20,637612908650198	21268	20
21270	-268,59360000000004	21270	20,456344090538682	21270	20
21272	-268,5546	21272	20,296953408785914	21272	20
21274	-268,5163	21274	20,105794507320965	21274	20
21276	-268,4783	21276	19,921495422768384	21276	20
21278	-268,4408	21278	19,726246185637478	21278	20
21280	-268,4039	21280	19,513538488031468	21280	20
21282	-268,3679	21282	19,26128207335967	21282	20
21284	-268,3321	21284	19,034401727799285	21284	20
21286	-268,29650000000004	21286	18,828668106498412	21286	20
21288	-268,2611	21288	18,640556755418533	21288	20
21290	-268,22630000000004	21290	18,433797296178906	21290	20
21292	-268,1917	21292	18,244831080150067	21292	20
21294	-268,1576	21294	18,045692566793686	21294	20
21296	-268,1237	21296	17,863077138996147	21296	20
21298	-268,0903	21298	17,669230949161115	21298	20
21300	-268,0572	21300	17,482692457633462	21300	20
21302	-268,024	21302	17,335577048029727	21302	20
21304	-267,9903	21304	17,25464754002563	21304	20
21306	-267,956	21306	17,237206283352471	21306	20
21308	-267,9216	21308	17,231005236127483	21308	20
21310	-267,8867	21310	17,267504363439009	21310	20
21312	-267,85130000000004	21312	17,339586969530963	21312	20
21314	-267,8158	21314	17,407989141276904	21314	20
21316	-267,78000000000003	21316	17,489990951063646	21316	20
21318	-267,7445	21318	17,533325792554137	21318	20
21320	-267,7085	21320	17,611104827128564	21320	20
21322	-267,67220000000003	21322	17,70092068927238	21322	20
21324	-267,6361	21324	17,75910057439641	21324	20
21326	-267,5994	21326	17,85758381199669	21326	20
21328	-267,56260000000003	21328	17,947986509994834	21328	20
21330	-267,5262	21330	17,989988758330249	21330	20
21332	-267,48990000000003	21332	18,016657298607115	21332	20
21334	-267,45320000000004	21334	18,072214415505609	21334	20
21336	-267,41630000000004	21336	18,135178679588243	21336	20
21338	-267,37940000000003	21338	18,187648899657106	21338	20
21340	-267,3424	21340	18,2397074163838	21340	20
21342	-267,30490000000003	21342	18,324756180316992	21342	20
21344	-267,2667	21344	18,453963483598958	21344	20
21346	-267,2285	21346	18,561636236333928	21346	20
21348	-267,1902	21348	18,659696863610979	21348	20
21350	-267,152	21350	18,733080719677279	21350	20
21352	-267,1134	21352	18,827567266395565	21352	20
21354	-267,0747	21354	18,914639388663449	21354	20
21356	-267,03540000000004	21356	19,037199490550275	21356	20
21358	-266,9956	21358	19,180999575459715	21358	20
21360	-266,956	21360	19,284166312883695	21360	20
21362	-266,91630000000004	21362	19,378471927401588	21362	20
21364	-266,8764	21364	19,473726606171788	21364	20
21366	-266,83590000000004	21366	19,603105505139141	21366	20
21368	-266,7948	21368	19,760921254284998	21368	20
21370	-266,75280000000004	21370	19,967434378568598	21370	20
21372	-266,70980000000003	21372	20,22286198214103	21372	20
21374	-266,6667	21374	20,444051651787365	21374	20
21376	-266,6232	21376	20,66170970982235	21376	20
21378	-266,5801	21378	20,809758091517065	21378	20
21380	-266,5371	21380	20,924798409598086	21380	20
21382	-266,4938	21382	21,045665341330732	21382	20
21384	-266,451	21384	21,10472111777559	21384	20
21386	-266,40860000000004	21386	21,120600931478531	21386	20
21388	-266,3666	21388	21,100500776234611	21388	20
21390	-266,325	21390	21,050417313530239	21390	20
21392	-266,283	21392	21,042014427939634	21392	20
21394	-266,24080000000004	21394	21,051678689948016	21394	20
21396	-266,1981	21396	21,101398908292083	21396	20
21398	-266,15520000000004	21398	21,15949909024129	21398	20
21400	-266,1128	21400	21,166249241871352	21400	20
21402	-266,071	21402	21,121874368223338	21402	20
21404	-266,029	21404	21,10156197352195	21404	20
21406	-265,9873	21406	21,059634977934259	21406	20
21408	-265,9459	21408	20,999695814946058	21408	20
21410	-265,9048	21410	20,924746512452693	21410	20
21412	-265,8639	21412	20,845622093712407	21412	20
21414	-265,8232	21414	20,763018411428281	21414	20
21416	-265,7828	21416	20,669182009521641	21416	20
21418	-265,74240000000003	21418	20,590985007932776	21418	20
21420	-265,7019	21420	20,534154173278036	21420	20
21422	-265,6616	21422	20,470128477731866	21422	20
21424	-265,6209	21424	20,450107064777828	21424	20
21426	-265,5797	21426	20,475089220648478	21426	20
21428	-265,5383	21428	20,512574350541239	21428	20
21430	-265,4968	21430	20,55214529211645	21430	20
21432	-265,4552	21432	20,593454410098438	21432	20
21434	-265,4139	21434	20,602878675080227	21434	20
21436	-265,3729	21436	20,585732229233258	21436	20
21438	-265,3318	21438	20,579776857696764	21438	20
21440	-265,2909	21440	20,558147381411061	21440	20
21442	-265,2498	21442	20,5567894845116	21442	20
21444	-265,20820000000003	21444	20,597324570422995	21444	20
21446	-265,1666	21446	20,631103808687225	21446	20
21448	-265,12510000000003	21448	20,650919840571436	21448	20
21450	-265,0836	21450	20,667433200479685	21450	20
21452	-265,04200000000003	21452	20,689527667063064	21452	20
21454	-264,9999	21454	20,749606389219629	21454	20
21456	-264,9574	21456	20,833005324351205	21456	20
21458	-264,9146	21458	20,927504436959318	21458	20
21460	-264,8713	21460	21,047920364131759	21460	20
21462	-264,8281	21462	21,139933636777553	21462	20
21464	-264,7851	21464	21,199944697315161	21464	20
21466	-264,7423	21466	21,233287247762615	21466	20
21468	-264,69960000000003	21468	21,252739373132844	21468	20
21470	-264,6567	21470	21,285616144279992	21470	20
21472	-264,6138	21472	21,313013453564547	21472	20
21474	-264,57120000000003	21474	21,310844544636549	21474	20
21476	-264,529	21476	21,275703787200179	21476	20
21478	-264,4868	21478	21,246419822665136	21478	20
21480	-264,4448	21480	21,205349852223449	21480	20
21482	-264,40360000000004	21482	21,104458210181761	21482	20
21484	-264,3625	21484	21,012048508487183	21484	20
21486	-264,3218	21486	20,90170709040726	21486	20
21488	-264,2819	21488	20,743089242005112	21488	20
21490	-264,2429	21490	20,535907701669867	21490	20
21492	-264,2051	21492	20,263256418058582	21492	20
21494	-264,1676	21494	20,011047015050714	21494	20
21496	-264,1302	21496	19,79253917920818	21496	20
21498	-264,0929	21498	19,602115982674825	21498	20
21500	-264,0557	21500	19,43509665222772	21500	20
21502	-264,0186	21502	19,287580543523887	21502	20
21504	-263,9821	21504	19,114650452935702	21504	20
21506	-263,946	21506	18,937208710777774	21506	20
21508	-263,9099	21508	18,789340592317572	21508	20
21510	-263,8738	21510	18,666117160262665	21510	20
21512	-263,8376	21512	18,571764300219556	21512	20
21514	-263,8011	21514	18,518136916848757	21514	20
21516	-263,76480000000004	21516	18,456780764039205	21516	20
21518	-263,7285	21518	18,405650636702649	21518	20
21520	-263,6922	21520	18,363042197250785	21520	20
21522	-263,656	21522	18,319201831042989	21522	20
21524	-263,6202	21524	18,249334859202051	21524	20
21526	-263,5842	21526	18,207779049335159	21526	20
21528	-263,54810000000003	21528	18,181482541110654	21528	20
21530	-263,5119	21530	18,167902117592881	21530	20
21532	-263,4753	21532	18,189918431329176	21532	20
21534	-263,4382	21534	18,249932026108436	21534	20
21536	-263,4008	21536	18,324943355089612	21536	20
21538	-263,363	21538	18,4207861292417	21538	20
21540	-263,32480000000004	21540	18,533988441031479	21540	20
21542	-263,28610000000003	21542	18,669990367526708	21542	20
21544	-263,2471	21544	18,808325306275933	21544	20
21546	-263,20730000000003	21546	18,990271088559695	21546	20
21548	-263,1674	21548	19,150225907136878	21548	20
21550	-263,12760000000003	21550	19,275188255943814	21550	20
21552	-263,0876	21552	19,395990213288215	21552	20
21554	-263,048	21554	19,463325177740778	21554	20
21556	-263,0083	21556	19,527770981449159	21556	20
21558	-262,96860000000004	21558	19,581475817872807	21558	20
21560	-262,9287	21560	19,642896514897803	21560	20
21562	-262,8886	21562	19,710747095747784	21562	20
21564	-262,8476	21564	19,842289246456222	21564	20
21566	-262,8064	21566	19,96857437204714	21566	20
21568	-262,76550000000003	21568	20,048811976703039	21568	20
21570	-262,7248	21570	20,099009980587141	21570	20
21572	-262,6839	21572	20,157508317157781	21572	20
21574	-262,6429	21574	20,214590264297886	21574	20
21576	-262,6016	21576	20,287158553579768	21576	20
21578	-262,5602	21578	20,355965461317314	21578	20
21580	-262,519	21580	20,396637884431385	21580	20
21582	-262,4774	21582	20,463864903694216	21582	20
21584	-262,4359	21584	20,511554086410595	21584	20
21586	-262,3943	21586	20,559628405343556	21586	20
21588	-262,3527	21588	20,599690337782956	21588	20
21590	-262,3112	21590	20,62474194815595	21590	20
21592	-262,2695	21592	20,662284956795929	21592	20
21594	-262,228	21594	20,676904130662024	21594	20
21596	-262,1857	21596	20,755753442219316	21596	20
21598	-262,1428	21598	20,871461201847318	21598	20
21600	-262,1	21600	20,95955100153941	21600	20
21602	-262,0571	21602	21,041292501285465	21602	20
21604	-262,0144	21604	21,092743751068554	21604	20
21606	-261,9716	21606	21,143953125890441	21606	20
21608	-261,9289	21608	21,178294271577435	21608	20
21610	-261,8865	21610	21,181911892980068	21610	20
21612	-261,8441	21612	21,184926577482262	21612	20
21614	-261,80170000000004	21614	21,187438814567425	21614	20
21616	-261,7591	21616	21,206199012143681	21616	20
21618	-261,71680000000003	21618	21,196832510115961	21618	20
21620	-261,6744	21620	21,197360425100243	21620	20
21622	-261,6317	21622	21,222800354247536	21622	20
21624	-261,5892	21624	21,227333628541128	21624	20
21626	-261,5469	21626	21,214444690451902	21626	20
21628	-261,505	21628	21,170370575376442	21628	20
21630	-261,46320000000003	21630	21,125308812810914	21630	20
21632	-261,4214	21632	21,087757344011045	21632	20
21634	-261,37940000000003	21634	21,07313112000697	21634	20
21636	-261,33750000000003	21636	21,052609266672331	21636	20
21638	-261,2959	21638	21,010507722228336	21638	20
21640	-261,2545	21640	20,958756435191123	21640	20
21642	-261,2135	21642	20,88229702932567	21642	20
21644	-261,1725	21644	20,818580857771128	21644	20
21646	-261,1314	21646	20,77381738147832	21646	20
21648	-261,0903	21648	20,73651448456291	21648	20
21650	-261,0495	21650	20,680428737134942	21650	20
21652	-261,0086	21652	20,64202394761428	21652	20
21654	-260,9673	21654	20,643353289676764	21654	20
21656	-260,9255	21656	20,68612774139925	21656	20
21658	-260,8834	21658	20,746773117833119	21658	20
21660	-260,8412	21660	20,80564426485925	21660	20
21662	-260,7988	21662	20,871370220714915	21662	20
21664	-260,7559	21664	20,967808517265052	21664	20
21666	-260,7129	21666	21,056507097721408	21666	20
21668	-260,6705	21668	21,080422581433378	21668	20
21670	-260,62850000000003	21670	21,067018817858916	21670	20
21672	-260,58680000000004	21672	21,030849014881731	21672	20
21674	-260,5451	21674	21,000707512405484	21674	20
21676	-260,5038	21676	20,942256260336098	21676	20
21678	-260,4627	21678	20,876880216949129	21678	20
21680	-260,42150000000004	21680	20,830733514119828	21680	20
21682	-260,3802	21682	20,800611261769458	21682	20
21684	-260,3389	21684	20,775509384806078	21684	20
21686	-260,29720000000003	21686	20,7879244873377	21686	20
21688	-260,2559	21688	20,764937072784353	21688	20
21690	-260,21520000000004	21690	20,695780893983496	21690	20
21692	-260,175	21692	20,59648407832184	21692	20
21694	-260,1356	21694	20,447070065268246	21694	20
21696	-260,0969	21696	20,264225054390682	21696	20
21698	-260,0587	21698	20,070187545327034	21698	20
21700	-260,0211	21700	19,858489621105665	21700	20
21702	-259,9842	21702	19,623741350921623	21702	20
21704	-259,9479	21704	19,378117792433262	21704	20
21706	-259,9124	21706	19,106764827028819	21706	20
21708	-259,8773	21708	18,84730402252401	21708	20
21710	-259,8424	21710	18,614420018769447	21710	20
21712	-259,8079	21712	18,387016682306207	21712	20
21714	-259,7731	21714	18,222513901923371	21714	20
21716	-259,7384	21716	18,077094918268362	21716	20
21718	-259,7035	21718	17,972579098556409	21718	20
21720	-259,6687	21720	17,877149248798538	21720	20
21722	-259,63460000000003	21722	17,739291040662675	21722	20
21724	-259,6007	21724	17,60774253388697	21724	20
21726	-259,5667	21726	17,506452111571793	21726	20
21728	-259,53270000000003	21728	17,422043426309145	21728	20
21730	-259,4989	21730	17,335036188594458	21730	20
21732	-259,46520000000004	21732	17,254196823824834	21732	20
21734	-259,43170000000003	21734	17,170164019854333	21734	20
21736	-259,39840000000004	21736	17,083470016545029	21736	20
21738	-259,3653	21738	16,994558347124791	21738	20
21740	-259,3318	21740	16,953798622604296	21740	20
21742	-259,298	21742	16,944832185502346	21742	20
21744	-259,26370000000003	21744	16,979026821249736	21744	20
21746	-259,22880000000004	21746	17,057522351040888	21746	20
21748	-259,1938	21748	17,131268625869492	21748	20
21750	-259,1588	21750	17,192723854893327	21750	20
21752	-259,1234	21752	17,277269879076229	21752	20
21754	-259,0877	21754	17,372724899231844	21754	20
21756	-259,05150000000003	21756	17,493937416022469	21756	20
21758	-259,01550000000003	21758	17,578281180018838	21758	20
21760	-258,979	21760	17,690234316686229	21760	20
21762	-258,9418	21762	17,841861930570555	21762	20
21764	-258,9042	21764	18,0015516088086	21764	20
21766	-258,8661	21766	18,176293007339318	21766	20
21768	-258,8281	21768	18,31357750611701	21768	20
21770	-258,7901	21770	18,42798125509842	21770	20
21772	-258,7527	21772	18,473317712581267	21772	20
21774	-258,7144	21774	18,586098093817093	21774	20
21776	-258,6761	21776	18,680081744846948	21776	20
21778	-258,6376	21778	18,775068120705715	21778	20
21780	-258,59880000000004	21780	18,879223433919815	21780	20
21782	-258,5595	21782	19,007686194935317	21782	20
21784	-258,5201	21784	19,12307182911281	21784	20
21786	-258,4807	21786	19,219226524260719	21786	20
21788	-258,44120000000004	21788	19,307688770215222	21788	20
21790	-258,4014	21790	19,406407308513838	21790	20
21792	-258,3613	21792	19,513672757094479	21792	20
21794	-258,3211	21794	19,611393964247657	21794	20
21796	-258,2805	21796	19,726161636871677	21796	20
21798	-258,2394	21798	19,863468030728779	21798	20
21800	-258,1986	21800	19,952890025606496	21800	20
21802	-258,1575	21802	20,052408354669723	21802	20
21804	-258,1159	21804	20,177006962226166	21804	20
21806	-258,0741	21806	20,297505801857088	21806	20
21808	-258,03180000000003	21808	20,439588168210467	21808	20
21810	-257,98900000000003	21810	20,599656806842034	21810	20
21812	-257,9458	21812	20,766380672369447	21812	20
21814	-257,903	21814	20,871983893641186	21814	20
21816	-257,86	21816	20,97665324470152	21816	20
21818	-257,8173	21818	21,03887770392	21818	20
21820	-257,77430000000004	21820	21,115731419929126	21820	20
21822	-257,7307	21822	21,229776183276464	21822	20
21824	-257,6868	21824	21,349813486064374	21824	20
21826	-257,6426	21826	21,474844571719423	21826	20
21828	-257,59880000000004	21828	21,545703809764191	21828	20
21830	-257,5555	21830	21,563086508140554	21830	20
21832	-257,5124	21832	21,5609054234489	21832	20
21834	-257,46930000000003	21834	21,559087852872523	21834	20
21836	-257,4259	21836	21,582573210728743	21836	20
21838	-257,3825	21838	21,60214434227559	21838	20
21840	-257,339	21840	21,62678695189587	21840	20
21842	-257,29540000000003	21842	21,655655793244012	21842	20
21844	-257,252	21844	21,663046494371649	21844	20
21846	-257,2087	21846	21,660872078642033	21846	20
21848	-257,1652	21848	21,675726732201241	21848	20
21850	-257,1223	21850	21,638105610170324	21850	20
21852	-257,0793	21852	21,6150880084758	21852	20
21854	-257,0362	21854	21,604240007061609	21854	20
21856	-256,9929	21856	21,611866672550335	21856	20
21858	-256,9499	21858	21,593222227125811	21858	20
21860	-256,9066	21860	21,602685189270503	21860	20
21862	-256,863	21862	21,635570991060945	21862	20
21864	-256,819	21864	21,696309159216014	21864	20
21866	-256,7745	21866	21,788590966015658	21866	20
21868	-256,7299	21868	21,873825805013269	21868	20
21870	-256,685	21870	21,96985483750974	21870	20
21872	-256,64	21872	22,058212364592777	21872	20
21874	-256,5956	21874	22,081843637160315	21874	20
21876	-256,5512	21876	22,101536364299928	21876	20
21878	-256,507	21878	22,101280303582385	21878	20
21880	-256,4629	21880	22,092733586319859	21880	20
21882	-256,4189	21882	22,077277988598443	21882	20
21884	-256,3748	21884	22,072731657166575	21884	20
21886	-256,3309	21886	22,0522763809728	21886	20
21888	-256,2868	21888	22,05189698414047	21888	20
21890	-256,2425	21890	22,068247486785484	21890	20
21892	-256,1986	21892	22,048539572321889	21892	20
21894	-256,1549	21894	22,015449643601674	21894	20
21896	-256,1111	21896	21,996208036332735	21896	20
21898	-256,0673	21898	21,980173363613357	21898	20
21900	-256,02320000000003	21900	21,991811136340935	21900	20
21902	-255,97930000000002	21902	21,9848426136181	21902	20
21904	-255,9355	21904	21,970702178017827	21904	20
21906	-255,89190000000002	21906	21,942251815012309	21906	20
21908	-255,8487	21908	21,885209845844678	21908	20
21910	-255,8059	21910	21,804341538203879	21910	20
21912	-255,76330000000002	21912	21,720284615169327	21912	20
21914	-255,72140000000002	21914	21,591903845974294	21914	20
21916	-255,67970000000003	21916	21,468253204977881	21916	20
21918	-255,6384	21918	21,331877670817835	21918	20
21920	-255,59730000000002	21920	21,201564725679173	21920	20
21922	-255,55720000000002	21922	21,009637271398926	21922	20
21924	-255,5179	21924	20,783031059501244	21924	20
21926	-255,4792	21926	20,544192549584849	21926	20
21928	-255,4409	21928	20,311827124653412	21928	20
21930	-255,4029	21930	20,093189270545423	21930	20
21932	-255,36520000000002	21932	19,885991058785564	21932	20
21934	-255,3284	21934	19,638325882323631	21934	20
21936	-255,2921	21936	19,3902715686016	21936	20
21938	-255,25620000000004	21938	19,150226307165468	21938	20
21940	-255,2208	21940	18,908521922641082	21940	20
21942	-255,18510000000003	21942	18,732101602197819	21942	20
21944	-255,1497	21944	18,560084668501375	21944	20
21946	-255,1146	21946	18,391737223751139	21946	20
21948	-255,0795	21948	18,251447686459276	21948	20
21950	-255,04500000000002	21950	18,084539738714398	21950	20
21952	-255,01010000000002	21952	17,978783115594773	21952	20
21954	-254,9749	21954	17,915652596331615	21954	20
21956	-254,93990000000002	21956	17,846377163607027	21956	20
21958	-254,90449999999998	21958	17,821980969675714	21958	20
21960	-254,86920000000003	21960	17,793317474725569	21960	20
21962	-254,83390000000003	21962	17,769431228938522	21962	20
21964	-254,7987	21964	17,741192690784739	21964	20
21966	-254,7634	21966	17,725993908987828	21966	20
21968	-254,7278	21968	17,738328257488867	21968	20
21970	-254,69240000000002	21970	17,731940214572511	21970	20
21972	-254,65680000000003	21972	17,743283512142767	21972	20
21974	-254,6207	21974	17,7944029267884	21974	20
21976	-254,58390000000003	21976	17,895335772321257	21976	20
21978	-254,54680000000002	21978	18,004446476935168	21978	20
21980	-254,5097	21980	18,09537206411343	21980	20
21982	-254,4726	21982	18,17114338676198	21982	20
21984	-254,4348	21984	18,292619488968672	21984	20
21986	-254,3967	21986	18,418849574139379	21986	20
21988	-254,3587	21988	18,515707978450394	21988	20
21990	-254,32010000000002	21990	18,646423315373159	21990	20
21992	-254,2815	21992	18,755352762813537	21992	20
21994	-254,2423	21994	18,896127302344105	21994	20
21996	-254,2027	21996	19,04677275195402	21996	20
21998	-254,163	21998	19,180643959960189	21998	20
22000	-254,123	22000	19,317203299968529	22000	20
22002	-254,08300000000003	22002	19,431002749970745	22002	20
22004	-254,0426	22004	19,559168958311766	22004	20
22006	-254,002	22006	19,682640798591766	22006	20
22008	-253,96090000000004	22008	19,827200665490782	22008	20
22010	-253,91950000000003	22010	19,97266722124316	22010	20
22012	-253,8782	22012	20,085556017705567	22012	20
22014	-253,83680000000004	22014	20,187963348084079	22014	20
22016	-253,79560000000004	22016	20,256636123403688	22016	20
22018	-253,75490000000002	22018	20,272196769504347	22018	20
22020	-253,71410000000003	22020	20,293497307919473	22020	20
22022	-253,6737	22022	20,277914423269038	22022	20
22024	-253,63389999999998	22024	20,214928686058684	22024	20
22026	-253,59410000000003	22026	20,162440571711986	22026	20
22028	-253,5544	22028	20,110367143096568	22028	20
22030	-253,51440000000002	22030	20,09197261924411	22030	20
22032	-253,47390000000001	22032	20,118310516037482	22032	20
22034	-253,4332	22034	20,156925430032512	22034	20
22036	-253,39210000000003	22036	20,22243785835807	22036	20
22038	-253,35070000000002	22038	20,302031548632566	22038	20
22040	-253,30920000000003	22040	20,376692957192553	22040	20
22042	-253,26780000000002	22042	20,430577464327971	22042	20
22044	-253,22630000000004	22044	20,483814553605391	22044	20
22046	-253,1846	22046	20,544845461341868	22046	20
22048	-253,14280000000002	22048	20,604037884448768	22048	20
22050	-253,10110000000003	22050	20,645031570373277	22050	20
22052	-253,05990000000003	22052	20,637526308644688	22052	20
22054	-253,0188	22054	20,622938590539622	22054	20
22056	-252,978	22056	20,5857821587822	22056	20
22058	-252,9373	22058	20,546485132319777	22058	20
22060	-252,89620000000002	22060	20,547070943597458	22060	20
22062	-252,85450000000003	22062	20,597559119663849	22062	20
22064	-252,8129	22064	20,631299266387938	22064	20
22066	-252,77120000000002	22066	20,667749388655917	22066	20
22068	-252,7296	22068	20,68979115721466	22068	20
22070	-252,6875	22070	20,749825964345959	22070	20
22072	-252,6456	22072	20,78318830362149	22072	20
22074	-252,6039	22074	20,794323586350544	22074	20
22076	-252,56220000000002	22076	20,803602988624757	22076	20
22078	-252,5204	22078	20,819669157189246	22078	20
22080	-252,4789	22080	20,808057630989786	22080	20
22082	-252,4379	22082	20,756714692491226	22082	20
22084	-252,397	22084	20,705595577077851	22084	20
22086	-252,35660000000001	22086	20,621329647562952	22086	20
22088	-252,31670000000003	22088	20,50944137296819	22088	20
22090	-252,2767	22090	20,4245344774752	22090	20
22092	-252,2362	22092	20,395445397896722	22092	20
22094	-252,1957	22094	20,371204498247991	22094	20
22096	-252,1549	22096	20,376003748539176	22096	20
22098	-252,11420000000004	22098	20,37166979044585	22098	20
22100	-252,07350000000002	22100	20,368058158706152	22100	20
22102	-252,0326	22102	20,381715132256954	22102	20
22104	-251,9916	22104	20,401429276880531	22104	20
22106	-251,95069999999998	22106	20,409524397402272	22106	20
22108	-251,9097	22108	20,424603664501628	22108	20
22110	-251,86849999999998	22110	20,45383638708498	22110	20
22112	-251,82710000000003	22112	20,494863655900257	22112	20
22114	-251,78570000000002	22114	20,529053046584391	22114	20
22116	-251,74439999999998	22116	20,549210872156593	22116	20
22118	-251,70260000000002	22118	20,607675726794373	22118	20
22120	-251,6603	22120	20,698063105662939	22120	20
22122	-251,618	22122	20,773385921386744	22122	20
22124	-251,57569999999998	22124	20,836154934489915	22124	20
22126	-251,5333	22126	20,896795778740469	22126	20
22128	-251,49130000000002	22128	20,91399648228149	22128	20
22130	-251,4499	22130	20,878330401902083	22130	20
22132	-251,40840000000003	22132	20,856942001583818	22132	20
22134	-251,3671	22134	20,822451667989451	22134	20
22136	-251,32620000000003	22136	20,7603763899883	22136	20
22138	-251,28570000000002	22138	20,675313658324303	22138	20
22140	-251,24580000000003	22140	20,554428048602649	22140	20
22142	-251,20640000000003	22142	20,412023373835584	22142	20
22144	-251,1676	22144	20,243352811532777	22144	20
22146	-251,12920000000003	22146	20,069460676274591	22146	20
22148	-251,091	22148	19,907883896896958	22148	20
22150	-251,05310000000003	22150	19,748236580745729	22150	20
22152	-251,01570000000004	22152	19,573530483954027	22152	20
22154	-250,97860000000003	22154	19,402942069962478	22154	20
22156	-250,9422	22156	19,202451724969954	22156	20
22158	-250,9065	22158	18,977043104143284	22158	20
22160	-250,87150000000003	22160	18,730869253450084	22160	20
22162	-250,83680000000004	22162	18,500724377873958	22162	20
22164	-250,80240000000003	22164	18,283936981562057	22164	20
22166	-250,7677	22166	18,128280817972005	22166	20
22168	-250,73270000000002	22168	18,023567348307353	22168	20
22170	-250,69800000000004	22170	17,911306123588346	22170	20
22172	-250,66340000000002	22172	17,809421769657934	22172	20
22174	-250,62850000000003	22174	17,749518141381053	22174	20
22176	-250,5933	22176	17,724598451153515	22176	20
22178	-250,5584	22178	17,67883204262737	22178	20
22180	-250,52300000000002	22180	17,682360035521263	22180	20
22182	-250,4873	22182	17,710300029602706	22182	20
22184	-250,4511	22184	17,775250024669589	22184	20
22186	-250,41450000000003	22186	17,862708353888362	22186	20
22188	-250,37830000000002	22188	17,902256961574302	22188	20
22190	-250,34160000000003	22190	17,9768808013116	22190	20
22192	-250,3043	22192	18,089067334427675	22192	20
22194	-250,2665	22194	18,224222778690088	22194	20
22196	-250,22910000000002	22196	18,303518982240991	22196	20
22198	-250,1911	22198	18,419599151868404	22198	20
22200	-250,1526	22200	18,557999293223595	22200	20
22202	-250,1137	22202	18,706666077687359	22202	20
22204	-250,07440000000003	22204	18,863888398070202	22204	20
22206	-250,03500000000003	22206	19,003240331725213	22206	20
22208	-249,99560000000002	22208	19,119366943104389	22208	20
22210	-249,9554	22210	19,282805785922584	22210	20
22212	-249,91450000000003	22212	19,477338154932575	22212	20
22214	-249,87310000000002	22214	19,681115129111323	22214	20
22216	-249,83190000000002	22216	19,834262607593057	22216	20
22218	-249,79090000000002	22218	19,945218839660615	22218	20
22220	-249,74940000000004	22220	20,079349033049262	22220	20
22222	-249,7083	22222	20,157790860876766	22222	20
22224	-249,6676	22224	20,18982571739858	22224	20
22226	-249,62690000000003	22226	20,216521431162018	22226	20
22228	-249,5861	22228	20,247101192638933	22228	20
22230	-249,5448	22230	20,314250993863972	22230	20
22232	-249,50330000000002	22232	20,386875828218727	22232	20
22234	-249,46210000000002	22234	20,422396523515896	22234	20
22236	-249,42060000000004	22236	20,476997102928664	22236	20
22238	-249,3793	22238	20,505830919110156	22238	20
22240	-249,3372	22240	20,596525765925538	22240	20
22242	-249,29470000000003	22242	20,705438138268061	22242	20
22244	-249,25209999999998	22244	20,804531781894212	22244	20
22246	-249,20940000000002	22246	20,895443151575844	22246	20
22248	-249,1669	22248	20,954535959648052	22248	20
22250	-249,12440000000004	22250	21,003779966370157	22250	20
22252	-249,0822	22252	21,019816638644851	22252	20
22254	-249,0403	22254	21,008180532203898	22254	20
22256	-248,9984	22256	20,998483776836437	22256	20
22258	-248,9558	22258	21,048736480696459	22258	20
22260	-248,91309999999999	22260	21,098947067249117	22260	20
22262	-248,86990000000003	22262	21,182455889370612	22262	20
22264	-248,82659999999998	22264	21,26037990781257	22264	20
22266	-248,7835	22266	21,308649923175583	22266	20
22268	-248,7403	22268	21,357208269314071	22268	20
22270	-248,6972	22270	21,389340224426832	22270	20
22272	-248,65390000000002	22272	21,432783520354686	22272	20
22274	-248,6107	22274	21,460652933629991	22274	20
22276	-248,56760000000003	22276	21,475544111356765	22276	20
22278	-248,52460000000002	22278	21,479620092797838	22278	20
22280	-248,48220000000003	22280	21,433016743997072	22280	20
22282	-248,4402	22282	21,360847286666729	22282	20
22284	-248,39870000000002	22284	21,259039405554358	22284	20
22286	-248,35720000000003	22286	21,174199504627381	22286	20
22288	-248,31560000000002	22288	21,111832920524215	22288	20
22290	-248,2738	22290	21,076527433772128	22290	20
22292	-248,23180000000002	22292	21,06377286147454	22292	20
22294	-248,1898	22294	21,053144051231286	22294	20
22296	-248,14800000000002	22296	21,02762004268995	22296	20
22298	-248,1064	22298	20,989683368909688	22298	20
22300	-248,0648	22300	20,958069474092802	22300	20
22302	-248,02300000000002	22302	20,948391228407882	22302	20
22304	-247,98120000000006	22304	20,940326023670448	22304	20
22306	-247,9398	22306	20,900271686397616	22306	20
22308	-247,89830000000006	22308	20,87522640532536	22308	20
22310	-247,8564	22310	20,887688671109061	22310	20
22312	-247,8148	22312	20,873073892592281	22312	20
22314	-247,77330000000006	22314	20,852561577154248	22314	20
22316	-247,73159999999996	22316	20,852134647637317	22316	20
22318	-247,68970000000002	22318	20,868445539692885	22318	20
22320	-247,64779999999996	22320	20,882037949748668	22320	20
22322	-247,60580000000004	22322	20,901698291450248	22322	20
22324	-247,5634	22324	20,951415242878817	22324	20
22326	-247,52089999999998	22326	21,001179369067195	22326	20
22328	-247,47789999999998	22328	21,084316140889861	22328	20
22330	-247,43510000000003	22330	21,136930117403459	22330	20
22332	-247,39240000000007	22332	21,172441764500217	22332	20
22334	-247,34990000000005	22334	21,185368137085028	22334	20
22336	-247,30740000000003	22336	21,196140114239039	22336	20
22338	-247,26480000000004	22338	21,213450095198624	22338	20
22340	-247,22260000000006	22340	21,194541745997174	22340	20
22342	-247,18079999999998	22342	21,145451455004331	22342	20
22344	-247,13930000000005	22344	21,07954287916429	22344	20
22346	-247,09810000000004	22346	20,999619065970531	22346	20
22348	-247,05719999999997	22348	20,90801588831534	22348	20
22350	-247,01650000000006	22350	20,815013240254583	22350	20
22352	-246,97609999999997	22352	20,712511033553035	22352	20
22354	-246,93629999999996	22354	20,577092527962016	22354	20
22356	-246,89750000000004	22356	20,380910439961998	22356	20
22358	-246,85900000000004	22358	20,192425366634922	22358	20
22360	-246,82079999999996	22360	20,010354472201968	22360	20
22362	-246,78290000000004	22362	19,833628726828504	22362	20
22364	-246,74559999999997	22364	19,636357272363167	22364	20
22366	-246,70910000000003	22366	19,4052977269637	22366	20
22368	-246,6735	22368	19,137748105806825	22368	20
22370	-246,63850000000002	22370	18,864790088169702	22370	20
22372	-246,60339999999997	22372	18,645658406812814	22372	20
22374	-246,56889999999999	22374	18,413048672342345	22374	20
22376	-246,53420000000006	22376	18,235873893612769	22376	20
22378	-246,49969999999996	22378	18,071561578018446	22378	20
22380	-246,4651	22380	17,942967981678279	22380	20
22382	-246,43039999999996	22382	17,844139984735524	22382	20
22384	-246,39530000000002	22384	17,795116653941527	22384	20
22386	-246,3601	22386	17,762597211620577	22386	20
22388	-246,32500000000005	22388	17,727164343012404	22388	20
22390	-246,29020000000003	22390	17,672636952511869	22390	20
22392	-246,25559999999996	22392	17,610530793765605	22392	20
22394	-246,22120000000007	22394	17,542108994795623	22394	20
22396	-246,18719999999996	22396	17,451757495671814	22396	20
22398	-246,15300000000002	22398	17,393131246388315	22398	20
22400	-246,11860000000001	22400	17,360942705324021	22400	20
22402	-246,08400000000006	22402	17,350785587766261	22402	20
22404	-246,04949999999997	22404	17,333987989813025	22404	20
22406	-246,01520000000005	22406	17,30332332483723	22406	20
22408	-245,981	22408	17,269436104035634	22408	20
22410	-245,94640000000004	22410	17,274530086692604	22410	20
22412	-245,91049999999996	22412	17,387108405584115	22412	20
22414	-245,87329999999997	22414	17,589257004652126	22414	20
22416	-245,83590000000004	22416	17,774380837204617	22416	20
22418	-245,79809999999998	22418	17,961984031008942	22418	20
22420	-245,76030000000003	22420	18,118320025836404	22420	20
22422	-245,72249999999997	22422	18,248600021535431	22422	20
22424	-245,68460000000005	22424	18,36550001793972	22424	20
22426	-245,64610000000005	22426	18,51291668161636	22426	20
22428	-245,60710000000006	22428	18,677430568012571	22428	20
22430	-245,5679	22430	18,831192140014707	22430	20
22432	-245,5285	22432	18,9759934500123	22432	20
22434	-245,48919999999998	22434	19,088327875012389	22434	20
22436	-245,45010000000002	22436	19,165273229173838	22436	20
22438	-245,41070000000002	22438	19,254394357644912	22438	20
22440	-245,37099999999998	22440	19,353661964707339	22440	20
22442	-245,33090000000004	22442	19,469718303917659	22442	20
22444	-245,2899	22444	19,641431919935854	22444	20
22446	-245,24879999999996	22446	19,792859933282262	22446	20
22448	-245,20780000000002	22448	19,910716611063553	22448	20
22450	-245,16700000000003	22450	19,992263842552141	22450	20
22452	-245,12649999999996	22452	20,035219868798908	22452	20
22454	-245,08619999999996	22454	20,054349890665925	22454	20
22456	-245,04600000000005	22456	20,061958242214391	22456	20
22458	-245,00620000000004	22458	20,034965201846479	22458	20
22460	-244,96609999999998	22460	20,037471001543082	22460	20
22462	-244,92560000000003	22462	20,072892501281885	22462	20
22464	-244,88559999999995	22464	20,060743751074682	22464	20
22466	-244,84550000000002	22466	20,058953125890444	22466	20
22468	-244,8048	22468	20,10746093824331	22468	20
22470	-244,76380000000006	22470	20,172884115197757	22470	20
22472	-244,72260000000006	22472	20,244070095998421	22472	20
22474	-244,68079999999998	22474	20,353391746672035	22474	20
22476	-244,63819999999998	22476	20,511159788892787	22476	20
22478	-244,59519999999998	22478	20,675966490744521	22478	20
22480	-244,55219999999997	22480	20,8133054089543	22480	20
22482	-244,50970000000007	22482	20,886087840787294	22482	20
22484	-244,46760000000006	22484	20,913406533989821	22484	20
22486	-244,42510000000004	22486	20,969505444993032	22486	20
22488	-244,3822	22488	21,049587870830148	22488	20
22490	-244,3392	22490	21,124656559025656	22490	20
22492	-244,2962	22492	21,18721379918858	22492	20
22494	-244,25369999999998	22494	21,197678165992	22494	20
22496	-244,21130000000005	22496	21,1980651383208	22496	20
22498	-244,16809999999998	22498	21,265054281939822	22498	20
22500	-244,12480000000005	22500	21,329211901610776	22500	20
22502	-244,0815	22502	21,382676584679377	22502	20
22504	-244,03830000000005	22504	21,418897153895827	22504	20
22506	-243,995	22506	21,457414294916919	22506	20
22508	-243,9515	22508	21,506178579096979	22508	20
22510	-243,90819999999997	22510	21,530148815917876	22510	20
22512	-243,86509999999998	22512	21,53345734659667	22512	20
22514	-243,82209999999998	22514	21,527881122164423	22514	20
22516	-243,779	22516	21,531567601802127	22516	20
22518	-243,73530000000005	22518	21,584639668163803	22518	20
22520	-243,69180000000006	22520	21,612199723469381	22520	20
22522	-243,64890000000003	22522	21,585166436227105	22522	20
22524	-243,606	22524	21,562638696858542	22524	20
22526	-243,5629	22526	21,560532247380557	22526	20
22528	-243,51959999999997	22528	21,575443539487527	22528	20
22530	-243,47630000000004	22530	21,587869616233863	22530	20
22532	-243,43290000000002	22532	21,60655801352986	22532	20
22534	-243,38980000000004	22534	21,597131677939988	22534	20
22536	-243,34699999999998	22536	21,564276398288037	22536	20
22538	-243,30410000000006	22538	21,545230331899848	22538	20
22540	-243,2613	22540	21,52102527658792	22540	20
22542	-243,21820000000002	22542	21,52585439715504	22542	20
22544	-243,17520000000002	22544	21,521545330963065	22544	20
22546	-243,1323	22546	21,509621109138511	22546	20
22548	-243,0892	22548	21,51635092428053	22548	20
22550	-243,04589999999996	22550	21,538625770237505	22550	20
22552	-243,00210000000004	22552	21,598854808524525	22552	20
22554	-242,9579	22554	21,682379007107624	22554	20
22556	-242,9135	22556	21,768649172589353	22556	20
22558	-242,86919999999998	22558	21,832207643826219	22558	20
22560	-242,8252	22560	21,860173036520408	22560	20
22562	-242,78190000000006	22562	21,8251441970946	22562	20
22564	-242,73879999999997	22564	21,779286830920078	22564	20
22566	-242,69619999999998	22566	21,699405692432826	22566	20
22568	-242,65449999999998	22568	21,557838077026659	22568	20
22570	-242,61310000000003	22570	21,41486506418499	22570	20
22572	-242,57220000000007	22572	21,254054220151247	22572	20
22574	-242,5317	22574	21,086711850131497	22574	20
22576	-242,49130000000002	22576	20,938926541774322	22576	20
22578	-242,45130000000006	22578	20,782438784808903	22578	20
22580	-242,41150000000005	22580	20,63536565400857	22580	20
22582	-242,37210000000005	22582	20,47947137834052	22582	20
22584	-242,3333	22584	20,299559481953558	22584	20
22586	-242,29510000000005	22586	20,099632901624691	22586	20
22588	-242,25760000000002	22588	19,874694084689136	22588	20
22590	-242,22050000000002	22590	19,653911737241735	22590	20
22592	-242,1839	22592	19,428259781036555	22592	20
22594	-242,14790000000005	22594	19,190216484192508	22594	20
22596	-242,11220000000003	22596	18,966847070162075	22596	20
22598	-242,07730000000004	22598	18,714039225134503	22598	20
22600	-242,04240000000004	22600	18,50336602094486	22600	20
22602	-242,00779999999997	22602	18,302805017459765	22602	20
22604	-241,97310000000004	22604	18,144004181210619	22604	20
22606	-241,93809999999996	22606	18,03667015101567	22606	20
22608	-241,90330000000006	22608	17,930558459171785	22608	20
22610	-241,86879999999996	22610	17,817132049317628	22610	20
22612	-241,8338	22612	17,764276707762036	22612	20
22614	-241,79870000000005	22614	17,728563923130285	22614	20
22616	-241,76319999999998	22616	17,732136602614407	22616	20
22618	-241,72760000000005	22618	17,743447168839609	22618	20
22620	-241,69150000000002	22620	17,7945393073691	22620	20
22622	-241,65510000000006	22622	17,862116089470735	22622	20
22624	-241,61800000000005	22624	17,976763407893067	22624	20
22626	-241,58100000000002	22626	18,063969506580435	22626	20
22628	-241,54430000000002	22628	18,111641255483377	22628	20
22630	-241,5073	22630	18,176367712905694	22630	20
22632	-241,47030000000007	22632	18,230306427414817	22632	20
22634	-241,43269999999995	22634	18,32525535618829	22634	20
22636	-241,3949	22636	18,421046130152529	22636	20
22638	-241,35670000000005	22638	18,534205108457169	22638	20
22640	-241,3184	22640	18,636837590385081	22640	20
22642	-241,27949999999998	22642	18,772364658655263	22642	20
22644	-241,24040000000002	22644	18,901970548876236	22644	20
22646	-241,20100000000002	22646	19,034975457396907	22646	20
22648	-241,16150000000005	22648	19,154146214495377	22648	20
22650	-241,12189999999998	22650	19,261788512084816	22650	20
22652	-241,08220000000006	22652	19,359823760064451	22652	20
22654	-241,04200000000003	22654	19,483186466722636	22654	20
22656	-241,0018	22656	19,585988722271122	22656	20
22658	-240,96159999999998	22658	19,671657268561525	22658	20
22660	-240,9217	22660	19,718047723800332	22660	20
22662	-240,88170000000002	22662	19,76503976983058	22662	20
22664	-240,84109999999998	22664	19,854199808195514	22664	20
22666	-240,80020000000002	22666	19,953499840160017	22666	20
22668	-240,75919999999996	22668	20,044583200137819	22668	20
22670	-240,71799999999996	22670	20,137152666781805	22670	20
22672	-240,67690000000005	22672	20,20596055564441	22672	20
22674	-240,63509999999997	22674	20,321633796377025	22674	20
22676	-240,5929	22676	20,451361496979175	22676	20
22678	-240,5507	22678	20,559467914147632	22678	20
22680	-240,5082	22680	20,674556595124542	22680	20
22682	-240,46550000000002	22682	20,787130495934452	22682	20
22684	-240,42290000000003	22684	20,872608746611469	22684	20
22686	-240,3804	22686	20,935507288844406	22686	20
22688	-240,33810000000005	22688	20,971256074033231	22688	20
22690	-240,29610000000002	22690	20,976046728363528	22690	20
22692	-240,2541	22692	20,980038940305441	22692	20
22694	-240,21270000000004	22694	20,933365783583973	22694	20
22696	-240,17089999999996	22696	20,927804819659997	22696	20
22698	-240,12900000000002	22698	20,931504016378451	22698	20
22700	-240,08659999999998	22700	20,976253346985651	22700	20
22702	-240,04409999999996	22702	21,021877789156225	22702	20
22704	-240,00200000000007	22704	21,026564824287792	22704	20
22706	-239,9601	22706	21,013804020244422	22706	20
22708	-239,91830000000004	22708	20,994836683534231	22708	20
22710	-239,87689999999998	22710	20,945697236284104	22710	20
22712	-239,83529999999996	22712	20,921414363571483	22712	20
22714	-239,79380000000003	22714	20,892845302970247	22714	20
22716	-239,7523	22716	20,869037752478693	22716	20
22718	-239,71140000000003	22718	20,799198127062667	22718	20
22720	-239,67110000000002	22720	20,690998439219058	22720	20
22722	-239,63080000000002	22722	20,600832032682717	22722	20
22724	-239,59040000000005	22724	20,534026693900341	22724	20
22726	-239,55010000000004	22726	20,470022244917118	22726	20
22728	-239,50970000000007	22728	20,425018537429008	22728	20
22730	-239,46929999999998	22730	20,387515447865056	22730	20
22732	-239,42880000000002	22732	20,364596206550196	22732	20
22734	-239,38869999999997	22734	20,312163505462848	22734	20
22736	-239,3487	22736	20,260136254549344	22736	20
22738	-239,30910000000006	22738	20,183446878786985	22738	20
22740	-239,26919999999996	22740	20,144539065664354	22740	20
22742	-239,22850000000005	22742	20,178782554712097	22742	20
22744	-239,18770000000006	22744	20,215652128925928	22744	20
22746	-239,14729999999997	22746	20,213043440779156	22746	20
22748	-239,1078	22748	20,135869533980586	22748	20
22750	-239,0688	22750	20,029891278316093	22750	20
22752	-239,02980000000002	22752	19,94157606526235	22752	20
22754	-238,99009999999998	22754	19,926313387721869	22754	20
22756	-238,94989999999996	22756	19,95526115643715	22756	20
22758	-238,90930000000003	22758	20,012717630358186	22758	20
22760	-238,8687	22760	20,060598025301854	22760	20
22762	-238,82780000000002	22762	20,1254983544153	22762	20
22764	-238,7867	22764	20,196248628681797	22764	20
22766	-238,74530000000004	22766	20,280207190564269	22766	20
22768	-238,7038	22768	20,35850599214038	22768	20
22770	-238,6621	22770	20,440421660116286	22770	20
22772	-238,6205	22772	20,500351383431635	22772	20
22774	-238,57900000000006	22774	20,541959486187043	22774	20
22776	-238,5376	22776	20,568299571828113	22776	20
22778	-238,49630000000002	22778	20,581916309854957	22778	20
22780	-238,45500000000004	22780	20,593263591543995	22780	20
22782	-238,41340000000002	22782	20,627719659621391	22782	20
22784	-238,37160000000006	22784	20,673099716348371	22784	20
22786	-238,33000000000004	22786	20,694249763625038	22786	20
22788	-238,28830000000005	22788	20,720208136353502	22788	20
22790	-238,24649999999997	22790	20,750173446967935	22790	20
22792	-238,2047	22792	20,775144539137159	22792	20
22794	-238,16309999999999	22794	20,779287115949028	22794	20
22796	-238,12220000000002	22796	20,724405929954614	22796	20
22798	-238,08169999999996	22798	20,645338274967635	22798	20
22800	-238,04179999999997	22800	20,529448562472091	22800	20
22802	-238,00239999999997	22802	20,391207135393454	22802	20
22804	-237,96370000000002	22804	20,21767261282362	22804	20
22806	-237,92579999999998	22806	20,006393844022686	22806	20
22808	-237,88840000000005	22808	19,788661536680085	22808	20
22810	-237,8514	22810	19,573884613902951	22810	20
22812	-237,81450000000007	22812	19,38657051158129	22812	20
22814	-237,77800000000002	22814	19,197142092988276	22814	20
22816	-237,74170000000004	22816	19,02261841082214	22816	20
22818	-237,7056	22818	18,860515342354542	22818	20
22820	-237,66930000000002	22820	18,742096118627362	22820	20
22822	-237,63300000000004	22822	18,643413432188044	22822	20
22824	-237,59670000000006	22824	18,561177860155279	22824	20
22826	-237,5607	22826	18,467648216800917	22826	20
22828	-237,52459999999996	22828	18,39804018067019	22828	20
22830	-237,48860000000002	22830	18,331700150553868	22830	20
22832	-237,45270000000005	22832	18,268083458792358	22832	20
22834	-237,41640000000007	22834	18,248402882325539	22834	20
22836	-237,38049999999998	22836	18,198669068611558	22836	20
22838	-237,34450000000004	22838	18,165557557171677	22838	20
22840	-237,30859999999996	22840	18,129631297650008	22840	20
22842	-237,27229999999997	22842	18,133026081373583	22842	20
22844	-237,2355	22844	18,177521734475576	22844	20
22846	-237,1984	22846	18,239601445397103	22846	20
22848	-237,1608	22848	18,333001204497389	22848	20
22850	-237,12300000000005	22850	18,427501003743444	22850	20
22852	-237,0847	22852	18,547917503123646	22852	20
22854	-237,04640000000006	22854	18,648264585931006	22854	20
22856	-237,00779999999997	22856	18,756887154949812	22856	20
22858	-236,9692	22858	18,847405962456008	22858	20
22860	-236,93060000000003	22860	18,922838302044507	22860	20
22862	-236,89210000000003	22862	18,977365251703681	22862	20
22864	-236,85310000000004	22864	19,064471043085341	22864	20
22866	-236,81380000000001	22866	19,162059202573253	22866	20
22868	-236,77420000000006	22868	19,268382668806908	22868	20
22870	-236,73429999999996	22870	19,381985557347623	22870	20
22872	-236,69389999999999	22872	19,518321297787761	22872	20
22874	-236,65340000000003	22874	19,64026774815245	22874	20
22876	-236,61300000000006	22876	19,733556456791785	22876	20
22878	-236,57230000000004	22878	19,836297047327761	22878	20
22880	-236,5313	22880	19,946914206110939	22880	20
22882	-236,49009999999998	22882	20,055761838426072	22882	20
22884	-236,44870000000003	22884	20,163134865351168	22884	20
22886	-236,40740000000005	22886	20,244279054457504	22886	20
22888	-236,36620000000005	22888	20,303565878714874	22888	20
22890	-236,32510000000002	22890	20,344638232264778	22890	20
22892	-236,28390000000002	22892	20,387198526887605	22892	20
22894	-236,24260000000004	22894	20,430998772404532	22894	20
22896	-236,20119999999997	22896	20,475832310342689	22896	20
22898	-236,15970000000004	22898	20,521526925279588	22898	20
22900	-236,11789999999996	22900	20,584605771073008	22900	20
22902	-236,0756	22902	20,678838142557066	22902	20
22904	-236,03340000000003	22904	20,749031785462542	22904	20
22906	-235,9909	22906	20,832526487886966	22906	20
22908	-235,94820000000004	22908	20,918772073236472	22908	20
22910	-235,9053	22910	21,007310061033014	22910	20
22912	-235,86249999999995	22912	21,072758384198892	22912	20
22914	-235,8207	22914	21,043965320162958	22914	20
22916	-235,77869999999996	22916	21,036637766804965	22916	20
22918	-235,73620000000005	22918	21,072198138996182	22918	20
22920	-235,69349999999997	22920	21,118498449170293	22920	20
22922	-235,65120000000002	22922	21,123748707638136	22922	20
22924	-235,60940000000005	22924	21,086457256362326	22924	20
22926	-235,5675	22926	21,063714380306532	22926	20
22928	-235,5254	22928	21,061428650255852	22928	20
22930	-235,48360000000002	22930	21,034523875210422	22930	20
22932	-235,44140000000004	22932	21,045436562673672	22932	20
22934	-235,39909999999998	22934	21,06286380223376	22934	20
22936	-235,35680000000002	22936	21,077386501857692	22936	20
22938	-235,31439999999998	22938	21,097822084885017	22938	20
22940	-235,27210000000002	22940	21,106518404067074	22940	20
22942	-235,23019999999997	22942	21,080432003393824	22942	20
22944	-235,18860000000006	22944	21,033693336153441	22944	20
22946	-235,14689999999996	22946	21,003077780136646	22946	20
22948	-235,10540000000003	22948	20,960898150107884	22948	20
22950	-235,06360000000006	22950	20,950748458420449	22950	20
22952	-235,02189999999996	22952	20,933957048692484	22952	20
22954	-234,9805	22954	20,894964207239845	22954	20
22956	-234,93899999999996	22956	20,870803506036694	22956	20
22958	-234,89729999999997	22958	20,86733625502988	22958	20
22960	-234,85590000000002	22960	20,839446879187673	22960	20
22962	-234,81439999999998	22962	20,824539065993214	22962	20
22964	-234,7727	22964	20,828782554993648	22964	20
22966	-234,73130000000003	22966	20,807318795824145	22966	20
22968	-234,69000000000005	22968	20,781098996518317	22968	20
22970	-234,649	22970	20,734249163769736	22970	20
22972	-234,60770000000002	22972	20,720207636472974	22972	20
22974	-234,56629999999996	22974	20,716839697066391	22974	20
22976	-234,5244	22976	20,755699747550445	22976	20
22978	-234,48249999999996	22978	20,7880831229633	22978	20
22980	-234,44039999999995	22980	20,83173593580316	22980	20
22982	-234,39830000000006	22982	20,868113279826904	22982	20
22984	-234,35630000000003	22984	20,890094399858256	22984	20
22986	-234,31410000000005	22986	20,925078666546867	22986	20
22988	-234,27189999999996	22988	20,95423222213018	22988	20
22990	-234,22969999999998	22990	20,97852685177347	22990	20
22992	-234,18719999999996	22992	21,023772376479407	22992	20
22994	-234,14430000000004	22994	21,09481031372599	22994	20
22996	-234,10130000000004	22996	21,162341928105523	22996	20
22998	-234,05820000000006	22998	21,22695160675304	22998	20
23000	-234,0159	23000	21,214126338966569	23000	20
23002	-233,97400000000005	23002	21,170105282467262	23002	20
23004	-233,93219999999997	23004	21,125087735396068	23004	20
23006	-233,89099999999996	23006	21,037573112830344	23006	20
23008	-233,85019999999997	23008	20,931310927357803	23008	20
23010	-233,8098	23010	20,809425772796246	23010	20
23012	-233,76959999999997	23012	20,691188143999131	23012	20
23014	-233,72979999999995	23014	20,559323453333761	23014	20
23016	-233,6907	23016	20,391102877774983	23016	20
23018	-233,6517	23018	20,242585731478091	23018	20
23020	-233,61310000000003	23020	20,085488109562906	23020	20
23022	-233,57500000000005	23022	19,912906757967907	23022	20
23024	-233,53740000000005	23024	19,727422298306394	23024	20
23026	-233,5004	23026	19,522851915258208	23026	20
23028	-233,46370000000002	23028	19,32737659604819	23028	20
23030	-233,42759999999998	23030	19,114480496709586	23030	20
23032	-233,39229999999998	23032	18,8704004139252	23032	20
23034	-233,35680000000002	23034	18,683667011600697	23034	20
23036	-233,32169999999996	23036	18,494722509671977	23036	20
23038	-233,28719999999998	23038	18,287268758058314	23038	20
23040	-233,25289999999995	23040	18,097723965051109	23040	20
23042	-233,2183	23042	17,964769970872165	23042	20
23044	-233,18349999999998	23044	17,870641642395004	23044	20
23046	-233,14930000000004	23046	17,742201368657639	23046	20
23048	-233,11429999999996	23048	17,701834473888187	23048	20
23050	-233,0797	23050	17,634862061569731	23050	20
23052	-233,04520000000002	23052	17,570718384639775	23052	20
23054	-233,0104	23054	17,542265320534678	23054	20
23056	-232,97609999999997	23056	17,476887767114746	23056	20
23058	-232,94169999999997	23058	17,430739805929381	23058	20
23060	-232,90690000000006	23060	17,42561650493321	23060	20
23062	-232,87199999999996	23062	17,429680420786589	23062	20
23064	-232,83680000000004	23064	17,458067017315322	23064	20
23066	-232,80190000000005	23066	17,456722514428876	23066	20
23068	-232,76700000000005	23068	17,455602095356838	23068	20
23070	-232,73220000000003	23070	17,446335079465563	23070	20
23072	-232,69730000000004	23072	17,446945899554077	23072	20
23074	-232,6621	23074	17,472454916297703	23074	20
23076	-232,6264	23076	17,535379096916405	23076	20
23078	-232,5901	23078	17,637815914095579	23078	20
23080	-232,55330000000004	23080	17,764846595077241	23080	20
23082	-232,51570000000004	23082	17,93737216256417	23082	20
23084	-232,47820000000002	23084	18,072810135472036	23084	20
23086	-232,44050000000004	23086	18,202341779557742	23086	20
23088	-232,40250000000003	23088	18,33528481629903	23088	20
23090	-232,36469999999997	23090	18,429404013587618	23090	20
23092	-232,32659999999998	23092	18,5328366779885	23092	20
23094	-232,28819999999996	23094	18,644030564992434	23094	20
23096	-232,24930000000006	23096	18,778358804151917	23096	20
23098	-232,21069999999997	23098	18,865299003467236	23098	20
23100	-232,17240000000004	23100	18,912749169550665	23100	20
23102	-232,13419999999996	23102	18,943957641298422	23102	20
23104	-232,09569999999997	23104	18,99496470108194	23104	20
23106	-232,0566	23106	19,0874705842318	23106	20
23108	-232,0172	23108	19,189558820193213	23108	20
23110	-231,97770000000003	23110	19,2829656834923	23110	20
23112	-231,93770000000006	23112	19,402471402907221	23112	20
23114	-231,89700000000005	23114	19,560392835757291	23114	20
23116	-231,85609999999997	23116	19,708660696470975	23116	20
23118	-231,81529999999998	23118	19,823883913724995	23118	20
23120	-231,77409999999998	23120	19,953236594771116	23120	20
23122	-231,73239999999998	23122	20,102697162308566	23122	20
23124	-231,69050000000004	23124	20,243914301918924	23124	20
23126	-231,64740000000006	23126	20,461595251597544	23126	20
23128	-231,6046	23128	20,61799604300267	23128	20
23130	-231,562	23130	20,731663369168317	23130	20
23132	-231,51930000000004	23132	20,834719474304265	23132	20
23134	-231,47659999999996	23134	20,92059956192703	23134	20
23136	-231,43370000000004	23136	21,008832968265676	23136	20
23138	-231,39020000000005	23138	21,132360806887608	23138	20
23140	-231,34680000000003	23140	21,226967339074644	23140	20
23142	-231,30349999999999	23142	21,297472782565933	23142	20
23144	-231,25990000000002	23144	21,3812273188024	23144	20
23146	-231,21699999999998	23146	21,392689432337953	23146	20
23148	-231,17399999999998	23148	21,410574526948828	23148	20
23150	-231,13120000000004	23150	21,40881210578593	23150	20
23152	-231,08839999999998	23152	21,407343421492989	23152	20
23154	-231,04600000000005	23154	21,372786184571623	23154	20
23156	-231,00390000000004	23156	21,318988487143429	23156	20
23158	-230,96209999999996	23158	21,249157072626208	23158	20
23160	-230,92039999999997	23160	21,182630893854476	23160	20
23162	-230,8786	23162	21,135525744875942	23162	20
23164	-230,83680000000004	23164	21,0962714540605	23164	20
23166	-230,7953	23166	21,038559545053904	23166	20
23168	-230,7541	23168	20,965466287545208	23168	20
23170	-230,71310000000005	23170	20,88788857294934	23170	20
23172	-230,67150000000004	23172	20,873240477459177	23172	20
23174	-230,62959999999998	23174	20,886033731220575	23174	20
23176	-230,58839999999998	23176	20,8383614426841	23176	20
23178	-230,54740000000004	23178	20,781967868898416	23178	20
23180	-230,50649999999996	23180	20,726639890755244	23180	20
23182	-230,46590000000003	23182	20,65553324228993	23182	20
23184	-230,42489999999998	23184	20,629611035246079	23184	20
23186	-230,3841	23186	20,591342529370916	23186	20
23188	-230,3424	23188	20,6344521078084	23188	20
23190	-230,30060000000003	23190	20,678710089837548	23190	20
23192	-230,25880000000006	23192	20,715591741528502	23192	20
23194	-230,21699999999998	23194	20,746326451280435	23194	20
23196	-230,17520000000002	23196	20,771938709397574	23196	20
23198	-230,13300000000004	23198	20,826615591162966	23198	20
23200	-230,0906	23200	20,888846325972747	23200	20
23202	-230,04809999999998	23202	20,949038604978803	23202	20
23204	-230,0059	23204	20,974198837480657	23204	20
23206	-229,96360000000004	23206	21,003499031230106	23206	20
23208	-229,92140000000006	23208	21,019582526023409	23208	20
23210	-229,87919999999997	23210	21,032985438360633	23210	20
23212	-229,83670000000006	23212	21,069154531959239	23212	20
23214	-229,79380000000003	23214	21,132628776635322	23214	20
23216	-229,75099999999998	23216	21,177190647200817	23216	20
23218	-229,70849999999996	23218	21,189325539335531	23218	20
23220	-229,66639999999995	23220	21,166104616113351	23220	20
23222	-229,62469999999996	23222	21,113420513427094	23222	20
23224	-229,58339999999998	23224	21,036183761187441	23224	20
23226	-229,5417	23226	21,005153134322171	23226	20
23228	-229,50009999999997	23228	20,970960945269873	23228	20
23230	-229,4588	23230	20,917467454389758	23230	20
23232	-229,4176	23232	20,864556211991754	23232	20
23234	-229,37720000000002	23234	20,753796843324537	23234	20
23236	-229,3379	23236	20,569830702772585	23236	20
23238	-229,2985	23238	20,4248589189772	23238	20
23240	-229,25980000000004	23240	20,245715765810075	23240	20
23242	-229,2215	23242	20,063096471512505	23242	20
23244	-229,1839	23244	19,852580392926892	23244	20
23246	-229,14660000000003	23246	19,652150327435681	23246	20
23248	-229,10929999999996	23248	19,485125272869148	23248	20
23250	-229,07209999999998	23250	19,337604394056321	23250	20
23252	-229,03459999999995	23252	19,239670328382161	23252	20
23254	-228,9977	23254	19,108058606980634	23254	20
23256	-228,96130000000005	23256	18,95671550581368	23256	20
23258	-228,92470000000003	23258	18,847262921513174	23258	20
23260	-228,88819999999998	23260	18,747719101264845	23260	20
23262	-228,85199999999998	23262	18,63976591772137	23262	20
23264	-228,81629999999996	23264	18,50813826476946	23264	20
23266	-228,78070000000002	23266	18,390115220635487	23266	20
23268	-228,74530000000004	23268	18,275096017194691	23268	20
23270	-228,70990000000006	23270	18,17924668099403	23270	20
23272	-228,67460000000005	23272	18,091038900828906	23272	20
23274	-228,63980000000004	23274	17,975865750692286	23274	20
23276	-228,6046	23276	17,913221458912876	23276	20
23278	-228,56899999999996	23278	17,894351215764473	23278	20
23280	-228,53300000000002	23280	17,911959346465771	23280	20
23282	-228,49710000000005	23282	17,918299455385611	23282	20
23284	-228,4611	23284	17,931916212826195	23284	20
23286	-228,42460000000005	23286	17,984930177349554	23286	20
23288	-228,38750000000005	23288	18,079108481125417	23288	20
23290	-228,35019999999997	23290	18,174257067610593	23290	20
23292	-228,31280000000004	23292	18,261880889670007	23292	20
23294	-228,2749	23294	18,376567408061341	23294	20
23296	-228,23649999999998	23296	18,513806173386467	23296	20
23298	-228,19799999999998	23298	18,636505144488645	23298	20
23300	-228,15949999999998	23300	18,738754287073796	23300	20
23302	-228,12070000000006	23302	18,84896190588848	23302	20
23304	-228,0815	23304	18,974134921577964	23304	20
23306	-228,04150000000004	23306	19,14511243464527	23306	20
23308	-228,00120000000004	23308	19,312593695537892	23308	20
23310	-227,9606	23310	19,47716141295161	23310	20
23312	-227,91949999999997	23312	19,655967844128725	23312	20
23314	-227,87869999999998	23314	19,779973203439788	23314	20
23316	-227,83749999999998	23316	19,916644336200111	23316	20
23318	-227,79629999999997	23318	20,030536946833713	23318	20
23320	-227,75480000000005	23320	20,150447455688774	23320	20
23322	-227,7129	23322	20,283706213078574	23322	20
23324	-227,6707	23324	20,419755177563797	23324	20
23326	-227,62829999999997	23326	20,549795981306772	23326	20
23328	-227,58619999999996	23328	20,633163317756054	23328	20
23330	-227,54380000000003	23330	20,727636098124179	23330	20
23332	-227,50149999999996	23332	20,798030081775853	23332	20
23334	-227,45910000000003	23334	20,865025068140678	23334	20
23336	-227,41660000000002	23336	20,929187556785415	23336	20
23338	-227,37369999999999	23338	21,015989630657135	23338	20
23340	-227,33050000000003	23340	21,113324692210625	23340	20
23342	-227,2871	23342	21,211103910177162	23342	20
23344	-227,24350000000004	23344	21,309253258478421	23344	20
23346	-227,20010000000002	23346	21,374377715400325	23346	20
23348	-227,15639999999996	23348	21,453648096171772	23348	20
23350	-227,11239999999998	23350	21,54470674680837	23350	20
23352	-227,06830000000002	23352	21,628922289003444	23352	20
23354	-227,02430000000004	23354	21,690768574168096	23354	20
23356	-226,98090000000002	23356	21,692307145141719	23356	20
23358	-226,93759999999997	23358	21,685255954288493	23358	20
23360	-226,89390000000003	23360	21,712713295235776	23360	20
23362	-226,84990000000005	23362	21,760594412695038	23362	20
23364	-226,80610000000001	23364	21,783828677248611	23364	20
23366	-226,76239999999996	23366	21,794857231045345	23366	20
23368	-226,7188	23368	21,795714359201906	23368	20
23370	-226,6748	23370	21,829761966000149	23370	20
23372	-226,63070000000005	23372	21,866468304996594	23372	20
23374	-226,587	23374	21,863723587501998	23374	20
23376	-226,54359999999997	23376	21,836436322919969	23376	20
23378	-226,50009999999997	23378	21,822030269099521	23378	20
23380	-226,45669999999996	23380	21,801691890917908	23380	20
23382	-226,41380000000004	23382	21,743076575758074	23382	20
23384	-226,3709	23384	21,694230479801018	23384	20
23386	-226,32849999999996	23386	21,611858733171122	23386	20
23388	-226,28629999999998	23388	21,526548944307589	23388	20
23390	-226,2446	23390	21,413790786922291	23390	20
23392	-226,2033	23392	21,286492322433439	23392	20
23394	-226,1617	23394	21,205410268695928	23394	20
23396	-226,12009999999998	23396	21,137841890581335	23396	20
23398	-226,0784	23398	21,089868242150416	23398	20
23400	-226,03650000000005	23400	21,0665568684538	23400	20
23402	-225,9955	23402	20,972130723715974	23402	20
23404	-225,9552	23404	20,835108936430146	23404	20
23406	-225,91539999999998	23406	20,679257447026274	23406	20
23408	-225,87570000000005	23408	20,541047872515666	23408	20
23410	-225,83630000000005	23410	20,400873227096433	23410	20
23412	-225,79719999999998	23412	20,259061022586682	23412	20
23414	-225,75800000000004	23414	20,14921751881699	23414	20
23416	-225,71889999999996	23416	20,049347932353811	23416	20
23418	-225,67989999999998	23418	19,957789943627116	23418	20
23420	-225,64070000000004	23420	19,898158286350686	23420	20
23422	-225,60130000000004	23422	19,865131905292284	23422	20
23424	-225,56169999999997	23424	19,854276587748906	23424	20
23426	-225,52189999999996	23426	19,861897156458575	23426	20
23428	-225,48159999999996	23428	19,909914297048982	23428	20
23430	-225,44129999999996	23430	19,949928580874321	23430	20
23432	-225,40089999999998	23432	19,991607150726676	23432	20
23434	-225,36090000000002	23434	19,993005958935864	23434	20
23436	-225,32090000000005	23436	19,994171632443521	23436	20
23438	-225,28089999999997	23438	19,995143027042712	23438	20
23440	-225,24130000000002	23440	19,962619189198122	23440	20
23442	-225,20180000000005	23442	19,927182657663057	23442	20
23444	-225,16240000000005	23444	19,889318881385925	23444	20
23446	-225,12310000000002	23446	19,849432401157078	23446	20
23448	-225,08400000000006	23448	19,799527000961081	23448	20
23450	-225,04550000000006	23450	19,707939167467494	23450	20
23452	-225,00700000000006	23452	19,631615972889502	23452	20
23454	-224,96889999999996	23454	19,534679977416211	23454	20
23456	-224,93110000000001	23456	19,428899981175796	23456	20
23458	-224,89350000000002	23458	19,324083317646302	23458	20
23460	-224,856	23460	19,228402764707145	23460	20
23462	-224,81849999999997	23462	19,148668970591181	23462	20
23464	-224,78150000000005	23464	19,040557475486057	23464	20
23466	-224,74480000000005	23466	18,925464562904729	23466	20
23468	-224,70870000000002	23468	18,779553802423369	23468	20
23470	-224,67269999999996	23470	18,649628168690992	23470	20
23472	-224,63660000000004	23472	18,549690140569112	23472	20
23474	-224,60069999999996	23474	18,449741783814538	23474	20
23476	-224,56489999999997	23476	18,358118153178342	23476	20
23478	-224,52949999999998	23478	18,248431794313738	23478	20
23480	-224,49419999999998	23480	18,148693161928662	23480	20
23482	-224,45889999999997	23482	18,0655776349411	23482	20
23484	-224,42399999999998	23484	17,962981362450357	23484	20
23486	-224,38880000000006	23486	17,902484468701797	23486	20
23488	-224,35360000000003	23488	17,852070390587468	23488	20
23490	-224,31770000000006	23490	17,868391992153693	23490	20
23492	-224,28200000000004	23492	17,865326660129732	23492	20
23494	-224,24620000000004	23494	17,871105550107671	23494	20
23496	-224,21050000000002	23496	17,867587958424714	23496	20
23498	-224,17460000000005	23498	17,88132329868473	23498	20
23500	-224,13890000000004	23500	17,876102748905595	23500	20
23502	-224,10310000000004	23502	17,880085624087556	23502	20
23504	-224,06719999999996	23504	17,891738020079906	23504	20
23506	-224,03110000000004	23506	17,918115016726539	23506	20
23508	-223,99440000000004	23508	17,990095847271796	23508	20
23510	-223,95720000000006	23510	18,09174653939186	23510	20
23512	-223,91960000000006	23512	18,209788782826354	23512	20
23514	-223,88170000000002	23514	18,333157319024963	23514	20
23516	-223,8433	23516	18,477631099189487	23516	20
23518	-223,80489999999998	23518	18,598025915993258	23518	20
23520	-223,7663	23520	18,715021596658882	23520	20
23522	-223,72720000000004	23522	18,854184663879249	23522	20
23524	-223,68730000000005	23524	19,036820553231767	23524	20
23526	-223,64750000000004	23526	19,180683794360959	23526	20
23528	-223,60789999999997	23528	19,283903161972802	23528	20
23530	-223,56820000000005	23530	19,378252634971105	23530	20
23532	-223,52830000000006	23532	19,473543862474983	23532	20
23534	-223,48789999999997	23534	19,594619885403372	23534	20
23536	-223,44730000000004	23536	19,712183237830036	23536	20
23538	-223,4067	23538	19,810152698195061	23538	20
23540	-223,3659	23540	19,9084605818284	23540	20
23542	-223,32479999999998	23542	20,015383818192717	23542	20
23544	-223,2835	23544	20,121153181825459	23544	20
23546	-223,24199999999996	23546	20,225960984858038	23546	20
23548	-223,20029999999997	23548	20,329967487381	23548	20
23550	-223,15859999999998	23550	20,416639572816802	23550	20
23552	-223,1164	23552	20,530532977345654	23552	20
23554	-223,0738	23554	20,658777481120804	23554	20
23556	-223,03160000000003	23556	20,732314567598991	23556	20
23558	-222,9896	23558	20,776928806334993	23558	20
23560	-222,94740000000002	23560	20,83077400527748	23560	20
23562	-222,9054	23562	20,858978337733735	23562	20
23564	-222,86329999999998	23564	20,890815281445189	23564	20
23566	-222,82100000000003	23566	20,934012734533884	23566	20
23568	-222,77859999999998	23568	20,978343945448511	23568	20
23570	-222,73620000000005	23570	21,015286621201227	23570	20
23572	-222,69389999999999	23572	21,037738851006726	23572	20
23574	-222,65210000000002	23574	21,014782375836152	23574	20
23576	-222,61019999999996	23576	21,003985313201387	23576	20
23578	-222,56799999999998	23578	21,019987760999474	23578	20
23580	-222,52639999999997	23580	20,983323134167623	23580	20
23582	-222,4846	23582	20,969435945136897	23582	20
23584	-222,4429	23584	20,949529954280049	23584	20
23586	-222,40120000000002	23586	20,932941628566009	23586	20
23588	-222,35969999999998	23588	20,902451357141828	23588	20
23590	-222,3179	23590	20,902042797615405	23590	20
23592	-222,27620000000002	23592	20,893368998012139	23592	20
23594	-222,235	23594	20,844474165010404	23594	20
23596	-222,19410000000005	23596	20,778728470839091	23596	20
23598	-222,15340000000003	23598	20,707273725700517	23598	20
23600	-222,1128	23600	20,639394771420463	23600	20
23602	-222,07230000000004	23602	20,574495642846369	23602	20
23604	-222,03160000000003	23604	20,537079702373248	23604	20
23606	-221,99070000000006	23606	20,522566418641464	23606	20
23608	-221,94979999999998	23608	20,510472015541119	23608	20
23610	-221,90869999999995	23610	20,517060012953316	23610	20
23612	-221,8677	23612	20,514216677456098	23612	20
23614	-221,82619999999997	23614	20,553513897883569	23614	20
23616	-221,78499999999997	23616	20,56126158156993	23616	20
23618	-221,74429999999995	23618	20,526051317976219	23618	20
23620	-221,70349999999996	23620	20,505042764979365	23620	20
23622	-221,66269999999997	23622	20,487535637481987	23622	20
23624	-221,6214	23624	20,514613031233186	23624	20
23626	-221,58000000000004	23626	20,545510859357094	23626	20
23628	-221,53830000000005	23628	20,596259049463548	23628	20
23630	-221,49630000000002	23630	20,663549207888792	23630	20
23632	-221,45400000000006	23632	20,744624339903552	23632	20
23634	-221,41150000000005	23634	20,828853616587811	23634	20
23636	-221,36900000000003	23636	20,899044680491357	23636	20
23638	-221,32659999999998	23638	20,949203900413075	23638	20
23640	-221,284	23640	21,007669917010322	23640	20
23642	-221,24109999999996	23642	21,081391597511224	23642	20
23644	-221,19820000000004	23644	21,142826331252504	23644	20
23646	-221,15520000000004	23646	21,202355276044287	23646	20
23648	-221,1123	23648	21,243629396706194	23648	20
23650	-221,06920000000002	23650	21,294691163920266	23650	20
23652	-221,0263	23652	21,320575969936176	23652	20
23654	-220,98360000000002	23654	21,325479974944145	23654	20
23656	-220,94100000000003	23656	21,321233312452879	23656	20
23658	-220,89830000000006	23658	21,326027760374732	23658	20
23660	-220,85580000000004	23660	21,313356466980458	23660	20
23662	-220,81399999999996	23662	21,2444637224904	23662	20
23664	-220,7727	23664	21,145386435406863	23664	20
23666	-220,73130000000003	23666	21,07115536283516	23666	20
23668	-220,69000000000005	23668	21,000962802360828	23668	20
23670	-220,64909999999998	23670	20,909135668640587	23670	20
23672	-220,6091	23672	20,75761305719746	23672	20
23674	-220,56960000000004	23674	20,589677547662507	23674	20
23676	-220,53089999999997	23676	20,383064623057304	23676	20
23678	-220,49250000000006	23678	20,185887185873629	23678	20
23680	-220,45420000000001	23680	20,013239321565464	23680	20
23682	-220,41660000000002	23682	19,811032767971025	23682	20
23684	-220,37900000000002	23684	19,642527306642325	23684	20
23686	-220,3415	23686	19,493772755537165	23686	20
23688	-220,3039	23688	19,378143962947444	23688	20
23690	-220,26650000000006	23690	19,265119969117382	23690	20
23692	-220,22979999999995	23692	19,112599974273643	23692	20
23694	-220,1929	23694	19,002166645223532	23694	20
23696	-220,15610000000004	23696	18,901805537683867	23696	20
23698	-220,12	23698	18,759837948072647	23698	20
23700	-220,0838	23700	18,649864956727875	23700	20
23702	-220,04740000000004	23702	18,574887463936381	23702	20
23704	-220,01139999999998	23704	18,479072886618503	23704	20
23706	-219,97590000000002	23706	18,357560738845116	23706	20
23708	-219,94039999999995	23708	18,2563006157101	23708	20
23710	-219,90480000000002	23710	18,180250513086019	23710	20
23712	-219,86900000000003	23712	18,13354209423791	23712	20
23714	-219,83299999999997	23714	18,111285078536444	23714	20
23716	-219,7971	23716	18,084404232111172	23716	20
23718	-219,76070000000004	23718	18,10367019342246	23718	20
23720	-219,72360000000003	23720	18,178058494519505	23720	20
23722	-219,6866	23722	18,231715412102467	23722	20
23724	-219,64970000000005	23724	18,268096176747555	23724	20
23726	-219,6123	23726	18,340080147293616	23726	20
23728	-219,5747	23728	18,416733456077818	23728	20
23730	-219,53679999999997	23730	18,505611213401185	23730	20
23732	-219,4991	23732	18,5630093444987	23732	20
23734	-219,4611	23734	18,635841120416494	23734	20
23736	-219,42330000000004	23736	18,679867600342696	23736	20
23738	-219,3859	23738	18,683223000289566	23738	20
23740	-219,34839999999997	23740	18,6943525002432	23740	20
23742	-219,3111	23742	18,686960416865936	23742	20
23744	-219,2735	23744	18,705800347388085	23744	20
23746	-219,2355	23746	18,754833622824314	23746	20
23748	-219,19780000000003	23748	18,770694685684639	23748	20
23750	-219,15980000000002	23750	18,808912238071443	23750	20
23752	-219,12149999999997	23752	18,865760198396977	23752	20
23754	-219,0829	23754	18,93813349866198	23754	20
23756	-219,04409999999996	23756	19,015111248888108	23756	20
23758	-219,00509999999997	23758	19,09592604073903	23758	20
23760	-218,96640000000002	23760	19,1382717006116	23760	20
23762	-218,92740000000003	23762	19,198559750508608	23762	20
23764	-218,88790000000006	23764	19,290466458755127	23764	20
23766	-218,84839999999997	23766	19,367055382303366	23766	20
23768	-218,80870000000004	23768	19,44754615191324	23768	20
23770	-218,76880000000006	23770	19,531288459926763	23770	20
23772	-218,72839999999997	23772	19,642740383279854	23772	20
23774	-218,6879	23774	19,743950319395861	23774	20
23776	-218,64710000000002	23776	19,853291932829066	23776	20
23778	-218,60620000000006	23778	19,952743277354646	23778	20
23780	-218,56550000000004	23780	20,018952731130145	23780	20
23782	-218,52420000000006	23782	20,124127275939983	23782	20
23784	-218,48270000000002	23784	20,228439396620143	23784	20
23786	-218,4416	23786	20,282032830519167	23786	20
23788	-218,40030000000002	23788	20,3433606920975	23788	20
23790	-218,3587	23790	20,41946724341598	23790	20
23792	-218,31669999999997	23792	20,516222702849152	23792	20
23794	-218,27409999999998	23794	20,646852252373719	23794	20
23796	-218,2314	23796	20,7640435436421	23796	20
23798	-218,18860000000006	23798	20,870036286363657	23798	20
23800	-218,14599999999996	23800	20,941696905311947	23800	20
23802	-218,1033	23802	21,009747421090623	23802	20
23804	-218,0607	23804	21,05812285090828	23804	20
23806	-218,01829999999995	23806	21,081769042427176	23806	20
23808	-217,9755	23808	21,134807535351221	23808	20
23810	-217,93240000000003	23810	21,20400627945779	23810	20
23812	-217,88919999999996	23812	21,270005232887314	23812	20
23814	-217,8456	23814	21,358337694070215	23814	20
23816	-217,80219999999997	23816	21,41528141172682	23816	20
23818	-217,75930000000005	23818	21,421067843098832	23818	20
23820	-217,7165	23820	21,417556535920408	23820	20
23822	-217,67380000000003	23822	21,40629711326434	23822	20
23824	-217,63120000000004	23824	21,388580927719708	23824	20
23826	-217,5888	23826	21,357150773103367	23826	20
23828	-217,54589999999996	23828	21,372625644255429	23828	20
23830	-217,50329999999997	23830	21,360521370212282	23830	20
23832	-217,4606	23832	21,358767808507569	23832	20
23834	-217,41859999999997	23834	21,29897317375881	23834	20
23836	-217,37689999999998	23836	21,224144311464979	23836	20
23838	-217,3347	23838	21,2034535928858	23838	20
23840	-217,29269999999997	23840	21,169544660740669	23840	20
23842	-217,25070000000005	23842	21,141287217276918	23842	20
23844	-217,20849999999996	23844	21,134406014405222	23844	20
23846	-217,16589999999997	23846	21,162005012003778	23846	20
23848	-217,1236	23848	21,160004176666042	23848	20
23850	-217,08119999999997	23850	21,166670147225311	23850	20
23852	-217,03870000000006	23852	21,180558456013138	23852	20
23854	-216,99649999999997	23854	21,167132046685406	23854	20
23856	-216,95400000000006	23856	21,180943372229883	23856	20
23858	-216,91160000000002	23858	21,184119476861845	23858	20
23860	-216,86940000000004	23860	21,170099564049856	23860	20
23862	-216,8275	23862	21,133416303379477	23862	20
23864	-216,78539999999998	23864	21,119513586149974	23864	20
23866	-216,74300000000005	23866	21,132927988452444	23866	20
23868	-216,70050000000003	23868	21,152439990378554	23868	20
23870	-216,6581	23870	21,160366658652404	23870	20
23872	-216,6164	23872	21,10863888220964	23872	20
23874	-216,57450000000006	23874	21,082199068503154	23874	20
23876	-216,53290000000004	23876	21,035165890420689	23876	20
23878	-216,4918	23878	20,954304908686289	23878	20
23880	-216,45079999999996	23880	20,878587423909714	23880	20
23882	-216,40980000000002	23882	20,815489519919762	23882	20
23884	-216,36950000000002	23884	20,704574599933302	23884	20
23886	-216,3297	23886	20,570478833278905	23886	20
23888	-216,29039999999998	23888	20,417065694401227	23888	20
23890	-216,25099999999998	23890	20,297554745334402	23890	20
23892	-216,2119	23892	20,172962287775519	23892	20
23894	-216,17290000000003	23894	20,060801906478538	23894	20
23896	-216,13430000000005	23896	19,934001588729949	23896	20
23898	-216,09590000000003	23898	19,81166799061031	23898	20
23900	-216,05790000000002	23900	19,676389992176169	23900	20
23902	-216,02009999999996	23902	19,546991660151903	23902	20
23904	-215,98260000000005	23904	19,414159716785676	23904	20
23906	-215,94540000000006	23906	19,278466430653427	23906	20
23908	-215,9085	23908	19,140388692216163	23908	20
23910	-215,87149999999997	23910	19,033657243516352	23910	20
23912	-215,8347	23912	18,928047702927884	23912	20
23914	-215,79820000000007	23914	18,815039752434295	23914	20
23916	-215,76200000000006	23916	18,695866460362581	23916	20
23918	-215,726	23918	18,579888716973667	23918	20
23920	-215,69060000000002	23920	18,433240597476512	23920	20
23922	-215,65560000000005	23922	18,277700497894443	23922	20
23924	-215,62	23924	18,198083748249115	23924	20
23926	-215,58429999999998	23926	18,14006979020925	23926	20
23928	-215,54840000000002	23928	18,10839149183851	23928	20
23930	-215,5127	23930	18,065326243200413	23930	20
23932	-215,4769	23932	18,037771869333241	23932	20
23934	-215,44090000000006	23934	18,031476557773079	23934	20
23936	-215,40470000000005	23936	18,042897131478234	23936	20
23938	-215,36890000000005	23938	18,019080942898089	23938	20
23940	-215,33270000000005	23940	18,032567452415741	23940	20
23942	-215,29610000000002	23942	18,077139543681557	23942	20
23944	-215,25919999999996	23944	18,139282953072936	23944	20
23946	-215,22170000000006	23946	18,241069127553203	23946	20
23948	-215,18399999999997	23948	18,342557606301522	23948	20
23950	-215,1463	23950	18,427131338582313	23950	20
23952	-215,1082	23952	18,530942782150746	23952	20
23954	-215,07000000000005	23954	18,625785651789013	23954	20
23956	-215,0313	23956	18,746488043162724	23956	20
23958	-214,99260000000004	23958	18,847073369298013	23958	20
23960	-214,95320000000004	23960	18,989227807748389	23960	20
23962	-214,91370000000006	23962	19,116023173121611	23962	20
23964	-214,87400000000002	23964	19,238352644271252	23964	20
23966	-214,83389999999997	23966	19,373627203563728	23966	20
23968	-214,79399999999998	23968	19,469689336302171	23968	20
23970	-214,7536	23970	19,591407780249884	23970	20
23972	-214,71339999999998	23972	19,676173150210495	23972	20
23974	-214,67309999999998	23974	19,75514429184225	23974	20
23976	-214,63210000000004	23976	19,879286909863541	23976	20
23978	-214,59119999999996	23978	19,974405758226183	23978	20
23980	-214,5503	23980	20,053671465185577	23980	20
23982	-214,50919999999996	23982	20,136392887657028	23982	20
23984	-214,46799999999996	23984	20,213660739714477	23984	20
23986	-214,42629999999997	23986	20,3197172830947	23986	20
23988	-214,38440000000003	23988	20,424764402574038	23988	20
23990	-214,34270000000004	23990	20,495637002144335	23990	20
23992	-214,30050000000006	23992	20,596364168451931	23992	20
23994	-214,2586	23994	20,655303473714536	23994	20
23996	-214,21630000000005	23996	20,737752894758341	23996	20
23998	-214,17420000000004	23998	20,789794078965691	23998	20
24000	-214,13200000000006	24000	20,841495065803063	24000	20
24002	-214,08990000000006	24002	20,876245888169628	24002	20
24004	-214,04730000000006	24004	20,946871573474116	24004	20
24006	-214,00430000000006	24006	21,039059644562297	24006	20
24008	-213,96119999999996	24008	21,124216370476496	24008	20
24010	-213,9176	24010	21,236846975394535	24010	20
24012	-213,8745	24012	21,289039146160551	24012	20
24014	-213,83090000000004	24014	21,374199288464578	24014	20
24016	-213,78740000000005	24016	21,436832740386695	24016	20
24018	-213,74419999999998	24018	21,4640272836614	24018	20
24020	-213,70100000000002	24020	21,486689403047514	24020	20
24022	-213,6581	24022	21,480574502542218	24022	20
24024	-213,61559999999997	24024	21,442145418786698	24024	20
24026	-213,57299999999998	24026	21,418454515655007	24026	20
24028	-213,53070000000002	24028	21,3737120963754	24028	20
24030	-213,48879999999997	24030	21,30309341365076	24030	20
24032	-213,44680000000005	24032	21,252577844701992	24032	20
24034	-213,4049	24034	21,202148203922921	24034	20
24036	-213,3628	24036	21,176790169936176	24036	20
24038	-213,3207	24038	21,155658474947224	24038	20
24040	-213,27930000000003	24040	21,07971539578546	24040	20
24042	-213,2378	24042	21,024762829824706	24042	20
24044	-213,19590000000005	24044	21,012302358182374	24044	20
24046	-213,15390000000002	24046	21,010251965154481	24046	20
24048	-213,11210000000005	24048	20,991876637625946	24048	20
24050	-213,07050000000004	24050	20,959897198023018	24050	20
24052	-213,02859999999998	24052	20,958247665023777	24052	20
24054	-212,986	24054	21,015206387519239	24054	20
24056	-212,94360000000006	24056	21,046005322926831	24056	20
24058	-212,9017	24058	21,030004435776956	24058	20
24060	-212,86	24060	21,0000036964801	24060	20
24062	-212,81849999999997	24062	20,958336413736905	24062	20
24064	-212,7772	24064	20,906947011445617	24064	20
24066	-212,73580000000004	24066	20,872455842867453	24066	20
24068	-212,69439999999997	24068	20,843713202395122	24068	20
24070	-212,6531	24070	20,811427668660798	24070	20
24072	-212,61170000000004	24072	20,79285639054677	24072	20
24074	-212,57029999999997	24074	20,77738032546122	24074	20
24076	-212,529	24076	20,75615027121588	24076	20
24078	-212,48749999999995	24078	20,755125226016723	24078	20
24080	-212,44579999999996	24080	20,770937688346571	24080	20
24082	-212,40409999999997	24082	20,784114740288111	24082	20
24084	-212,36260000000004	24084	20,778428950234105	24084	20
24086	-212,32130000000006	24086	20,757024125193283	24086	20
24088	-212,27999999999997	24088	20,739186771002075	24088	20
24090	-212,23890000000006	24090	20,707655642494636	24090	20
24092	-212,19809999999995	24092	20,65637970208752	24092	20
24094	-212,15769999999998	24094	20,580316418404344	24094	20
24096	-212,11760000000004	24096	20,491930348665164	24096	20
24098	-212,07820000000004	24098	20,359941957221015	24098	20
24100	-212,03920000000005	24100	20,216618297683116	24100	20
24102	-212,0005	24102	20,072181914741144	24102	20
24104	-211,96209999999996	24104	19,926818262286304	24104	20
24106	-211,92399999999998	24106	19,780681885237406	24106	20
24108	-211,88599999999997	24108	19,650568237698749	24108	20
24110	-211,84810000000004	24110	19,533806864742488	24110	20
24112	-211,81090000000006	24112	19,378172387284106	24112	20
24114	-211,77390000000003	24114	19,231810322739637	24114	20
24116	-211,73720000000003	24116	19,084841935616044	24116	20
24118	-211,7011	24118	18,912368279682795	24118	20
24120	-211,6649	24120	18,776973566402997	24120	20
24122	-211,62879999999996	24122	18,655811305338592	24122	20
24124	-211,59320000000002	24124	18,513176087776429	24124	20
24126	-211,55769999999995	24126	18,385980073152862	24126	20
24128	-211,52240000000006	24128	18,263316727618459	24128	20
24130	-211,48760000000004	24130	18,119430606350246	24130	20
24132	-211,45299999999997	24132	17,982858838630921	24132	20
24134	-211,41840000000002	24134	17,869049032188677	24134	20
24136	-211,38400000000001	24136	17,757540860157654	24136	20
24138	-211,34969999999998	24138	17,656284050133895	24138	20
24140	-211,3152	24140	17,588570041776578	24140	20
24142	-211,2808	24142	17,523808368147574	24142	20
24144	-211,24620000000004	24144	17,486506973452553	24144	20
24146	-211,2115	24146	17,463755811214085	24146	20
24148	-211,17669999999998	24148	17,453129842679935	24148	20
24150	-211,1418	24150	17,452608202232721	24150	20
24152	-211,10680000000002	24152	17,460506835191282	24152	20
24154	-211,07140000000004	24154	17,500422362657858	24154	20
24156	-211,03570000000002	24156	17,558685302216535	24156	20
24158	-210,9991	24158	17,682237751848888	24158	20
24160	-210,9619	24160	17,835198126539439	24160	20
24162	-210,92420000000004	24162	18,004331772113911	24162	20
24164	-210,88599999999997	24164	18,186943143434462	24164	20
24166	-210,84760000000006	24166	18,355785952854596	24166	20
24168	-210,80880000000002	24168	18,529821627381953	24168	20
24170	-210,7695	24170	18,716518022820431	24170	20
24172	-210,72990000000004	24172	18,897098352346219	24172	20
24174	-210,69000000000005	24174	19,072581960287579	24174	20
24176	-210,64999999999998	24176	19,227151633579425	24176	20
24178	-210,61	24178	19,35595969464649	24178	20
24180	-210,5697	24180	19,48829974553891	24180	20
24182	-210,52970000000005	24182	19,573583121279395	24182	20
24184	-210,4896	24184	19,652985934403848	24184	20
24186	-210,44939999999997	24186	19,72748827867213	24186	20
24188	-210,4094	24188	19,772906898890412	24188	20
24190	-210,36940000000004	24190	19,810755749072314	24190	20
24192	-210,32889999999998	24192	19,883963124232388	24192	20
24194	-210,289	24194	19,894969270192718	24194	20
24196	-210,2495	24196	19,870807725158553	24196	20
24198	-210,2102	24198	19,834006437634265	24198	20
24200	-210,17100000000005	24200	19,795005364689978	24200	20
24202	-210,13160000000005	24202	19,779171137241693	24202	20
24204	-210,09109999999998	24204	19,857642614373535	24204	20
24206	-210,05089999999996	24206	19,898035511980204	24206	20
24208	-210,01030000000003	24208	19,965029593310732	24208	20
24210	-209,96940000000006	24210	20,0458579944227	24210	20
24212	-209,9289	24212	20,079881662024373	24212	20
24214	-209,88829999999996	24214	20,116568051690344	24214	20
24216	-209,84749999999997	24216	20,163806709741134	24216	20
24218	-209,8066	24218	20,211505591448034	24218	20
24220	-209,76560000000006	24220	20,259587992868362	24220	20
24222	-209,7242	24222	20,332989994062547	24222	20
24224	-209,68259999999998	24224	20,410824995053517	24224	20
24226	-209,64110000000005	24226	20,467354162538612	24226	20
24228	-209,59950000000003	24228	20,522795135450238	24228	20
24230	-209,5575	24230	20,602329279544367	24230	20
24232	-209,51549999999997	24232	20,66860773295614	24232	20
24234	-209,47289999999998	24234	20,773839777462875	24234	20
24236	-209,43000000000006	24236	20,886533147878879	24236	20
24238	-209,38689999999997	24238	20,997110956573646	24238	20
24240	-209,34410000000003	24240	21,064259130473278	24240	20
24242	-209,3016	24242	21,09521594206258	24242	20
24244	-209,25919999999996	24244	21,112679951722427	24244	20
24246	-209,21680000000003	24246	21,127233293096157	24246	20
24248	-209,17370000000005	24248	21,197694410911904	24248	20
24250	-209,13059999999996	24250	21,256412009101169	24250	20
24252	-209,0874	24252	21,313676674247322	24252	20
24254	-209,0435	24254	21,419730561873422	24254	20
24256	-208,99990000000003	24256	21,48310880155864	24256	20
24258	-208,9565	24258	21,519257334633838	24258	20
24260	-208,913	24260	21,557714445527743	24260	20
24262	-208,86969999999997	24262	21,57309537127685	24262	20
24264	-208,82659999999998	24264	21,569246142729149	24264	20
24266	-208,78390000000002	24266	21,532705118938292	24266	20
24268	-208,74149999999997	24268	21,477254265785518	24268	20
24270	-208,69939999999997	24270	21,406045221488341	24270	20
24272	-208,65729999999996	24272	21,346704351240692	24272	20
24274	-208,61509999999998	24274	21,305586959365563	24274	20
24276	-208,57280000000003	24276	21,27965579946753	24276	20
24278	-208,53049999999996	24278	21,258046499561978	24278	20
24280	-208,48829999999998	24280	21,231705416299967	24280	20
24282	-208,44630000000006	24282	21,193087846909666	24282	20
24284	-208,40459999999996	24284	21,135906539100166	24284	20
24286	-208,3623	24286	21,138255449246365	24286	20
24288	-208,31950000000006	24288	21,181879541033879	24288	20
24290	-208,27650000000006	24290	21,234899617528765	24290	20
24292	-208,23329999999999	24292	21,295749681279791	24292	20
24294	-208,19010000000003	24294	21,346458067729504	24294	20
24296	-208,14679999999998	24296	21,397048389778316	24296	20
24298	-208,1037	24298	21,422540324813703	24298	20
24300	-208,06029999999998	24300	21,468783604013058	24300	20
24302	-208,01670000000001	24302	21,523986336675	24302	20
24304	-207,9733	24304	21,553321947230806	24304	20
24306	-207,92989999999998	24306	21,577768289360645	24306	20
24308	-207,88660000000004	24308	21,589806907794795	24308	20
24310	-207,84360000000004	24310	21,574839089829528	24310	20
24312	-207,8007	24312	21,55403257486056	24312	20
24314	-207,75829999999996	24314	21,495027145720741	24314	20
24316	-207,71659999999997	24316	21,387522621433252	24316	20
24318	-207,67539999999997	24318	21,256268851194665	24318	20
24320	-207,63490000000002	24320	21,088557375991538	24320	20
24322	-207,59450000000004	24322	20,940464479991025	24322	20
24324	-207,55489999999998	24324	20,750387066664526	24324	20
24326	-207,51560000000006	24326	20,566989222213103	24326	20
24328	-207,4769	24328	20,3641576851828	24328	20
24330	-207,43830000000003	24330	20,1867980709835	24330	20
24332	-207,40020000000004	24332	19,997331725818402	24332	20
24334	-207,36239999999998	24334	19,814443104853762	24334	20
24336	-207,32500000000005	24336	19,628702587372647	24336	20
24338	-207,28790000000004	24338	19,448918822811326	24338	20
24340	-207,25130000000001	24340	19,257432352344544	24340	20
24342	-207,21529999999996	24342	19,047860293625305	24342	20
24344	-207,17960000000005	24344	18,8482169113466	24344	20
24346	-207,14329999999995	24346	18,731847426130216	24346	20
24348	-207,10739999999998	24348	18,601539521772647	24348	20
24350	-207,07230000000004	24350	18,426282934805794	24350	20
24352	-207,03729999999996	24352	18,271902445678318	24352	20
24354	-207,00210000000004	24354	18,159918704725097	24354	20
24356	-206,9669	24356	18,066598920606886	24356	20
24358	-206,9321	24358	17,955499100507268	24358	20
24360	-206,8967	24360	17,912915917087844	24360	20
24362	-206,8614	24362	17,869096597573751	24362	20
24364	-206,82590000000005	24364	17,849247164641156	24364	20
24366	-206,79070000000002	24366	17,807705970536933	24366	20
24368	-206,75490000000002	24368	17,823088308780338	24368	20
24370	-206,71889999999996	24370	17,852573590655133	24370	20
24372	-206,68330000000003	24372	17,843811325540216	24372	20
24374	-206,64750000000004	24374	17,853176104616409	24374	20
24376	-206,6114	24376	17,8859800871831	24376	20
24378	-206,57510000000002	24378	17,92998340598449	24378	20
24380	-206,53819999999996	24380	18,016652838325381	24380	20
24382	-206,50110000000006	24382	18,105544031929131	24382	20
24384	-206,46429999999998	24384	18,154620026614673	24384	20
24386	-206,42690000000005	24386	18,245516688840073	24386	20
24388	-206,38880000000006	24388	18,379597240698878	24388	20
24390	-206,351	24390	18,466331033920824	24390	20
24392	-206,3125	24392	18,596942528267277	24392	20
24394	-206,27409999999998	24394	18,697452106891415	24394	20
24396	-206,23570000000007	24396	18,781210089068722	24396	20
24398	-206,1975	24398	18,834341740896804	24398	20
24400	-206,15890000000002	24400	18,911951450745168	24400	20
24402	-206,12	24402	19,001626208955336	24402	20
24404	-206,08100000000002	24404	19,084688507461721	24404	20
24406	-206,04190000000006	24406	19,162240422881617	24406	20
24408	-206,0023	24408	19,268533685740017	24408	20
24410	-205,9624	24410	19,38211140478241	24410	20
24412	-205,9226	24412	19,46842617065316	24412	20
24414	-205,8827	24414	19,548688475543361	24414	20
24416	-205,84249999999997	24416	19,640573729621725	24416	20
24418	-205,80230000000006	24418	19,717144774677557	24418	20
24420	-205,76189999999997	24420	19,797620645572181	24420	20
24422	-205,72159999999997	24422	19,856350537976986	24422	20
24424	-205,68100000000004	24424	19,930292114974716	24424	20
24426	-205,64030000000002	24426	20,00024342914687	24426	20
24428	-205,5996	24428	20,058536190957	24428	20
24430	-205,5589	24430	20,107113492465441	24430	20
24432	-205,51779999999997	24432	20,180927910390249	24432	20
24434	-205,47670000000005	24434	20,242439925318113	24434	20
24436	-205,43550000000005	24436	20,302033271098715	24436	20
24438	-205,39430000000004	24438	20,351694392582552	24438	20
24440	-205,35320000000002	24440	20,384745327154508	24440	20
24442	-205,31240000000003	24442	20,387287772627939	24442	20
24444	-205,27120000000002	24444	20,42273981052357	24444	20
24446	-205,22929999999997	24446	20,510616508774238	24446	20
24448	-205,1871	24448	20,608847090643518	24448	20
24450	-205,14549999999997	24450	20,640705908870995	24450	20
24452	-205,1037	24452	20,683921590723042	24452	20
24454	-205,062	24454	20,711601325601837	24454	20
24456	-205,02099999999996	24456	20,676334438006002	24456	20
24458	-204,9801	24458	20,638612031668757	24458	20
24460	-204,93880000000001	24460	20,640510026388828	24460	20
24462	-204,89729999999997	24462	20,65875835532751	24462	20
24464	-204,85620000000006	24464	20,640631962765831	24464	20
24466	-204,81529999999998	24466	20,608859968978091	24466	20
24468	-204,7745	24468	20,574049974147592	24468	20
24470	-204,73429999999996	24470	20,495041645125252	24470	20
24472	-204,6943	24472	20,412534704268012	24472	20
24474	-204,65430000000003	24474	20,343778920220313	24474	20
24476	-204,61379999999997	24476	20,328149100189052	24476	20
24478	-204,57320000000004	24478	20,323457583484771	24478	20
24480	-204,53280000000007	24480	20,302881319568719	24480	20
24482	-204,49210000000005	24482	20,31073443297521	24482	20
24484	-204,45119999999997	24484	20,333945360819239	24484	20
24486	-204,41070000000002	24486	20,319954467345347	24486	20
24488	-204,36990000000003	24488	20,333295389453639	24488	20
24490	-204,3293	24490	20,327746157881396	24490	20
24492	-204,28870000000006	24492	20,323121798228389	24492	20
24494	-204,24779999999998	24494	20,344268165196887	24494	20
24496	-204,20720000000006	24496	20,336890137657967	24496	20
24498	-204,1667	24498	20,322408448053764	24498	20
24500	-204,12599999999998	24500	20,32700704004608	24500	20
24502	-204,08529999999996	24502	20,330839200039676	24502	20
24504	-204,04420000000005	24504	20,367366000025971	24504	20
24506	-204,0032	24506	20,389471666692781	24506	20
24508	-203,96180000000004	24508	20,441226388906756	24508	20
24510	-203,92020000000002	24510	20,501021990757025	24510	20
24512	-203,8791	24512	20,509184992299904	24512	20
24514	-203,8379	24514	20,524320826916874	24514	20
24516	-203,79640000000006	24516	20,56193402242474	24516	20
24518	-203,75490000000002	24518	20,593278352024104	24518	20
24520	-203,71280000000002	24520	20,669398626687162	24520	20
24522	-203,6707	24522	20,732832188906379	24522	20
24524	-203,62840000000006	24524	20,80236015741821	24524	20
24526	-203,58590000000004	24526	20,876966797850024	24526	20
24528	-203,54359999999997	24528	20,92247233154739	24528	20
24530	-203,50110000000006	24530	20,977060276281534	24530	20
24532	-203,45910000000003	24532	20,980883563570448	24532	20
24534	-203,41729999999995	24534	20,967402969648724	24534	20
24536	-203,37570000000005	24536	20,939502474699189	24536	20
24538	-203,33450000000005	24538	20,88291872891628	24538	20
24540	-203,29340000000002	24540	20,827432274099284	24540	20
24542	-203,25279999999998	24542	20,7395268950861	24542	20
24544	-203,21259999999995	24544	20,632939079240675	24544	20
24546	-203,17280000000005	24546	20,510782566025576	24546	20
24548	-203,1332	24548	20,392318805026651	24548	20
24550	-203,0937	24550	20,285265670853498	24550	20
24552	-203,05460000000005	24552	20,162721392374763	24552	20
24554	-203,01620000000003	24554	20,002267826980987	24554	20
24556	-202,97800000000007	24556	19,851889855814214	24556	20
24558	-202,93970000000002	24558	19,734908213182621	24558	20
24560	-202,90189999999996	24560	19,595756844323944	24560	20
24562	-202,8646	24562	19,438130703599892	24562	20
24564	-202,82720000000006	24564	19,315108919661089	24564	20
24566	-202,7903	24566	19,170924099722548	24566	20
24568	-202,75329999999997	24568	19,059103416438337	24568	20
24570	-202,71699999999998	24570	18,907586180363857	24570	20
24572	-202,6812	24572	18,739655150302774	24572	20
24574	-202,6454	24574	18,599712625251872	24574	20
24576	-202,6101	24576	18,441427187710438	24576	20
24578	-202,5747	24578	18,317855989757152	24578	20
24580	-202,53930000000003	24580	18,214879991462748	24580	20
24582	-202,50340000000006	24582	18,170733326216425	24582	20
24584	-202,46730000000002	24584	18,150611105183113	24584	20
24586	-202,43079999999998	24586	18,167175920989795	24586	20
24588	-202,39409999999998	24588	18,197646600824513	24588	20
24590	-202,35739999999998	24590	18,223038834020109	24590	20
24592	-202,32090000000005	24592	18,227532361677817	24592	20
24594	-202,28409999999997	24594	18,256276968071912	24594	20
24596	-202,24660000000006	24596	18,338564140052348	24596	20
24598	-202,20910000000003	24598	18,407136783378853	24598	20
24600	-202,17179999999996	24600	18,447613986155122	24600	20
24602	-202,13380000000006	24602	18,53967832178737	24602	20
24604	-202,0951	24604	18,674731934828024	24604	20
24606	-202,05629999999996	24606	18,795609945693144	24606	20
24608	-202,0172	24608	18,9213416214078	24608	20
24610	-201,97770000000003	24610	19,059451351171123	24610	20
24612	-201,938	24612	19,191209459312514	24612	20
24614	-201,89830000000006	24614	19,3010078827542	24614	20
24616	-201,85789999999997	24616	19,450839902302718	24616	20
24618	-201,817	24618	19,617366585249354	24618	20
24620	-201,77620000000002	24620	19,747805487706977	24620	20
24622	-201,73519999999996	24622	19,873171239760286	24622	20
24624	-201,6938	24624	20,010976033129676	24624	20
24626	-201,65240000000006	24626	20,125813360937503	24626	20
24628	-201,61090000000002	24628	20,229844467451407	24628	20
24630	-201,56960000000004	24630	20,299870389541034	24630	20
24632	-201,52859999999998	24632	20,333225324622	24632	20
24634	-201,4878	24634	20,344354437184183	24634	20
24636	-201,447	24636	20,353628697652667	24636	20
24638	-201,40610000000004	24638	20,369690581374311	24638	20
24640	-201,3646	24640	20,433075484482082	24640	20
24642	-201,3229	24642	20,502562903734372	24642	20
24644	-201,28100000000006	24644	20,577135753107097	24644	20
24646	-201,23890000000006	24646	20,655946460922991	24646	20
24648	-201,19680000000005	24648	20,721622050769568	24648	20
24650	-201,1549	24650	20,759685042312569	24650	20
24652	-201,11260000000004	24652	20,824737535256702	24652	20
24654	-201,0702	24654	20,887281279384194	24654	20
24656	-201,0276	24656	20,956067732819587	24656	20
24658	-200,98480000000006	24658	21,030056444011564	24658	20
24660	-200,94190000000003	24660	21,100047036678927	24660	20
24662	-200,8994	24662	21,125039197233953	24662	20
24664	-200,85680000000002	24664	21,154199331027719	24664	20
24666	-200,81420000000003	24666	21,178499442522526	24666	20
24668	-200,77099999999996	24668	21,248749535441259	24668	20
24670	-200,72800000000007	24670	21,290624612858775	24670	20
24672	-200,6852	24672	21,308853844053694	24672	20
24674	-200,6422	24674	21,340711536711943	24674	20
24676	-200,59889999999996	24676	21,392259613930349	24676	20
24678	-200,5552	24678	21,468549678270655	24678	20
24680	-200,5109	24680	21,582124731893973	24680	20
24682	-200,4669	24682	21,651770609910205	24682	20
24684	-200,42320000000007	24684	21,684808841587202	24684	20
24686	-200,3795	24686	21,712340701327502	24686	20
24688	-200,33550000000002	24688	21,760283917771478	24688	20
24690	-200,29150000000004	24690	21,800236598141456	24690	20
24692	-200,24840000000006	24692	21,758530498449652	24692	20
24694	-200,2056	24694	21,698775415379426	24694	20
24696	-200,16290000000004	24696	21,640646179480189	24696	20
24698	-200,11990000000003	24698	21,617205149567358	24698	20
24700	-200,07709999999997	24700	21,581004291310848	24700	20
24702	-200,03420000000006	24702	21,559170242752192	24702	20
24704	-199,9919	24704	21,490975202299193	24704	20
24706	-199,9502	24706	21,384146001915298	24706	20
24708	-199,90869999999995	24708	21,278455001599571	24708	20
24710	-199,86720000000003	24710	21,190379167993655	24710	20
24712	-199,82529999999997	24712	21,150315973332642	24712	20
24714	-199,7835	24714	21,108596644441082	24714	20
24716	-199,74220000000003	24716	21,032163870365764	24716	20
24718	-199,70079999999996	24718	20,97680322531038	24718	20
24720	-199,65930000000003	24720	20,939002687752662	24720	20
24722	-199,61789999999996	24722	20,89916890646613	24722	20
24724	-199,5765	24724	20,865974088717881	24724	20
24726	-199,53499999999997	24726	20,846645073935054	24726	20
24728	-199,49310000000003	24728	20,863870894940998	24728	20
24730	-199,45079999999996	24730	20,9115590791232	24730	20
24732	-199,4081	24732	20,984632565933335	24732	20
24734	-199,36559999999997	24734	21,028860471612628	24734	20
24736	-199,32270000000005	24736	21,099050393003672	24736	20
24738	-199,2799	24738	21,149208660841108	24738	20
24740	-199,23739999999998	24740	21,166007217369106	24740	20
24742	-199,19500000000005	24742	21,171672681135057	24742	20
24744	-199,15300000000002	24744	21,143060567615048	24744	20
24746	-199,111	24746	21,119217139681709	24746	20
24748	-199,06950000000006	24748	21,05768094972877	24748	20
24750	-199,02840000000003	24750	20,973067458109689	24750	20
24752	-198,98770000000002	24752	20,869222881759349	24752	20
24754	-198,94770000000005	24754	20,724352401463094	24754	20
24756	-198,90790000000004	24756	20,58696033455373	24756	20
24758	-198,86829999999998	24758	20,455800278800112	24758	20
24760	-198,82889999999998	24760	20,329833565666807	24760	20
24762	-198,79010000000005	24762	20,174861304715989	24762	20
24764	-198,7518	24764	20,004051087267431	24764	20
24766	-198,7138	24766	19,836709239390437	24766	20
24768	-198,67669999999998	24768	19,62225769949282	24768	20
24770	-198,6404	24770	19,376881416242593	24770	20
24772	-198,6042	24772	19,164067846869496	24772	20
24774	-198,56830000000002	24774	18,961723205722048	24774	20
24776	-198,53279999999995	24776	18,759769338107546	24776	20
24778	-198,49779999999998	24778	18,549807781753636	24778	20
24780	-198,4629	24780	18,366506484794137	24780	20
24782	-198,42830000000004	24782	18,188755403991355	24782	20
24784	-198,39390000000003	24784	18,023962836659887	24784	20
24786	-198,35980000000006	24786	17,8616356972138	24786	20
24788	-198,32590000000005	24788	17,709696414346244	24788	20
24790	-198,2921	24790	17,574747011958706	24790	20
24792	-198,25829999999996	24792	17,462289176635757	24792	20
24794	-198,2246	24794	17,360240980525919	24794	20
24796	-198,19079999999997	24796	17,283534150441767	24796	20
24798	-198,1571	24798	17,211278458697592	24798	20
24800	-198,12369999999999	24800	17,126065382250388	24800	20
24802	-198,09050000000002	24802	17,038387818539096	24802	20
24804	-198,05669999999998	24804	17,015323182119417	24804	20
24806	-198,02319999999997	24806	16,971102651766486	24806	20
24808	-197,98919999999998	24808	16,97591887647139	24808	20
24810	-197,95460000000003	24810	17,029932397055731	24810	20
24812	-197,92039999999997	24812	17,041610330884385	24812	20
24814	-197,8859	24814	17,076341942401989	24814	20
24816	-197,85069999999996	24816	17,163618285337627	24816	20
24818	-197,81550000000004	24818	17,236348571107854	24818	20
24820	-197,77999999999997	24820	17,321957142595714	24820	20
24822	-197,74419999999998	24822	17,418297618829321	24822	20
24824	-197,70820000000003	24824	17,515248015686478	24824	20
24826	-197,6717	24826	17,637706679742596	24826	20
24828	-197,63480000000004	24828	17,773088899780994	24828	20
24830	-197,5978	24830	17,894240749820376	24830	20
24832	-197,56060000000002	24832	18,011867291515678	24832	20
24834	-197,52300000000002	24834	18,143222742929535	24834	20
24836	-197,48530000000005	24836	18,261018952438988	24836	20
24838	-197,44709999999998	24838	18,40084912703869	24838	20
24840	-197,40830000000005	24840	18,567374272525889	24840	20
24842	-197,36950000000002	24842	18,706145227108031	24842	20
24844	-197,32979999999998	24844	18,896787689259938	24844	20
24846	-197,28999999999996	24846	19,0639897410511	24846	20
24848	-197,25009999999997	24848	19,211658117541642	24848	20
24850	-197,20979999999997	24850	19,368048431284869	24850	20
24852	-197,1698	24852	19,473373692734359	24852	20
24854	-197,12980000000005	24854	19,561144743942268	24854	20
24856	-197,08929999999998	24856	19,67595395329068	24856	20
24858	-197,04790000000003	24858	19,846628294405008	24858	20
24860	-197,00599999999997	24860	20,030523578675435	24860	20
24862	-196,96429999999998	24862	20,167102982228833	24862	20
24864	-196,92280000000005	24864	20,264252485184709	24864	20
24866	-196,8809	24866	20,378543737658518	24866	20
24868	-196,8388	24868	20,490453114715841	24868	20
24870	-196,79700000000003	24870	20,558710928927081	24870	20
24872	-196,75480000000005	24872	20,648925774104221	24872	20
24874	-196,71270000000004	24874	20,715771478420592	24874	20
24876	-196,67010000000005	24876	20,813142898683253	24876	20
24878	-196,6268	24878	20,952619082239774	24878	20
24880	-196,58360000000005	24880	21,060515901862825	24880	20
24882	-196,54100000000005	24882	21,100429918218445	24882	20
24884	-196,49869999999999	24884	21,108691598521073	24884	20
24886	-196,45619999999997	24886	21,132242998769076	24886	20
24888	-196,41290000000004	24888	21,218535832301821	24888	20
24890	-196,36929999999995	24890	21,315446526925111	24890	20
24892	-196,32619999999997	24892	21,354538772436033	24892	20
24894	-196,28359999999998	24894	21,345448977029452	24894	20
24896	-196,24070000000006	24896	21,362874147517694	24896	20
24898	-196,19820000000004	24898	21,344061789599593	24898	20
24900	-196,15589999999997	24900	21,311718158005363	24900	20
24902	-196,1137	24902	21,276431798336123	24902	20
24904	-196,07140000000004	24904	21,255359831942997	24904	20
24906	-196,02980000000002	24906	21,179466526620558	24906	20
24908	-195,98850000000004	24908	21,091222105515328	24908	20
24910	-195,94759999999997	24910	20,98435175460267	24910	20
24912	-195,90650000000005	24912	20,911959795495132	24912	20
24914	-195,86519999999996	24914	20,868299829586949	24914	20
24916	-195,82410000000004	24916	20,815249857982032	24916	20
24918	-195,78290000000004	24918	20,779374881651982	24918	20
24920	-195,74149999999997	24920	20,766145734715565	24920	20
24922	-195,70010000000002	24922	20,755121445592412	24922	20
24924	-195,65869999999995	24924	20,745934537999254	24924	20
24926	-195,61699999999996	24926	20,763278781665349	24926	20
24928	-195,57529999999997	24928	20,777732318053761	24928	20
24930	-195,5335	24930	20,798110265042013	24930	20
24932	-195,49130000000002	24932	20,848425220866662	24932	20
24934	-195,44860000000006	24934	20,932021017386219	24934	20
24936	-195,40570000000002	24936	21,018350847824472	24936	20
24938	-195,3628	24938	21,090292373189683	24938	20
24940	-195,3197	24940	21,166910310989842	24940	20
24942	-195,27610000000004	24942	21,272425259155654	24942	20
24944	-195,2319	24944	21,410354382633564	24944	20
24946	-195,1875	24946	21,541961985527635	24946	20
24948	-195,14329999999995	24948	21,634968321276883	24948	20
24950	-195,0992	24950	21,704140267727205	24950	20
24952	-195,0548	24952	21,786783556439005	24952	20
24954	-195,01030000000003	24954	21,863986297030081	24954	20
24956	-194,96569999999997	24956	21,936655247530027	24956	20
24958	-194,92140000000006	24958	21,972212706267307	24958	20
24960	-194,87689999999998	24960	22,018510588563139	24960	20
24962	-194,832	24962	22,090425490467965	24962	20
24964	-194,7871	24964	22,150354575388654	24964	20
24966	-194,74239999999998	24966	22,183628812826743	24966	20
24968	-194,6984	24968	22,153024010687513	24968	20
24970	-194,65449999999998	24970	22,11918667557358	24970	20
24972	-194,61130000000003	24972	22,03265556297433	24972	20
24974	-194,56899999999996	24974	21,885546302484311	24974	20
24976	-194,52740000000006	24976	21,704621918728847	24976	20
24978	-194,48609999999996	24978	21,528851598948378	24978	20
24980	-194,4452	24980	21,349042999120737	24980	20
24982	-194,40520000000004	24982	21,12420249926425	24982	20
24984	-194,36559999999997	24984	20,903502082725545	24984	20
24986	-194,32640000000004	24986	20,686251735599377	24986	20
24988	-194,28840000000002	24988	20,405209779667061	24988	20
24990	-194,25009999999997	24990	20,196008149726659	24990	20
24992	-194,21270000000004	24992	19,946673458100062	24992	20
24994	-194,17499999999995	24994	19,763894548423906	24994	20
24996	-194,13779999999997	24996	19,569912123685288	24996	20
24998	-194,10109999999997	24998	19,366593436404088	24998	20
25000	-194,06510000000003	25000	19,138827863665451	25000	20
25002	-194,02949999999998	25002	18,915689886391622	25002	20
25004	-193,99429999999995	25004	18,696408238662322	25004	20
25006	-193,95939999999996	25006	18,488673532218041	25006	20
25008	-193,92460000000005	25008	18,30722794350709	25008	20
25010	-193,88980000000004	25010	18,15602328625744	25010	20
25012	-193,8551	25012	18,021686071884822	25012	20
25014	-193,82029999999997	25014	17,918071726572215	25014	20
25016	-193,78539999999998	25016	17,840059772142954	25016	20
25018	-193,75020000000006	25018	17,800049810112291	25018	20
25020	-193,71439999999996	25020	17,816708175102612	25020	20
25022	-193,67859999999996	25022	17,830590145918404	25022	20
25024	-193,64279999999997	25024	17,842158454931564	25024	20
25026	-193,6069	25026	17,860132045773771	25026	20
25028	-193,57090000000005	25028	17,883443371473518	25028	20
25030	-193,53430000000003	25030	17,952869476229708	25030	20
25032	-193,49710000000005	25032	18,060724563523454	25032	20
25034	-193,45990000000006	25034	18,15060380293491	25034	20
25036	-193,4226	25036	18,233836502451837	25036	20
25038	-193,3854	25038	18,294863752041895	25038	20
25040	-193,34789999999998	25040	18,370719793370142	25040	20
25042	-193,30989999999997	25042	18,475599827809361	25042	20
25044	-193,27150000000006	25044	18,596333189833679	25044	20
25046	-193,2328	25046	18,721944324866612	25046	20
25048	-193,1938	25048	18,851620270721117	25048	20
25050	-193,1544	25050	18,993016892267644	25050	20
25052	-193,11509999999998	25052	19,102514076891843	25052	20
25054	-193,07569999999998	25054	19,20209506407658	25054	20
25056	-193,0362	25056	19,293412553395108	25056	20
25058	-192,99630000000002	25058	19,402843794494984	25058	20
25060	-192,9565	25060	19,485703162080306	25060	20
25062	-192,91719999999998	25062	19,513085968402393	25062	20
25064	-192,87829999999997	25064	19,50257164033636	25064	20
25066	-192,83910000000003	25066	19,518809700275057	25066	20
25068	-192,79989999999998	25068	19,532341416900113	25068	20
25070	-192,76080000000002	25070	19,535284514080278	25070	20
25072	-192,72159999999997	25072	19,546070428404462	25072	20
25074	-192,68179999999995	25074	19,605058690338204	25074	20
25076	-192,64210000000003	25076	19,645882241942275	25076	20
25078	-192,6023	25078	19,688235201619715	25078	20
25080	-192,5621	25080	19,756862668018687	25080	20
25082	-192,52189999999996	25082	19,814052223351165	25082	20
25084	-192,48199999999997	25084	19,836710186125032	25084	20
25086	-192,44169999999997	25086	19,888925155104364	25086	20
25088	-192,40150000000006	25088	19,924104295913089	25088	20
25090	-192,3619	25090	19,90342024659958	25090	20
25092	-192,32209999999998	25092	19,9028502055008	25092	20
25094	-192,28160000000003	25094	19,960708504579983	25094	20
25096	-192,24070000000006	25096	20,042257087147075	25096	20
25098	-192,19910000000004	25098	20,168547572623957	25098	20
25100	-192,15700000000004	25100	20,315456310520375	25100	20
25102	-192,11480000000006	25102	20,446213592098633	25102	20
25104	-192,07270000000005	25104	20,546844660082602	25104	20
25106	-192,03020000000004	25106	20,664037216737018	25106	20
25108	-191,98710000000005	25108	20,811697680612621	25108	20
25110	-191,94360000000006	25110	20,968081400510062	25110	20
25112	-191,90030000000002	25112	21,08173450042878	25112	20
25114	-191,85739999999998	25114	21,143112083693271	25114	20
25116	-191,8148	25116	21,169260069743817	25116	20
25118	-191,77250000000004	25118	21,166050058116074	25118	20
25120	-191,73059999999998	25120	21,130041715101324	25120	20
25122	-191,68870000000004	25122	21,100034762579558	25122	20
25124	-191,64660000000003	25124	21,091695635483372	25124	20
25126	-191,6046	25126	21,076413029571977	25126	20
25128	-191,56240000000003	25128	21,0803441913083	25128	20
25130	-191,5204	25130	21,066953492759417	25130	20
25132	-191,4783	25132	21,064127910633257	25132	20
25134	-191,43629999999996	25134	21,053439925530217	25134	20
25136	-191,39459999999997	25136	21,019533271274483	25136	20
25138	-191,35260000000005	25138	21,016277726055097	25138	20
25140	-191,31039999999996	25140	21,030231438387037	25140	20
25142	-191,26819999999998	25142	21,041859531987516	25142	20
25144	-191,226	25144	21,051549609987916	25144	20
25146	-191,18370000000004	25146	21,06795800831949	25146	20
25148	-191,14200000000005	25148	21,031631673598877	25148	20
25150	-191,10080000000005	25150	20,959693061332686	25150	20
25152	-191,05989999999997	25152	20,874744217783803	25152	20
25154	-191,01880000000006	25154	20,820620181479409	25154	20
25156	-190,97720000000004	25156	20,817183484567568	25156	20
25158	-190,93539999999996	25158	20,830986237146323	25158	20
25160	-190,89350000000002	25160	20,850821864283724	25160	20
25162	-190,85199999999998	25162	20,834018220239926	25162	20
25164	-190,81060000000002	25164	20,811681850196045	25164	20
25166	-190,76869999999997	25166	20,834734875167968	25166	20
25168	-190,72659999999996	25168	20,870612395973716	25168	20
25170	-190,6839	25170	20,95051032997543	25170	20
25172	-190,64120000000003	25172	21,017091941643525	25172	20
25174	-190,59860000000003	25174	21,064243284702364	25174	20
25176	-190,55629999999996	25176	21,078536070591007	25176	20
25178	-190,51409999999998	25178	21,082113392157492	25178	20
25180	-190,47209999999995	25180	21,068427826800413	25180	20
25182	-190,43010000000004	25182	21,057023188993369	25182	20
25184	-190,38800000000003	25184	21,055852657494885	25184	20
25186	-190,34630000000004	25186	21,021543881245041	25186	20
25188	-190,3052	25188	20,942953234373249	25188	20
25190	-190,26440000000002	25190	20,852461028643557	25190	20
25192	-190,22410000000002	25192	20,735384190536465	25192	20
25194	-190,18399999999997	25194	20,621153492118072	25194	20
25196	-190,144	25196	20,517627910095364	25196	20
25198	-190,1042	25198	20,414689925080623	25198	20
25200	-190,06439999999998	25200	20,328908270901671	25200	20
25202	-190,02459999999996	25202	20,257423559085879	25202	20
25204	-189,98569999999995	25204	20,122852965905931	25204	20
25206	-189,9475	25206	19,952377471585002	25206	20
25208	-189,91010000000006	25208	19,743647892982015	25208	20
25210	-189,87289999999996	25210	19,553039910826516	25210	20
25212	-189,836	25212	19,369199925684264	25212	20
25214	-189,79970000000003	25214	19,165999938068794	25214	20
25216	-189,76319999999998	25216	19,01333328172786	25216	20
25218	-189,72680000000003	25218	18,8777777347697	25218	20
25220	-189,69079999999997	25220	18,731481445646267	25220	20
25222	-189,6553	25222	18,567901204701585	25222	20
25224	-189,62	25224	18,4149176705852	25224	20
25226	-189,58490000000006	25226	18,270764725482923	25226	20
25228	-189,5503	25228	18,108970604574818	25228	20
25230	-189,5154	25230	17,999142170478454	25230	20
25232	-189,48030000000006	25232	17,924285142060633	25232	20
25234	-189,44510000000002	25234	17,870237618386497	25234	20
25236	-189,40999999999997	25236	17,816864681993479	25236	20
25238	-189,37490000000003	25238	17,772387234989822	25238	20
25240	-189,33960000000002	25240	17,751989362492065	25240	20
25242	-189,3044	25242	17,726657802079359	25242	20
25244	-189,26909999999998	25244	17,713881501733347	25244	20
25246	-189,2337	25246	17,711567918109576	25246	20
25248	-189,1975	25248	17,776306598425315	25248	20
25250	-189,16049999999996	25250	17,89692216535731	25250	20
25252	-189,12379999999996	25252	17,97243513779744	25252	20
25254	-189,08680000000004	25254	18,060362614824605	25254	20
25256	-189,04909999999995	25256	18,191968845694358	25256	20
25258	-189,0113	25258	18,309974038074252	25258	20
25260	-188,97339999999997	25260	18,416645031731544	25260	20
25262	-188,9357	25262	18,488870859773996	25262	20
25264	-188,8976	25264	18,582392383143816	25264	20
25266	-188,85839999999996	25266	18,751993652624076	25266	20
25268	-188,8193	25268	18,88499471051691	25268	20
25270	-188,7803	25270	18,987495592096366	25270	20
25272	-188,74080000000004	25272	19,11457966007826	25272	20
25274	-188,70050000000003	25274	19,287149716732049	25274	20
25276	-188,65970000000004	25276	19,472624763942555	25276	20
25278	-188,61879999999996	25278	19,635520636625362	25278	20
25280	-188,57820000000004	25280	19,746267197181695	25280	20
25282	-188,5371	25282	19,88022266432046	25282	20
25284	-188,4959	25284	20,000185553600673	25284	20
25286	-188,45439999999996	25286	20,125154628004051	25286	20
25288	-188,413	25288	20,220962189999483	25288	20
25290	-188,37149999999997	25290	20,309135158336392	25290	20
25292	-188,32979999999998	25292	20,399279298612964	25292	20
25294	-188,2876	25294	20,51606608217579	25294	20
25296	-188,24519999999995	25296	20,630055068483433	25296	20
25298	-188,2029	25298	20,716712557065755	25298	20
25300	-188,16060000000004	25300	20,788927130884357	25300	20
25302	-188,11810000000003	25302	20,865772609071811	25302	20
25304	-188,07540000000006	25304	20,946477174223844	25304	20
25306	-188,03250000000003	25306	21,030397645189158	25306	20
25308	-187,9896	25308	21,100331370993587	25308	20
25310	-187,94590000000005	25310	21,225276142490021	25310	20
25312	-187,90240000000006	25312	21,312730118741229	25312	20
25314	-187,85829999999999	25314	21,435608432290298	25314	20
25316	-187,8139	25316	21,563007026908249	25316	20
25318	-187,76919999999996	25318	21,694172522426406	25318	20
25320	-187,72410000000002	25320	21,836810435349836	25320	20
25322	-187,67910000000006	25322	21,947342029454788	25322	20
25324	-187,63440000000003	25324	22,014451691215189	25324	20
25326	-187,58990000000006	25326	22,0537097426769	25326	20
25328	-187,54539999999997	25328	22,086424785571133	25328	20
25330	-187,50059999999996	25330	22,138687321310051	25330	20
25332	-187,45550000000003	25332	22,207239434419542	25332	20
25334	-187,41100000000006	25334	22,214366195347196	25334	20
25336	-187,36630000000002	25336	22,236971829458863	25336	20
25338	-187,3211	25338	22,29747652455093	25338	20
25340	-187,27610000000004	25340	22,331230437122365	25340	20
25342	-187,23210000000006	25342	22,2760253642672	25342	20
25344	-187,18870000000004	25344	22,180021136890971	25344	20
25346	-187,14549999999997	25346	22,083350947414964	25346	20
25348	-187,10249999999996	25348	21,986125789513004	25348	20
25350	-187,05960000000005	25350	21,896771491253986	25350	20
25352	-187,01700000000005	25352	21,797309576044416	25352	20
25354	-186,9746	25354	21,69775798004062	25354	20
25356	-186,9321	25356	21,623131650035365	25356	20
25358	-186,89	25358	21,527609708363212	25358	20
25360	-186,84799999999996	25360	21,439674756971844	25360	20
25362	-186,80629999999996	25362	21,341395630809171	25362	20
25364	-186,7645	25364	21,267829692338189	25364	20
25366	-186,72260000000006	25366	21,21485807694361	25366	20
25368	-186,68050000000005	25368	21,18738173078675	25368	20
25370	-186,63890000000004	25370	21,122818108990355	25370	20
25372	-186,59730000000002	25372	21,069015090826692	25372	20
25374	-186,5557	25374	21,024179242356972	25374	20
25376	-186,514	25376	20,995149368630113	25376	20
25378	-186,47199999999998	25378	20,995957807194262	25378	20
25380	-186,43000000000006	25380	20,996631505988244	25380	20
25382	-186,3877	25382	21,022192921662572	25382	20
25384	-186,34540000000004	25384	21,043494101381704	25384	20
25386	-186,30309999999997	25386	21,061245084490455	25386	20
25388	-186,26099999999997	25388	21,059370903742455	25388	20
25390	-186,21889999999996	25390	21,057809086452455	25390	20
25392	-186,1766	25392	21,073174238706606	25392	20
25394	-186,1341	25394	21,102645198923689	25394	20
25396	-186,0915	25396	21,135537665769167	25396	20
25398	-186,04920000000004	25398	21,137948054803864	25398	20
25400	-186,00700000000006	25400	21,131623379001539	25400	20
25402	-185,9651	25402	21,10135281583921	25402	20
25404	-185,92380000000003	25404	21,02612734653087	25404	20
25406	-185,8831	25406	20,913439455443669	25406	20
25408	-185,84320000000002	25408	20,752866212868785	25408	20
25410	-185,80399999999997	25410	20,56072184406155	25410	20
25412	-185,76560000000006	25412	20,333934870043834	25412	20
25414	-185,72749999999996	25414	20,119945725044822	25414	20
25416	-185,68989999999997	25416	19,89995477087049	25416	20
25418	-185,65300000000002	25418	19,658295642387575	25418	20
25420	-185,6164	25420	19,431913035324754	25420	20
25422	-185,58000000000004	25422	19,226594196100447	25422	20
25424	-185,54380000000003	25424	19,038828496751041	25424	20
25426	-185,5077	25426	18,874023747295293	25426	20
25428	-185,4719	25428	18,711686456078972	25428	20
25430	-185,43650000000002	25430	18,543072046730931	25430	20
25432	-185,40139999999997	25432	18,377560038947173	25432	20
25434	-185,3668	25434	18,197966699118886	25434	20
25436	-185,33220000000006	25436	18,048305582595312	25436	20
25438	-185,29780000000005	25438	17,906921318829852	25438	20
25440	-185,26340000000005	25440	17,789101099025302	25440	20
25442	-185,22910000000002	25442	17,68258424919027	25442	20
25444	-185,1947	25444	17,602153540992315	25444	20
25446	-185,16010000000006	25446	17,55179461748984	25446	20
25448	-185,1255	25448	17,509828847913916	25448	20
25450	-185,09090000000003	25450	17,474857373257837	25450	20
25452	-185,0562	25452	17,454047811051822	25452	20
25454	-185,02139999999997	25454	17,445039842544716	25454	20
25456	-184,98649999999998	25456	17,445866535453369	25456	20
25458	-184,95169999999996	25458	17,438222112879338	25458	20
25460	-184,91650000000004	25460	17,465185094059279	25460	20
25462	-184,88120000000004	25462	17,495987578383279	25462	20
25464	-184,84609999999998	25464	17,504989648657464	25464	20
25466	-184,81079999999997	25466	17,529158040548435	25466	20
25468	-184,7754	25468	17,557631700455481	25468	20
25470	-184,74019999999996	25470	17,56469308371554	25470	20
25472	-184,70489999999995	25472	17,57891090309683	25472	20
25474	-184,66970000000003	25474	17,582425752573855	25474	20
25476	-184,63350000000003	25476	17,668688127145547	25476	20
25478	-184,59680000000003	25478	17,782240105954305	25478	20
25480	-184,56000000000006	25480	17,885200088292844	25480	20
25482	-184,52300000000002	25482	17,987666740246915	25482	20
25484	-184,48569999999995	25484	18,098055616878508	25484	20
25486	-184,44830000000002	25486	18,198379680726603	25486	20
25488	-184,41060000000004	25488	18,306983067269883	25488	20
25490	-184,37199999999996	25490	18,472485889398875	25490	20
25492	-184,33310000000006	25492	18,635404907823954	25492	20
25494	-184,2939	25494	18,796170756524191	25494	20
25496	-184,2541	25496	18,980142297104646	25496	20
25498	-184,2142	25498	19,141785247586267	25498	20
25500	-184,17430000000002	25500	19,27648770632095	25500	20
25502	-184,13459999999998	25502	19,372073088604036	25502	20
25504	-184,09490000000005	25504	19,451727573830468	25504	20
25506	-184,05489999999998	25506	19,543106311531833	25506	20
25508	-184,014	25508	19,694255259606951	25508	20
25510	-183,97310000000004	25510	19,820212716336215	25510	20
25512	-183,93240000000003	25512	19,908510596948123	25512	20
25514	-183,8918	25514	19,973758830793468	25514	20
25516	-183,8514	25516	20,011465692325967	25516	20
25518	-183,81090000000006	25518	20,051221410267623	25518	20
25520	-183,77030000000002	25520	20,092684508559717	25520	20
25522	-183,72979999999995	25522	20,118903757138554	25522	20
25524	-183,68920000000003	25524	20,149086464276021	25524	20
25526	-183,64840000000004	25526	20,190905386895867	25526	20
25528	-183,6078	25528	20,209087822416588	25528	20
25530	-183,5679	25530	20,165906518679552	25530	20
25532	-183,52819999999997	25532	20,113255432236205	25532	20
25534	-183,4882	25534	20,094379526860472	25534	20
25536	-183,44780000000003	25536	20,11198293904847	25536	20
25538	-183,40729999999996	25538	20,134985782545851	25538	20
25540	-183,36660000000006	25540	20,170821485446677	25540	20
25542	-183,3256	25542	20,225684571210035	25542	20
25544	-183,284	25544	20,321403809343092	25544	20
25546	-183,2423	25546	20,409503174451878	25546	20
25548	-183,20029999999997	25548	20,507919312045733	25548	20
25550	-183,1581	25550	20,606599426703095	25550	20
25552	-183,11509999999998	25552	20,75549952225311	25552	20
25554	-183,07169999999996	25554	20,9129162685459	25554	20
25556	-183,02819999999997	25556	21,052430223787795	25556	20
25558	-182,9846	25558	21,177025186487281	25558	20
25560	-182,9411	25560	21,272520988738947	25560	20
25562	-182,8972	25562	21,385434157283107	25562	20
25564	-182,8533	25564	21,479528464403241	25564	20
25566	-182,8093	25566	21,566273720334593	25566	20
25568	-182,7654	25568	21,630228100279481	25568	20
25570	-182,72170000000006	25570	21,666856750228266	25570	20
25572	-182,67830000000004	25572	21,67238062519186	25572	20
25574	-182,63520000000005	25574	21,651983854324989	25574	20
25576	-182,59230000000002	25576	21,61831987860678	25576	20
25578	-182,54930000000002	25578	21,598599898839517	25578	20
25580	-182,50610000000006	25580	21,598833249029276	25580	20
25582	-182,46299999999997	25582	21,590694374198979	25582	20
25584	-182,4203	25584	21,550578645163149	25584	20
25586	-182,37800000000004	25586	21,483815537632186	25586	20
25588	-182,33580000000006	25588	21,419846281358474	25588	20
25590	-182,29399999999998	25590	21,333205234472079	25590	20
25592	-182,25210000000004	25592	21,269337695388518	25592	20
25594	-182,2102	25594	21,216114746161693	25594	20
25596	-182,16830000000004	25596	21,1717622884632	25596	20
25598	-182,12609999999995	25598	21,159801907060459	25598	20
25600	-182,0838	25600	21,158168255879943	25600	20
25602	-182,0412	25602	21,18180687989938	25602	20
25604	-181,99810000000002	25604	21,243172399914588	25604	20
25606	-181,95479999999998	25606	21,310976999932553	25606	20
25608	-181,91129999999998	25608	21,384147499943339	25608	20
25610	-181,86789999999996	25610	21,436789583287755	25610	20
25612	-181,82500000000005	25612	21,438991319399612	25612	20
25614	-181,7821	25614	21,4408260995023	25614	20
25616	-181,73879999999997	25616	21,475688416255643	25616	20
25618	-181,69540000000006	25618	21,5130736802052	25618	20
25620	-181,65210000000002	25620	21,535894733508062	25620	20
25622	-181,60879999999997	25622	21,554912277927112	25622	20
25624	-181,56579999999997	25624	21,545760231606458	25624	20
25626	-181,5235	25626	21,479800193001608	25626	20
25628	-181,4819	25628	21,366500160836068	25628	20
25630	-181,44079999999997	25630	21,230416800699107	25630	20
25632	-181,3999	25632	21,10034733391301	25632	20
25634	-181,35969999999998	25634	20,9336227782631	25634	20
25636	-181,32010000000002	25636	20,744685648548447	25636	20
25638	-181,28100000000006	25638	20,545571373787222	25638	20
25640	-181,24250000000006	25640	20,329642811489276	25640	20
25642	-181,20479999999998	25642	20,083035676248251	25642	20
25644	-181,16780000000006	25644	19,81919639686695	25644	20
25646	-181,13080000000002	25646	19,599330330725341	25646	20
25648	-181,0942	25648	19,382775275606225	25648	20
25650	-181,05790000000002	25650	19,17731272967043	25650	20
25652	-181,02179999999998	25652	18,989427274728119	25652	20
25654	-180,98609999999996	25654	18,799522728941753	25654	20
25656	-180,95079999999996	25656	18,607935607452006	25656	20
25658	-180,91589999999997	25658	18,41494633954278	25658	20
25660	-180,8813	25660	18,229121949615227	25660	20
25662	-180,84659999999997	25662	18,082601624682979	25662	20
25664	-180,81180000000006	25664	17,968834687227876	25664	20
25666	-180,77650000000006	25666	17,915695572690442	25666	20
25668	-180,74099999999999	25668	17,888079643914537	25668	20
25670	-180,7056	25670	17,8567330365939	25670	20
25672	-180,67020000000002	25672	17,830610863826706	25672	20
25674	-180,63459999999998	25674	17,825509053192665	25674	20
25676	-180,59900000000005	25676	17,82125754432149	25676	20
25678	-180,56380000000001	25678	17,784381286937212	25678	20
25680	-180,52790000000005	25680	17,811984405778478	25680	20
25682	-180,49210000000005	25682	17,826653671481626	25682	20
25684	-180,45569999999998	25684	17,88887805957398	25684	20
25686	-180,4189	25686	17,974065049642572	25686	20
25688	-180,38200000000006	25688	18,053387541364309	25688	20
25690	-180,34500000000003	25690	18,127822951139805	25690	20
25692	-180,30809999999997	25692	18,181519125954811	25692	20
25694	-180,2713	25694	18,217932604959934	25694	20
25696	-180,2341	25696	18,281610504131976	25696	20
25698	-180,1961	25698	18,401342086777557	25698	20
25700	-180,15769999999998	25700	18,534451738983314	25700	20
25702	-180,1191	25702	18,662043115817262	25702	20
25704	-180,0802	25704	18,793369263182083	25704	20
25706	-180,04200000000003	25706	18,844474385981794	25706	20
25708	-180,00379999999996	25708	18,887061988324362	25708	20
25710	-179,96609999999998	25710	18,880884990268015	25710	20
25712	-179,92780000000005	25712	18,925737491884647	25712	20
25714	-179,88909999999998	25714	18,996447909909087	25714	20
25716	-179,85040000000004	25716	19,055373258253315	25716	20
25718	-179,81140000000005	25718	19,129477715210037	25718	20
25720	-179,77200000000005	25720	19,224564762675076	25720	20
25722	-179,73260000000005	25722	19,303803968895942	25722	20
25724	-179,69270000000006	25724	19,411503307412346	25724	20
25726	-179,6526	25726	19,517919422847974	25726	20
25728	-179,61270000000002	25728	19,589932852372375	25728	20
25730	-179,57270000000005	25730	19,658277376973949	25730	20
25732	-179,53240000000005	25732	19,740231147478461	25732	20
25734	-179,4914	25734	19,866859289569856	25734	20
25736	-179,45000000000005	25736	20,005716074637654	25736	20
25738	-179,40840000000003	25738	20,138096728866106	25738	20
25740	-179,3664	25740	20,28174727405759	25740	20
25742	-179,3243	25742	20,4097893950484	25742	20
25744	-179,2821	25744	20,524824495871986	25744	20
25746	-179,24009999999998	25746	20,604020413229158	25746	20
25748	-179,19770000000005	25748	20,703350344351765	25748	20
25750	-179,15570000000002	25750	20,752791953628972	25750	20
25752	-179,11360000000002	25752	20,802326628024552	25752	20
25754	-179,07090000000005	25754	20,893605523351127	25754	20
25756	-179,02779999999996	25756	21,00300460280052	25756	20
25758	-178,98440000000005	25758	21,119170502325929	25758	20
25760	-178,94129999999996	25760	21,190975418612854	25760	20
25762	-178,89819999999997	25762	21,250812848842486	25762	20
25764	-178,8551	25764	21,300677374033846	25764	20
25766	-178,81219999999996	25766	21,325564478364161	25766	20
25768	-178,77009999999996	25768	21,279637065303877	25768	20
25770	-178,7283	25770	21,216364221083776	25770	20
25772	-178,68680000000006	25772	21,138636850897161	25772	20
25774	-178,64549999999997	25774	21,057197375755305	25774	20
25776	-178,60389999999995	25776	21,014331146464148	25776	20
25778	-178,56230000000005	25778	20,978609288712043	25778	20
25780	-178,52089999999998	25780	20,932174407265613	25780	20
25782	-178,4796	25782	20,885145339386206	25782	20
25784	-178,43870000000004	25784	20,812621116152261	25784	20
25786	-178,39840000000004	25786	20,702184263460385	25786	20
25788	-178,3582	25788	20,601820219552579	25788	20
25790	-178,31830000000002	25790	20,493183516292877	25790	20
25792	-178,27819999999997	25792	20,419319596915081	25792	20
25794	-178,23800000000006	25794	20,366099664088686	25794	20
25796	-178,19809999999995	25796	20,296749720082438	25796	20
25798	-178,15819999999997	25798	20,238958100067762	25798	20
25800	-178,11810000000003	25800	20,20746508338468	25800	20
25802	-178,07799999999997	25802	20,181220902824919	25802	20
25804	-178,038	25804	20,151017419017734	25804	20
25806	-177,99760000000003	25806	20,159181182512853	25806	20
25808	-177,95669999999996	25808	20,207650985433943	25808	20
25810	-177,91549999999995	25810	20,273042487861908	25810	20
25812	-177,8741	25812	20,344202073214362	25812	20
25814	-177,83280000000002	25814	20,395168394343496	25814	20
25816	-177,79150000000004	25816	20,437640328617775	25816	20
25818	-177,74969999999996	25818	20,514700273854832	25818	20
25820	-177,70759999999996	25820	20,603916894879436	25820	20
25822	-177,66470000000004	25822	20,744930745726013	25822	20
25824	-177,6218	25824	20,862442288107633	25824	20
25826	-177,57899999999995	25826	20,952035240094411	25826	20
25828	-177,5358	25828	21,060029366741688	25828	20
25830	-177,4928	25830	21,133357805618605	25830	20
25832	-177,44979999999998	25832	21,194464838016035	25832	20
25834	-177,40679999999998	25834	21,245387365013894	25834	20
25836	-177,36350000000004	25836	21,3128228041725	25836	20
25838	-177,32010000000002	25838	21,377352336812056	25838	20
25840	-177,27689999999996	25840	21,414460280682533	25840	20
25842	-177,2337	25842	21,44538356723179	25842	20
25844	-177,19079999999997	25844	21,446152972695781	25844	20
25846	-177,14840000000004	25846	21,405127477240619	25846	20
25848	-177,10649999999998	25848	21,32927289770511	25848	20
25850	-177,06500000000005	25850	21,232727414748272	25850	20
25852	-177,0235	25852	21,152272845627049	25852	20
25854	-176,98249999999996	25854	21,043560704693679	25854	20
25856	-176,94209999999998	25856	20,902967253909473	25856	20
25858	-176,90269999999998	25858	20,702472711591273	25858	20
25860	-176,8641	25860	20,468727259657225	25860	20
25862	-176,8256	25862	20,265606049714279	25862	20
25864	-176,78729999999996	25864	20,07967170809934	25864	20
25866	-176,7496	25866	19,874726423413829	25866	20
25868	-176,7119	25868	19,703938686175903	25868	20
25870	-176,67460000000005	25870	19,528282238476525	25870	20
25872	-176,63800000000003	25872	19,323568532065543	25872	20
25874	-176,60220000000004	25874	19,086307110054182	25874	20
25876	-176,56719999999996	25876	18,821922591718639	25876	20
25878	-176,53240000000005	25878	18,584935493090924	25878	20
25880	-176,49739999999997	25880	18,404112910915927	25880	20
25882	-176,4624	25882	18,25342742576062	25882	20
25884	-176,42700000000002	25884	18,161189521465637	25884	20
25886	-176,39149999999995	25886	18,092657934560535	25886	20
25888	-176,35590000000002	25888	18,04388161212805	25888	20
25890	-176,32090000000005	25890	17,953234676770723	25890	20
25892	-176,28589999999997	25892	17,877695563982424	25892	20
25894	-176,25109999999995	25894	17,798079636653551	25894	20
25896	-176,2156	25896	17,79006636387432	25896	20
25898	-176,17949999999996	25898	17,833388636564692	25898	20
25900	-176,14290000000005	25900	17,911157197129544	25900	20
25902	-176,10609999999997	25902	17,992630997615016	25902	20
25904	-176,0693	25904	18,060525831343437	25904	20
25906	-176,03250000000003	25906	18,117104859450453	25906	20
25908	-175,99559999999997	25908	18,172587382880351	25908	20
25910	-175,95889999999997	25910	18,202156152399976	25910	20
25912	-175,92190000000005	25912	18,251796793660052	25912	20
25914	-175,88430000000005	25914	18,343163994716512	25914	20
25916	-175,84630000000004	25916	18,45263666226467	25916	20
25918	-175,80830000000003	25918	18,543863885221469	25918	20
25920	-175,76959999999997	25920	18,678219904356439	25920	20
25922	-175,72979999999995	25922	18,881849920298183	25922	20
25924	-175,6898	25924	19,068208266912123	25924	20
25926	-175,64980000000003	25926	19,223506889090405	25926	20
25928	-175,60940000000005	25928	19,386255740906748	25928	20
25930	-175,56809999999996	25930	19,596879784096629	25930	20
25932	-175,52700000000004	25932	19,755733153406766	25932	20
25934	-175,48590000000002	25934	19,888110961174686	25934	20
25936	-175,44450000000006	25936	20,023425800975012	25936	20
25938	-175,40300000000002	25938	20,144521500815998	25938	20
25940	-175,36159999999995	25940	20,237101250685576	25940	20
25942	-175,3198	25942	20,347584375568527	25942	20
25944	-175,27769999999998	25944	20,464653646307514	25944	20
25946	-175,23559999999998	25946	20,562211371923336	25946	20
25948	-175,1934	25948	20,651842809934433	25948	20
25950	-175,15060000000005	25950	20,7765356749406	25950	20
25952	-175,10739999999998	25952	20,913779729122989	25952	20
25954	-175,06370000000004	25954	21,069816440931188	25954	20
25956	-175,02009999999996	25956	21,191513700782917	25956	20
25958	-174,9764	25958	21,301261417314461	25958	20
25960	-174,9325	25960	21,40938451442937	25960	20
25962	-174,88829999999996	25962	21,52448709536166	25962	20
25964	-174,84410000000003	25964	21,620405912795761	25964	20
25966	-174,79989999999998	25966	21,700338260666985	25966	20
25968	-174,7559	25968	21,750281883887713	25968	20
25970	-174,712	25970	21,783568236573746	25970	20
25972	-174,66830000000004	25972	21,794640197140151	25972	20
25974	-174,62469999999996	25974	21,795533497623719	25974	20
25976	-174,58140000000003	25976	21,771277914680688	25976	20
25978	-174,5381	25978	21,751064928904302	25978	20
25980	-174,49490000000003	25980	21,725887440749933	25980	20
25982	-174,45169999999996	25982	21,704906200630766	25982	20
25984	-174,40840000000003	25984	21,695755167186562	25984	20
25986	-174,36509999999998	25986	21,688129305992529	25986	20
25988	-174,32190000000003	25988	21,673441088323454	25988	20
25990	-174,27880000000005	25990	21,652867573601316	25990	20
25992	-174,2355	25992	21,652389644671491	25992	20
25994	-174,19230000000005	25994	21,64365803722259	25994	20
25996	-174,149	25996	21,644715031022553	25996	20
25998	-174,10580000000004	25998	21,637262525848474	25998	20
26000	-174,0625	26000	21,639385438210791	26000	20
26002	-174,01909999999998	26002	21,6494878651773	26002	20
26004	-173,976	26004	21,632906554312857	26004	20
26006	-173,933	26006	21,610755461927912	26006	20
26008	-173,89009999999996	26008	21,583962884942547	26008	20
26010	-173,84720000000004	26010	21,561635737445272	26010	20
26012	-173,80420000000004	26012	21,551363114538258	26012	20
26014	-173,76139999999998	26014	21,526135928786598	26014	20
26016	-173,7187	26016	21,496779940652832	26016	20
26018	-173,6762	26018	21,455649950545542	26018	20
26020	-173,63400000000001	26020	21,396374958786271	26020	20
26022	-173,59220000000005	26022	21,313645798985771	26022	20
26024	-173,5503	26024	21,253038165826069	26024	20
26026	-173,5086	26026	21,185865138187694	26026	20
26028	-173,4665	26028	21,163220948490153	26028	20
26030	-173,4244	26030	21,144350790408868	26030	20
26032	-173,38210000000004	26032	21,14529232533695	26032	20
26034	-173,33939999999996	26034	21,179410271120933	26034	20
26036	-173,29650000000004	26036	21,224508559260595	26036	20
26038	-173,25379999999996	26038	21,245423799390636	26038	20
26040	-173,2111	26040	21,262853166156198	26040	20
26042	-173,16840000000002	26042	21,27737763846083	26042	20
26044	-173,1259	26044	21,272814698718875	26044	20
26046	-173,08360000000005	26046	21,252345582261956	26046	20
26048	-173,0421	26048	21,168621318555118	26048	20
26050	-173,00059999999996	26050	21,098851098799422	26050	20
26052	-172,95939999999996	26052	21,015709248999809	26052	20
26054	-172,91819999999996	26054	20,946424374166796	26054	20
26056	-172,87739999999997	26056	20,85535364513818	26056	20
26058	-172,83659999999998	26058	20,779461370947665	26058	20
26060	-172,7962	26060	20,682884475787798	26060	20
26062	-172,75610000000006	26062	20,577403729818041	26062	20
26064	-172,71640000000002	26064	20,456169774851613	26064	20
26066	-172,6775	26066	20,288474812377377	26066	20
26068	-172,6395	26068	20,073729010315393	26068	20
26070	-172,60210000000006	26070	19,844774175257339	26070	20
26072	-172,56489999999997	26072	19,637311812722618	26072	20
26074	-172,52840000000003	26074	19,406093177263241	26074	20
26076	-172,49239999999998	26076	19,171744314390885	26076	20
26078	-172,45669999999996	26078	18,95145359532739	26078	20
26080	-172,4212	26080	18,751211329435854	26080	20
26082	-172,38639999999998	26082	18,526009441198077	26082	20
26084	-172,35170000000005	26084	18,330007867659212	26084	20
26086	-172,31709999999998	26086	18,158339889721727	26086	20
26088	-172,2831	26088	17,96528324143409	26088	20
26090	-172,24930000000006	26090	17,787736034522439	26090	20
26092	-172,21590000000003	26092	17,606446695437761	26092	20
26094	-172,18269999999995	26094	17,438705579538045	26094	20
26096	-172,14970000000005	26096	17,282254649606852	26096	20
26098	-172,11670000000004	26098	17,151878874673667	26098	20
26100	-172,08360000000005	26100	17,05156572889392	26100	20
26102	-172,05079999999998	26102	16,942971440750405	26102	20
26104	-172,0181	26104	16,844142867290095	26104	20
26106	-171,985	26106	16,795119056074277	26106	20
26108	-171,95180000000005	26108	16,762599213392335	26108	20
26110	-171,91809999999998	26110	16,777166011165871	26110	20
26112	-171,88419999999996	26112	16,80597167597297	26112	20
26114	-171,8501	26114	16,846643063308036	26114	20
26116	-171,81590000000006	26116	16,8888692194185	26116	20
26118	-171,78150000000005	26118	16,94072434951584	26118	20
26120	-171,74670000000003	26120	17,01727029126473	26120	20
26122	-171,7119	26122	17,081058576055472	26122	20
26124	-171,67669999999998	26124	17,167548813382197	26124	20
26126	-171,64139999999998	26126	17,247957344485712	26126	20
26128	-171,60559999999998	26128	17,356631120404323	26128	20
26130	-171,5698	26130	17,447192600336496	26130	20
26132	-171,53369999999995	26132	17,547660500283172	26132	20
26134	-171,49739999999997	26134	17,648050416901217	26134	20
26136	-171,46090000000004	26136	17,748375347412072	26136	20
26138	-171,4239	26138	17,873646122846274	26138	20
26140	-171,38639999999998	26140	18,019705102373791	26140	20
26142	-171,3487	26142	18,158087585309204	26142	20
26144	-171,31050000000005	26144	18,315072987754395	26144	20
26146	-171,27179999999998	26146	18,487560823133876	26146	20
26148	-171,2332	26148	18,622967352609397	26148	20
26150	-171,19450000000006	26150	18,744139460503572	26150	20
26152	-171,15549999999996	26152	18,870116217094726	26152	20
26154	-171,11609999999996	26154	19,008430180912317	26154	20
26156	-171,0765	26156	19,140358484089461	26156	20
26158	-171,03650000000005	26158	19,283632070071519	26158	20
26160	-170,99630000000002	26160	19,419693391728526	26160	20
26162	-170,95579999999995	26162	19,558077826445896	26162	20
26164	-170,9153	26164	19,673398188700897	26164	20
26166	-170,875	26166	19,752831823917582	26166	20
26168	-170,83479999999997	26168	19,810693186600243	26168	20
26170	-170,79489999999998	26170	19,8339109888326	26170	20
26172	-170,75480000000005	26172	19,869925824022044	26172	20
26174	-170,71450000000004	26174	19,91660485335187	26174	20
26176	-170,6739	26176	19,980504044463256	26176	20
26178	-170,6331	26178	20,050420037051897	26178	20
26180	-170,59170000000006	26180	20,15868336420602	26180	20
26182	-170,54999999999995	26182	20,273902803513796	26182	20
26184	-170,5081	26184	20,386585669589948	26184	20
26186	-170,46569999999997	26186	20,5221547246619	26186	20
26188	-170,42309999999998	26188	20,651795603884342	26188	20
26190	-170,38	26190	20,801496336568725	26190	20
26192	-170,3365	26192	20,959580280473485	26192	20
26194	-170,293	26194	21,091316900394116	26194	20
26196	-170,24940000000004	26196	21,209430750325883	26196	20
26198	-170,20590000000004	26198	21,299525625271116	26198	20
26200	-170,1621	26200	21,399604687728676	26200	20
26202	-170,11839999999995	26202	21,474670573112064	26202	20
26204	-170,07479999999998	26204	21,528892144257508	26204	20
26206	-170,03150000000005	26206	21,549076786875514	26206	20
26208	-169,98829999999998	26208	21,55756398906875	26208	20
26210	-169,9452	26210	21,556303324222398	26210	20
26212	-169,90200000000004	26212	21,563586103515011	26212	20
26214	-169,85879999999997	26214	21,56965508626833	26214	20
26216	-169,81590000000006	26216	21,549712571883425	26216	20
26218	-169,7726	26218	21,566427143239917	26218	20
26220	-169,7292	26220	21,588689286034903	26220	20
26222	-169,68600000000004	26222	21,590574405025432	26222	20
26224	-169,64300000000003	26224	21,575478670855059	26224	20
26226	-169,60019999999997	26226	21,546232225717265	26226	20
26228	-169,55790000000002	26228	21,480193521427282	26228	20
26230	-169,51620000000003	26230	21,375161267855372	26230	20
26232	-169,47479999999996	26232	21,262634389885054	26232	20
26234	-169,43309999999997	26234	21,193861991570181	26234	20
26236	-169,39110000000005	26236	21,161551659634846	26236	20
26238	-169,34929999999997	26238	21,117959716369057	26238	20
26240	-169,30769999999995	26240	21,064966430308942	26240	20
26242	-169,2663	26242	21,004138691920225	26242	20
26244	-169,22429999999997	26244	21,003448909936022	26244	20
26246	-169,18200000000002	26246	21,027874091609579	26246	20
26248	-169,13930000000005	26248	21,081561743005317	26248	20
26250	-169,09680000000003	26250	21,10963478583928	26250	20
26252	-169,0548	26252	21,091362321535236	26252	20
26254	-169,01279999999997	26254	21,076135267948533	26254	20
26256	-168,9706	26256	21,080112723288764	26256	20
26258	-168,9284	26258	21,083427269405622	26258	20
26260	-168,88570000000004	26260	21,127856057835352	26260	20
26262	-168,8428	26262	21,181546714865416	26262	20
26264	-168,79970000000003	26264	21,242955595719618	26264	20
26266	-168,75639999999999	26266	21,310796329770078	26266	20
26268	-168,71310000000005	26268	21,367330274802654	26268	20
26270	-168,6703	26270	21,372775229006926	26270	20
26272	-168,62760000000003	26272	21,368979357503104	26272	20
26274	-168,58429999999998	26274	21,415816131256314	26274	20
26276	-168,5412	26276	21,438180109378703	26276	20
26278	-168,49869999999999	26278	21,4068167578171	26278	20
26280	-168,45669999999996	26280	21,339013964850086	26280	20
26282	-168,41510000000005	26282	21,249178304033659	26282	20
26284	-168,37390000000005	26284	21,140981920028338	26284	20
26286	-168,33299999999997	26286	21,025818266696845	26286	20
26288	-168,29229999999995	26288	20,913181888915314	26288	20
26290	-168,25210000000004	26290	20,777651574088882	26290	20
26292	-168,21209999999996	26292	20,648042978413844	26292	20
26294	-168,17240000000004	26294	20,515035815338639	26294	20
26296	-168,1332	26296	20,362529846119763	26296	20
26298	-168,09479999999996	26298	20,168774871768488	26298	20
26300	-168,05679999999995	26300	19,973979059807984	26300	20
26302	-168,01909999999998	26302	19,786649216504365	26302	20
26304	-167,98180000000002	26304	19,597207680416911	26304	20
26306	-167,94489999999996	26306	19,4060064003524	26306	20
26308	-167,90769999999998	26308	19,271672000292366	26308	20
26310	-167,87070000000006	26310	19,143060000237043	26310	20
26312	-167,83450000000005	26312	18,96921666686487	26312	20
26314	-167,7989	26314	18,774347222391135	26314	20
26316	-167,76290000000006	26316	18,645289351987991	26316	20
26318	-167,72749999999996	26318	18,487741126664588	26318	20
26320	-167,692	26320	18,364784272216852	26320	20
26322	-167,65650000000005	26322	18,262320226843737	26322	20
26324	-167,62120000000004	26324	18,160266855703661	26324	20
26326	-167,58640000000003	26326	18,033555713087914	26326	20
26328	-167,55140000000006	26328	17,944629760903943	26328	20
26330	-167,51620000000003	26330	17,887191467422589	26330	20
26332	-167,48069999999996	26332	17,864326222857994	26332	20
26334	-167,44450000000006	26334	17,903605185706187	26334	20
26336	-167,40830000000005	26336	17,936337654755825	26336	20
26338	-167,37199999999996	26338	17,9719480456379	26338	20
26340	-167,33580000000006	26340	17,993290038022778	26340	20
26342	-167,2994	26342	18,027741698358273	26342	20
26344	-167,26239999999996	26344	18,106451415301443	26344	20
26346	-167,22519999999997	26346	18,1887095127499	26346	20
26348	-167,18759999999997	26348	18,290591260624719	26348	20
26350	-167,14980000000003	26350	18,392159383849553	26350	20
26352	-167,11159999999995	26352	18,510132819880827	26352	20
26354	-167,07309999999995	26354	18,633444016567282	26354	20
26356	-167,03420000000006	26356	18,769536680464292	26356	20
26358	-166,99530000000004	26358	18,882947233721275	26358	20
26360	-166,95619999999997	26360	18,994122694774049	26360	20
26362	-166,9171	26362	19,086768912308557	26362	20
26364	-166,87739999999997	26364	19,213974093593709	26364	20
26366	-166,83749999999998	26366	19,336645077993818	26366	20
26368	-166,7975	26368	19,447204231658485	26368	20
26370	-166,75739999999996	26370	19,54767019305309	26370	20
26372	-166,71730000000002	26372	19,631391827539119	26372	20
26374	-166,67690000000005	26374	19,726159856280674	26374	20
26376	-166,63689999999997	26376	19,771799880240341	26376	20
26378	-166,59640000000002	26378	19,851499900196266	26378	20
26380	-166,55579999999998	26380	19,926249916833587	26380	20
26382	-166,51520000000005	26382	19,988541597355216	26382	20
26384	-166,47429999999997	26384	20,065451331135911	26384	20
26386	-166,43349999999998	26386	20,121209442612443	26386	20
26388	-166,39319999999998	26388	20,126007868843871	26388	20
26390	-166,35249999999996	26390	20,163339890704503	26390	20
26392	-166,3116	26392	20,211116575584175	26392	20
26394	-166,27049999999997	26394	20,267597146322526	26394	20
26396	-166,22879999999998	26396	20,364664288601407	26396	20
26398	-166,1875	26398	20,412220240499369	26398	20
26400	-166,14660000000003	26400	20,418516867079898	26400	20
26402	-166,10559999999998	26402	20,432097389237718	26402	20
26404	-166,06449999999995	26404	20,451747824367146	26404	20
26406	-166,0231	26406	20,493123186968727	26406	20
26408	-165,98220000000003	26408	20,485935989137694	26408	20
26410	-165,94150000000002	26410	20,463279990949353	26410	20
26412	-165,90060000000005	26412	20,461066659121549	26412	20
26414	-165,8587	26414	20,542555549272553	26414	20
26416	-165,81669999999997	26416	20,618796291062964	26416	20
26418	-165,77419999999995	26418	20,723996909220652	26418	20
26420	-165,73080000000004	26420	20,886664091009376	26420	20
26422	-165,68809999999996	26422	20,963886742514621	26422	20
26424	-165,64520000000005	26424	21,044905618755333	26424	20
26426	-165,6024	26426	21,104088015634158	26426	20
26428	-165,55970000000002	26428	21,14507334635913	26428	20
26430	-165,51710000000003	26430	21,1708944552987	26430	20
26432	-165,47450000000003	26432	21,192412046081678	26432	20
26434	-165,43200000000002	26434	21,202010038402914	26434	20
26436	-165,39020000000005	26436	21,151675031999641	26436	20
26438	-165,34850000000006	26438	21,101395859999002	26438	20
26440	-165,30690000000004	26440	21,051163216667231	26440	20
26442	-165,265	26442	21,034302680560621	26442	20
26444	-165,2233	26444	21,003585567133154	26444	20
26446	-165,1816	26446	20,977987972610265	26446	20
26448	-165,14009999999996	26448	20,939989977178708	26448	20
26450	-165,09929999999997	26450	20,849991647648107	26450	20
26452	-165,05849999999998	26452	20,774993039705937	26452	20
26454	-165,01779999999997	26454	20,704160866422889	26454	20
26456	-164,97699999999998	26456	20,653467388684923	26456	20
26458	-164,93579999999997	26458	20,644556157237727	26458	20
26460	-164,89470000000006	26460	20,628796797691013	26460	20
26462	-164,85450000000003	26462	20,540663998078102	26462	20
26464	-164,81410000000005	26464	20,48388666506316	26464	20
26466	-164,7735	26466	20,453238887555997	26466	20
26468	-164,73270000000002	26468	20,44436573962918	26468	20
26470	-164,69129999999996	26470	20,486971449696561	26470	20
26472	-164,6494	26472	20,564142874742256	26472	20
26474	-164,60710000000006	26474	20,661785728948107	26474	20
26476	-164,56470000000002	26476	20,751488107460364	26476	20
26478	-164,5227	26478	20,792906756219473	26478	20
26480	-164,48069999999996	26480	20,827422296852063	26480	20
26482	-164,43870000000004	26482	20,856185247369748	26482	20
26484	-164,39679999999998	26484	20,871821039479386	26484	20
26486	-164,35469999999998	26486	20,9015175328999	26486	20
26488	-164,31270000000006	26488	20,917931277409608	26488	20
26490	-164,2704	26490	20,956609397847043	26490	20
26492	-164,22820000000002	26492	20,980507831537523	26492	20
26494	-164,18590000000006	26494	21,008756526277494	26494	20
26496	-164,14380000000006	26496	21,015630438564987	26496	20
26498	-164,1015	26498	21,038025365476525	26498	20
26500	-164,05920000000003	26500	21,056687804559996	26500	20
26502	-164,01700000000005	26502	21,063906503798314	26502	20
26504	-163,9751	26504	21,044922086503192	26504	20
26506	-163,93399999999997	26506	20,962435072088375	26506	20
26508	-163,89329999999995	26508	20,860362560074922	26508	20
26510	-163,85339999999997	26510	20,708635466728165	26510	20
26512	-163,81359999999995	26512	20,573862888941289	26512	20
26514	-163,77409999999998	26514	20,436552407449028	26514	20
26516	-163,73490000000004	26516	20,297127006202281	26516	20
26518	-163,69619999999998	26518	20,139272505173782	26518	20
26520	-163,65819999999997	26520	19,949393754312396	26520	20
26522	-163,62099999999998	26522	19,72449479525903	26522	20
26524	-163,58439999999996	26524	19,487078996050965	26524	20
26526	-163,54819999999995	26526	19,255899163376473	26526	20
26528	-163,51229999999998	26528	19,038249302811195	26528	20
26530	-163,47670000000005	26530	18,8318744190036	26530	20
26532	-163,44100000000003	26532	18,668228682504655	26532	20
26534	-163,4054	26534	18,523523902090957	26534	20
26536	-163,37030000000004	26536	18,361269918404385	26536	20
26538	-163,3352	26538	18,22605826534172	26538	20
26540	-163,30079999999998	26540	18,055048554451858	26540	20
26542	-163,26660000000004	26542	17,895873795371685	26542	20
26544	-163,2323	26544	17,771561496145587	26544	20
26546	-163,19799999999998	26546	17,667967913457172	26546	20
26548	-163,16370000000006	26548	17,581639927874019	26548	20
26550	-163,12890000000004	26550	17,551366606563214	26550	20
26552	-163,0937	26552	17,559472172138648	26552	20
26554	-163,05830000000003	26554	17,582893476780662	26554	20
26556	-163,02290000000005	26556	17,602411230649004	26556	20
26558	-162,98710000000005	26558	17,65200935887373	26558	20
26560	-162,95119999999997	26560	17,701674465735053	26560	20
26562	-162,91499999999996	26562	17,768062054779879	26562	20
26564	-162,8786	26564	17,840051712313048	26564	20
26566	-162,84170000000006	26566	17,941709760256373	26566	20
26568	-162,8048	26568	18,026424800218617	26568	20
26570	-162,7681	26570	18,080354000181863	26570	20
26572	-162,73149999999998	26572	18,116961666819993	26572	20
26574	-162,6947	26574	18,164134722347583	26574	20
26576	-162,65750000000003	26576	18,236778935288349	26576	20
26578	-162,62009999999998	26578	18,31398244607761	26578	20
26580	-162,58190000000002	26580	18,444985371728066	26580	20
26582	-162,54290000000003	26582	18,620821143105662	26582	20
26584	-162,5036	26584	18,792350952590191	26584	20
26586	-162,4642	26586	18,943625793825206	26586	20
26588	-162,42399999999998	26588	19,13635482818993	26588	20
26590	-162,38369999999998	26590	19,305295690158442	26590	20
26592	-162,34310000000005	26592	19,471079741792593	26592	20
26594	-162,30259999999998	26594	19,60089978483262	26594	20
26596	-162,26149999999996	26596	19,759083154029565	26596	20
26598	-162,22000000000003	26598	19,924235961685316	26598	20
26600	-162,17790000000002	26600	20,111863301404838	26600	20
26602	-162,1359	26602	20,259886084506533	26602	20
26604	-162,09320000000002	26604	20,441571737086111	26604	20
26606	-162,04989999999998	26606	20,642976447575489	26606	20
26608	-162,00639999999999	26608	20,827480372979121	26608	20
26610	-161,96249999999998	26610	21,014566977483252	26610	20
26612	-161,9185	26612	21,178805814567937	26612	20
26614	-161,87419999999997	26614	21,340671512141707	26614	20
26616	-161,82960000000003	26616	21,500559593446905	26616	20
26618	-161,7849	26618	21,642132994541953	26618	20
26620	-161,74	26620	21,776777495450311	26620	20
26622	-161,69500000000005	26622	21,897314579538516	26622	20
26624	-161,64970000000005	26624	22,022762149615222	26624	20
26626	-161,6046	26626	22,110635124683323	26626	20
26628	-161,5589	26628	22,233862603903667	26628	20
26630	-161,51340000000005	26630	22,31988550324866	26630	20
26632	-161,46839999999997	26632	22,349904586046616	26632	20
26634	-161,42370000000005	26634	22,349920488365569	26634	20
26636	-161,37930000000006	26636	22,324933740304306	26636	20
26638	-161,3352	26638	22,279111450259531	26638	20
26640	-161,2912	26640	22,232592875214834	26640	20
26642	-161,24760000000003	26642	22,160494062676481	26642	20
26644	-161,20389999999998	26644	22,108745052235236	26644	20
26646	-161,16039999999998	26646	22,048954210195575	26646	20
26648	-161,11720000000003	26648	21,974128508492658	26648	20
26650	-161,07410000000004	26650	21,903440423742321	26650	20
26652	-161,0312	26652	21,827867019787888	26652	20
26654	-160,98829999999998	26654	21,764889183159195	26654	20
26656	-160,94529999999997	26656	21,720740985966529	26656	20
26658	-160,90240000000006	26658	21,675617488298592	26658	20
26660	-160,85929999999996	26660	21,654681240256743	26660	20
26662	-160,81619999999998	26662	21,63723436687906	26662	20
26664	-160,77319999999997	26664	21,614361972399749	26664	20
26666	-160,73019999999997	26666	21,595301643666989	26666	20
26668	-160,68680000000006	26668	21,612751369714655	26668	20
26670	-160,64369999999997	26670	21,60229280810346	26670	20
26672	-160,60080000000005	26672	21,5769106734127	26672	20
26674	-160,55769999999995	26674	21,572425561185167	26674	20
26676	-160,5145	26676	21,577021300983986	26676	20
26678	-160,47069999999997	26678	21,630851084156067	26678	20
26680	-160,42679999999996	26680	21,684042570130707	26680	20
26682	-160,3831	26682	21,711702141770953	26682	20
26684	-160,33939999999996	26684	21,734751784813962	26684	20
26686	-160,29579999999999	26686	21,74562648734242	26686	20
26688	-160,25220000000002	26688	21,75468873944947	26688	20
26690	-160,20849999999996	26690	21,770573949546062	26690	20
26692	-160,1648	26692	21,783811624617083	26692	20
26694	-160,12099999999998	26694	21,803176353850315	26694	20
26696	-160,0774	26696	21,802646961539381	26696	20
26698	-160,03359999999998	26698	21,818872467952229	26698	20
26700	-159,99030000000005	26700	21,790727056621115	26700	20
26702	-159,94730000000004	26702	21,742272547184797	26702	20
26704	-159,90449999999998	26704	21,685227122658713	26704	20
26706	-159,86159999999995	26706	21,646022602218217	26706	20
26708	-159,8188	26708	21,605018835177088	26708	20
26710	-159,77639999999997	26710	21,537515695984514	26710	20
26712	-159,73469999999998	26712	21,422929746653065	26712	20
26714	-159,69349999999997	26714	21,285774788877841	26714	20
26716	-159,65319999999997	26716	21,096478990731704	26716	20
26718	-159,6132	26718	20,91373249227339	26718	20
26720	-159,57360000000006	26720	20,728110410223689	26720	20
26722	-159,53449999999998	26722	20,531758675192727	26722	20
26724	-159,4959	26724	20,326465562658438	26724	20
26726	-159,45780000000002	26726	20,113721302214184	26726	20
26728	-159,42020000000002	26728	19,894767751844959	26728	20
26730	-159,38329999999996	26730	19,653973126542439	26730	20
26732	-159,34699999999998	26732	19,403310938783942	26732	20
26734	-159,31119999999999	26734	19,152759115652845	26734	20
26736	-159,2758	26736	18,910632596375827	26736	20
26738	-159,24099999999999	26738	18,658860496981386	26738	20
26740	-159,20640000000003	26740	18,432383747480728	26740	20
26742	-159,17179999999996	26742	18,243653122906323	26742	20
26744	-159,13750000000005	26744	18,061377602414979	26744	20
26746	-159,10360000000003	26746	17,876148002013892	26746	20
26748	-159,07000000000005	26748	17,696790001676455	26748	20
26750	-159,03629999999998	26750	17,555658334735973	26750	20
26752	-159,00279999999998	26752	17,421381945613614	26752	20
26754	-158,96929999999998	26754	17,309484954678318	26754	20
26756	-158,93560000000002	26756	17,23290412889472	26756	20
26758	-158,9017	26758	17,185753440747011	26758	20
26760	-158,86789999999996	26760	17,138127867292678	26760	20
26762	-158,8342	26762	17,090106556073351	26762	20
26764	-158,80039999999997	26764	17,058422130064628	26764	20
26766	-158,7668	26766	17,015351775052068	26766	20
26768	-158,73300000000006	26768	16,996126479204086	26768	20
26770	-158,69910000000004	26770	16,988438732671483	26770	20
26772	-158,66539999999998	26772	16,965365610565161	26772	20
26774	-158,63099999999997	26774	17,004471342138061	26774	20
26776	-158,59609999999998	26776	17,078726118447825	26776	20
26778	-158,5611	26778	17,148938432037202	26778	20
26780	-158,5254	26780	17,26578202669932	26780	20
26782	-158,4896	26782	17,371485022248994	26782	20
26784	-158,45360000000005	26784	17,476237518536205	26784	20
26786	-158,41740000000004	26786	17,580197932114174	26786	20
26788	-158,38059999999996	26788	17,716831610102208	26788	20
26790	-158,34350000000006	26790	17,855693008409823	26790	20
26792	-158,30550000000005	26792	18,046410840342428	26792	20
26794	-158,26739999999995	26794	18,213675700293649	26794	20
26796	-158,22900000000004	26796	18,378063083570584	26796	20
26798	-158,19100000000003	26798	18,481719236309729	26798	20
26800	-158,15330000000006	26800	18,543099363589153	26800	20
26802	-158,11570000000006	26802	18,585916136324098	26802	20
26804	-158,07780000000002	26804	18,646596780273082	26804	20
26806	-158,04010000000005	26806	18,680497316891945	26806	20
26808	-158,00189999999998	26808	18,750414430749487	26808	20
26810	-157,96339999999998	26810	18,833678692291166	26810	20
26812	-157,92470000000003	26812	18,919732243571712	26812	20
26814	-157,88549999999998	26814	19,033110202980655	26814	20
26816	-157,84640000000002	26816	19,119258502480726	26816	20
26818	-157,8071	26818	19,207715418736075	26818	20
26820	-157,76739999999995	26820	19,314762848949975	26820	20
26822	-157,72709999999995	26822	19,453969040791815	26822	20
26824	-157,68629999999996	26824	19,611640867325693	26824	20
26826	-157,6454	26826	19,751367389435167	26826	20
26828	-157,60400000000004	26828	19,909472824525412	26828	20
26830	-157,56280000000004	26830	20,0245606871048	26830	20
26832	-157,52150000000006	26832	20,128800572585529	26832	20
26834	-157,48019999999997	26834	20,215667143828945	26834	20
26836	-157,4389	26836	20,288055953188984	26836	20
26838	-157,3976	26838	20,348379960989014	26838	20
26840	-157,35630000000003	26840	20,398649967489042	26840	20
26842	-157,3152	26842	20,423874972909918	26842	20
26844	-157,2736	26844	20,486562477426325	26844	20
26846	-157,23220000000003	26846	20,522135397851379	26846	20
26848	-157,19079999999997	26848	20,551779498215062	26848	20
26850	-157,1495	26850	20,568149581844082	26850	20
26852	-157,10829999999999	26852	20,573457984870359	26852	20
26854	-157,06709999999998	26854	20,57788165405892	26854	20
26856	-157,02570000000003	26856	20,598234711711875	26856	20
26858	-156,98429999999996	26858	20,615195593098807	26858	20
26860	-156,94299999999998	26860	20,620996327580535	26860	20
26862	-156,9017	26862	20,625830272981975	26862	20
26864	-156,86040000000003	26864	20,629858560816508	26864	20
26866	-156,8188	26866	20,658215467348487	26866	20
26868	-156,77710000000002	26868	20,690179556123041	26868	20
26870	-156,735	26870	20,750149630102943	26870	20
26872	-156,69280000000003	26872	20,808458025084104	26872	20
26874	-156,6504	26874	20,873715020907028	26874	20
26876	-156,60770000000002	26876	20,95309585075319	26876	20
26878	-156,56439999999998	26878	21,069246542298053	26878	20
26880	-156,52089999999998	26880	21,18270545191459	26880	19,995500000000003
26882	-156,47699999999998	26882	21,310587876596145	26882	19,982000000000021
26884	-156,43290000000002	26884	21,433823230493257	26884	19,959500000000045
26886	-156,3886	26886	21,553186025412806	26886	19,928000000000079
26888	-156,34490000000005	26888	21,6026550211727	26888	19,887500000000124
26890	-156,3016	26890	21,61054585098098	26890	19,838000000000179
26892	-156,25840000000005	26892	21,608788209147164	26892	19,779500000000244
26894	-156,2156	26894	21,573990174294018	26894	19,712000000000319
26896	-156,173	26896	21,528325145244441	26896	19,635500000000405
26898	-156,13030000000003	26898	21,498604287701035	26898	19,550000000000498
26900	-156,0879	26900	21,448836906421139	26900	19,455500000000605
26902	-156,04579999999999	26902	21,382364088684692	26902	19,352000000000718
26904	-156,00390000000004	26904	21,310303407232364	26904	19,239500000000842
26906	-155,962	26906	21,250252839364897	26906	19,118000000000979
26908	-155,9203	26908	21,183544032803383	26908	18,987500000001123
26910	-155,87850000000003	26910	21,136286694000031	26910	18,848000000001278
26912	-155,83680000000004	26912	21,088572244999327	26912	18,699500000001443
26914	-155,79520000000002	26914	21,040476870834169	26914	18,542000000001615
26916	-155,75430000000006	26916	20,942064059025565	26916	18,3755000000018
26918	-155,71360000000004	26918	20,843386715855914	26918	18,200000000001996
26920	-155,67280000000005	26920	20,76948892987911	26920	18,0155000000022
26922	-155,63210000000004	26922	20,699574108233868	26922	17,822000000002415
26924	-155,59159999999997	26924	20,62464509020035	26924	17,619500000002638
26926	-155,5516	26926	20,520537575163928	26926	17,408000000002872
26928	-155,51229999999998	26928	20,375447979305413	26928	17,187500000003119
26930	-155,47350000000006	26930	20,212873316081495	26930	16,958000000003373
26932	-155,4357	26932	19,994061096739674	26932	16,719500000003634
26934	-155,3985	26934	19,761717580615095	26934	16,472000000003909
26936	-155,3623	26936	19,484764650513245	26936	16,215500000004194
26938	-155,327	26938	19,17897054209492	26938	15,95000000000449
26940	-155,29250000000002	26940	18,8574754517441	26940	15,675500000004792
26942	-155,25829999999996	26942	18,564562876458027	26942	15,392000000005108
26944	-155,22479999999996	26944	18,262135730381992	26944	15,099500000005431
26946	-155,19259999999997	26946	17,901779775317404	26946	14,798000000005768
26948	-155,16129999999998	26948	17,52648314609679	26948	14,487500000006111
26950	-155,1309	26950	17,13873595507949	26950	14,168000000006465
26952	-155,10080000000005	26952	16,790613295895209	26952	13,839500000006829
26954	-155,0716	26954	16,425511079917662	26954	13,502000000007202
26956	-155,04370000000006	26956	16,012925899925673	26956	13,155500000007587
26958	-155,01660000000004	26958	15,602438249939606	26958	12,80000000000798
26960	-154,9905	26960	15,177031874953189	26960	12,435500000008386
26962	-154,9651	26962	14,764193229126869	26962	12,0620000000088
26964	-154,94039999999995	26964	14,361827690943439	26964	11,679500000009222
26966	-154,91660000000002	26966	13,951523075780985	26966	11,288000000009657
26968	-154,89350000000002	26968	13,551269229817443	26968	10,887500000010101
26970	-154,87109999999996	26970	13,159391024852994	26970	10,478000000010553
26972	-154,84979999999996	26972	12,741159187377209	26972	10,059500000011019
26974	-154,82889999999998	26974	12,359299322812946	26974	9,6386494036661521
26976	-154,80939999999998	26976	11,92441610234359	26976	9,226621266242276
26978	-154,79010000000005	26978	11,545346751947172	26978	8,8235931288183913
26980	-154,77210000000002	26980	11,121122293291736	26980	8,4295649913944963
26982	-154,75480000000005	26982	10,709268577741234	26982	8,044536853970591
26984	-154,73800000000006	26984	10,324390481450134	26984	7,6685087165466754
26986	-154,72199999999998	26986	9,93699206788148	26986	7,3014805791227513
26988	-154,707	26988	9,53082672323343	26988	6,9434524416988168
26990	-154,69280000000003	26990	9,12568893602451	26990	6,5944243042748711
26992	-154,6789	26992	8,7630741133566836	26992	6,2543961668509169
26994	-154,6658	26994	8,3942284277979482	26994	5,9233680294269515
26996	-154,65330000000006	26996	8,0368570231592731	26996	5,6013398920029767
26998	-154,64120000000003	26998	7,7057141859687439	26998	5,2883117545789915
27000	-154,62969999999996	27000	7,3797618216463805	27000	4,9842836171549969
27002	-154,61879999999996	27002	7,0581348513713467	27002	4,689255479730992
27004	-154,60850000000005	27004	6,7401123761357553	27004	4,4032273423069768
27006	-154,5987	27006	6,4334269801165549	27006	4,1261992048829521
27008	-154,5888	27008	6,1861891500984632	27008	3,858171067458918
27010	-154,57950000000005	27010	5,93015762507699	27010	3,5991429300348736
27012	-154,57100000000003	27012	5,6501313542330225	27012	3,3491147926108189
27014	-154,5625	27014	5,4167761285297171	27014	3,1080866551867539
27016	-154,5548	27016	5,1556467737747491	27016	2,8760585177626785
27018	-154,5476	27018	4,8963723114799285	27018	2,6530303803385955
27020	-154,54089999999997	27020	4,6386435929018957	27020	2,4390022429145004
27022	-154,53420000000006	27022	4,4238696607440611	27022	2,2339741054903959
27024	-154,52790000000005	27024	4,2115580506209	27024	2,037945968066281
27026	-154,52189999999996	27026	4,0096317088578743	27026	1,8509178306421568
27028	-154,5163	27028	3,8080264240447725	27028	1,6728896932180213
27030	-154,51110000000006	27030	3,6066886866994143	27030	1,5038615557938773
27032	-154,5059	27032	3,43890723892109	27032	1,3438334183697229
27034	-154,5009	27034	3,2824226991005294	27034	1,1928052809455583
27036	-154,4964	27036	3,1103522492510476	27036	1,0507771435213833
27038	-154,4919	27038	2,9669602077098127	27038	0,917749006097198
27040	-154,4878	27040	2,8141335064243438	27040	0,793720868673006
27042	-154,4841	27042	2,6534445886853462	27042	0,67869273124880181
27044	-154,48040000000003	27044	2,5195371572361815	27044	0,57266459382458734
27046	-154,4769	27046	2,3912809643660617	27046	0,47563645640036256
27048	-154,47339999999997	27048	2,2844008036409615	27048	0,38760831897612746
27050	-154,47029999999995	27050	2,1620006697022718	27050	0,30858018155188383
27052	-154,46720000000005	27052	2,0600005580772232	27052	0,23855204412762987
27054	-154,46460000000002	27054	1,9333337984001417	27054	0,1775239067033656
27056	-154,462	27056	1,8277781653359073	27056	0,12549576927909278
27058	-154,45939999999996	27058	1,7398151377823785	27058	0,082467631854807877
27060	-154,45680000000004	27060	1,6665126148116305	27060	0,048439494430514429
27062	-154,4543	27062	1,5970938456809063	27062	0,023411357006208888
27064	-154,45220000000006	27064	1,505911538061389	27064	0,0073832195818948065
27066	-154,45010000000002	27066	1,429926281721265	27066	0,00035508215757218409
27068	-154,44820000000004	27068	1,3499385680992049	27068	0
27070	-154,4461	27070	1,2999488067527782	27070	0
27072	-154,4443	27072	1,2332906722942245	27072	0
27074	-154,44259999999997	27074	1,1694088935808549	27074	0
27076	-154,4407	27076	1,1328407446488631	27076	0
27078	-154,4393	27078	1,0607006205398553	27078	0
27080	-154,43780000000004	27080	1,0089171837802569	27080	0
27082	-154,43629999999996	27082	0,96576431982339872	27082	0
27084	-154,4348	27084	0,92980359984987648	27084	0
27086	-154,43370000000004	27086	0,86650299987083468	27086	0
27088	-154,43230000000005	27088	0,83875249989149825	27088	0
27090	-154,4312	27090	0,79062708324832665	27090	0
27092	-154,42999999999995	27092	0,7588559027102586	27092	0
27094	-154,4289	27094	0,72404658558781976	27094	0
27096	-154,428	27096	0,6783721546566378	27096	0
27098	-154,42690000000005	27098	0,65697679554313582	27098	0
27100	-154,42600000000004	27100	0,62248066295273452	27100	0
27102	-154,42489999999998	27102	0,61040055246602354	27102	0
27104	-154,42409999999995	27104	0,57533379372389937	27104	0
27106	-154,42319999999995	27106	0,55444482810337081	27106	0
27108	-154,42240000000004	27108	0,5287040234122149	27108	0
27110	-154,42179999999996	27110	0,49058668618324253	27110	0
27112	-154,42060000000004	27112	0,50882223847988117	27112	0
27114	-154,41999999999996	27114	0,4740185320729644	27114	0
27116	-154,41920000000005	27116	0,46168211005354287	27116	0
27118	-154,41840000000002	27118	0,4514017583801655	27118	0
27120	-154,41780000000006	27120	0,42616813198039416	27120	0
27122	-154,4171	27122	0,41347344332130009	27122	0
27124	-154,41660000000002	27124	0,38622786943343146	27124	0
27126	-154,4158	27126	0,38852322453007265	27126	0
27128	-154,41520000000003	27128	0,37376935377198345	27128	0
27130	-154,41459999999995	27130	0,36147446148304962	27130	0
27132	-154,41420000000005	27132	0,33456205122750732	27132	0
27134	-154,41359999999997	27134	0,32880170936265285	27134	0
27136	-154,4131	27136	0,31566809113455874	27136	0
27138	-154,4126	27138	0,30472340927781366	27138	0
27140	-154,4121	27140	0,29560284106385942	27140	0
27142	-154,4117	27142	0,27966903422098943	27142	0
27144	-154,41129999999998	27144	0,26639086185193106	27144	0
27146	-154,4108	27146	0,26365905154229058	27146	0
27148	-154,41039999999998	27148	0,253049209619682	27148	0
27150	-154,4099	27150	0,2525410080154164	27150	0
27152	-154,40949999999998	27152	0,24378417334728689	27152	0
27154	-154,40930000000003	27154	0,21982014445188872	27154	0
27156	-154,40869999999995	27156	0,23318345371630406	27156	0
27158	-154,40840000000003	27158	0,21931954475731122	27158	0
27160	-154,4081	27160	0,20776628730095772	27160	0
27162	-154,40769999999998	27162	0,206471906085238	27162	0
27164	-154,40740000000005	27164	0,19705992173142281	27164	0
27166	-154,4072	27166	0,18088326811480926	27166	0
27168	-154,40689999999995	27168	0,17573605676553944	27168	0
27170	-154,40650000000005	27170	0,17978004729624886	27170	0
27172	-154,4063	27172	0,16648337275216429	27172	0
27174	-154,40610000000004	27174	0,1554028106226199	27174	0
27176	-154,40570000000002	27176	0,16283567551995648	27176	0
27178	-154,4054	27178	0,16069639626982879	27178	0
27180	-154,40510000000006	27180	0,15891366355191516	27180	0
27182	-154,40480000000002	27182	0,1574280529631277	27182	0
27184	-154,40459999999996	27184	0,14785671080789667	27184	0
27186	-154,4044	27186	0,13988059233573022	27186	0
27188	-154,4044	27188	0,11656716027977519	27188	0
27190	-154,40390000000002	27190	0,13880596689882738	27190	0
27192	-154,40369999999996	27192	0,13233830575431305	27192	0
27194	-154,4035	27194	0,12694858812441054	27194	0
27196	-154,40340000000003	27196	0,11412382343491695	27196	0
27198	-154,40319999999997	27198	0,11176985286772102	27198	0
27200	-154,40300000000002	27200	0,10980821071891717	27200	0
27202	-154,40290000000005	27202	0,0998401755970058	27202	0
27204	-154,4026	27204	0,10820014633403655	27204	0
27206	-154,40240000000006	27206	0,10683345527418012	27206	0
27208	-154,40229999999997	27208	0,0973612127358655	27208	0
27210	-154,40210000000002	27210	0,097801010609037564	27210	0
27212	-154,40200000000004	27212	0,08983417550543947	27212	0
27214	-154,40179999999998	27214	0,09152847959315645	27214	0
27216	-154,4017	27216	0,084607066325538535	27216	0
27218	-154,40160000000003	27218	0,078839221935856935	27218	0
27220	-154,40150000000006	27220	0,074032684944455612	27220	0
27222	-154,40139999999997	27222	0,070027237461095071	27222	0
27224	-154,40139999999997	27224	0,058356031217579228	27224	0
27226	-154,40120000000002	27226	0,06529669267713234	27226	0
27228	-154,40099999999995	27228	0,071080577236233844	27228	0
27230	-154,40089999999998	27230	0,0675671476947697	27230	0
27232	-154,40089999999998	27232	0,056305956412308081	27232	0
27234	-154,40049999999997	27234	0,08025496367802995	27234	0
27236	-154,40049999999997	27236	0,0668791363983583	27236	0
27238	-154,40049999999997	27238	0,05573261366529858	27238	0
27240	-154,40049999999997	27240	0,04644384472108215	27240	0
27242	-154,40030000000002	27242	0,055369870596718114	27242	0
27244	-154,39999999999998	27244	0,071141558833796817	27244	0
27246	-154,40020000000004	27246	0,04261796568954046	27246	0
27248	-154,39999999999998	27248	0,052181638079907278	27248	0
27250	-154,3999	27250	0,051818031731164227	27250	0
27252	-154,3999	27252	0,043181693109303525	27252	0
27254	-154,39970000000005	27254	0,052651410920235925	27254	0
27256	-154,39970000000005	27256	0,043876175766863271	27256	0
27258	-154,39959999999996	27258	0,044896813146434796	27258	0
27260	-154,39970000000005	27260	0,02908067761464693	27260	0
27262	-154,3995	27262	0,040900564684162671	27262	0
27264	-154,3995	27264	0,034083803903468893	27264	0
27266	-154,3995	27266	0,028403169919557412	27266	0
27268	-154,3995	27268	0,023669308266297845	27268	0
27270	-154,39930000000004	27270	0,036391090217731195	27270	0
27272	-154,39919999999995	27272	0,0386592418554914	27272	0
27274	-154,39919999999995	27274	0,032216034879576166	27274	0
27276	-154,39909999999998	27276	0,03518002906422163	27276	0
27278	-154,39909999999998	27278	0,029316690886851359	27278	0
27280	-154,39909999999998	27280	0,0244305757390428	27280	0
27282	-154,399	27282	0,028692146447110493	27282	0
27284	-154,399	27284	0,023910122039258744	27284	0
27286	-154,39890000000003	27286	0,028258435030623783	27286	0
27288	-154,39919999999995	27288	-0,0014513041348713333	27288	0
27290	-154,39909999999998	27290	0,007123913218848716	27290	0
27292	-154,39880000000005	27292	0,030936594342765085	27292	0
27294	-154,39869999999996	27294	0,034113828626352968	27294	0
27296	-154,39880000000005	27296	0,020094857181245408	27296	0
27298	-154,39909999999998	27298	-0,00825428567601998	27298	0
27300	-154,39880000000005	27300	0,018121428597041168	27300	0
27302	-154,39869999999996	27302	0,023434523838249705	27302	0
27304	-154,39869999999996	27304	0,019528769865208087	27304	0
27306	-154,3986	27306	0,0246073082189149	27306	0
27308	-154,3986	27308	0,020506090182429087	27308	0
27310	-154,3986	27310	0,017088408485357573	27310	0
27312	-154,3986	27312	0,014240340404464645	27312	0
27314	-154,3986	27314	0,01186695033705387	27314	0
27316	-154,3985	27316	0,01822245861211972	27316	0
27318	-154,3985	27318	0,015185382176766434	27318	0
27320	-154,39840000000004	27320	0,020987818478546857	27320	0
27322	-154,39840000000004	27322	0,017489848732122382	27322	0
27324	-154,39840000000004	27324	0,01457487394343532	27324	0
27326	-154,39840000000004	27326	0,0121457282861961	27326	0
27328	-154,39840000000004	27328	0,010121440238496751	27328	0
27330	-154,39840000000004	27330	0,0084345335320806254	27330	0
27332	-154,3985	27332	-0,0013045553878409727	27332	0
27334	-154,39840000000004	27334	0,007246203841374017	27334	0
27336	-154,39840000000004	27336	0,0060385032011450145	27336	0
27338	-154,39840000000004	27338	0,0050320860009541793	27338	0
27340	-154,39840000000004	27340	0,0041934050007951494	27340	0
27342	-154,39840000000004	27342	0,0034945041673292913	27342	0
27344	-154,3985	27344	-0,0054212465251337518	27344	0
27346	-154,39840000000004	27346	0,0038156278936300339	27346	0
27348	-154,39840000000004	27348	0,0031796899113583619	27348	0
27350	-154,39840000000004	27350	0,002649741592798635	27350	0
27352	-154,3985	27352	-0,0061252153372426312	27352	0
27354	-154,3985	27354	-0,00510434611436886	27354	0
27356	-154,39840000000004	27356	0,0040797115692674446	27356	0
27358	-154,39840000000004	27358	0,0033997596410562038	27358	0
27360	-154,39840000000004	27360	0,0028331330342135034	27360	0
27362	-154,39830000000006	27362	0,010694277526419414	27362	0
27364	-154,39819999999997	27364	0,017245231279398244	27364	0
27366	-154,39840000000004	27366	-0,0022956406057916892	27366	0
27368	-154,39840000000004	27368	-0,001913033838159741	27368	0
27370	-154,39840000000004	27370	-0,0015941948651331177	27370	0
27372	-154,39830000000006	27372	0,0070048376102972293	27372	0
27374	-154,39830000000006	27374	0,0058373646752476914	27374	0
27376	-154,39840000000004	27376	-0,003468862768535085	27376	0
27378	-154,39840000000004	27378	-0,0028907189737792378	27378	0
27380	-154,39840000000004	27380	-0,0024089324781493651	27380	0
27382	-154,39830000000006	27382	0,0063258895994503569	27382	0
27384	-154,39840000000004	27384	-0,0030617586650328633	27384	0
27386	-154,3985	27386	-0,010884798885435547	27386	0
27388	-154,3985	27388	-0,0090706657378629568	27388	0
27390	-154,3985	27390	-0,0075588881148857976	27390	0
27392	-154,3985	27392	-0,0062990734290714985	27392	0
27394	-154,3985	27394	-0,0052492278575595819	27394	0
27396	-154,39840000000004	27396	0,003958976783275176	27396	0
27398	-154,39830000000006	27398	0,011632480650637475	27398	0
27400	-154,39840000000004	27400	0,001360400544289736	27400	0
27402	-154,3986	27402	-0,015532999542241542	27402	0
27404	-154,3985	27404	-0,0046108329539597918	27404	0
27406	-154,39840000000004	27406	0,0044909725362750012	27406	0
27408	-154,39830000000006	27408	0,012075810444803995	27408	0
27410	-154,39830000000006	27410	0,010063175370669997	27410	0
27412	-154,39830000000006	27412	0,00838597947555833	27412	0
27414	-154,39830000000006	27414	0,0069883162296319424	27414	0
27416	-154,39840000000004	27416	-0,0025097364732148755	27416	0
27418	-154,39840000000004	27418	-0,0020914470610123963	27418	0
27420	-154,3985	27420	-0,010076205882085158	27420	0
27422	-154,3985	27422	-0,0083968382350709646	27422	0
27424	-154,3985	27424	-0,0069973651958924708	27424	0
27426	-154,3986	27426	-0,01416447099448522	27426	0
27428	-154,3986	27428	-0,011803725828737684	27428	0
27430	-154,3986	27430	-0,009836438190614737	27430	0
27432	-154,39869999999996	27432	-0,016530365156753775	27432	0
27434	-154,3986	27434	-0,005441970966053318	27434	0
27436	-154,3985	27436	0,0037983575261970621	27436	0
27438	-154,39869999999996	27438	-0,013501368723985437	27438	0
27440	-154,3986	27440	-0,0029178072720797039	27440	0
27442	-154,3985	27442	0,0059018272711750738	27442	0
27444	-154,3985	27444	0,0049181893926458949	27444	0
27446	-154,3986	27446	-0,0042348421707032484	27446	0
27448	-154,3986	27448	-0,0035290351422527073	27448	0
27450	-154,3985	27450	0,005392470712697571	27450	0
27452	-154,3986	27452	-0,0038396077373268516	27452	0
27454	-154,3986	27454	-0,003199673114439043	27454	0
27456	-154,3986	27456	-0,0026663942620325357	27456	0
27458	-154,3986	27458	-0,0022219952183604465	27458	0
27460	-154,3986	27460	-0,0018516626819670388	27460	0
27462	-154,39869999999996	27462	-0,0098763855662140267	27462	0
27464	-154,39869999999996	27464	-0,0082303213051783553	27464	0
27466	-154,39869999999996	27466	-0,0068586010876486294	27466	0
27468	-154,3986	27468	0,0026178324248676364	27468	0
27470	-154,3986	27470	0,0021815270207230304	27470	0
27472	-154,39869999999996	27472	-0,0065153941473056354	27472	0
27474	-154,39869999999996	27474	-0,0054294951227546965	27474	0
27476	-154,39880000000005	27476	-0,012857912609677646	27476	0
27478	-154,39880000000005	27478	-0,010714927174731373	27478	0
27480	-154,3986	27480	0,0077375606930140828	27480	0
27482	-154,39869999999996	27482	-0,0018853660870630914	27482	0
27484	-154,3986	27484	0,0067621949253555847	27484	0
27486	-154,39869999999996	27486	-0,0026981708934451735	27486	0
27488	-154,3986	27488	0,0060848575867038495	27488	0
27490	-154,39869999999996	27490	-0,0032626186756549531	27490	0
27492	-154,39869999999996	27492	-0,0027188488963791279	27492	0
27494	-154,39869999999996	27494	-0,0022657074136492733	27494	0
27496	-154,39880000000005	27496	-0,010221422852089794	27496	0
27498	-154,39880000000005	27498	-0,008517852376741495	27498	0
27500	-154,39890000000003	27500	-0,01543154364519274	27500	0
27502	-154,39890000000003	27502	-0,012859619704327283	27502	0
27504	-154,39880000000005	27504	-0,0023830164223645756	27504	0
27506	-154,39880000000005	27506	-0,0019858470186371463	27506	0
27508	-154,39880000000005	27508	-0,0016548725155309553	27508	0
27510	-154,39890000000003	27510	-0,0097123937608506235	27510	0
27512	-154,39880000000005	27512	0,00023967186386597387	27512	0
27514	-154,39880000000005	27514	0,0001997265532216449	27514	0
27516	-154,39890000000003	27516	-0,0081668945368901236	27516	0
27518	-154,39890000000003	27518	-0,0068057454474084369	27518	0
27520	-154,399	27520	-0,014004787870748527	27520	0
27522	-154,39880000000005	27522	0,0049960101035258827	27522	0
27524	-154,39880000000005	27524	0,0041633417529382362	27524	0
27526	-154,39890000000003	27526	-0,00486388187045963	27526	0
27528	-154,39909999999998	27528	-0,020719901554532683	27528	0
27530	-154,399	27530	-0,0089332512975357423	27530	0
27532	-154,399	27532	-0,0074443760812797858	27532	0
27534	-154,399	27534	-0,0062036467343998215	27534	0
27536	-154,39909999999998	27536	-0,013503038943241345	27536	0
27538	-154,39890000000003	27538	0,0054141342097818682	27538	0
27540	-154,39890000000003	27540	0,0045117785081515574	27540	0
27542	-154,399	27542	-0,0045735179077818627	27542	0
27544	-154,399	27544	-0,0038112649231515526	27544	0
27546	-154,399	27546	-0,003176054102626294	27546	0
27548	-154,399	27548	-0,0026467117521885783	27548	0
27550	-154,399	27550	-0,0022055931268238154	27550	0
27552	-154,399	27552	-0,0018379942723531796	27552	0
27554	-154,39909999999998	27554	-0,0098649952248691438	27554	0
27556	-154,39909999999998	27556	-0,00822082935405762	27556	0
27558	-154,39919999999995	27558	-0,015184024459622844	27558	0
27560	-154,39930000000004	27560	-0,020986687057067771	27560	0
27562	-154,39909999999998	27562	-0,00082223920893291849	27562	0
27564	-154,399	27564	0,007648133990464062	27564	0
27566	-154,399	27566	0,0063734449920533854	27566	0
27568	-154,39909999999998	27568	-0,0030221291711970064	27568	0
27570	-154,39909999999998	27570	-0,0025184409759975053	27570	0
27572	-154,39930000000004	27572	-0,018765367485288148	27572	0
27574	-154,39919999999995	27574	-0,0073044728970247247	27574	0
27576	-154,39930000000004	27576	-0,014420394088236003	27576	0
27578	-154,3994	27578	-0,020350328404771495	27578	0
27580	-154,39919999999995	27580	-0,00029194033201935393	27580	0
27582	-154,39930000000004	27582	-0,0085766169507315269	27582	0
27584	-154,39919999999995	27584	0,0011861525484391259	27584	0
27586	-154,3994	27586	-0,015678206214924287	27586	0
27588	-154,39930000000004	27588	-0,0047318385145287446	27588	0
27590	-154,39930000000004	27590	-0,0039431987621072872	27590	0
27592	-154,39909999999998	27592	0,013380667703534153	27592	0
27594	-154,39919999999995	27594	0,0028172230883703013	27594	0
27596	-154,39930000000004	27596	-0,0059856474337401473	27596	0
27598	-154,39930000000004	27598	-0,0049880395281167896	27598	0
27600	-154,39930000000004	27600	-0,0041566996067639913	27600	0
27602	-154,39930000000004	27602	-0,0034639163389699927	27602	0
27604	-154,39930000000004	27604	-0,0028865969491416606	27604	0
27606	-154,39919999999995	27606	0,0059278358830973481	27606	0
27608	-154,39930000000004	27608	-0,0033934701048009414	27608	0
27610	-154,3994	27610	-0,011161225085242279	27610	0
27612	-154,39930000000004	27612	-0,0009676875731270719	27612	0
27614	-154,39930000000004	27614	-0,00080640631093922659	27614	0
27616	-154,39930000000004	27616	-0,00067200525911602219	27616	0
27618	-154,3994	27618	-0,008893337713838179	27618	0
27620	-154,39930000000004	27620	0,00092221856970967856	27620	0
27622	-154,39959999999996	27622	-0,02423148451896642	27622	0
27624	-154,3995	27624	-0,011859570434563857	27624	0
27626	-154,3994	27626	-0,0015496420308950543	27626	0
27628	-154,3994	27628	-0,0012913683590792119	27628	0
27630	-154,3994	27630	-0,0010761402992326766	27630	0
27632	-154,3994	27632	-0,00089678358269389721	27632	0
27634	-154,3995	27634	-0,0090806529834864085	27634	0
27636	-154,3994	27636	0,00076612251166948732	27636	0
27638	-154,39930000000004	27638	0,0089717687576327341	27638	0
27640	-154,3994	27640	-0,000856859366547549	27640	0
27642	-154,3995	27642	-0,009047382803364451	27642	0
27644	-154,39959999999996	27644	-0,015872819000711871	27644	0
27646	-154,39959999999996	27646	-0,013227349167259893	27646	0
27648	-154,39959999999996	27648	-0,011022790972716578	27648	0
27650	-154,39959999999996	27650	-0,0091856591439304826	27650	0
27652	-154,39959999999996	27652	-0,0076547159532754025	27652	0
27654	-154,39959999999996	27654	-0,0063789299610628354	27654	0
27656	-154,3995	27656	0,0030175583636891309	27656	0
27658	-154,3995	27658	0,0025146319697409427	27658	0
27660	-154,39959999999996	27660	-0,0062378066897907092	27660	0
27662	-154,39959999999996	27662	-0,0051981722414922577	27662	0
27664	-154,39970000000005	27664	-0,012665143541958947	27664	0
27666	-154,39980000000003	27666	-0,018887619616207284	27666	0
27668	-154,39980000000003	27668	-0,015739683013506072	27668	0
27670	-154,39980000000003	27670	-0,01311640251125506	27670	0
27672	-154,39980000000003	27672	-0,010930335426045884	27672	0
27674	-154,39980000000003	27674	-0,0091086128550382367	27674	0
27676	-154,3999	27676	-0,015923844043773359	27676	0
27678	-154,39980000000003	27678	-0,0049365367052363052	27678	0
27680	-154,39980000000003	27680	-0,0041137805876969216	27680	0
27682	-154,39980000000003	27682	-0,0034281504897474349	27682	0
27684	-154,39980000000003	27684	-0,0028567920747895291	27684	0
27686	-154,39980000000003	27686	-0,0023806600623246079	27686	0
27688	-154,3999	27688	-0,010317216716512001	27688	0
27690	-154,3999	27690	-0,0085976805970933348	27690	0
27692	-154,3999	27692	-0,0071647338309111129	27692	0
27694	-154,3999	27694	-0,0059706115257592606	27694	0
27696	-154,3999	27696	-0,0049755096047993837	27696	0
27698	-154,3999	27698	-0,0041462580039994864	27698	0
27700	-154,3999	27700	-0,0034552150033329053	27700	0
27702	-154,39980000000003	27702	0,00545398749513074	27702	0
27704	-154,39999999999998	27704	-0,012121677083207372	27704	0
27706	-154,3999	27706	-0,0017680642380979838	27706	0
27708	-154,40009999999995	27708	-0,018140053527564641	27708	0
27710	-154,39999999999998	27710	-0,00678337794172904	27710	0
27712	-154,40009999999995	27712	-0,01398614828268236	27712	0
27714	-154,39999999999998	27714	-0,0033217902376604727	27714	0
27716	-154,40009999999995	27716	-0,011101491862625223	27716	0
27718	-154,39999999999998	27718	-0,000917909887612858	27718	0
27720	-154,3999	27720	0,0075684084248974458	27720	0
27722	-154,3999	27722	0,0063070070207478721	27722	0
27724	-154,39980000000003	27724	0,013589172515198054	27724	0
27726	-154,39999999999998	27726	-0,0053423562331512756	27726	0
27728	-154,40009999999995	27728	-0,012785296858867558	27728	0
27730	-154,40020000000004	27730	-0,0189877473897717	27730	0
27732	-154,40009999999995	27732	-0,0074897894840943516	27732	0
27734	-154,39999999999998	27734	0,0020918420944962008	27734	0
27736	-154,39999999999998	27736	0,0017432017454135007	27736	0
27738	-154,40009999999995	27738	-0,006880665210063577	27738	0
27740	-154,40009999999995	27740	-0,0057338876750529814	27740	0
27742	-154,40020000000004	27742	-0,013111573069926215	27742	0
27744	-154,40020000000004	27744	-0,01092631089160518	27744	0
27746	-154,40020000000004	27746	-0,00910525907633765	27746	0
27748	-154,40009999999995	27748	0,00074561744376735583	27748	0
27750	-154,40020000000004	27750	-0,0077119854709092692	27750	0
27752	-154,40020000000004	27752	-0,0064266545590910577	27752	0
27754	-154,40020000000004	27754	-0,0053555454659092146	27754	0
27756	-154,40020000000004	27756	-0,0044629545549243459	27756	0
27758	-154,4004	27758	-0,020385795458253277	27758	0
27760	-154,4004	27760	-0,016988162881877732	27760	0
27762	-154,4004	27762	-0,014156802401564778	27762	0
27764	-154,40030000000002	27764	-0,0034640020033958208	27764	0
27766	-154,40030000000002	27766	-0,0028866683361631843	27766	0
27768	-154,4004	27768	-0,010738890278044148	27768	0
27770	-154,4004	27770	-0,0089490752317034575	27770	0
27772	-154,4004	27772	-0,0074575626930862152	27772	0
27774	-154,4004	27774	-0,0062146355775718459	27774	0
27776	-154,4004	27776	-0,0051788629813098721	27776	0
27778	-154,4004	27778	-0,00431571915109156	27778	0
27780	-154,40030000000002	27780	0,0047369007053318611	27780	0
27782	-154,40030000000002	27782	0,0039474172544432182	27782	0
27784	-154,4004	27784	-0,005043818952538812	27784	0
27786	-154,40030000000002	27786	0,0041301508707924841	27786	0
27788	-154,40020000000004	27788	0,011775125723568564	27788	0
27790	-154,40030000000002	27790	0,0014792714383989759	27790	0
27792	-154,4004	27792	-0,0071006071325756814	27792	0
27794	-154,40049999999997	27794	-0,014250505941721229	27794	0
27796	-154,40049999999997	27796	-0,011875421618101024	27796	0
27798	-154,4004	27798	-0,00156285135050936	27798	0
27800	-154,4004	27800	-0,0013023761254244667	27800	0
27802	-154,40030000000002	27802	0,0072480198933877723	27802	0
27804	-154,4004	27804	-0,0022933167534183504	27804	0
27806	-154,40049999999997	27806	-0,010244430625756785	27806	0
27808	-154,4004	27808	-0,00020369219022249412	27808	0
27810	-154,40049999999997	27810	-0,0085030768230935725	27810	0
27812	-154,40070000000003	27812	-0,023752564024534871	27812	0
27814	-154,40060000000005	27814	-0,011460470022537566	27814	0
27816	-154,40049999999997	27816	-0,0012170583447325741	27816	0
27818	-154,40070000000003	27818	-0,017680881959234038	27818	0
27820	-154,40060000000005	27820	-0,0064007349681202055	27820	0
27822	-154,40060000000005	27822	-0,0053339458067668379	27822	0
27824	-154,40060000000005	27824	-0,0044449548389723648	27824	0
27826	-154,4008	27826	-0,020370795694959958	27826	0
27828	-154,40070000000003	27828	-0,0086423297478918047	27828	0
27830	-154,40089999999998	27830	-0,023868608119059491	27830	0
27832	-154,4008	27832	-0,011557173434641417	27832	0
27834	-154,4008	27834	-0,0096309778622011809	27834	0
27836	-154,40089999999998	27836	-0,016359148216409145	27836	0
27838	-154,40099999999995	27838	-0,021965956844915781	27838	0
27840	-154,4013	27840	-0,04330496404062821	27840	0
27842	-154,40099999999995	27842	-0,011087470030658457	27842	0
27844	-154,40089999999998	27844	-0,00090622502764055313	27844	0
27846	-154,40089999999998	27846	-0,00075518752303379427	27846	0
27848	-154,40099999999995	27848	-0,00896265626710299	27848	0
27850	-154,40110000000004	27850	-0,015802213563301224	27850	0
27852	-154,40089999999998	27852	0,0034981553692058718	27852	0
27854	-154,40089999999998	27854	0,0029151294743382265	27854	0
27856	-154,40099999999995	27856	-0,0059040587692929716	27856	0
27858	-154,40089999999998	27858	0,0034132843568306847	27858	0
27860	-154,4008	27860	0,011177736961933731	27860	0
27862	-154,4008	27862	0,0093147808016114438	27862	0
27864	-154,40089999999998	27864	-0,0005710159965652906	27864	0
27866	-154,40099999999995	27866	-0,0088091799950459036	27866	0
27868	-154,40110000000004	27868	-0,015674316669920318	27868	0
27870	-154,40110000000004	27870	-0,013061930558266932	27870	0
27872	-154,40120000000002	27872	-0,019218275463130603	27872	0
27874	-154,40120000000002	27874	-0,016015229552608836	27874	0
27876	-154,40120000000002	27876	-0,013346024627174031	27876	0
27878	-154,40110000000004	27878	-0,0027883538580701986	27878	0
27880	-154,40110000000004	27880	-0,0023236282150584991	27880	0
27882	-154,40120000000002	27882	-0,010269690177123578	27882	0
27884	-154,4013	27884	-0,016891408478844475	27884	0
27886	-154,40120000000002	27886	-0,0057428404011289017	27886	0
27888	-154,40110000000004	27888	0,003547632996967409	27888	0
27890	-154,40110000000004	27890	0,0029563608308061742	27890	0
27892	-154,40099999999995	27892	0,01079696736638721	27892	0
27894	-154,40120000000002	27894	-0,007669193866634217	27894	0
27896	-154,4013	27896	-0,014724328220103342	27896	0
27898	-154,4013	27898	-0,012270273516752785	27898	0
27900	-154,4013	27900	-0,010225227930627322	27900	0
27902	-154,40120000000002	27902	-0,00018768994428127427	27902	0
27904	-154,4013	27904	-0,0084897416181425565	27904	0
27906	-154,4013	27906	-0,0070747846817854638	27906	0
27908	-154,40150000000006	27908	-0,022562320573444782	27908	0
27910	-154,40150000000006	27910	-0,018801933811203986	27910	0
27912	-154,40150000000006	27912	-0,015668278176003324	27912	0
27914	-154,40150000000006	27914	-0,013056898480002771	27914	0
27916	-154,40139999999997	27916	-0,0025474153926202444	27916	0
27918	-154,40150000000006	27918	-0,010456179501232269	27918	0
27920	-154,40150000000006	27920	-0,0087134829176935581	27920	0
27922	-154,40150000000006	27922	-0,0072612357647446318	27922	0
27924	-154,40150000000006	27924	-0,00605102980395386	27924	0
27926	-154,40139999999997	27926	0,0032908085040871818	27926	0
27928	-154,40150000000006	27928	-0,0055909929206427473	27928	0
27930	-154,40150000000006	27930	-0,0046591607672022894	27930	0
27932	-154,4013	27932	0,012784032699288319	27932	0
27934	-154,40150000000006	27934	-0,0060133060892166267	27934	0
27936	-154,4017	27936	-0,02167775507016351	27936	0
27938	-154,4017	27938	-0,018064795891802925	27938	0
27940	-154,4017	27940	-0,015053996576502438	27940	0
27942	-154,40160000000003	27942	-0,0042116638158438708	27942	0
27944	-154,40179999999998	27944	-0,020176386509019546	27944	0
27946	-154,4017	27946	-0,008480322092941462	27946	0
27948	-154,4017	27948	-0,0070669350774512189	27948	0
27950	-154,4017	27950	-0,0058891125645426827	27950	0
27952	-154,4017	27952	-0,0049075938037855694	27952	0
27954	-154,40179999999998	27954	-0,012422994834396135	27954	0
27956	-154,4017	27956	-0,0020191623640886183	27956	0
27958	-154,40179999999998	27958	-0,010015968634648676	27958	0
27960	-154,40189999999996	27960	-0,016679973860115389	27960	0
27962	-154,40179999999998	27962	-0,0055666448855213307	27962	0
27964	-154,40189999999996	27964	-0,012972204069175937	27964	0
27966	-154,40179999999998	27966	-0,0024768367264051197	27966	0
27968	-154,40179999999998	27968	-0,0020640306053376	27968	0
27970	-154,40179999999998	27970	-0,001720025504448	27970	0
27972	-154,40179999999998	27972	-0,0014333545870400001	27972	0
27974	-154,40189999999996	27974	-0,0095277954871081615	27974	0
27976	-154,40179999999998	27976	0,00039350375865135866	27976	0
27978	-154,40200000000004	27978	-0,016338746873080762	27978	0
27980	-154,40200000000004	27980	-0,013615622394233969	27980	0
27982	-154,40210000000002	27982	-0,01967968532643647	27982	0
27984	-154,40200000000004	27984	-0,0080664044407888977	27984	0
27986	-154,40200000000004	27986	-0,0067220037006574147	27986	0
27988	-154,40189999999996	27988	0,0027316635901675525	27988	0
27990	-154,40210000000002	27990	-0,014390280346817266	27990	0
27992	-154,40210000000002	27992	-0,011991900289014389	27992	0
27994	-154,4022	27994	-0,018326583572086819	27994	0
27996	-154,40229999999997	27996	-0,023605486307980511	27996	0
27998	-154,40229999999997	27998	-0,01967123858998376	27998	0
28000	-154,4022	28000	-0,0080593654937449744	28000	0
28002	-154,4022	28002	-0,0067161379114541453	28002	0
28004	-154,4022	28004	-0,005596781592878455	28004	0
28006	-154,40210000000002	28006	0,0036693486705094485	28006	0
28008	-154,4022	28008	-0,00527554277248362	28008	0
28010	-154,40229999999997	28010	-0,012729618974977845	28010	0
28012	-154,40229999999997	28012	-0,010608015812481537	28012	0
28014	-154,4022	28014	-0,00050667984582645348	28014	0
28016	-154,40229999999997	28016	-0,0087555665360968728	28016	0
28018	-154,40250000000003	28018	-0,023962972118704289	28018	0
28020	-154,4026	28020	-0,028302476763495069	28020	0
28022	-154,40250000000003	28022	-0,015252063971671063	28022	0
28024	-154,40269999999998	28024	-0,029376719972208875	28024	0
28026	-154,40250000000003	28026	-0,00781393331435774	28026	0
28028	-154,4026	28028	-0,014844944426539611	28028	0
28030	-154,40240000000006	28030	0,0042958796403666458	28030	0
28032	-154,40250000000003	28032	-0,0047534336309359559	28032	0
28034	-154,4026	28034	-0,012294528023688123	28034	0
28036	-154,40250000000003	28036	-0,001912106688498609	28036	0
28038	-154,40250000000003	28038	-0,0015934222404155075	28038	0
28040	-154,4026	28040	-0,0096611851982544173	28040	0
28042	-154,40269999999998	28042	-0,016384320996453511	28042	0
28044	-154,4026	28044	-0,0053202674991364319	28044	0
28046	-154,4026	28046	-0,00443355624928036	28046	0
28048	-154,40269999999998	28048	-0,012027963538975128	28048	0
28050	-154,40279999999996	28050	-0,018356636280387435	28050	0
28052	-154,40279999999996	28052	-0,015297196900322862	28052	0
28054	-154,40279999999996	28054	-0,012747664083602386	28054	0
28056	-154,40290000000005	28056	-0,018956386743717385	28056	0
28058	-154,40290000000005	28058	-0,015796988953097821	28058	0
28060	-154,40290000000005	28060	-0,013164157460914851	28060	0
28062	-154,40290000000005	28062	-0,010970131217429043	28062	0
28064	-154,40290000000005	28064	-0,009141776014524202	28064	0
28066	-154,40290000000005	28066	-0,0076181466787701687	28066	0
28068	-154,40290000000005	28068	-0,0063484555656418071	28068	0
28070	-154,40290000000005	28070	-0,00529037963803484	28070	0
28072	-154,40290000000005	28072	-0,0044086496983623668	28072	0
28074	-154,40300000000002	28074	-0,0120072080798768	28074	0
28076	-154,40300000000002	28076	-0,010006006733230667	28076	0
28078	-154,40300000000002	28078	-0,0083383389443588887	28078	0
28080	-154,4031	28080	-0,015281949118207235	28080	0
28082	-154,4031	28082	-0,012734957598506029	28082	0
28084	-154,40300000000002	28084	-0,0022791313341801976	28084	0
28086	-154,4031	28086	-0,010232609443058326	28086	0
28088	-154,40319999999997	28088	-0,016860507867123432	28088	0
28090	-154,40319999999997	28090	-0,014050423222602861	28090	0
28092	-154,40319999999997	28092	-0,011708686018835717	28092	0
28094	-154,40319999999997	28094	-0,0097572383490297648	28094	0
28096	-154,40319999999997	28096	-0,0081310319575248046	28096	0
28098	-154,40319999999997	28098	-0,0067758599646040038	28098	0
28100	-154,40319999999997	28100	-0,0056465499705033364	28100	0
28102	-154,40319999999997	28102	-0,00470545830875278	28102	0
28104	-154,40340000000003	28104	-0,020587881929250876	28104	0
28106	-154,40340000000003	28106	-0,017156568274375731	28106	0
28108	-154,40340000000003	28108	-0,014297140228646444	28108	0
28110	-154,40340000000003	28110	-0,011914283523872037	28110	0
28112	-154,4035	28112	-0,018261902934468194	28112	0
28114	-154,40340000000003	28114	-0,0068849191141486677	28114	0
28116	-154,4035	28116	-0,014070765926365384	28116	0
28118	-154,40359999999998	28118	-0,020058971603212648	28118	0
28120	-154,40359999999998	28120	-0,016715809669343874	28120	0
28122	-154,40359999999998	28122	-0,013929841391119895	28122	0
28124	-154,4035	28124	-0,003274867828025085	28124	0
28126	-154,4035	28126	-0,0027290565233542377	28126	0
28128	-154,4035	28128	-0,0022742137694618646	28128	0
28130	-154,40369999999996	28130	-0,018561844803701211	28130	0
28132	-154,40380000000005	28132	-0,023801537343799743	28132	0
28134	-154,40380000000005	28134	-0,019834614453166453	28134	0
28136	-154,40380000000005	28136	-0,016528845377638712	28136	0
28138	-154,40380000000005	28138	-0,013774037814698928	28138	0
28140	-154,40369999999996	28140	-0,0031450315048670418	28140	0
28142	-154,40380000000005	28142	-0,0109541929281046	28142	0
28144	-154,40380000000005	28144	-0,0091284941067538341	28144	0
28146	-154,40390000000002	28146	-0,015940411753536356	28146	0
28148	-154,40390000000002	28148	-0,013283676461280298	28148	0
28150	-154,40390000000002	28150	-0,011069730384400249	28150	0
28152	-154,404	28152	-0,017558108651575036	28152	0
28154	-154,404	28154	-0,014631757209645864	28154	0
28156	-154,404	28156	-0,012193131008038221	28156	0
28158	-154,404	28158	-0,010160942506698517	28158	0
28160	-154,404	28160	-0,0084674520889154309	28160	0
28162	-154,404	28162	-0,007056210074096193	28162	0
28164	-154,40409999999997	28164	-0,014213508392988322	28164	0
28166	-154,40409999999997	28166	-0,01184459032749027	28166	0
28168	-154,40420000000006	28168	-0,018203825280290624	28168	0
28170	-154,40420000000006	28170	-0,015169854400242187	28170	0
28172	-154,40420000000006	28172	-0,012641545333535157	28172	0
28174	-154,40420000000006	28174	-0,010534621111279297	28174	0
28176	-154,40420000000006	28176	-0,008778850926066081	28176	0
28178	-154,40409999999997	28178	0,0010176242356603306	28178	0
28180	-154,40420000000006	28180	-0,00748531314433179	28180	0
28182	-154,40420000000006	28182	-0,006237760953609825	28182	0
28184	-154,40430000000003	28184	-0,013531467459249682	28184	0
28186	-154,40430000000003	28186	-0,011276222882708069	28186	0
28188	-154,4044	28188	-0,017730185733498219	28188	0
28190	-154,4044	28190	-0,014775154777915184	28190	0
28192	-154,4044	28192	-0,012312628981595988	28192	0
28194	-154,4044	28194	-0,01026052415132999	28194	0
28196	-154,40449999999998	28196	-0,016883770124016487	28196	0
28198	-154,40449999999998	28198	-0,014069808436680407	28198	0
28200	-154,40449999999998	28200	-0,011724840363900339	28200	0
28202	-154,40449999999998	28202	-0,0097707003032502827	28202	0
28204	-154,40459999999996	28204	-0,016475583583950064	28204	0
28206	-154,40459999999996	28206	-0,013729652986625054	28206	0
28208	-154,40449999999998	28208	-0,0031080441576127188	28208	0
28210	-154,40459999999996	28210	-0,010923370129252093	28210	0
28212	-154,40470000000005	28212	-0,017436141781758813	28212	0
28214	-154,40459999999996	28214	-0,00619678481075028	28214	0
28216	-154,40470000000005	28216	-0,013497320683007298	28216	0
28218	-154,40459999999996	28218	-0,0029144338951240176	28218	0
28220	-154,40470000000005	28220	-0,010762028253318748	28220	0
28222	-154,40470000000005	28222	-0,0089683568777656243	28222	0
28224	-154,40470000000005	28224	-0,0074736307314713542	28224	0
28226	-154,40480000000002	28226	-0,014561358940800956	28226	0
28228	-154,4049	28228	-0,02046779911524229	28228	0
28230	-154,4049	28230	-0,017056499262701908	28230	0
28232	-154,4049	28232	-0,014213749385584925	28232	0
28234	-154,4049	28234	-0,011844791154654104	28234	0
28236	-154,4049	28236	-0,009870659295545087	28236	0
28238	-154,40510000000006	28238	-0,024892216084911132	28238	0
28240	-154,40510000000006	28240	-0,020743513404092612	28240	0
28242	-154,40510000000006	28242	-0,017286261170077179	28242	0
28244	-154,40499999999997	28244	-0,0060718843010155836	28244	0
28246	-154,40499999999997	28246	-0,0050599035841796536	28246	0
28248	-154,40520000000004	28248	-0,020883252992106603	28248	0
28250	-154,40510000000006	28250	-0,0090693774955140083	28250	0
28252	-154,40520000000004	28252	-0,0158911479108365	28252	0
28254	-154,40520000000004	28254	-0,013242623259030419	28254	0
28256	-154,40520000000004	28256	-0,011035519382525349	28256	0
28258	-154,40520000000004	28258	-0,0091962661521044573	28258	0
28260	-154,40510000000006	28260	0,00066977820448777935	28260	0
28262	-154,40520000000004	28262	-0,0077751848275016784	28262	0
28264	-154,4053	28264	-0,014812654020826228	28264	0
28266	-154,4053	28266	-0,012343878350688524	28266	0
28268	-154,4053	28268	-0,010286565292240438	28268	0
28270	-154,4053	28270	-0,0085721377435336987	28270	0
28272	-154,4054	28272	-0,015476781450852909	28272	0
28274	-154,4054	28274	-0,012897317875710758	28274	0
28276	-154,40549999999996	28276	-0,019081098227667126	28276	0
28278	-154,40549999999996	28278	-0,015900915189722607	28278	0
28280	-154,40560000000005	28280	-0,021584095998817571	28280	0
28282	-154,40549999999996	28282	-0,0096534133249659114	28282	0
28284	-154,40560000000005	28284	-0,016377844444853656	28284	0
28286	-154,40560000000005	28286	-0,013648203704044714	28286	0
28288	-154,40560000000005	28288	-0,011373503086703929	28288	0
28290	-154,40570000000002	28290	-0,017811252570161435	28290	0
28292	-154,4058	28292	-0,023176043806376022	28292	0
28294	-154,4058	28294	-0,019313369838646687	28294	0
28296	-154,4058	28296	-0,016094474865538905	28296	0
28298	-154,4058	28298	-0,013412062387949088	28298	0
28300	-154,4058	28300	-0,011176718656624242	28300	0
28302	-154,40589999999997	28302	-0,017647265545095027	28302	0
28304	-154,40600000000006	28304	-0,023039387961627921	28304	0
28306	-154,40600000000006	28306	-0,019199489968023269	28306	0
28308	-154,40600000000006	28308	-0,015999574973352724	28308	0
28310	-154,40600000000006	28310	-0,013332979144460603	28310	0
28312	-154,40589999999997	28312	-0,0027774826130017704	28312	0
28314	-154,40589999999997	28314	-0,002314568844168142	28314	0
28316	-154,40600000000006	28316	-0,010262140710855516	28316	0
28318	-154,40600000000006	28318	-0,00855178392571293	28318	0
28320	-154,40600000000006	28320	-0,0071264866047607758	28320	0
28322	-154,40610000000004	28322	-0,014272072168542142	28322	0
28324	-154,40600000000006	28324	-0,0035600601425436248	28324	0
28326	-154,40610000000004	28326	-0,011300050116694514	28326	0
28328	-154,40610000000004	28328	-0,0094167084305787629	28328	0
28330	-154,4062	28330	-0,016180590356723798	28330	0
28332	-154,4062	28332	-0,013483825297269832	28332	0
28334	-154,4062	28334	-0,011236521081058194	28334	0
28336	-154,4063	28336	-0,017697100898789991	28336	0
28338	-154,4063	28338	-0,014747584082324993	28338	0
28340	-154,4063	28340	-0,012289653401937495	28340	0
28342	-154,40639999999996	28342	-0,018574711166189407	28342	0
28344	-154,40639999999996	28344	-0,015478925971824506	28344	0
28346	-154,40639999999996	28346	-0,012899104976520422	28346	0
28348	-154,40639999999996	28348	-0,010749254147100352	28348	0
28350	-154,40639999999996	28350	-0,0089577117892502937	28350	0
28352	-154,40650000000005	28352	-0,015798093165090642	28352	0
28354	-154,40660000000003	28354	-0,021498410968817029	28354	0
28356	-154,40660000000003	28356	-0,017915342474014193	28356	0
28358	-154,4067	28358	-0,023262785392919989	28358	0
28360	-154,40660000000003	28360	-0,011052321162858498	28360	0
28362	-154,4067	28362	-0,01754360096695691	28362	0
28364	-154,4067	28364	-0,014619667472464092	28364	0
28366	-154,40660000000003	28366	-0,0038497228958119158	28366	0
28368	-154,40679999999998	28368	-0,019874769075659587	28368	0
28370	-154,40679999999998	28370	-0,016562307563049657	28370	0
28372	-154,40689999999995	28372	-0,022135256300449543	28372	0
28374	-154,40679999999998	28374	-0,010112713585799793	28374	0
28376	-154,40679999999998	28376	-0,0084272613214998286	28376	0
28378	-154,40679999999998	28378	-0,0070227177679165241	28378	0
28380	-154,40679999999998	28380	-0,0058522648065971036	28380	0
28382	-154,40700000000004	28382	-0,021543554010787815	28382	0
28384	-154,4072	28384	-0,0346196283381395	28384	0
28386	-154,4071	28386	-0,020516356950541426	28386	0
28388	-154,4072	28388	-0,025430297456692685	28388	0
28390	-154,4072	28390	-0,021191914547243906	28390	0
28392	-154,4072	28392	-0,017659928789369922	28392	0
28394	-154,4072	28394	-0,014716607324474936	28394	0
28396	-154,4072	28396	-0,012263839437062447	28396	0
28398	-154,4071	28398	-0,0018865328663105457	28398	0
28400	-154,4072	28400	-0,00990544405316695	28400	0
28402	-154,4072	28402	-0,0082545367109724578	28402	0
28404	-154,4072	28404	-0,0068787805924770485	28404	0
28406	-154,40729999999996	28406	-0,014065650491639034	28406	0
28408	-154,40729999999996	28408	-0,011721375409699196	28408	0
28410	-154,40740000000005	28410	-0,018101146182131395	28410	0
28412	-154,40740000000005	28412	-0,015084288485109497	28412	0
28414	-154,40750000000003	28414	-0,02090357373549941	28414	0
28416	-154,4076	28416	-0,025752978110824335	28416	0
28418	-154,4076	28418	-0,021460815092353612	28418	0
28420	-154,4076	28420	-0,017884012576961344	28420	0
28422	-154,4076	28422	-0,014903343814134454	28422	0
28424	-154,40750000000003	28424	-0,0040861198472038843	28424	0
28426	-154,4076	28426	-0,011738433203911398	28426	0
28428	-154,4076	28428	-0,0097820276699261653	28428	0
28430	-154,4076	28430	-0,0081516897249384723	28430	0
28432	-154,4076	28432	-0,00679307477078206	28432	0
28434	-154,40769999999998	28434	-0,013994228973559878	28434	0
28436	-154,40769999999998	28436	-0,011661857477966565	28436	0
28438	-154,40779999999995	28438	-0,018051547896213632	28438	0
28440	-154,40779999999995	28440	-0,015042956580178027	28440	0
28442	-154,40779999999995	28442	-0,012535797150148357	28442	0
28444	-154,40779999999995	28444	-0,010446497625123631	28444	0
28446	-154,40790000000004	28446	-0,017038748028318423	28446	0
28448	-154,40800000000002	28448	-0,022532290021506848	28448	0
28450	-154,40800000000002	28450	-0,018776908351255707	28450	0
28452	-154,40800000000002	28452	-0,015647423626046424	28452	0
28454	-154,40800000000002	28454	-0,01303951968837202	28454	0
28456	-154,4081	28456	-0,019199599738218179	28456	0
28458	-154,4081	28458	-0,015999666448515151	28458	0
28460	-154,4081	28460	-0,013333055373762627	28460	0
28462	-154,40819999999997	28462	-0,019444212809377019	28462	0
28464	-154,40819999999997	28464	-0,01620351067448085	28464	0
28466	-154,40830000000005	28466	-0,021836258902782776	28466	0
28468	-154,40830000000005	28468	-0,018196882418985649	28468	0
28470	-154,40830000000005	28470	-0,015164068682488041	28470	0
28472	-154,40830000000005	28472	-0,012636723902073368	28472	0
28474	-154,40840000000003	28474	-0,018863936582969303	28474	0
28476	-154,40840000000003	28476	-0,01571994715247442	28476	0
28478	-154,40840000000003	28478	-0,01309995596039535	28478	0
28480	-154,40840000000003	28480	-0,010916629966996126	28480	0
28482	-154,40840000000003	28482	-0,0090971916391634385	28482	0
28484	-154,4085	28484	-0,015914326363877691	28484	0
28486	-154,40859999999998	28486	-0,021595271967806237	28486	0
28488	-154,4085	28488	-0,00966272664193037	28488	0
28490	-154,40859999999998	28490	-0,016385605532850137	28490	0
28492	-154,40869999999995	28492	-0,021988004608616607	28492	0
28494	-154,40869999999995	28494	-0,018323337173847175	28494	0
28496	-154,40869999999995	28496	-0,015269447644872647	28496	0
28498	-154,40869999999995	28498	-0,012724539704060539	28498	0
28500	-154,40890000000002	28500	-0,027270449758674008	28500	0
28502	-154,40890000000002	28502	-0,022725374798895009	28502	0
28504	-154,40880000000004	28504	-0,010604479001171015	28504	0
28506	-154,40880000000004	28506	-0,0088370658343091789	28506	0
28508	-154,40890000000002	28508	-0,015697554859832479	28508	0
28510	-154,409	28510	-0,021414629047768561	28510	0
28512	-154,409	28512	-0,0178455242064738	28512	0
28514	-154,40909999999997	28514	-0,023204603503302994	28514	0
28516	-154,40909999999997	28516	-0,01933716958608583	28516	0
28518	-154,40909999999997	28518	-0,016114307988404859	28518	0
28520	-154,40909999999997	28520	-0,013428589990337383	28520	0
28522	-154,40920000000006	28522	-0,019523824999329885	28522	0
28524	-154,40920000000006	28524	-0,016269854166108239	28524	0
28526	-154,40930000000003	28526	-0,021891545136331694	28526	0
28528	-154,40930000000003	28528	-0,018242954280276412	28528	0
28530	-154,4094	28530	-0,02353579523147184	28530	0
28532	-154,4094	28532	-0,0196131626928932	28532	0
28534	-154,4094	28534	-0,016344302244077669	28534	0
28536	-154,40949999999998	28536	-0,021953585201306219	28536	0
28538	-154,40959999999995	28538	-0,026627987665663346	28538	0
28540	-154,40949999999998	28540	-0,013856656390144627	28540	0
28542	-154,40949999999998	28542	-0,011547213658453856	28542	0
28544	-154,40949999999998	28544	-0,0096226780487115478	28544	0
28546	-154,40959999999995	28546	-0,016352231705167787	28546	0
28548	-154,40959999999995	28548	-0,01362685975430649	28548	0
28550	-154,40959999999995	28550	-0,011355716461922075	28550	0
28552	-154,40980000000002	28552	-0,026129763723558623	28552	0
28554	-154,40980000000002	28554	-0,02177480310296552	28554	0
28556	-154,40980000000002	28556	-0,018145669252471269	28556	0
28558	-154,40970000000004	28558	-0,0067880577124845645	28558	0
28560	-154,40980000000002	28560	-0,013990048091645299	28560	0
28562	-154,4099	28562	-0,01999170674094591	28562	0
28564	-154,40980000000002	28564	-0,0083264222862134314	28564	0
28566	-154,4099	28566	-0,015272018569752688	28566	0
28568	-154,40980000000002	28568	-0,0043933488102190794	28568	0
28570	-154,40999999999997	28570	-0,020327790670998887	28570	0
28572	-154,40999999999997	28572	-0,01693982555916574	28572	0
28574	-154,41020000000003	28574	-0,030783187971261679	28574	0
28576	-154,41020000000003	28576	-0,025652656642718066	28576	0
28578	-154,4103	28578	-0,029710547200173215	28578	0
28580	-154,4103	28580	-0,024758789333477679	28580	0
28582	-154,41020000000003	28582	-0,012298991113323238	28582	0
28584	-154,41020000000003	28584	-0,0102491592611027	28584	0
28586	-154,41039999999998	28586	-0,025207632713401908	28586	0
28588	-154,41039999999998	28588	-0,021006360594501592	28588	0
28590	-154,41039999999998	28590	-0,017505300495417993	28590	0
28592	-154,41039999999998	28592	-0,014587750412848328	28592	0
28594	-154,41039999999998	28594	-0,012156458677373607	28594	0
28596	-154,41049999999996	28596	-0,018463715562386167	28596	0
28598	-154,41049999999996	28598	-0,015386429635321807	28598	0
28600	-154,41060000000004	28600	-0,021155358036816903	28600	0
28602	-154,41060000000004	28602	-0,017629465030680753	28602	0
28604	-154,41049999999996	28604	-0,00635788751818523	28604	0
28606	-154,41049999999996	28606	-0,0052982395984876923	28606	0
28608	-154,41060000000004	28608	-0,012748533006121809	28608	0
28610	-154,41060000000004	28610	-0,010623777505101508	28610	0
28612	-154,41070000000002	28612	-0,017186481252159418	28612	0
28614	-154,41070000000002	28614	-0,014322067710132849	28614	0
28616	-154,4108	28616	-0,0202683897563522	28616	0
28618	-154,41070000000002	28618	-0,0085569914657186753	28618	0
28620	-154,41089999999997	28620	-0,023797492883915219	28620	0
28622	-154,41100000000006	28622	-0,028164577410644747	28622	0
28624	-154,41100000000006	28624	-0,023470481175537291	28624	0
28626	-154,41100000000006	28626	-0,019558734312947742	28626	0
28628	-154,41100000000006	28628	-0,016298945260789784	28628	0
28630	-154,41089999999997	28630	-0,0052491210432760883	28630	0
28632	-154,41110000000003	28632	-0,0210409342080203	28632	0
28634	-154,41100000000006	28634	-0,0092007785087754243	28634	0
28636	-154,41100000000006	28636	-0,0076673154239795208	28636	0
28638	-154,41110000000003	28638	-0,014722762851224428	28638	0
28640	-154,4112	28640	-0,020602302373928516	28640	0
28642	-154,4112	28642	-0,017168585311607098	28642	0
28644	-154,4112	28644	-0,014307154426339249	28644	0
28646	-154,41129999999998	28646	-0,020255962019857535	28646	0
28648	-154,41139999999996	28648	-0,025213301681122773	28648	0
28650	-154,41129999999998	28650	-0,012677751403027484	28650	0
28652	-154,41139999999996	28652	-0,018898126167097733	28652	0
28654	-154,41150000000005	28654	-0,024081771813296845	28654	0
28656	-154,41160000000002	28656	-0,028401476508988867	28656	0
28658	-154,41150000000005	28658	-0,015334563759582562	28658	0
28660	-154,41160000000002	28660	-0,021112136464226966	28660	0
28662	-154,4117	28662	-0,025926780384763967	28662	0
28664	-154,4117	28664	-0,021605650320636639	28664	0
28666	-154,41179999999997	28666	-0,026338041931772027	28666	0
28668	-154,4117	28668	-0,013615034945235197	28668	0
28670	-154,41179999999997	28670	-0,019679195785604162	28670	0
28672	-154,41190000000006	28672	-0,0247326631620522	28672	0
28674	-154,41190000000006	28674	-0,0206105526350435	28674	0
28676	-154,41190000000006	28676	-0,017175460529202918	28676	0
28678	-154,41190000000006	28678	-0,014312883774335766	28678	0
28680	-154,41190000000006	28680	-0,011927403145279805	28680	0
28682	-154,41200000000003	28682	-0,018272835952307998	28682	0
28684	-154,41200000000003	28684	-0,015227363293589999	28684	0
28686	-154,41200000000003	28686	-0,012689469411324998	28686	0
28688	-154,41219999999998	28688	-0,027241224505253819	28688	0
28690	-154,41219999999998	28690	-0,022701020421044851	28690	0
28692	-154,4121	28692	-0,010584183686295882	28692	0
28694	-154,41219999999998	28694	-0,017153486403154727	28694	0
28696	-154,41219999999998	28696	-0,014294572002628941	28696	0
28698	-154,41229999999996	28698	-0,020245476666765613	28698	0
28700	-154,41229999999996	28700	-0,016871230555638012	28700	0
28702	-154,41240000000005	28702	-0,022392692137080408	28702	0
28704	-154,41240000000005	28704	-0,018660576780900343	28704	0
28706	-154,41240000000005	28706	-0,015550480650750285	28706	0
28708	-154,41240000000005	28708	-0,012958733875625239	28708	0
28710	-154,41240000000005	28710	-0,010798944896354367	28710	0
28712	-154,4126	28712	-0,02566578740944496	28712	0
28714	-154,41250000000002	28714	-0,013054822843295972	28714	0
28716	-154,4126	28716	-0,019212352367321474	28716	0
28718	-154,4126	28718	-0,016010293639434563	28718	0
28720	-154,41269999999997	28720	-0,021675244697436966	28720	0
28722	-154,41269999999997	28722	-0,018062703914530805	28722	0
28724	-154,41280000000006	28724	-0,0233855866028244	28724	0
28726	-154,41280000000006	28726	-0,019487988835687003	28726	0
28728	-154,41290000000004	28728	-0,024573324027647333	28728	0
28730	-154,41290000000004	28730	-0,020477770023039445	28730	0
28732	-154,41290000000004	28732	-0,017064808352532872	28732	0
28734	-154,413	28734	-0,022554006958352222	28734	0
28736	-154,413	28736	-0,018795005798626852	28736	0
28738	-154,413	28738	-0,015662504832189044	28738	0
28740	-154,4131	28740	-0,021385420691399031	28740	0
28742	-154,41319999999996	28742	-0,026154517240740686	28742	0
28744	-154,41319999999996	28744	-0,021795431033950572	28744	0
28746	-154,41330000000005	28746	-0,026496192535674208	28746	0
28748	-154,41330000000005	28748	-0,022080160446395176	28748	0
28750	-154,41330000000005	28750	-0,018400133705329315	28750	0
28752	-154,41340000000002	28752	-0,023666778085682592	28752	0
28754	-154,41340000000002	28754	-0,019722315071402163	28754	0
28756	-154,4135	28756	-0,024768595890743296	28756	0
28758	-154,4135	28758	-0,020640496575619414	28758	0
28760	-154,41359999999997	28760	-0,025533747144257674	28760	0
28762	-154,41359999999997	28762	-0,02127812262021473	28762	0
28764	-154,41370000000006	28764	-0,026065102190894342	28764	0
28766	-154,41359999999997	28766	-0,013387585151696555	28766	0
28768	-154,41370000000006	28768	-0,019489654300462528	28768	0
28770	-154,41370000000006	28770	-0,016241378583718775	28770	0
28772	-154,41380000000004	28772	-0,021867815484340476	28772	0
28774	-154,4139	28774	-0,026556512901525227	28774	0
28776	-154,4139	28776	-0,022130427417937689	28776	0
28778	-154,4139	28778	-0,018442022848281409	28778	0
28780	-154,4139	28780	-0,015368352373567842	28780	0
28782	-154,414	28782	-0,02114029364254803	28782	0
28784	-154,41409999999996	28784	-0,02595024470003152	28784	0
28786	-154,41409999999996	28786	-0,021625203916692932	28786	0
28788	-154,41420000000005	28788	-0,026354336604626178	28788	0
28790	-154,41420000000005	28790	-0,021961947170521814	28790	0
28792	-154,41420000000005	28792	-0,018301622642101514	28792	0
28794	-154,41420000000005	28794	-0,015251352201751263	28794	0
28796	-154,41430000000003	28796	-0,021042793499367544	28796	0
28798	-154,41430000000003	28798	-0,017535661249472954	28798	0
28800	-154,4144	28800	-0,022946384372468959	28800	0
28802	-154,41449999999998	28802	-0,027455320308298961	28802	0
28804	-154,41449999999998	28804	-0,022879433590249135	28804	0
28806	-154,41470000000004	28806	-0,035732861330497842	28806	0
28808	-154,41470000000004	28808	-0,029777384442081535	28808	0
28810	-154,4148	28810	-0,033147820366309443	28810	0
28812	-154,4148	28812	-0,027623183638591203	28812	0
28814	-154,4149	28814	-0,0313526530300675	28814	0
28816	-154,4149	28816	-0,026127210858389583	28816	0
28818	-154,4149	28818	-0,021772675715324652	28818	0
28820	-154,41499999999996	28820	-0,026477229760678705	28820	0
28822	-154,41499999999996	28822	-0,022064358133898922	28822	0
28824	-154,41510000000005	28824	-0,026720298452297835	28824	0
28826	-154,41510000000005	28826	-0,022266915376914862	28826	0
28828	-154,4153	28828	-0,035222429476578707	28828	0
28830	-154,4153	28830	-0,029352024563815589	28830	0
28832	-154,41520000000003	28832	-0,01612668713860483	28832	0
28834	-154,4153	28834	-0,021772239280078855	28834	0
28836	-154,41539999999998	28836	-0,026476866064640541	28836	0
28838	-154,41549999999995	28838	-0,030397388385108613	28838	0
28840	-154,41549999999995	28840	-0,02533115698759051	28840	0
28842	-154,41560000000004	28842	-0,029442630830374159	28842	0
28844	-154,41560000000004	28844	-0,024535525691978467	28844	0
28846	-154,41560000000004	28846	-0,020446271409982057	28846	0
28848	-154,41560000000004	28848	-0,017038559508318382	28848	0
28850	-154,41570000000002	28850	-0,022532132921506812	28850	0
28852	-154,41570000000002	28852	-0,018776777434589012	28852	0
28854	-154,4158	28854	-0,023980647860065672	28854	0
28856	-154,41589999999997	28856	-0,028317206547962888	28856	0
28858	-154,4158	28858	-0,015264338792060912	28858	0
28860	-154,41600000000005	28860	-0,02938694899867432	28860	0
28862	-154,41600000000005	28862	-0,024489124165561933	28862	0
28864	-154,41610000000003	28864	-0,028740936802543107	28864	0
28866	-154,41610000000003	28866	-0,023950780668785924	28866	0
28868	-154,41629999999998	28868	-0,036625650553137927	28868	0
28870	-154,41629999999998	28870	-0,030521375460948273	28870	0
28872	-154,41639999999995	28872	-0,03376781288203172	28872	0
28874	-154,41650000000004	28874	-0,036473177409075165	28874	0
28876	-154,41660000000002	28876	-0,038727647838804134	28876	0
28878	-154,41660000000002	28878	-0,032273039865670115	28878	0
28880	-154,41650000000004	28880	-0,018560866556816935	28880	0
28882	-154,41660000000002	28882	-0,023800722128588941	28882	0
28884	-154,4167	28884	-0,028167268438398948	28884	0
28886	-154,4167	28886	-0,023472723698665789	28886	0
28888	-154,4167	28888	-0,019560603082221493	28888	0
28890	-154,41690000000006	28890	-0,032967169240474804	28890	0
28892	-154,41700000000003	28892	-0,0358059743649705	28892	0
28894	-154,41700000000003	28894	-0,029838311970808752	28894	0
28896	-154,41700000000003	28896	-0,024865259975673962	28896	0
28898	-154,41700000000003	28898	-0,020721049979728304	28898	0
28900	-154,41719999999998	28900	-0,033934208312256575	28900	0
28902	-154,41729999999995	28902	-0,036611840258121975	28902	0
28904	-154,41729999999995	28904	-0,030509866881768315	28904	0
28906	-154,41729999999995	28906	-0,025424889068140263	28906	0
28908	-154,41740000000004	28908	-0,029520740897498954	28908	0
28910	-154,41740000000004	28910	-0,024600617414582464	28910	0
28912	-154,41750000000002	28912	-0,028833847843393549	28912	0
28914	-154,41750000000002	28914	-0,024028206536161292	28914	0
28916	-154,41750000000002	28916	-0,020023505446801079	28916	0
28918	-154,41769999999997	28918	-0,033352921201483893	28918	0
28920	-154,41769999999997	28920	-0,027794101001236578	28920	0
28922	-154,41780000000006	28922	-0,031495084175079215	28922	0
28924	-154,41780000000006	28924	-0,026245903479232679	28924	0
28926	-154,41780000000006	28926	-0,0218715862326939	28926	0
28928	-154,418	28928	-0,03489298852306124	28928	0
28930	-154,41790000000003	28930	-0,020744157104642873	28930	0
28932	-154,41790000000003	28932	-0,017286797587202394	28932	0
28934	-154,418	28934	-0,022738997987243492	28934	0
28936	-154,41809999999998	28936	-0,027282498320611071	28936	0
28938	-154,41819999999996	28938	-0,031068748598417389	28938	0
28940	-154,41830000000004	28940	-0,034223957172729885	28940	0
28942	-154,41830000000004	28942	-0,028519964310608239	28942	0
28944	-154,41840000000002	28944	-0,032099970256748364	28944	0
28946	-154,41840000000002	28946	-0,026749975213956972	28946	0
28948	-154,4185	28948	-0,030624979342872307	28948	0
28950	-154,41859999999997	28950	-0,033854149450301754	28950	0
28952	-154,41859999999997	28952	-0,028211791208584795	28952	0
28954	-154,41870000000006	28954	-0,031843159347869396	28954	0
28956	-154,41870000000006	28956	-0,026535966123224498	28956	0
28958	-154,41880000000003	28958	-0,030446638433928575	28958	0
28960	-154,4189	28960	-0,03370553202618197	28960	0
28962	-154,41899999999998	28962	-0,036421276686393139	28962	0
28964	-154,41899999999998	28964	-0,030351063905327616	28964	0
28966	-154,41909999999996	28966	-0,033625886585681178	28966	0
28968	-154,41920000000005	28968	-0,036354905495449716	28968	0
28970	-154,41920000000005	28970	-0,03029575457954143	28970	0
28972	-154,41930000000002	28972	-0,033579795480859355	28972	0
28974	-154,41930000000002	28974	-0,027983162900716129	28974	0
28976	-154,4194	28976	-0,031652635748504937	28976	0
28978	-154,4194	28978	-0,02637719645708745	28978	0
28980	-154,41949999999997	28980	-0,030314330378814369	28980	0
28982	-154,41960000000006	28982	-0,033595275323060711	28982	0
28984	-154,41960000000006	28984	-0,027996062769217261	28984	0
28986	-154,41970000000003	28986	-0,031663385638922542	28986	0
28988	-154,4198	28988	-0,034719488030343609	28988	0
28990	-154,41989999999998	28990	-0,037266240023194508	28990	0
28992	-154,41989999999998	28992	-0,031055200019328759	28992	0
28994	-154,41999999999996	28994	-0,034212666680682124	28994	0
28996	-154,42010000000005	28996	-0,036843888907950505	28996	0
28998	-154,42010000000005	28998	-0,030703240756625422	28998	0
29000	-154,42020000000002	29000	-0,033919367295096009	29000	0
29002	-154,4203	29002	-0,0365994727438215	29002	0
29004	-154,4203	29004	-0,030499560619851249	29004	0
29006	-154,4203	29006	-0,025416300516542707	29006	0
29008	-154,42050000000006	29008	-0,037846917102409151	29008	0
29010	-154,42060000000004	29010	-0,039872430916582449	29010	0
29012	-154,42060000000004	29012	-0,03322702576381871	29012	0
29014	-154,42060000000004	29014	-0,027689188136515594	29014	0
29016	-154,42079999999999	29016	-0,039740990109579322	29016	0
29018	-154,42089999999996	29018	-0,041450825089224264	29018	0
29020	-154,42089999999996	29020	-0,034542354241020222	29020	0
29022	-154,42089999999996	29022	-0,028785295200850186	29022	0
29024	-154,42100000000005	29024	-0,032321079341423892	29024	0
29026	-154,42110000000002	29026	-0,0352675661157614	29026	0
29028	-154,42110000000002	29028	-0,02938963842980117	29028	0
29030	-154,42110000000002	29030	-0,024491365358167642	29030	0
29032	-154,42129999999997	29032	-0,037076137794289359	29032	0
29034	-154,42150000000004	29034	-0,047563448167198027	29034	0
29036	-154,42150000000004	29036	-0,039636206805998359	29036	0
29038	-154,42150000000004	29038	-0,03303017233833197	29038	0
29040	-154,4217	29040	-0,044191810277759633	29040	0
29042	-154,4217	29042	-0,036826508564799694	29042	0
29044	-154,4217	29044	-0,030688757137333079	29044	0
29046	-154,42179999999996	29046	-0,033907297612352394	29046	0
29048	-154,42200000000003	29048	-0,044922748015583894	29048	0
29050	-154,42219999999998	29050	-0,0541022900088029	29050	0
29052	-154,4221	29052	-0,036751908342760931	29052	0
29054	-154,42219999999998	29054	-0,0389599236168756	29054	0
29056	-154,42229999999995	29056	-0,0407999363453045	29056	0
29058	-154,42229999999995	29058	-0,033999946954420421	29058	0
29060	-154,42240000000004	29060	-0,036666622469399085	29060	0
29062	-154,4225	29062	-0,038888852055740733	29062	0
29064	-154,4225	29064	-0,032407376713117282	29064	0
29066	-154,4226	29066	-0,035339480592172567	29066	0
29068	-154,42280000000005	29068	-0,0461162338321007	29068	0
29070	-154,42280000000005	29070	-0,038430194860083922	29070	0
29072	-154,42280000000005	29072	-0,03202516238340327	29072	0
29074	-154,42290000000003	29074	-0,035020968650744222	29074	0
29076	-154,423	29076	-0,037517473873528343	29076	0
29078	-154,42309999999998	29078	-0,039597894892515112	29078	0
29080	-154,42319999999995	29080	-0,041331579075004093	29080	0
29082	-154,42330000000004	29082	-0,042776315903218814	29082	0
29084	-154,42340000000002	29084	-0,043980263250590512	29084	0
29086	-154,42340000000002	29086	-0,036650219375492094	29086	0
29088	-154,4235	29088	-0,03887518281081824	29088	0
29090	-154,42359999999996	29090	-0,040729319006923365	29090	0
29092	-154,42359999999996	29092	-0,033941099172436137	29092	0
29094	-154,42359999999996	29094	-0,028284249310363448	29094	0
29096	-154,42370000000005	29096	-0,031903541099351604	29096	0
29098	-154,4239	29098	-0,043252950911942659	29098	0
29100	-154,4239	29100	-0,036044125759952216	29100	0
29102	-154,42399999999998	29102	-0,038370104797868343	29102	0
29104	-154,42399999999998	29104	-0,031975087331556955	29104	0
29106	-154,42409999999995	29106	-0,034979239440872292	29106	0
29108	-154,42430000000002	29108	-0,045816032872683807	29108	0
29110	-154,42430000000002	29110	-0,038180027393903172	29110	0
29112	-154,4244	29112	-0,0401500228261608	29112	0
29114	-154,4244	29114	-0,033458352355134	29114	0
29116	-154,42460000000005	29116	-0,044548626967901891	29116	0
29118	-154,42470000000003	29118	-0,045457189137826412	29118	0
29120	-154,42470000000003	29120	-0,037880990948188677	29120	0
29122	-154,42470000000003	29122	-0,0315674924568239	29122	0
29124	-154,42489999999998	29124	-0,042972910376502908	29124	0
29126	-154,42499999999995	29126	-0,044144091978327249	29126	0
29128	-154,42499999999995	29128	-0,036786743315272707	29128	0
29130	-154,42510000000004	29130	-0,038988952770109324	29130	0
29132	-154,42510000000004	29132	-0,0324907939750911	29132	0
29134	-154,4253	29134	-0,043742328308392239	29134	0
29136	-154,42520000000002	29136	-0,028118606925752038	29136	0
29138	-154,42539999999997	29138	-0,040098839100609684	29138	0
29140	-154,42550000000006	29140	-0,041749032591223471	29140	0
29142	-154,42550000000006	29142	-0,034790860492686225	29142	0
29144	-154,4257	29144	-0,04565905040638818	29144	0
29146	-154,42579999999998	29146	-0,04638254200323165	29146	0
29148	-154,42589999999996	29148	-0,046985451667267877	29148	0
29150	-154,42589999999996	29150	-0,039154543056056569	29150	0
29152	-154,42589999999996	29152	-0,03262878588004714	29152	0
29154	-154,42600000000004	29154	-0,035523988240754686	29154	0
29156	-154,42610000000002	29156	-0,037936656865203734	29156	0
29158	-154,4262	29158	-0,039947214052244606	29158	0
29160	-154,42629999999997	29160	-0,041622678374778663	29160	0
29162	-154,42629999999997	29162	-0,034685565312315557	29162	0
29164	-154,42650000000003	29164	-0,045571304432219857	29164	0
29166	-154,42650000000003	29166	-0,037976087026849882	29166	0
29168	-154,4266	29168	-0,039980072520283058	29168	0
29170	-154,4266	29170	-0,033316727100235886	29170	0
29172	-154,42679999999996	29172	-0,044430605912679562	29172	0
29174	-154,42690000000005	29174	-0,04535883826794837	29174	0
29176	-154,42690000000005	29176	-0,03779903188995698	29176	0
29178	-154,42690000000005	29178	-0,031499193241630821	29178	0
29180	-154,4271	29180	-0,042915994363842011	29180	0
29182	-154,42719999999997	29182	-0,044096661967776507	29182	0
29184	-154,42719999999997	29184	-0,036747218306480423	29184	0
29186	-154,42730000000006	29186	-0,038956015262782417	29186	0
29188	-154,42740000000003	29188	-0,040796679383560172	29188	0
29190	-154,4275	29190	-0,042330566150874979	29190	0
29192	-154,42759999999998	29192	-0,043608805123637309	29192	0
29194	-154,42759999999998	29194	-0,036340670936364429	29194	0
29196	-154,42780000000005	29196	-0,046950559118927253	29196	0
29198	-154,42780000000005	29198	-0,039125465932439381	29198	0
29200	-154,428	29200	-0,049271221606182476	29200	0
29202	-154,428	29202	-0,0410593513384854	29202	0
29204	-154,42809999999997	29204	-0,042549459446645996	29204	0
29206	-154,42809999999997	29206	-0,035457882872205	29206	0
29208	-154,42830000000004	29208	-0,046214902398794389	29208	0
29210	-154,4284	29210	-0,046845751996903481	29210	0
29212	-154,4284	29212	-0,039038126664086237	29212	0
29214	-154,42849999999999	29214	-0,040865105551313355	29214	0
29216	-154,42859999999996	29216	-0,042387587957335965	29216	0
29218	-154,42870000000005	29218	-0,043656323305162038	29218	0
29220	-154,42870000000005	29220	-0,036380269420968364	29220	0
29222	-154,4289	29222	-0,046983557846623294	29222	0
29224	-154,4289	29224	-0,039152964872186079	29224	0
29226	-154,42899999999997	29226	-0,040960804058063224	29226	0
29228	-154,42899999999997	29228	-0,034134003381719354	29228	0
29230	-154,42920000000004	29230	-0,045111669490056357	29230	0
29232	-154,4293	29232	-0,045926391239621792	29232	0
29234	-154,4293	29234	-0,038271992699684829	29234	0
29236	-154,4294	29236	-0,04022666058097886	29236	0
29238	-154,42949999999996	29238	-0,041855550482057219	29238	0
29240	-154,42949999999996	29240	-0,034879625401714354	29240	0
29242	-154,42960000000005	29242	-0,037399687842144029	29242	0
29244	-154,42970000000003	29244	-0,039499739866361516	29244	0
29246	-154,4298	29246	-0,041249783219876088	29246	0
29248	-154,42989999999998	29248	-0,042708152681138242	29248	0
29250	-154,42999999999995	29250	-0,043923460565523362	29250	0
29252	-154,42999999999995	29252	-0,036602883804602804	29252	0
29254	-154,43010000000004	29254	-0,038835736511217737	29254	0
29256	-154,4303	29256	-0,049029780421831107	29256	0
29258	-154,4303	29258	-0,040858150351525922	29258	0
29260	-154,43039999999996	29260	-0,0423817919575131	29260	0
29262	-154,43050000000005	29262	-0,043651493305309652	29262	0
29264	-154,43050000000005	29264	-0,036376244421091379	29264	0
29266	-154,43060000000003	29266	-0,038646870348817641	29266	0
29268	-154,4307	29268	-0,040539058621922863	29268	0
29270	-154,43079999999998	29270	-0,042115882182843886	29270	0
29272	-154,43079999999998	29272	-0,035096568485703243	29272	0
29274	-154,43089999999995	29274	-0,0375804737359942	29274	0
29276	-154,43100000000004	29276	-0,039650394787377231	29276	0
29278	-154,43110000000001	29278	-0,041375328987389187	29278	0
29280	-154,4312	29280	-0,042812774154065814	29280	0
29282	-154,43129999999996	29282	-0,044010645126296336	29282	0
29284	-154,43140000000005	29284	-0,04500887094596235	29284	0
29286	-154,43150000000003	29286	-0,045840725786210124	29286	0
29288	-154,43150000000003	29288	-0,038200604821841774	29288	0
29290	-154,43169999999998	29290	-0,0485005040140178	29290	0
29292	-154,43169999999998	29292	-0,040417086678348167	29292	0
29294	-154,43179999999995	29294	-0,042014238896531636	29294	0
29296	-154,43190000000004	29296	-0,043345199087825095	29296	0
29298	-154,43200000000002	29298	-0,044454332571095739	29298	0
29300	-154,43200000000002	29300	-0,037045277142579783	29300	0
29302	-154,4321	29302	-0,039204397616724646	29302	0
29304	-154,43230000000005	29304	-0,049336998019227432	29304	0
29306	-154,43230000000005	29306	-0,041114165016022865	29306	0
29308	-154,4325	29308	-0,050928470842502044	29308	0
29310	-154,4325	29310	-0,0424403923687517	29310	0
29312	-154,43269999999995	29312	-0,052033660303109408	29312	0
29314	-154,43290000000002	29314	-0,060028050257881396	29314	0
29316	-154,43290000000002	29316	-0,050023375214901168	29316	0
29318	-154,433	29318	-0,050019479343659135	29318	0
29320	-154,43309999999997	29320	-0,050016232784290779	29320	0
29322	-154,43320000000006	29322	-0,050013527327624381	29322	0
29324	-154,43330000000003	29324	-0,050011272770928483	29324	0
29326	-154,4334	29326	-0,0500093939736819	29326	0
29328	-154,4334	29328	-0,041674494978068251	29328	0
29330	-154,43359999999996	29330	-0,051395412477539863	29330	0
29332	-154,43359999999996	29332	-0,04282951039794989	29332	0
29334	-154,43359999999996	29334	-0,035691258664958245	29334	0
29336	-154,43380000000002	29336	-0,046409382226088765	29336	0
29338	-154,4339	29338	-0,0470078185196488	29338	0
29340	-154,43399999999997	29340	-0,047506515430948831	29340	0
29342	-154,43410000000006	29342	-0,047922096199839427	29342	0