Name	1: Id:1 Vel_NC (kp:50 Tn:5)
Record-Number	1
Axis-ID	1
Min Frequency [Hz]	1
Max Frequency [Hz]	247.5
Frequency Steps	100
Mode	Velocity NC (without oversampling)
Position Monitoring Window [mm]	50
Velocity Amplitude Scaling Mode	1/ 10 at 1000Hz
Velocity Base Amplitude [mm/s]	10
Velocity Signal Amplitude [mm/s]	20
Integral Time [s]	5
Proportional Gain	50
Check Drive Limitations	True
Dead Time [s]	0.008
Cycle Time [ms]	2
Oversampling	x1
Frequency	Process-Gain	Process-Phase	Open-Loop-Gain	Open-Loop-Phase	Close-Loop-Gain	Close-Loop-Phase
0.9765625	-17.354718557294884	-76.423696584272463	20.226826766007715	-73.456913610863666	-0.27337570855075782	-5.192149234636469
1.953125	-26.771623590927369	-92.315850995586175	9.4075561425661451	-95.005002520164965	-0.23476263838007988	-19.163519615205541
2.9296875	-29.890497024688994	-91.2538106098833	6.4055413161671817	-93.748520677990982	-0.66792184116929676	-26.229898106460471
3.90625	-33.034498914268184	-87.147595666177523	3.0848157577726791	-88.521010283705351	-1.84033475223477	-34.542626267766387
4.8828125	-34.712592942875006	-88.300903964507114	1.4671448713940198	-90.325189593907908	-2.3140199142398927	-40.319207639194808
5.859375	-36.459473086464492	-87.783881496096825	-0.33370810131202733	-89.935715826225618	-3.1852247826272606	-46.066993119635178
6.8359375	-37.624622487491713	-89.762595951346668	-1.479732723243425	-92.863237390429319	-3.5936135101010085	-51.536360313041286
7.8125	-39.101166608556944	-89.583013408689908	-3.0583541235774496	-92.8350346985142	-4.5963084912688661	-56.793401104939768
8.7890625	-40.135856734315119	-90.290459038859623	-4.1230094300926412	-94.054365255136759	-5.25917749695936	-61.06771533997874
9.765625	-41.150094382444436	-88.833389678535156	-5.1664127931448833	-92.49883586088778	-6.1571222416482749	-63.044183411572462
10.7421875	-42.152369027473611	-89.347037273496753	-6.2403321660037889	-93.372100928840339	-6.9603110850774241	-66.759714259631792
11.71875	-43.207927934213146	-88.721254631343527	-7.3823598885125019	-92.739422924627178	-7.9584586660278624	-69.188835595112238
12.6953125	-44.026170822475507	-87.614643628427075	-8.23773532892495	-91.607933751657768	-8.762012380371079	-70.229527726889941
13.671875	-44.864112064745186	-81.397538449631185	-9.0748291653935063	-84.17337960482547	-9.8491052308597045	-65.503982192088955
14.6484375	-45.3506313817558	-75.316898932434086	-9.5085814227933145	-77.01180063255282	-10.520547457442866	-60.141078653614933
15.625	-45.528806547621237	-69.54515524466359	-9.5839382800532942	-70.210146641557628	-10.837749115316889	-54.534368025896683
16.6015625	-46.03604944159126	-64.305860464679284	-10.09286169706769	-63.98974058341711	-11.467311548575728	-50.101718368343789
17.578125	-45.674881730422818	-58.297718550451286	-9.5268769024087714	-56.609262092718637	-11.226747010753307	-43.356126651164743
18.5546875	-45.656201376200428	-54.787603327724284	-9.3911885897843526	-52.332995389719237	-11.236923990969414	-39.794636755957995
19.53125	-45.66427580435095	-54.478360065352994	-9.2652739288678383	-52.207253983122584	-11.141092748907706	-39.54936052253705
20.5078125	-45.385340030134458	-52.353629175371275	-8.76916682287763	-49.567101823894156	-10.824981404364561	-36.923125454475617
21.484375	-45.002787999216679	-50.062221496288345	-8.1178390558750877	-46.558311830276743	-10.407893388463567	-33.9037884859068
22.4609375	-44.806657000200431	-51.159833453270409	-7.6663511174075971	-48.405297821156829	-10.022687636773306	-34.761972502717931
23.4375	-44.393722318420473	-50.9156247789584	-6.89564827800435	-48.35483338275445	-9.46092555718086	-33.792109987010427
24.4140625	-44.013651833095466	-51.791263529883537	-6.1283358326638195	-50.172027128245013	-8.8617382131125471	-34.0992277467613
25.390625	-43.722520131464535	-54.754675107792238	-5.4770588996297889	-55.706296469687743	-8.2259107946616314	-37.015777617089462
26.3671875	-43.547173981170261	-56.544521433883261	-5.0295823950930476	-59.770805011521	-7.7674375403289275	-39.0811418461821
27.34375	-43.531264922721491	-59.634966436811	-4.9160066748135716	-66.226351293202825	-7.4206844558948779	-43.305843674161714
28.3203125	-43.52925000957444	-61.92106381846105	-4.8699628619702944	-71.468982459607048	-7.145424773664562	-46.855675807938383
29.296875	-43.63834973934766	-64.063918190604426	-5.0621374393953253	-76.285108932928836	-7.0390398659730806	-50.6904623829644
30.2734375	-43.716019561947235	-65.9859070543261	-5.2399429739262926	-80.73280274050154	-6.9290794507604891	-54.34350708351591
31.25	-43.855609983177217	-67.521058843023212	-5.5325885876266989	-84.268157578904578	-6.9482652072345381	-57.710036999572438
32.2265625	-43.962296053803492	-69.257930915993342	-5.8198089358866669	-88.076739926684056	-6.94644734887155	-61.384824833718881
33.203125	-44.0998268820116	-70.8149217012782	-6.167465301609905	-91.33497929706229	-7.02671863534251	-64.89943309852022
34.1796875	-44.22597888768172	-72.2121852409307	-6.5048796587315048	-94.227798141746973	-7.1265483386951365	-68.186113801342827
35.15625	-44.287186923919251	-73.157783912475125	-6.7273952658826355	-96.58492014915609	-7.1678436536944359	-70.784068310339734
36.1328125	-44.408764325004761	-74.294775332924957	-7.0643540675084546	-98.839105400213924	-7.3187633177771456	-73.658426995392688
37.109375	-44.4831908488951	-75.337877577526172	-7.3397791092952689	-101.01868412584369	-7.427113033641767	-76.347474834403727
38.0859375	-44.557534922109895	-76.298733911239069	-7.616711522798342	-102.96366651285635	-7.557404852184054	-78.869248448349936
39.0625	-44.67612535358397	-77.295724539815	-7.9579451339386509	-104.64413547799981	-7.7705112610540485	-81.347796255821422
41.015625	-44.79017192075402	-79.048140037944	-8.4793587529018737	-107.87055732965798	-8.0731754056613685	-85.801693541041189
41.9921875	-44.814895590951217	-80.1261374857946	-8.7280957835855659	-109.6768088187381	-8.20971519353985	-88.212714498958235
42.96875	-44.878948866490013	-80.890620173790765	-8.992599884197837	-110.8637370908705	-8.4035412747228975	-90.063208164268758
44.921875	-44.868337733720693	-82.672485997605477	-9.4011660866725162	-113.77853892531344	-8.6520972353439234	-94.0257383286471
45.8984375	-44.884366469081257	-83.488554175587851	-9.6217830416553927	-114.92715710029024	-8.8161077302422761	-95.740588567744084
47.8515625	-44.9009010132217	-85.425863625499	-10.071265823458225	-117.31066103868736	-9.1591364748914188	-99.27917539226226
48.828125	-44.82353423491007	-86.297306489820855	-10.205537516812743	-118.60372822884467	-9.23465092459131	-100.95344851261065
50.78125	-44.805685724298968	-88.430175390204155	-10.625905227687575	-120.76277644129785	-9.5777970410718023	-104.18798413841999
51.7578125	-44.719325341077507	-89.503462157536987	-10.764634806640764	-121.99948977674819	-9.66858232284552	-105.82233871331184
53.7109375	-44.650122743914309	-92.055834028314592	-11.148996543844481	-124.19241159327704	-9.9877103500343143	-109.00722112062617
55.6640625	-44.557501283359557	-94.499371856239165	-11.482667419479336	-126.07125616988033	-10.274370064809695	-111.73249564982947
56.640625	-44.485160280335229	-95.626077691588875	-11.614043183478408	-126.91590467550583	-10.384876954189169	-112.91889112760056
58.59375	-44.360558605591081	-98.322496662055485	-11.903382799080191	-128.68211123447625	-10.63669211166413	-115.41990246447983
60.546875	-44.092300047477373	-101.39305215603559	-12.085812990181278	-130.84388448199513	-10.757755145722754	-118.17954103662703
62.5	-43.820107341265718	-105.09493155447144	-12.272524616669589	-133.15684307489465	-10.883368992581408	-121.1296542754588
64.453125	-43.63378874480896	-109.28425898858329	-12.502531606905123	-135.33187309926845	-11.069819867263675	-123.99683244504163
66.40625	-43.434666740671332	-114.15109415073694	-12.707741728247386	-137.74822954347883	-11.225504884047874	-127.1075893929393
68.359375	-43.306026580505943	-119.48407771249521	-12.920979868037698	-140.14657765457738	-11.397758227411071	-130.21191678848336
70.3125	-43.294613452429282	-125.13562203272032	-13.157247216861389	-142.45853848669546	-11.606265826624378	-133.24258982318088
72.265625	-43.366741169470373	-130.96144182974311	-13.387490737975918	-144.75155451488402	-11.814462650409617	-136.23491300332176
75.1953125	-43.719380781869745	-139.74494791719255	-13.771375547998858	-148.12911467292878	-12.185175113716662	-140.66924646493396
77.1484375	-44.010906575582	-145.46772883106982	-13.991465583594451	-150.45026410961816	-12.395041746965596	-143.65205514844385
80.078125	-44.650702288520876	-153.30479398340805	-14.358944507106131	-153.79694160985289	-12.766925504801581	-147.96908229754459
82.03125	-45.112823501748714	-158.01819598545677	-14.582209332063915	-156.01342272174196	-12.994944464213319	-150.78871296213188
84.9609375	-45.855474368151846	-164.54865757990913	-14.905065056933779	-159.49825275445477	-13.328232908234288	-155.16827993539559
86.9140625	-46.362433511787081	-168.27479912927549	-15.113119355415476	-161.7351632082727	-13.548203230352669	-157.95822818692955
89.84375	-47.101573846110234	-172.92752428881238	-15.408124689772613	-164.88365217825279	-13.866523227940386	-161.8548354742467
92.7734375	-47.8417719792633	-177.30557408109553	-15.707861043407188	-168.37697967085643	-14.194478941229987	-166.12417173334504
95.703125	-48.523596613925761	-181.073189405064	-15.986250386469621	-171.84404866439007	-14.504511705286834	-170.31354979819849
98.6328125	-49.138303394314761	-184.42103999155592	-16.241402701068331	-175.34015831178422	-14.793500751931228	-174.49247606176482
101.5625	-49.72896827587077	-187.20914652451452	-16.52076170115113	-178.69053427811895	-15.11710171980441	-178.4608123758573
105.46875	-50.4069657989948	-190.84392910789745	-16.858267465918587	-183.43153869612621	-15.515075544669619	-184.00629367181787
108.3984375	-50.798387450545682	-193.56404413969108	-17.052211426585529	-187.15020976588852	-15.750883334911364	-188.31346925399623
111.328125	-51.178017205085723	-196.18848315458	-17.282752133076578	-190.92600763668915	-16.034481739096314	-192.64062369833289
115.234375	-51.605414554867927	-199.77774772662877	-17.586453534098467	-196.13035366176209	-16.416051283153784	-198.53591709578205
119.140625	-51.948010646605283	-203.49451140101385	-17.888394588125532	-201.4359923689224	-16.803002263816293	-204.4630194546383
122.0703125	-52.131034699142347	-206.38228802987757	-18.091258224951964	-205.42164736719934	-17.070225155978875	-208.86999153006553
125.9765625	-52.353596346656865	-210.74991180032265	-18.399898794646393	-211.04743219891913	-17.476412052044786	-215.0018632638743
129.8828125	-52.499631255965767	-215.41789223738405	-18.689016222086007	-216.6322239641195	-17.863438942955327	-221.00857190931083
133.7890625	-52.615321672939956	-220.45901558535081	-18.98718303879232	-222.16241189741524	-18.261105829232985	-226.86600228500981
138.671875	-52.765017699196719	-227.79126153686897	-19.387851755409258	-229.38710982595515	-18.79211217761441	-234.39186297378183
142.578125	-52.917505963244764	-234.07715861288341	-19.72580407278134	-235.0166518820599	-19.230944545847976	-240.15247443883027
147.4609375	-53.130163954745058	-242.51010913553523	-20.115011898512883	-242.00587732728087	-19.739166031342844	-247.22652103681463
151.3671875	-53.416675399723985	-249.6611837674339	-20.465059187220657	-247.64410401037566	-20.181892811031187	-252.84034969567185
156.25	-53.895532562061845	-258.76372992381766	-20.910662235815153	-254.71212022004707	-20.736193970879015	-259.79647997377043
161.1328125	-54.478348726089635	-267.64224135069367	-21.342466435040009	-261.73749820916072	-21.266743291692446	-266.64414637225849
166.015625	-55.313056595603072	-276.35990583370028	-21.916322747556357	-269.17865246262187	-21.934235064141617	-273.76884520587123
171.875	-56.249619708055	-286.60593516269461	-22.478090606220945	-278.66958022536664	-22.599357209332091	-282.87252360209891
176.7578125	-57.09816210699762	-293.953114257426	-23.022066610110279	-286.22201336695048	-23.210903494716511	-290.02611525675354
182.6171875	-58.194435749985352	-302.77828482304142	-23.797709739570529	-296.15318550587335	-24.055286142671868	-299.3792999952455
187.5	-59.03557904464445	-310.50104058546486	-24.436150978900134	-305.27034184949343	-24.741741276623603	-307.98128298457345
193.359375	-60.0079844063067	-318.70737187876693	-25.288684158047939	-315.36503443656125	-25.624428636909578	-317.47220403347944
200.1953125	-61.18177912678803	-328.91720282783751	-26.470277905823227	-327.77653641633606	-26.814891210147081	-329.17075097082181
206.0546875	-62.091522606214241	-338.95473693481392	-27.48143236302862	-339.3858484255752	-27.819263828656698	-340.20583508255015
211.9140625	-63.024710415052638	-348.75974228267734	-28.575331398238365	-350.17795734635138	-28.888666024343625	-350.52922813066721
218.75	-64.010725905759188	-361.33831272366297	-29.762935876593492	-363.24597726244241	-30.040293275152692	-363.14386010930974
225.5859375	-64.915108552097067	-377.8045701582501	-30.85315802624342	-379.61193023023679	-31.084960393178577	-379.07518936060296
232.421875	-65.904421933496863	-396.83857908906549	-31.962758379960139	-398.05100047683447	-32.134622799511561	-397.17753723020871
240.234375	-66.843846271635982	-420.27027327544147	-32.931983679352186	-420.70568485652029	-33.028995984954463	-419.59068346830679
247.0703125	-67.718824971007052	-441.98424986593415	-33.76333501295634	-442.02107170408505	-33.789800930807559	-440.86112657562609

Name	2: Id:1 Vel_NC (kp:100 Tn:5)
Record-Number	2
Axis-ID	1
Min Frequency [Hz]	1
Max Frequency [Hz]	247.5
Frequency Steps	100
Mode	Velocity NC (without oversampling)
Position Monitoring Window [mm]	50
Velocity Amplitude Scaling Mode	1/ 10 at 1000Hz
Velocity Base Amplitude [mm/s]	10
Velocity Signal Amplitude [mm/s]	20
Integral Time [s]	5
Proportional Gain	100
Check Drive Limitations	True
Dead Time [s]	0.008
Cycle Time [ms]	2
Oversampling	x1
Frequency	Process-Gain	Process-Phase	Open-Loop-Gain	Open-Loop-Phase	Close-Loop-Gain	Close-Loop-Phase
0.9765625	-22.387329101776352	-72.836298771644948	21.623784550753143	-66.842548060994474	-0.30243960644710666	-4.2239857497041378
1.953125	-30.736987574925372	-91.877398018029709	12.158643961177223	-95.042886173336242	-0.075224977553373873	-14.097288578408303
2.9296875	-34.183899196343496	-90.084543627165587	8.7443318204011948	-92.687663998480573	-0.41099201895590209	-20.3736841084424
3.90625	-36.919062142737339	-87.7193254659027	5.9207595015563026	-89.662734707523214	-1.0097959667012044	-26.760455348216656
4.8828125	-38.775934680143159	-88.177236521971381	4.0802046392959026	-90.733129880200821	-1.3824725057228333	-32.216970753513195
5.859375	-40.364047543179396	-87.608381583034713	2.4799638416943077	-90.3970330118464	-1.9159769029551978	-37.072620092040552
6.8359375	-41.670256239328019	-87.948210480811809	1.1643882829682419	-91.35655093479312	-2.3638999018532689	-41.757866418248256
7.8125	-42.8165332664867	-87.976023105946751	0.00077461963442832361	-91.886071938758235	-2.8645716186299697	-45.940395594511642
8.7890625	-43.860201860717147	-88.4733839832655	-1.0837938580256388	-93.041338395613749	-3.3510400288003876	-50.27992622783232
9.765625	-44.747484836562947	-88.494199583419515	-1.990581015452255	-93.570378564399718	-3.8468157180727465	-53.708641572794619
10.7421875	-45.6351361859348	-89.057134071020812	-2.943362717118247	-94.759976021097373	-4.3719619136704813	-57.7163540067543
11.71875	-46.461896256141323	-89.003728068315027	-3.82969759185165	-95.081499969931372	-4.9692788847492313	-60.87925395395137
12.6953125	-47.138087263902428	-89.256667056038751	-4.5433225349975022	-95.884556847409783	-5.44152412908704	-63.767268339769522
13.671875	-47.871408461623538	-89.366282102915179	-5.3500414249080075	-96.368632479177307	-6.0389926638470728	-66.641940806044047
14.6484375	-48.504953845617536	-89.2809729385076	-6.0354031653673132	-96.633015413050941	-6.5809073491959369	-68.882228420600342
15.625	-49.104501806167335	-88.240460765042926	-6.664960079742662	-95.624533128995409	-7.1746579589845529	-69.795736560459176
16.6015625	-49.655553465349392	-87.793145306301128	-7.2571380963674761	-95.405351770628059	-7.6960794731711291	-71.1722321255547
17.578125	-50.2355592223523	-86.7294478056844	-7.8805588357815	-94.308270225187741	-8.3034257407112921	-71.766689150539619
18.5546875	-50.6397501107986	-85.702469083228863	-8.2847209753497637	-93.425022588772777	-8.7081067337392977	-71.938383445339525
19.53125	-51.078104775739185	-83.893566411842158	-8.720644169918824	-91.457803560831	-9.1957801728896786	-71.1665140766305
20.5078125	-51.434233197533814	-81.96084782271177	-9.0536691444772917	-89.395064124803426	-9.5913368751131038	-70.038676435026161
21.484375	-51.740670628158576	-80.020983239225544	-9.32824640350978	-87.351749520651907	-9.9287996471832667	-68.780111895153212
22.4609375	-51.876666540462836	-78.607287542669184	-9.3980178228486047	-86.166032721853142	-10.043316627448691	-67.868566809602243
23.4375	-52.064967489094442	-76.65994599728225	-9.5269350758794271	-84.1988927820703	-10.242117615937714	-66.382979594081235
24.4140625	-52.105086277224927	-75.415209721504965	-9.4810140383359673	-83.323584652851579	-10.2392247100875	-65.532272651383622
25.390625	-52.125549199050887	-73.660928576806455	-9.39606693434494	-81.784916933940721	-10.230368463942845	-64.039327875681209
26.3671875	-52.036059287639731	-72.811012643331338	-9.1891137160044138	-81.624223036702531	-10.0586512648555	-63.519821218052314
27.34375	-52.008432411483248	-71.970642566629508	-9.06922858919827	-81.420168786894692	-9.964494820728083	-63.121545844396366
28.3203125	-51.893898517913449	-71.347734030526425	-8.8393575171817	-81.684870490199131	-9.75664779127238	-62.913415543304787
29.296875	-51.806571968688274	-71.637832030504853	-8.68972066014006	-83.23579481206518	-9.55985719039356	-63.945808575834285
30.2734375	-51.749207034999294	-71.283734494841184	-8.5636988606867046	-83.872248632520851	-9.4231972923457743	-64.238309008131012
31.25	-51.709741388333228	-72.22394521166143	-8.5379258134164	-86.319533510688359	-9.2863349428922177	-66.284209436862639
32.2265625	-51.609123159350787	-72.509979609929076	-8.409360253343575	-88.019708654552574	-9.09299992605051	-67.481923579406384
33.203125	-51.516485267428017	-73.362177453913233	-8.3430585886525748	-90.515175248527285	-8.9104678366152879	-69.508596137166862
34.1796875	-51.506397596007645	-74.3499397294563	-8.4196462526786071	-92.949374859370607	-8.8527021204140546	-71.824384176566554
35.15625	-51.493807814211287	-75.071618545858882	-8.492215598058344	-94.985184857730019	-8.8108607705724324	-73.808041617296638
36.1328125	-51.365184173859092	-75.976162557792634	-8.4433516788923129	-97.598549040017957	-8.6264571404706523	-76.058426027563826
37.109375	-51.402928847619471	-77.079627692354151	-8.6445150396536654	-99.843022370911541	-8.68881515422178	-78.598918567547045
38.0859375	-51.3905322350545	-78.201359017057868	-8.796996940720506	-102.18557447398668	-8.7029947684771489	-81.15394118888446
39.0625	-51.363010583916825	-79.178943880037437	-8.932242776276107	-104.30909215922892	-8.71456092257028	-83.4977617419086
41.015625	-51.362536626228177	-80.877753723646762	-9.2752888679194072	-107.76841547773934	-8.8578640091186571	-87.68043475178635
41.9921875	-51.355420995510912	-81.91700808233108	-9.4659786639408487	-109.5927864116741	-8.94792016876796	-89.942402538074433
42.96875	-51.332260854969881	-82.776974007499248	-9.629030410173721	-111.18075107871704	-9.0263832885542978	-91.921647484356029
44.921875	-51.259830176198861	-84.604441131581481	-9.9507881993565839	-114.28467960234454	-9.1912605844379716	-95.840934583485861
45.8984375	-51.251911929176877	-85.677464616433568	-10.15795151042963	-115.74455923340079	-9.3312503319882385	-97.8277567611276
47.8515625	-51.1665733339365	-87.769408548280921	-10.501058883386566	-118.57838674693691	-9.55102731725603	-101.57480990275064
48.828125	-51.099444790060744	-88.586196917384683	-10.63121951825779	-119.7361543443853	-9.6335740153626421	-103.0925206718489
50.78125	-50.954019643765164	-90.977355374571445	-10.942141400816926	-122.50077562249405	-9.8385433881740081	-106.73500203943068
51.7578125	-50.855960934314233	-92.146042860662618	-11.071211128177495	-123.80754567868551	-9.9195570698640285	-108.4285909610328
53.7109375	-50.738625118307539	-94.55660858106981	-11.389935337247969	-125.96396596310665	-10.175786351895868	-111.43777212969259
55.6640625	-50.519928835135076	-97.2535653368819	-11.631547400528326	-128.34361402776506	-10.344441162027227	-114.55290221463454
56.640625	-50.453028739767888	-98.408034349304856	-11.763584421850846	-129.14608018900876	-10.460149442078308	-115.6963154602718
58.59375	-50.240568763643566	-101.26938982056902	-11.988273374525498	-131.17880836244666	-10.633672941955455	-118.39541733072913
60.546875	-49.988197511564074	-104.29673781969905	-12.168750032088266	-133.15563216341135	-10.764247281588213	-120.95957982664311
62.5	-49.671886160350439	-108.23941721676557	-12.32633110741528	-135.6199850808257	-10.855463404910722	-124.05792078054303
64.453125	-49.392270982869995	-112.63773420136351	-12.491303449805979	-138.00947342731149	-10.963860807591409	-127.09531247516067
66.40625	-49.153747919370346	-117.66961342911546	-12.662215845997961	-140.46984471525872	-11.082922922842171	-130.2351186225188
68.359375	-48.925052719496911	-123.15068828621153	-12.800940757931459	-142.97989329874594	-11.168561475991517	-133.39945436393086
70.3125	-48.879550298741179	-129.23864456683447	-13.007010027812631	-145.46499979587637	-11.34162206682149	-136.6285395405371
72.265625	-48.818085503565619	-135.42637792374148	-13.139672014024526	-147.973412835649	-11.432640716668361	-139.79823404616454
75.1953125	-48.9993723572793	-144.94518104088647	-13.383145810238741	-151.70078512701363	-11.635245248702674	-144.56681641809124
77.1484375	-49.289147175576645	-151.22076541986215	-13.568579096579672	-154.23356074136413	-11.805223865901109	-147.82203334057112
80.078125	-49.830453388579869	-159.6714841733469	-13.811277637919437	-157.84924398821428	-12.032043186076836	-152.43472184086261
82.03125	-50.226325581385353	-164.87640796269048	-13.94368189868494	-160.31882080268275	-12.1532185997185	-155.55103170332592
84.9609375	-50.91936308686499	-171.87672911863359	-14.156090881824799	-164.08252445197974	-12.361311029960207	-160.29352680532597
86.9140625	-51.418007388111604	-175.94957893791053	-14.30563212914838	-166.59821205944289	-12.5164504653939	-163.45342759982768
89.84375	-52.152599017840259	-181.18081178910185	-14.519883070842649	-170.30551978772814	-12.746913116151241	-168.08111526213662
92.7734375	-52.819797928914461	-185.6823134603878	-14.697735496285361	-174.03534515961491	-12.943193664250792	-172.69356733614833
95.703125	-53.491508684472564	-189.59810375278042	-14.909847866157849	-177.88036225144242	-13.1910660393756	-177.41625962625164
98.6328125	-54.060523409472154	-193.00459659638079	-15.080303489440947	-181.68433058594175	-13.397803602835168	-182.044475644927
101.5625	-54.574725137435053	-196.0982401851179	-15.250536303707978	-185.57199235615968	-13.613391140812015	-186.73260122219392
105.46875	-55.152570586126814	-200.01561289785175	-15.459059600619797	-190.97196264028972	-13.893070660907966	-193.17529615985194
108.3984375	-55.512583287695833	-202.67120673246541	-15.614940310572752	-194.97037529838309	-14.111264385706095	-197.88715977143525
111.328125	-55.785749902115086	-205.3544671383961	-15.741734734201033	-199.08334238739843	-14.303332314808516	-202.69507783015493
115.234375	-56.049934163204966	-208.96428394747156	-15.899943016417794	-204.65953286811984	-14.558651755859779	-209.13669420918814
119.140625	-56.2172521994426	-212.82321840915134	-16.058877233930481	-210.42435419343019	-14.828539175580506	-215.69425175891382
122.0703125	-56.28199211226071	-215.87926353278129	-16.178311436075582	-214.77712221110284	-15.037799824127484	-220.57330710626471
125.9765625	-56.263535932040362	-220.63998239045577	-16.305741800982222	-220.97078314508576	-15.294947592311381	-227.4420157589883
129.8828125	-56.192550831431731	-225.81019409498086	-16.451864598539746	-227.09551865946608	-15.578249082260614	-234.09543069785815
133.7890625	-56.064496096601353	-231.83820439978425	-16.590567993200938	-233.44887691263619	-15.862013254064403	-240.88133354583695
138.671875	-55.87177714638333	-240.78048612429723	-16.753372112183506	-241.71826938262015	-16.214991237364003	-249.54385611954143
142.578125	-55.787069257040656	-249.16494206860841	-16.91232165237863	-248.62722971059139	-16.532980938254923	-256.60597655393872
147.4609375	-55.823092343319516	-260.74542530160426	-17.119626286349177	-257.40136257064819	-16.936149278614128	-265.38381081988575
151.3671875	-56.042876295503234	-270.66796265396709	-17.314970727619524	-264.66764227376149	-17.285501960608737	-272.48957076692875
156.25	-56.504710838845817	-283.09155479490238	-17.535217480878519	-273.92383036879443	-17.688043482138248	-281.40441909583325
161.1328125	-57.258561431302105	-294.81858866700821	-17.845201396131703	-283.477605652753	-18.163976314728068	-290.37756122621204
166.015625	-57.890003759724479	-305.66015963784469	-17.939140017218612	-293.14913786784723	-18.414815983534947	-299.48508920104325
171.875	-59.2058937482161	-315.85064442677515	-18.651151581024639	-304.42897572032251	-19.241920741879188	-309.59287703547733
176.7578125	-60.030990154103904	-323.7845806169438	-19.05289464201007	-314.08110433735646	-19.725840372016037	-318.33286547012358
182.6171875	-60.897140397617491	-332.35631378112555	-19.573246956322304	-325.55018647366813	-20.307726066554398	-328.68005687945708
187.5	-61.52765213573543	-339.47637985762066	-20.062185529545381	-335.48997063294956	-20.81961585868595	-337.65338034214989
193.359375	-62.070627534314688	-347.54980680319431	-20.601367059443536	-346.81469075584528	-21.35832745899679	-347.93248391063867
200.1953125	-62.551152780262868	-358.43907275822676	-21.293232915810307	-361.14172272709214	-22.011034889106984	-361.0511535669
206.0546875	-62.846946109538365	-366.88949581686677	-21.887683828429783	-371.45679865222036	-22.54796537879324	-370.60804252390727
211.9140625	-63.057632137282241	-377.07672850275469	-22.462809212746379	-382.66621996652873	-23.049577746170471	-381.11180850722889
218.75	-63.276992034777429	-389.9656824637978	-23.093870136155946	-395.45688621212071	-23.582158467445943	-393.25590139787573
225.5859375	-63.474676547682577	-403.67168443851256	-23.59637988532921	-407.99069999717852	-23.981944293638374	-405.2979546789627
232.421875	-63.804620649327568	-418.07485688468131	-24.067331636994965	-420.65646375947154	-24.341976718734209	-417.62542132561794
240.234375	-64.382591150936889	-434.28469679626392	-24.600205718522531	-435.09964472265591	-24.744358404585974	-431.89132865046724
247.0703125	-64.827707072922308	-447.608615947112	-24.898501412735833	-447.6640065739121	-24.93256850142911	-444.41787951350216

Name	3: Id:1 Vel_NC (kp:200 Tn:5)
Record-Number	3
Axis-ID	1
Min Frequency [Hz]	1
Max Frequency [Hz]	247.5
Frequency Steps	100
Mode	Velocity NC (without oversampling)
Position Monitoring Window [mm]	50
Velocity Amplitude Scaling Mode	1/ 10 at 1000Hz
Velocity Base Amplitude [mm/s]	10
Velocity Signal Amplitude [mm/s]	20
Integral Time [s]	5
Proportional Gain	200
Check Drive Limitations	True
Dead Time [s]	0.008
Cycle Time [ms]	2
Oversampling	x1
Frequency	Process-Gain	Process-Phase	Open-Loop-Gain	Open-Loop-Phase	Close-Loop-Gain	Close-Loop-Phase
0.9765625	-28.151957462112282	-70.341790337879289	21.921270362616312	-62.418224871458015	-0.33685778752830609	-3.9188675517028462
1.953125	-35.577559683351033	-90.471752159258187	13.864612263240993	-93.4475095790128	-0.071918431152998688	-11.573557368621117
2.9296875	-39.087601980085836	-89.6419678852441	10.354995955574521	-92.435999451120253	-0.27898173649214425	-17.079783635401686
3.90625	-41.670463250000083	-88.328983444484081	7.7291980775991131	-90.9039804985342	-0.62855236748898058	-22.457352941187708
4.8828125	-43.574081950056552	-88.355140884580621	5.8253795493851159	-91.482207090996965	-0.91680930371204183	-27.386245585860497
5.859375	-45.145495036478628	-87.9110850367728	4.2447291613230913	-91.402651729491737	-1.2912968228462858	-31.90609661267624
6.8359375	-46.440777066040226	-87.9452664769723	2.9454536224039907	-92.068392102793069	-1.6319026341208516	-36.156730712937744
7.8125	-47.578558525543762	-88.0006944738112	1.7885095192883647	-92.76433359118667	-1.9973807771174732	-40.237043632882717
8.7890625	-48.580040958511916	-87.989791250828389	0.7643485550108492	-93.366475874744538	-2.3831427780472807	-44.013262510299121
9.765625	-49.458584227777088	-88.012895929259031	-0.1350543640439619	-94.031566635695086	-2.7617917821777938	-47.493699926514132
10.7421875	-50.281711988560765	-87.998618901940588	-0.99684473310642452	-94.606174116364173	-3.1761757273156195	-50.857956254967988
11.71875	-51.009924985226085	-88.1105989216995	-1.7608836996375596	-95.378270513764008	-3.561020533721547	-54.021680226667591
12.6953125	-51.675287807399016	-88.1020578613764	-2.4620554282839984	-95.9700307870722	-3.9561026870641762	-56.86715100299994
13.671875	-52.303015886722996	-88.113054125066839	-3.1359481382582226	-96.559882492577913	-4.363019959317481	-59.606240279538284
14.6484375	-52.87121019246468	-88.19195695024834	-3.7499155739375496	-97.252334869854693	-4.745851996312064	-62.194288423863348
15.625	-53.415397741053141	-88.146204707572	-4.3452689774906563	-97.731828082505416	-5.1534273931467016	-64.538046337752178
16.6015625	-53.913910697680322	-88.126365055636484	-4.894298683324326	-98.249539508526652	-5.5413795711342431	-66.722954612344211
17.578125	-54.37267148332176	-87.875775986192735	-5.3940899260988306	-98.4481541849512	-5.9283053400097572	-68.457556492356119
18.5546875	-54.816957359669381	-87.836315590398485	-5.8949366797858165	-98.902965932324463	-6.3101370545214035	-70.3623864470723
19.53125	-55.229704212848404	-87.44302302744012	-6.3495026705803346	-98.8712153347264	-6.6969192087353218	-71.6767608230745
20.5078125	-55.614600250152364	-87.123593230442339	-6.7789690424382147	-98.9394800402974	-7.0628291888746624	-72.958202430428969
21.484375	-55.968227060879656	-86.910659719215289	-7.1797880610002629	-99.160433836789238	-7.4004612900940456	-74.25532148325
22.4609375	-56.302459870552383	-86.583726003222623	-7.557880514330197	-99.218106162355582	-7.7334941367942625	-75.313818961227213
23.4375	-56.567757519892673	-86.112757826721847	-7.8450763726153339	-99.178071408510732	-7.9943149615578966	-76.02009447998438
24.4140625	-56.857227979321664	-85.677025377650338	-8.1730930107443811	-99.097996651310169	-8.2967430267565625	-76.770769095484681
25.390625	-57.114319188240152	-85.326521686605474	-8.4688514792170029	-99.158640458657274	-8.5642003447972073	-77.546990596060525
26.3671875	-57.3181347475747	-84.643486290315749	-8.6844537569823537	-98.8618589309799	-8.77902930031444	-77.785548581826646
27.34375	-57.566527605680861	-84.173234132714711	-8.9744879042786749	-98.714027945363583	-9.055409443689415	-78.31919490399747
28.3203125	-57.750363597331557	-83.746394078710367	-9.1880256610084015	-98.73233995221527	-9.2532458928695824	-78.817498023042816
29.296875	-57.887993986542071	-83.1364210918895	-9.33756364124278	-98.5911976767724	-9.4001363363322366	-79.016419313030454
30.2734375	-58.008082350950843	-82.620133798949524	-9.4747820622779528	-98.5879641371376	-9.5288404455492568	-79.312401972956081
31.25	-58.07990846582625	-82.027598362591434	-9.5510999339493239	-98.582728968876438	-9.6007467061708844	-79.4720040452244
32.2265625	-58.194194869847315	-81.806261755061044	-9.7085748443198554	-98.922088193817046	-9.7324189657027542	-80.127565484949258
33.203125	-58.245001489683467	-81.162365906983467	-9.76571718235759	-98.864179911084562	-9.7891987795677053	-80.193597197359324
34.1796875	-58.286880972363761	-81.207666564850456	-9.8597836806272081	-99.678167553530344	-9.83900289979785	-81.162801306929126
35.15625	-58.30542340401864	-80.805477818588926	-9.9029796173236413	-99.971823988260056	-9.865952827629366	-81.532854322828868
36.1328125	-58.362148642009082	-80.523174598668746	-10.006880502766682	-100.28187035902802	-9.9502435967877574	-82.045543916786443
37.109375	-58.3216754800951	-80.342850712876853	-10.004173847840763	-100.97739765344397	-9.91434467198861	-82.706022039532471
38.0859375	-58.303012302422715	-80.535132793255514	-10.061770093956589	-102.03474151430365	-9.9189631758427073	-83.84429723467224
39.0625	-58.233162731838853	-80.679752773347673	-10.063162787187352	-103.16180026490498	-9.8658713326260781	-84.939018822004783
41.015625	-58.1651719296796	-80.8865531603018	-10.168257575973318	-104.98060519956631	-9.8803271159650521	-86.938353869235073
41.9921875	-58.092850556695332	-81.182378753332614	-10.202769039347313	-106.17643303807111	-9.8562182125694715	-88.19088743247552
42.96875	-57.999765221000487	-81.493930856846077	-10.223587224095731	-107.41427293719453	-9.8164431273316239	-89.464807820799123
44.921875	-57.828157304704412	-82.495285788268347	-10.335681723889449	-110.08184942990673	-9.798400879393995	-92.385274275633989
45.8984375	-57.7933076586129	-83.0794171938953	-10.461045238092087	-111.21929146871729	-9.8704502661245783	-93.8086594361411
47.8515625	-57.616805852372671	-84.426620699609913	-10.630405974418533	-113.84048801071978	-9.9182115581038985	-96.863842965696733
48.828125	-57.519544654699359	-84.982384736874963	-10.702741675943724	-114.95772650249066	-9.9400322507543049	-98.178514883332781
50.78125	-57.29494203146124	-86.565375712374873	-10.867651526798985	-117.51416514030113	-9.9924872373029334	-101.21193707397401
51.7578125	-57.198704670794	-87.7450721866683	-10.998488531656651	-118.95451936354793	-10.064686129230187	-103.01350271688632
53.7109375	-56.960466560622415	-89.770424695797828	-11.192741184563024	-121.43312079473803	-10.160630381857887	-106.07346704009801
55.6640625	-56.673127905204083	-91.89840519707424	-11.351397896783674	-123.81901370292941	-10.227410484723139	-108.99015156607899
56.640625	-56.577344469178882	-93.331713464835758	-11.491337709330869	-125.02034086393012	-10.329374763339619	-110.58202239210055
58.59375	-56.303481222155753	-95.721591657363376	-11.661043531578732	-127.07367796697677	-10.430789233430549	-113.18137919957526
60.546875	-55.9460741909443	-98.032803373797961	-11.749891694482969	-129.00978978538058	-10.45027193364076	-115.51790688019115
62.5	-55.555154953454853	-101.05097605998567	-11.842208739638352	-131.21457190034423	-10.4656423962017	-118.18436628901129
64.453125	-55.1630097238506	-105.14257051208479	-11.966740293534139	-133.79553295393902	-10.507116056701628	-121.36166060931271
66.40625	-54.795674723090059	-109.59054046055469	-12.084934365326683	-136.22037621805447	-10.552533344763493	-124.37278330872293
68.359375	-54.448384029609059	-114.85387700055132	-12.202977239342804	-138.81239519547898	-10.596999774368001	-127.60201073301386
70.3125	-54.142676717041091	-120.70273265902908	-12.308971573153576	-141.42833074103146	-10.632245243149455	-130.86489577475672
72.265625	-53.973287621580226	-127.10971788773507	-12.444032565650902	-144.00114137009209	-10.709841840259063	-134.13870787515879
75.1953125	-53.951369007272149	-137.58434391598163	-12.660168169469845	-148.01211014815414	-10.850912119605303	-139.27588299390183
77.1484375	-54.083631089890289	-144.52973840183836	-12.793720945472913	-150.63960130523046	-10.942489822788628	-142.64361622075495
80.078125	-54.516548980931972	-154.14513347952663	-13.000098405410963	-154.37704549476607	-11.105174995309326	-147.46109445389669
82.03125	-54.902797088542314	-160.17239788182505	-13.126443084065016	-156.96531157785586	-11.205787057092484	-150.78268025190081
84.9609375	-55.565055978931753	-168.1391699007857	-13.29440767540259	-160.80020867244539	-11.343200699309602	-155.68864075108883
86.9140625	-56.078933894268573	-172.84697549644983	-13.423034976140356	-163.43783787971915	-11.462386603052337	-159.06912477403495
89.84375	-56.826549114535922	-178.94094229921333	-13.58665717052456	-167.38388214276426	-11.61705312049005	-164.09690875795269
92.7734375	-57.58585005071194	-183.90252349225966	-13.77296483180638	-171.28291083989254	-11.814756780695475	-169.05413475281094
95.703125	-58.291109489257174	-188.02793858304423	-13.95422722530801	-175.16115788637788	-12.019427826373501	-173.94976217489659
98.6328125	-58.902756312242708	-191.75615929009516	-14.101209454746515	-179.19588711431797	-12.193458238499502	-178.99835818345076
101.5625	-59.444929904016817	-194.97057379453508	-14.245326776759615	-183.21081094011123	-12.376424205588645	-183.98274344583584
105.46875	-60.045306127454587	-198.83499009626462	-14.419799924166551	-188.6608235528663	-12.616909709508937	-190.67987992069158
108.3984375	-60.4198051138186	-201.47303920707421	-14.554855577531139	-192.76924535329169	-12.815191867095404	-195.66651959930317
111.328125	-60.697575756719246	-204.09232554230391	-14.65916669227755	-196.96898340806675	-12.986932328517351	-200.72089028639309
115.234375	-60.943361037374153	-207.6250435802682	-14.773787063890673	-202.6918530293751	-13.203185970037239	-207.53150147445427
119.140625	-61.107857031506327	-211.4833535038218	-14.918137537688818	-208.71741046300451	-13.475513029044695	-214.56241550631412
122.0703125	-61.128826410320578	-214.59084735996419	-14.994412392688314	-213.30860650196104	-13.652803143405592	-219.85674710216369
125.9765625	-61.073239929295895	-219.32392459635668	-15.100140000185515	-219.70980650400767	-13.910764577854419	-227.10969172277535
129.8828125	-60.915151625951637	-224.64924199950732	-15.191175923844987	-226.17282782337446	-14.163794865264546	-234.29333534180756
133.7890625	-60.709215528422156	-231.0465268555925	-15.299095635996206	-232.96750880065741	-14.450816410661069	-241.66540246944442
138.671875	-60.411659570141133	-240.5797342044975	-15.427081869828754	-241.6932306414825	-14.812797578760616	-250.89864499654959
142.578125	-60.218911377607142	-249.697768893054	-15.532411800965718	-248.98994608271857	-15.113469878704306	-258.42043682905876
147.4609375	-60.268008638475408	-262.496965554014	-15.767696213793618	-258.30798961659514	-15.59276905728397	-267.66876837262294
151.3671875	-60.5104959698887	-273.47563564099045	-15.954942291413126	-266.02742350909455	-15.969279204689395	-275.15705586166888
156.25	-61.124992480266954	-286.92336586629597	-16.227544465730414	-275.82288541817121	-16.460743269319313	-284.42233352609924
161.1328125	-61.990059337183752	-298.90892758240631	-16.543773122714857	-285.51298041664677	-16.964785095770026	-293.36764739110856
166.015625	-62.82955484117177	-310.73407018657144	-16.70622626117002	-296.44125086312107	-17.318757505457853	-303.44417658420696
171.875	-64.171275183034425	-320.10436123679182	-17.393460577102744	-307.34055286420391	-18.119601205330444	-313.00610067053225
176.7578125	-65.097884390544834	-327.79669868203712	-17.867606000025582	-317.30785845638911	-18.67475777896702	-321.83792638415463
182.6171875	-66.022556231852093	-336.07786547598289	-18.444582474286253	-329.06984428797153	-19.306436046587685	-332.26125320894363
187.5	-66.703332820155211	-343.00575047742336	-19.009267060144392	-339.25494649690137	-19.880666040994111	-341.312939574969
193.359375	-67.260899194034423	-350.61699626596106	-19.604243366104573	-350.42636809679959	-20.458441428253238	-351.33032953363238
200.1953125	-67.814363250075388	-361.08830327472674	-20.439284353413349	-364.52544037929459	-21.225961277240263	-364.13287270597
206.0546875	-68.059836008393688	-369.36866327421109	-21.022624032377458	-374.7395225829888	-21.740847841344003	-373.54643702607797
211.9140625	-68.293214961436519	-379.21446366991307	-21.661972514047893	-385.51904526153919	-22.291087699660551	-383.62262569995113
218.75	-68.527945427288827	-391.72227482322648	-22.339878209447036	-397.75963850596395	-22.857621825597327	-395.2339363911766
225.5859375	-68.734720777800817	-405.31544436370666	-22.869483971021779	-409.98996395688812	-23.273820915390395	-406.97819447045913
232.421875	-69.103741535508519	-419.51593382403956	-23.379396210390521	-422.26424512244557	-23.663771189835391	-418.93632963531786
240.234375	-69.6488728035535	-435.13905302429453	-23.867524297049219	-436.0024948121943	-24.017333243350038	-432.49953307304668
247.0703125	-70.098294033129321	-448.20570179749706	-24.155090811517056	-448.26064617913852	-24.187989170554197	-444.72230986454008

Name	4: Id:1 Vel_NC (kp:300 Tn:5)
Record-Number	4
Axis-ID	1
Min Frequency [Hz]	1
Max Frequency [Hz]	247.5
Frequency Steps	100
Mode	Velocity NC (without oversampling)
Position Monitoring Window [mm]	50
Velocity Amplitude Scaling Mode	1/ 10 at 1000Hz
Velocity Base Amplitude [mm/s]	10
Velocity Signal Amplitude [mm/s]	20
Integral Time [s]	5
Proportional Gain	300
Check Drive Limitations	True
Dead Time [s]	0.008
Cycle Time [ms]	2
Oversampling	x1
Frequency	Process-Gain	Process-Phase	Open-Loop-Gain	Open-Loop-Phase	Close-Loop-Gain	Close-Loop-Phase
0.9765625	-31.443974677780144	-69.460229229703458	22.238888977287324	-60.61544618201539	-0.34150044878289015	-3.7119122627897783
1.953125	-38.673816946761377	-89.874012660333392	14.507606779865368	-92.696578778817866	-0.076243950746820416	-10.739772936939652
2.9296875	-42.195974734595694	-89.370022404544713	10.97715676265501	-92.1838810487578	-0.24615081886840545	-15.931342899382502
3.90625	-44.754452170246	-88.6201967454981	8.3798738153395629	-91.50889651271298	-0.512090776739838	-21.046748874232435
4.8828125	-46.653249921485305	-88.404998854346388	6.4851193599189934	-91.775348261576639	-0.77467147999825337	-25.678009912510518
5.859375	-48.224187501345206	-88.188969273742714	4.900859163433438	-92.072876105277487	-1.0801747756309015	-30.129367745290146
6.8359375	-49.5255883386797	-88.178289369554108	3.591504235278558	-92.719292956587964	-1.3818232596360656	-34.293729773902186
7.8125	-50.6627696513348	-88.027729140331758	2.4367575540037651	-93.157183455553465	-1.7242342704721962	-38.201594591349718
8.7890625	-51.648981539661605	-88.038943453003441	1.4324075775819578	-93.855252095774674	-2.0548102226422658	-41.898537275277441
9.765625	-52.535402860766311	-88.0055308716346	0.52004689043856789	-94.47914248441532	-2.4055705254081405	-45.385930719648364
10.7421875	-53.331462441669643	-88.08131285237782	-0.30798888341698422	-95.2643673930713	-2.7493474306095651	-48.745638698209163
11.71875	-54.0602205304301	-87.948738816273192	-1.0697176746302215	-95.7279514908012	-3.12500362005834	-51.752824627160123
12.6953125	-54.719394899761568	-87.939715707111333	-1.7654145263973022	-96.376640394000134	-3.4818120462906457	-54.648164459863885
13.671875	-55.340282549361405	-87.920844496982809	-2.4328944753956052	-96.9798653325089	-3.8550029911788783	-57.424482892793293
14.6484375	-55.902324592770988	-87.906576374407621	-3.039163484174177	-97.597401343451509	-4.2129805146073309	-59.988405265624593
15.625	-56.43189879809146	-87.853039653969716	-3.6181674173579221	-98.133426080123627	-4.5807865661268474	-62.386119698121426
16.6015625	-56.914605859518666	-87.8865266809348	-4.15197239471695	-98.799859145087012	-4.9246100982306142	-64.704889161472039
17.578125	-57.360059435692911	-87.76708411885636	-4.6429763122733068	-99.246213358892462	-5.2689047310090809	-66.690811710555835
18.5546875	-57.783420825717762	-87.6311918515103	-5.1164508354632137	-99.6458304065308	-5.6160772571616508	-68.552669114376954
19.53125	-58.179792264629206	-87.492165020315085	-5.5647095531087256	-100.03110131050759	-5.9552834839308835	-70.2905666500269
20.5078125	-58.542121333878065	-87.541816663231643	-5.9863376826473846	-100.68588391474847	-6.2631873567798859	-72.14427669867429
21.484375	-58.895981781594486	-87.266809981506881	-6.3910811395907441	-100.85243817683065	-6.599412977621844	-73.503982344528453
22.4609375	-59.209798700526378	-87.179060856483247	-6.7597799914372692	-101.30713954600387	-6.8915264325567822	-74.978580311073259
23.4375	-59.521671846460059	-87.00886719614553	-7.13030588789624	-101.60040883354034	-7.2020666115755176	-76.291543046503136
24.4140625	-59.776848589993691	-86.714697943632984	-7.4259695120509361	-101.80845046025847	-7.4554688818140384	-77.295816623685809
25.390625	-60.061646092876096	-86.53280570385482	-7.774395355117699	-102.04866995843575	-7.7585702596067012	-78.451060696166067
26.3671875	-60.292610359233713	-86.4117685387591	-8.0617511690611039	-102.45037450547569	-7.9996781771723269	-79.573051215700175
27.34375	-60.536068151130287	-86.121439244286677	-8.3620607724500715	-102.55364323999234	-8.2735135814264353	-80.433882478353524
28.3203125	-60.734534750366251	-85.747014087599922	-8.60454048823877	-102.61922892172235	-8.4974358421606979	-81.096716561343342
29.296875	-60.913666241321266	-85.637301564834061	-8.8434499348353182	-103.03480603498785	-8.7001896585039784	-82.0689949621276
30.2734375	-61.090629858327276	-85.4764724754557	-9.0820513178994986	-103.34791586581524	-8.9104137238355232	-82.933514422742007
31.25	-61.241777611607326	-85.042450935626292	-9.2760153611905363	-103.34623357344805	-9.0962717251316345	-83.3824797766183
32.2265625	-61.414136186927969	-84.960175217909409	-9.5230430953343248	-103.68835937135989	-9.3162280495398662	-84.273204995725436
33.203125	-61.517160013173488	-84.532737314869109	-9.6663703471784	-103.75612616588052	-9.4513913505635418	-84.6582177327901
34.1796875	-61.593409659644713	-84.489596667821374	-9.806814779336106	-104.338684032715	-9.558357844163508	-85.533113538403839
35.15625	-61.706170342117787	-84.139345162503318	-9.9759861322217276	-104.40506445729407	-9.7200871228538652	-85.9647189045108
36.1328125	-61.7811263455504	-83.88013338021301	-10.109582091994069	-104.65755426409993	-9.8384451771022157	-86.497058929588533
37.109375	-61.843362605995189	-83.594569411506214	-10.23031340990315	-104.88269133818081	-9.9460646408206816	-86.972663571062284
38.0859375	-61.888095733576336	-83.538253325555061	-10.350655890102935	-105.39603298931179	-10.040043763598231	-87.729459370521766
39.0625	-61.910272124325914	-83.363817247365418	-10.440815431862438	-105.80444576995515	-10.109829441828563	-88.319801949058927
41.015625	-61.921703138885512	-83.382152335603138	-10.623760606899493	-107.03430182078208	-10.23410432127725	-89.917870975503334
41.9921875	-61.903645986501758	-83.2316885913955	-10.683449414617257	-107.48908170648677	-10.272684104090558	-90.494080733857331
42.96875	-61.882239469756215	-83.44383989081885	-10.771310105055989	-108.31425517055668	-10.322792515854747	-91.500711319028909
44.921875	-61.811666021245848	-83.598719973675628	-10.909398153275053	-109.6276112948967	-10.402224166006642	-93.106111063862045
45.8984375	-61.763119695650076	-83.948233349029209	-10.991584680481454	-110.54296149963271	-10.444278934634088	-94.201979760885436
47.8515625	-61.6299523006337	-84.383759799582677	-11.109740996581909	-112.06885851718266	-10.4965631723418	-96.0010531510643
48.828125	-61.512163878488195	-84.949696342809176	-11.151444069330161	-113.2689933919909	-10.485709536174905	-97.32444887546
50.78125	-61.329188034955784	-85.797197097181922	-11.273796523759561	-115.02865056422284	-10.534668928010509	-99.398484462107845
51.7578125	-61.219096628762514	-86.079843526126936	-11.310349176712286	-115.75486023181202	-10.540828893795936	-100.23211218138665
53.7109375	-60.979714835002554	-87.648592178553344	-11.449809491945961	-117.97864752264593	-10.590695320888081	-102.85474444825661
55.6640625	-60.716277965025768	-89.153283465492336	-11.566415868031072	-119.93774117715071	-10.630690345429223	-105.17361446193654
56.640625	-60.605321572312668	-89.883257735152867	-11.639425485684923	-120.73004411402717	-10.675561817052193	-106.16469579690542
58.59375	-60.340698656017679	-91.8398497746542	-11.781402938956436	-122.63997024240329	-10.749341060337937	-108.5007985870627
60.546875	-60.034219249658065	-93.713168718373211	-11.875684681213976	-124.33495693972824	-10.782618520574371	-110.52942663273888
62.5	-59.622664887046682	-95.960940359250372	-11.907258576067992	-126.31988778875387	-10.736537792018161	-112.78266678604834
64.453125	-59.187243146575291	-98.88732062685483	-11.949510816117382	-128.52866926826172	-10.694765707058858	-115.32772639810069
66.40625	-58.747481267759085	-102.41980624579045	-11.999767849116809	-130.82521522160604	-10.660627813054193	-118.01238619165272
68.359375	-58.299166269058624	-106.59656359474968	-12.044822830967604	-133.22718232932868	-10.61901785547146	-120.83701516731722
70.3125	-57.889004386648558	-111.66278644908395	-12.109550729908694	-135.78793772609075	-10.597297839734265	-123.90829085111464
72.265625	-57.519341957132987	-117.23970687821338	-12.162989946155104	-138.31179586084934	-10.567708500869578	-126.94968301362472
75.1953125	-57.156522758832395	-127.01586407698937	-12.273784979742896	-142.28658920475746	-10.561361083229851	-131.83912143552556
77.1484375	-57.080957488137713	-133.8379514541881	-12.356518705400067	-144.8388916523667	-10.577729673496858	-135.02840699192606
80.078125	-57.224586946196844	-144.49065642045429	-12.491442154990533	-148.85988390564836	-10.620647067539617	-140.10229264679012
82.03125	-57.501082874614966	-151.15151615074262	-12.594762458628921	-151.46269763813967	-10.676115781263318	-143.42883999249167
84.9609375	-58.012444418301563	-160.20777580805887	-12.701475576626684	-155.33904386282973	-10.712425608031529	-148.35718883093455
86.9140625	-58.451113074061475	-165.66345721156259	-12.780911848729161	-158.0075059905362	-10.753197228642042	-151.77368229437488
89.84375	-59.201347252364812	-172.97953963002755	-12.915871495465293	-162.21290112816183	-10.844047633926021	-157.18412787044213
92.7734375	-59.939883687499723	-178.82212212099267	-13.038169603305896	-166.25726769667352	-10.938633931242256	-162.3909387490493
95.703125	-60.650557425471682	-183.61768457584691	-13.163652391414733	-170.29272575291094	-11.053598312809882	-167.5856570007337
98.6328125	-61.289750446187547	-187.73738508292789	-13.273446258112926	-174.41725255484303	-11.163964323201226	-172.87549971020971
101.5625	-61.854918546708831	-191.22276092780245	-13.378558672844585	-178.52927653582651	-11.284414911770833	-178.12816409733028
105.46875	-62.485719124282781	-195.46208919771465	-13.50377273333236	-184.27069023295158	-11.4506638374782	-185.41249382558175
108.3984375	-62.851841770095618	-198.28658842961644	-13.580699574370428	-188.57691606369843	-11.572317549997873	-190.8322155808294
111.328125	-63.127982971669105	-200.90026646513658	-13.643573626869934	-192.86395051380262	-11.69098212491175	-196.18605881227833
115.234375	-63.364035935227378	-204.53744817862136	-13.704394723243	-198.88939472784926	-11.846754492219109	-203.63707491561172
119.140625	-63.47165781625138	-208.42958219208802	-13.764160506418957	-205.20098083104443	-12.031539200830688	-211.31844544602191
122.0703125	-63.448479949987451	-211.59728263008714	-13.787994830941376	-210.07867047714487	-12.163594462733229	-217.17534907956329
125.9765625	-63.345024173404127	-216.60419608958415	-13.854574996919808	-217.06501107142907	-12.411979460730056	-225.36658501834108
129.8828125	-63.057880991350494	-222.09961942811464	-13.851230295987788	-223.97330634905666	-12.596358519159148	-233.34470679517315
133.7890625	-62.74885001494021	-228.7306310599599	-13.914026959003294	-231.16370947645717	-12.878587554119868	-241.34933492652146
138.671875	-62.318892445052484	-239.18229576906575	-14.005920481611778	-240.67673303174826	-13.271706536864423	-251.58144877420534
142.578125	-62.008160410938331	-249.13532236097143	-14.070098691957726	-248.3909065769588	-13.580532201853785	-259.6170240622809
147.4609375	-62.002166443793215	-263.46368562983207	-14.287984845599826	-258.31212212198744	-14.106409594859802	-269.44062531363375
151.3671875	-62.2672137365742	-275.5862451162464	-14.463726627128327	-266.36443060798928	-14.514632554893714	-277.18123561896516
156.25	-62.999422135809532	-290.14846962740074	-14.735103187819716	-276.54798523288667	-15.05090409008316	-286.663631860578
161.1328125	-64.063725867842876	-302.82270815116152	-15.092011983354238	-286.78974671168197	-15.632824410971953	-295.89709909078556
166.015625	-65.171026907302007	-314.88226656424592	-15.375184697224494	-298.41726919616008	-16.134678712279417	-306.30587168466172
171.875	-66.512998802777176	-324.03318057537183	-15.970208747726822	-309.53527436523916	-16.861339151724465	-315.89051629116136
176.7578125	-67.507859227159642	-331.56209472838748	-16.465361812948409	-319.98492496639381	-17.443722522076229	-324.93578582949203
182.6171875	-68.510427878913816	-339.57104138195496	-17.116639486112511	-332.24834528599496	-18.141322540475247	-335.55468842185638
187.5	-69.23763334995455	-346.36398392089495	-17.756822835911517	-342.87015894368204	-18.775012226724996	-344.81371366249391
193.359375	-69.822761037680166	-353.57563903552085	-18.432805898663524	-354.05783810752263	-19.410947121971191	-354.69262389804805
200.1953125	-70.463100487513685	-363.90722912053081	-19.448715683801577	-368.29435291930014	-20.32024389508944	-367.49770511695158
206.0546875	-70.7002875702643	-371.812690931299	-20.075972864938581	-378.14995526304369	-20.861340083400016	-376.5334454749983
211.9140625	-70.967478228899949	-381.52719798044467	-20.80249975537583	-388.68693341755039	-21.47796969930717	-386.36630639002385
218.75	-71.280094280911726	-393.75043061365432	-21.595748865657868	-400.38092851614482	-22.140757133833205	-397.47853715808742
225.5859375	-71.559165901555915	-406.8569224401125	-22.207758683397856	-411.87607017668967	-22.628686817780277	-408.54388039778951
232.421875	-71.943036150312778	-420.544550966947	-22.729340945485003	-423.46988981571917	-23.025529161949585	-419.84902253823464
240.234375	-72.498158386750816	-436.06964809827997	-23.216369954005806	-436.97279587231037	-23.369544921168846	-433.18280276601212
247.0703125	-72.982614964322877	-448.76994707785013	-23.523666975855519	-448.82351954833246	-23.5547361035327	-445.01624741469516

Name	5: Id:1 Vel_NC (kp:400 Tn:5)
Record-Number	5
Axis-ID	1
Min Frequency [Hz]	1
Max Frequency [Hz]	247.5
Frequency Steps	100
Mode	Velocity NC (without oversampling)
Position Monitoring Window [mm]	50
Velocity Amplitude Scaling Mode	1/ 10 at 1000Hz
Velocity Base Amplitude [mm/s]	10
Velocity Signal Amplitude [mm/s]	20
Integral Time [s]	5
Proportional Gain	400
Check Drive Limitations	True
Dead Time [s]	0.008
Cycle Time [ms]	2
Oversampling	x1
Frequency	Process-Gain	Process-Phase	Open-Loop-Gain	Open-Loop-Phase	Close-Loop-Gain	Close-Loop-Phase
0.9765625	-33.491328209739379	-71.372617022671278	23.034525156500109	-62.953377006329582	-0.29018147086637086	-3.4822130101458058
1.953125	-40.967814140166851	-89.756738657459422	14.821460897018863	-92.583288473304449	-0.071445487779833339	-10.361087161772147
2.9296875	-44.487413280542377	-89.355874469124643	11.293833188072224	-92.242659619720541	-0.22392234977137648	-15.386311646954061
3.90625	-47.016517277332738	-88.685708068826145	8.7392496991983926	-91.711729237016542	-0.46042095678368788	-20.279207210016466
4.8828125	-48.922463072410586	-88.57225207750615	6.8320844625415633	-92.1545499841903	-0.69353517664013342	-24.84451723229995
5.859375	-50.494087072102829	-88.357600555443085	5.2455861158194326	-92.476376682157749	-0.97466202882627961	-29.221164210407004
6.8359375	-51.80670093901454	-88.328652882703864	3.9183525732888409	-93.113962984717929	-1.2595760754960406	-33.375628862142854
7.8125	-52.936727437758975	-88.2246891538602	2.7721352876135037	-93.652051291678376	-1.5703342432345837	-37.2527422077607
8.7890625	-53.925074252209242	-88.1963655700021	1.763787484705406	-94.314924377835382	-1.8847912944728407	-40.930749034874722
9.765625	-54.808573301668005	-88.106227724075666	0.85544960715403651	-94.881530008843427	-2.2193111692836553	-44.373488292581825
10.7421875	-55.601605869860826	-88.043203507571562	0.033919626756773992	-95.489379555521111	-2.5566882004417919	-47.621549323417632
11.71875	-56.331153652511951	-88.0248241188851	-0.73430892142341753	-96.145672969397182	-2.9030494173532007	-50.765930786376224
12.6953125	-56.990408681534333	-87.9614138396134	-1.4304967652405651	-96.737990507405826	-3.2499038449201372	-53.6503324500183
13.671875	-57.603704600674533	-87.862481858412536	-2.0863461510197183	-97.25815384700185	-3.6086511163004547	-56.357696448175609
14.6484375	-58.153213293519386	-87.86073717328	-2.6770873769543697	-97.9396097393751	-3.9380401703071337	-58.935010213559835
15.625	-58.671567361436743	-87.7410265978269	-3.2397650402541336	-98.42285505766786	-4.2864039323732142	-61.272625065454676
16.6015625	-59.155333495001692	-87.75182674788644	-3.7769094900457425	-99.081148482248082	-4.6217350977952441	-63.629919137152086
17.578125	-59.615354077217262	-87.66552819273079	-4.2927009796361473	-99.569650321236637	-4.9720463565974136	-65.769114985294379
18.5546875	-60.021434456730105	-87.544976107040327	-4.7449548651026143	-100.04666349103485	-5.2884313498903923	-67.6598092231371
19.53125	-60.4099702688033	-87.462854193183517	-5.1878597128166088	-100.54906541519858	-5.6070817501621351	-69.517051157080246
20.5078125	-60.768736778464252	-87.4416753030497	-5.6044154443230054	-101.13629219659997	-5.908468326652951	-71.337241137844345
21.484375	-61.110220346680357	-87.272331449775265	-6.0004719081249789	-101.49417048165921	-6.2182789162549748	-72.877498035990612
22.4609375	-61.440252140541475	-87.171970761789638	-6.394151067907714	-101.91396926498923	-6.5294452432755614	-74.436990440860185
23.4375	-61.728838625733019	-87.1430734391185	-6.7443202142232392	-102.47067783122436	-6.8001950397329383	-75.964524378650253
24.4140625	-62.0131731391117	-86.884269814337728	-7.084226553738282	-102.67191169136228	-7.0912087039270641	-77.124931973355132
25.390625	-62.27549134807235	-86.8385037917549	-7.4143027978716871	-103.16048756819177	-7.3594303176727927	-78.4949494353948
26.3671875	-62.527233537572982	-86.71245949121068	-7.73265774161792	-103.51577301053975	-7.6300467469009634	-79.69200944036281
27.34375	-62.748003446265038	-86.5484732344569	-8.0144735958456632	-103.8517413292774	-7.8716899424389695	-80.755180861021273
28.3203125	-62.954992539937393	-86.365769739628334	-8.2832880210377873	-104.15254105144962	-8.1062275455417669	-81.7363501557489
29.296875	-63.16786618216544	-86.299563367276292	-8.57243476171081	-104.53873664999827	-8.35783755329438	-82.835098073331437
30.2734375	-63.353052575050356	-86.1378590724852	-8.8252255130178678	-104.8314395550274	-8.5828628846095132	-83.739464885927831
31.25	-63.508786668622562	-85.919593170982353	-9.0421023857822131	-105.0916667977568	-8.7771219343822686	-84.5137871280342
32.2265625	-63.688022492254078	-85.831956152814058	-9.3012635573048676	-105.40325746236859	-9.0112201429366561	-85.427225937059532
33.203125	-63.810257794560869	-85.668162558376039	-9.4892271076021935	-105.74132315906469	-9.1764201135558459	-86.1906645492474
34.1796875	-63.925645346413695	-85.535726525507911	-9.675409934764799	-106.09649556432169	-9.3402602675928179	-86.960772255871134
35.15625	-64.055023912087961	-85.357707128938642	-9.879161567306987	-106.31319813571103	-9.5296900876111224	-87.627113664827064
36.1328125	-64.136701302216679	-85.224537654719413	-10.032769986434392	-106.68638392617355	-9.66277350496878	-88.331403525542925
37.109375	-64.24134682869078	-85.174846113869336	-10.222958100106661	-107.04608836290085	-9.8338245533570152	-89.096775512031968
38.0859375	-64.303230842231059	-85.126354744531369	-10.366840496699227	-107.49614054168278	-9.9554450317708536	-89.849288659561765
39.0625	-64.3640535393252	-84.799819993960611	-10.492961164699397	-107.59168301635542	-10.077013587164823	-90.207441454770958
41.015625	-64.45700273634705	-84.95783651494169	-10.780832060733506	-108.67105476414181	-10.315920033356887	-91.879855945082667
41.9921875	-64.469869061161091	-84.908089104136025	-10.882842790026464	-109.11025161480416	-10.398930015588752	-92.528240252693834
42.96875	-64.489758676774272	-84.877562420574279	-10.996912631197372	-109.50694808993974	-10.496658816915261	-93.15655741827247
44.921875	-64.457892405755814	-85.042134012111333	-11.174108310489419	-110.64586531524043	-10.626372688254474	-94.664166603362617
45.8984375	-64.455611211359923	-85.125328652216908	-11.280983717585276	-111.1048895499638	-10.715683897518931	-95.3404851073867
47.8515625	-64.382498694525978	-85.449159504354185	-11.443357346367943	-112.27144876279509	-10.832176169032859	-96.850947820158623
48.828125	-64.320834252342308	-85.554608317150382	-11.498880580049546	-112.81250134989634	-10.866353312213	-97.515608197871487
50.78125	-64.188555736570834	-86.217209841987042	-11.64181056756175	-114.21352603374987	-10.955380014808096	-99.240341845585789
51.7578125	-64.103750139919825	-86.657699815229577	-11.706436819427646	-114.99688864908033	-10.989993636006714	-100.17985665221909
53.7109375	-63.92397017679221	-87.506176854064947	-11.827471325593438	-116.40077110604851	-11.058826568266252	-101.87945070323158
55.6640625	-63.722522874487922	-88.765520954504041	-11.961025839826755	-118.00577010311231	-11.134542678323383	-103.8233212444558
56.640625	-63.595704552417835	-89.41980553078406	-12.00709146562839	-118.82005857990605	-11.150598265722591	-104.77500437737645
58.59375	-63.350333044254342	-90.919868882419209	-12.116927038361563	-120.39744780919612	-11.205090135519328	-106.66295300328353
60.546875	-63.110123887363926	-92.260583070507693	-12.212951160084787	-121.60349018237059	-11.261122253771843	-108.13377441083628
62.5	-62.788297610151481	-94.026934148037355	-12.265186135362281	-123.1359810520072	-11.257930475788092	-109.89193087541122
64.453125	-62.399124415523744	-96.042713011033854	-12.273056113677567	-124.78179931374669	-11.202553943756289	-111.71148257251949
66.40625	-61.983741982745876	-98.790139550533922	-12.290198044080164	-126.7369596346269	-11.146060580711158	-113.90478449319396
68.359375	-61.554417080820869	-102.12532867843966	-12.306832686508857	-128.8334561351144	-11.084608795595125	-116.27615235305596
70.3125	-61.129073851589645	-105.94508354129665	-12.319272585789271	-130.95220636163728	-11.018828264335363	-118.68921127808079
72.265625	-60.720679076859852	-110.38722400082194	-12.33083164109618	-133.16185868321679	-10.950080636183671	-121.22904408687269
75.1953125	-60.187421789929559	-118.49060747625306	-12.355308230923757	-136.78263127675149	-10.847661470784651	-125.45561159207574
77.1484375	-59.941666821005882	-124.4875822141768	-12.37833219449332	-139.19414731503943	-10.790524042031537	-128.31858590775695
80.078125	-59.801356956766583	-134.25914807074429	-12.43441419971772	-142.94354740587391	-10.732145056750312	-132.85585744375445
82.03125	-59.87239873377905	-141.00371685122249	-12.482493194144963	-145.54936849823349	-10.707957101664077	-136.058725309167
84.9609375	-60.137828555272634	-150.47103124382369	-12.522585330599604	-149.35812200302533	-10.64470081557044	-140.75192411372032
86.9140625	-60.437734037965342	-156.36296173298518	-12.55436577516145	-151.96133704767936	-10.613023249758056	-143.9991900824931
89.84375	-61.01713551008524	-164.36059469060748	-12.610024760568033	-155.99406580881751	-10.582902731393066	-149.08459232000516
92.7734375	-61.661096963677473	-171.02820204236517	-12.66456069295285	-160.00059396712541	-10.566238056775745	-154.18497388469351
95.703125	-62.31823496527231	-176.57780293817007	-12.723580789034983	-164.04932654845521	-10.56965532562316	-159.381093602334
98.6328125	-62.931156249330733	-181.33576122242923	-12.770342480993747	-168.22985533962813	-10.571832373419133	-164.76730834611533
101.5625	-63.4734961541039	-185.35228879986727	-12.80454255530627	-172.43348320899025	-10.57503382969	-170.199956121245
105.46875	-64.090175444202146	-189.9570342558454	-12.847160933842542	-178.1937246249968	-10.602885239585182	-177.66091259886693
108.3984375	-64.431743938382752	-193.04793631833849	-12.846524743683913	-182.61185704265355	-10.603859575232516	-183.38208464925304
111.328125	-64.688306502363787	-195.90077503519831	-12.838062882744314	-187.09350968013533	-10.614826081592547	-189.178507925982
115.234375	-64.868623866425025	-199.65576010219192	-12.784817090200463	-193.29641870370003	-10.609493550171113	-197.18407750439221
119.140625	-64.886893663152122	-203.67147979724106	-12.708515591054827	-199.92545859703824	-10.620447434033167	-205.684204170008
122.0703125	-64.798287226505337	-206.96425633047656	-12.645115565635894	-205.16296753825523	-10.653875682125332	-212.32685131233762
125.9765625	-64.620816430555678	-211.82314709833068	-12.633028245204066	-212.38375709974787	-10.829189036141205	-221.23948134728752
129.8828125	-64.21710757095029	-217.55869051089661	-12.541574972332539	-219.92726264921629	-10.953497356314141	-230.40532079067134
133.7890625	-63.764698292392751	-224.29081056485953	-12.52608682728853	-227.53946910251037	-11.198893899282202	-239.26461573444095
138.671875	-63.148253438752185	-235.03499860670533	-12.557810271135924	-237.44005209643731	-11.599216703175387	-250.24933924102467
142.578125	-62.670639508700035	-246.01252945078431	-12.576339233243839	-245.75354255676507	-11.932377815780153	-259.09893586835148
147.4609375	-62.471310230579888	-261.37922689298387	-12.716032274064721	-255.67122238895362	-12.442745643217332	-269.04365876569176
151.3671875	-62.686891954555975	-275.08965027249741	-12.840969102144191	-264.05298113049128	-12.861508503901328	-277.1291404692746
156.25	-63.519615758747626	-291.63574582848588	-13.064857334698949	-274.87541863587933	-13.427737120575172	-287.13514086871521
161.1328125	-64.701025095803985	-305.67330859778792	-13.318055782084208	-285.80269061512956	-13.978061274101751	-296.89969761045631
166.015625	-66.07071065605659	-317.85166374022469	-13.655270196688285	-297.93768633269156	-14.581176512867781	-307.42704422220828
171.875	-67.496052716663883	-327.25623252889085	-14.154910581550396	-309.95348413080967	-15.261291299082334	-317.554687321733
176.7578125	-68.5776399479665	-334.45924308369263	-14.656817569083975	-320.93459722409369	-15.867465244192376	-326.75536077008331
182.6171875	-69.683296677054628	-342.15182903644165	-15.387349160650871	-333.99350858480619	-16.640947444742725	-337.69451763613336
187.5	-70.334076685802231	-347.95749611544625	-15.947993731927898	-344.14898085707841	-17.193617105360442	-346.31132756533037
193.359375	-71.061936551062615	-355.58059279173028	-16.852097303571142	-356.7273377979073	-18.016628577972234	-357.13833351788736
200.1953125	-71.662945062669849	-365.67233411322309	-17.92429271978277	-371.29593365360847	-18.94587344247504	-370.02872885200264
206.0546875	-71.9845323966291	-373.77969614675277	-18.743067686929326	-381.48894868783265	-19.636572935482668	-379.29986498625112
211.9140625	-72.31803870637313	-383.56787482837541	-19.623217721024574	-391.96322000592482	-20.371770716775419	-389.05596110224207
218.75	-72.772089180053769	-396.1185102284494	-20.627061500706123	-403.59008093383068	-21.209136736174106	-400.15088262449103
225.5859375	-73.309162825403874	-408.77684800613804	-21.506136339893366	-414.17838230010227	-21.941674725453755	-410.46062962619686
232.421875	-73.8373271404247	-422.079782195438	-22.161084048334505	-425.14275180466734	-22.461546276465757	-421.22386583276403
240.234375	-74.433702945211664	-436.95214305047614	-22.672651846321003	-437.88563675138158	-22.827338732646115	-433.83674235675414
247.0703125	-74.96037673218683	-449.2462458746769	-23.007962210923523	-449.29813693635833	-23.037116049204592	-445.2561534794105

Name	6: Id:1 Vel_NC (kp:500 Tn:5)
Record-Number	6
Axis-ID	1
Min Frequency [Hz]	1
Max Frequency [Hz]	247.5
Frequency Steps	100
Mode	Velocity NC (without oversampling)
Position Monitoring Window [mm]	50
Velocity Amplitude Scaling Mode	1/ 10 at 1000Hz
Velocity Base Amplitude [mm/s]	10
Velocity Signal Amplitude [mm/s]	20
Integral Time [s]	5
Proportional Gain	500
Check Drive Limitations	True
Dead Time [s]	0.008
Cycle Time [ms]	2
Oversampling	x1
Frequency	Process-Gain	Process-Phase	Open-Loop-Gain	Open-Loop-Phase	Close-Loop-Gain	Close-Loop-Phase
0.9765625	-35.677027185633094	-68.809219971559287	22.526727178512182	-59.181106037438312	-0.34303882560263127	-3.53832644337955
1.953125	-42.768799697375918	-89.600427953413558	15.034630271777953	-92.3867105310448	-0.071585010631187967	-10.108584397410477
2.9296875	-46.287107928707186	-89.277929653915862	11.508313010274788	-92.178417711934088	-0.2137578610232499	-15.020739008248578
3.90625	-48.815581238391005	-88.751307962740881	8.9525745916360542	-91.876898990700155	-0.42931992092762966	-19.838436964528317
4.8828125	-50.730703463367391	-88.626374656252054	7.0310747798923492	-92.312772429124223	-0.65273772050836687	-24.363860550333968
5.859375	-52.285016492279865	-88.471452327237557	5.4696632782223649	-92.752329055554227	-0.90840036838806881	-28.638837446230831
6.8359375	-53.597868486624222	-88.425618781601656	4.14145289842336	-93.381771439601266	-1.1797125668749939	-32.75068191382806
7.8125	-54.732708889981716	-88.276606158517609	2.98790997827241	-93.863207944600433	-1.4831149515509126	-36.604969267193333
8.7890625	-55.726868268955094	-88.211794393992861	1.9706750461728122	-94.481766723320618	-1.791701271810219	-40.276294873036591
9.765625	-56.61225156653375	-88.090255258755036	1.0594136369611951	-95.014227414286069	-2.1186809786542877	-43.70326681681891
10.7421875	-57.40618189612541	-88.091340290363064	0.23366377656482762	-95.733588501152454	-2.4381065553947905	-47.014981577568854
11.71875	-58.132572990328683	-88.00021844297828	-0.52882116724961781	-96.299900034445116	-2.7789498816466107	-50.095914599437734
12.6953125	-58.783606903671412	-87.917090818125047	-1.2132031625931758	-96.890637169508324	-3.1098052369540516	-52.942804619842711
13.671875	-59.391795252209356	-87.866139924091215	-1.8646319675365273	-97.505399118672955	-3.4487536923366795	-55.704905960239167
14.6484375	-59.95499818464716	-87.849342102233763	-2.4764781563689597	-98.15732903116556	-3.7862791051598266	-58.355664548694342
15.625	-60.470269899934934	-87.7090242914225	-3.0351764386994273	-98.629188660760548	-4.1261127045406081	-60.69012423051926
16.6015625	-60.95426312460711	-87.663295715876671	-3.5717812949473697	-99.219262942419846	-4.4601173323434349	-63.014438862684912
17.578125	-61.400273235906589	-87.609418626336918	-4.0704887867211	-99.795666871263748	-4.7846588356386572	-65.181108120652411
18.5546875	-61.817779803055267	-87.447376574558774	-4.5386075644918744	-100.20356527166967	-5.1136361522277705	-67.0931554893721
19.53125	-62.200840574704429	-87.423821236030136	-4.9782945822270133	-100.81388222936114	-5.4169139390976051	-69.046700367652193
20.5078125	-62.566395061220028	-87.342969899921343	-5.40306775072983	-101.31509949445142	-5.727392642334701	-70.843293867598774
21.484375	-62.89769133281834	-87.255646192616325	-5.7909767334095985	-101.82205813560709	-6.0161373986256708	-72.504754919625611
22.4609375	-63.218414495268981	-87.133955658071983	-6.1726937732895344	-102.2454030071186	-6.3136073055699571	-74.054172304734792
23.4375	-63.517927043596529	-87.06956747333814	-6.5378047554979588	-102.73909735184081	-6.5989001098143785	-75.5918212596469
24.4140625	-63.807603978867746	-86.938818293706788	-6.8941203832995814	-103.10850424015149	-6.8913117131812971	-76.971309646027535
25.390625	-64.064913111014675	-86.904847903733113	-7.2203629299249457	-103.63425186736211	-7.1518270108971951	-78.383905234429577
26.3671875	-64.306031741299719	-86.767474410561618	-7.5261348536560781	-104.01023354840784	-7.4081249165150229	-79.5851633240799
27.34375	-64.539504006090439	-86.635025672109023	-7.8286533498862445	-104.36093930254488	-7.6669372186392328	-80.73630292516259
28.3203125	-64.760179638639	-86.5701320609879	-8.1246901897005355	-104.78230221389487	-7.9190236839977937	-81.918859867079476
29.296875	-64.955677664118312	-86.4619677617611	-8.39110558321794	-105.16690040359813	-8.14862722415073	-82.974295113283944
30.2734375	-65.140352517913144	-86.48818837987109	-8.6579035755733127	-105.70257693545859	-8.3726986656132869	-84.162448107378211
31.25	-65.3105633326537	-86.268276861213678	-8.8950262139957417	-105.92127232695489	-8.5889222099698266	-84.95987192166676
32.2265625	-65.4534902905087	-86.171445799136862	-9.111060733739297	-106.32822722231597	-8.775972122423898	-85.877655081207664
33.203125	-65.616795736060268	-86.105677263934211	-9.3585356250982858	-106.66577381275472	-8.99940439811864	-86.793018231433436
34.1796875	-65.744325123818328	-86.012011953354232	-9.5643050856268577	-107.0302812202227	-9.1822762640963891	-87.627333101008148
35.15625	-65.87100861940867	-86.085229949161914	-9.7845008262813167	-107.55057142522682	-9.3729145063348547	-88.640702518346956
36.1328125	-65.97707086066363	-85.952473319566636	-9.96915957140055	-107.84356301968978	-9.5415288354693661	-89.341932738386376
37.109375	-66.077873166141217	-85.884048258321371	-10.155420142413782	-108.18504456469979	-9.7103921599021117	-90.08848657512317
38.0859375	-66.164431175921237	-85.829399997293848	-10.329166134856687	-108.54321454714841	-9.8669902971854242	-90.818923166979275
39.0625	-66.244114909592213	-85.807130742218163	-10.500192637959385	-108.91618851833837	-10.021150914467059	-91.553342900867
41.015625	-66.351465423320292	-85.785184746918887	-10.793528774548612	-109.72177326656428	-10.280153520941253	-92.9697250819809
41.9921875	-66.393533848090982	-85.793245812584061	-10.9325878232873	-110.11778804641153	-10.40343165710474	-93.65110906038295
42.96875	-66.410533057529335	-85.916688578124919	-11.055585459705789	-110.67446201117849	-10.503775146006394	-94.462506892440729
44.921875	-66.448041839195341	-85.954051688550734	-11.296349358620413	-111.42205444090486	-10.717544102975157	-95.69590801756955
45.8984375	-66.46205046255541	-86.108234562543629	-11.424308369903091	-111.88572835765565	-10.829186926490372	-96.416552159276719
47.8515625	-66.425497772726231	-86.5185028170867	-11.626902421561562	-112.98493649510316	-10.991903698479639	-97.9324121071938
48.828125	-66.4093133214193	-86.574956478101242	-11.721178112037244	-113.31356526257245	-11.076105919748681	-98.446988429125554
50.78125	-66.306195647522927	-87.20325808787598	-11.882889087658926	-114.55610358176848	-11.19342957172131	-100.03706116763298
51.7578125	-66.234178166689318	-87.382187175034815	-11.936432737593151	-115.04394307955809	-11.229605256224788	-100.64455790971381
53.7109375	-66.10893670406584	-88.301583375912173	-12.103119488359084	-116.32513279309202	-11.353444373004393	-102.28883135118295
55.6640625	-65.947777685095417	-89.210149319574384	-12.236270219457852	-117.50165735998912	-11.447905889288855	-103.76702517066144
56.640625	-65.88404019819086	-89.9261864442099	-12.333831878780078	-118.18455035429163	-11.52510767607528	-104.66084971773894
58.59375	-65.703435427419066	-91.067561362851734	-12.459348104161611	-119.30860842133488	-11.616036773699804	-106.07421936119371
60.546875	-65.475604824029261	-92.396459699587822	-12.551833635918294	-120.51617410428352	-11.669649824109307	-107.52598917360662
62.5	-65.208269627216652	-93.668096225497166	-12.601726532890103	-121.58589619245099	-11.68341640909744	-108.76410130273094
64.453125	-64.913524072768965	-95.5573321816976	-12.657384128982144	-122.9847905623933	-11.691899002488707	-110.37506885034244
66.40625	-64.55394392378021	-97.699131539558451	-12.666121348342113	-124.50312854809816	-11.645467106647709	-112.05078713873549
68.359375	-64.173690513536783	-100.41850611291262	-12.673356438786731	-126.23685944075321	-11.589946930447114	-113.97394728051383
70.3125	-63.786415913486167	-103.45801186179148	-12.668114071163084	-127.96346342940394	-11.521371016965334	-115.88465419008821
72.265625	-63.445928499721958	-107.01970232202402	-12.686834450940731	-129.71977575741462	-11.479161135399249	-117.88155484611268
75.1953125	-62.915172035160055	-113.69886839242588	-12.680827534471675	-132.85400751066103	-11.361491603094581	-121.42286071443375
77.1484375	-62.628722832563795	-118.66384420037637	-12.675939387238165	-134.946041701749	-11.283348922709786	-123.81374613084664
80.078125	-62.345397229392574	-127.04855116121114	-12.677119151577116	-138.29899844131688	-11.171487812016885	-127.70632358753898
82.03125	-62.274460502154909	-132.82598020292048	-12.677869994865702	-140.52450094012144	-11.09963662031711	-130.32160053099832
84.9609375	-62.356901396395365	-141.73278015317692	-12.683883652368657	-144.0648630093533	-10.995766740419077	-134.53958103445112
86.9140625	-62.490546735565431	-147.47569359331894	-12.664710503880265	-146.48628925586169	-10.900371238739307	-137.42978679538595
89.84375	-62.872522247674212	-155.57065803107278	-12.660360971490235	-150.25642647615288	-10.789075313290812	-142.01975536909086
92.7734375	-63.367874250640824	-162.5611808051469	-12.658208030360996	-154.02289077787094	-10.68977131572839	-146.67247289544417
95.703125	-63.913549624473291	-168.61013457853687	-12.655343032843655	-157.91739025503313	-10.597190446433673	-151.54531677281247
98.6328125	-64.440164720668037	-173.79580535021847	-12.635011680031909	-161.91733404474314	-10.492696479857784	-156.59602545458733
101.5625	-64.9147697308687	-178.16653494525929	-12.597010058323448	-165.94524918279683	-10.378702800247435	-161.729101736273
105.46875	-65.460034009774262	-183.10610482046658	-12.536759984973846	-171.4807696008686	-10.235695409991834	-168.86761723606463
108.3984375	-65.757815108485829	-186.41215469990053	-12.45527116374614	-175.80789188579246	-10.09978519123659	-174.4984281650411
111.328125	-65.963284046080787	-189.34781562759602	-12.354664448255336	-180.16365940854769	-9.957928270255243	-180.21566428068022
115.234375	-66.071796315231182	-193.18440983515262	-12.169162761474253	-186.32259096325376	-9.7354796837779034	-188.38005700000141
119.140625	-66.000219706198592	-197.15126663342173	-11.945026162028856	-192.9587021907837	-9.5129714697223822	-197.26012366304579
122.0703125	-65.857989557361449	-200.376874969187	-11.791447059396198	-198.30515694427805	-9.4081206935817416	-204.40861085245351
125.9765625	-65.568950981093835	-205.16577547361777	-11.638493369098954	-205.83567347038144	-9.399640283496721	-214.32768654162612
129.8828125	-65.114749989166711	-210.49735154942363	-11.497575825775282	-213.4697067587941	-9.4689127488147591	-224.15383769379307
133.7890625	-64.54398381016351	-216.80397948441066	-11.406105418093599	-221.2068568883341	-9.6515201182157533	-233.73107840516047
138.671875	-63.682647938006937	-226.84419201241161	-11.324793081121008	-231.0298645382893	-9.9711823798701538	-245.31075928170773
142.578125	-63.034208261334335	-237.35941625900546	-11.3297150670578	-239.06239622292736	-10.331370902068498	-254.19681100532165
147.4609375	-62.379363964999669	-254.46525416369735	-11.286346262314808	-249.63111064437038	-10.753481385016268	-265.40379703239535
151.3671875	-62.380931799873494	-270.07534288164226	-11.312649301171223	-258.18387345537496	-11.146978546928041	-273.92177885027576
156.25	-63.172180338655323	-289.50166908324894	-11.40114460696852	-269.41651045969581	-11.682558032712041	-284.517732679359
161.1328125	-64.516855241700625	-305.44192985262515	-11.542742225826871	-280.80049734753192	-12.222114348574941	-294.71710536852123
166.015625	-65.94347040268967	-317.2303466476115	-11.713756722466188	-291.93175054933624	-12.722009537387276	-304.3135060427731
171.875	-67.771564691089964	-328.6469095151088	-12.222893106956468	-307.22887656425968	-13.546058025058354	-316.86505664321811
176.7578125	-68.987362250645688	-335.90460943865128	-12.708594988733726	-319.39925800661081	-14.185825890457986	-326.7013032928773
182.6171875	-70.158637179787277	-343.53060573103744	-13.417422942782355	-333.81479597474589	-14.966123599207851	-338.333096822455
187.5	-70.870638440618535	-349.00679792850838	-14.050454556550642	-344.674501289711	-15.579401340655277	-347.19446049742919
193.359375	-71.6288295305118	-356.62377374087424	-15.055733516381206	-358.39669571626177	-16.468544870686305	-358.63742742971061
200.1953125	-72.225974130568233	-365.87869017571143	-16.237497616266083	-372.7676530637176	-17.458295644058442	-371.070740164242
206.0546875	-72.510686111408887	-374.57606471899737	-17.143886133102203	-384.00707065418175	-18.192619929083424	-381.13558196421911
211.9140625	-72.8853646295124	-384.74947617861454	-18.1902110328651	-394.78749944387357	-19.044811959787221	-391.13611232621827
218.75	-73.33268921937352	-397.64092133380046	-19.2823678321422	-406.40560818475069	-19.932876289014839	-402.22010890163222
225.5859375	-74.100398840428454	-410.86288646838614	-20.430965156661436	-416.9203044702794	-20.895652578406896	-412.58566609493312
232.421875	-74.987390959435061	-423.75527884779757	-21.422158372327441	-427.01605993289957	-21.730208962502942	-422.68989912825589
240.234375	-75.819437788494028	-437.98841502375933	-22.141039716917483	-438.9455936698414	-22.294965890963763	-434.62391538241513
247.0703125	-76.451152439962982	-449.672649503166	-22.56535490253291	-449.72258715624884	-22.592457596888828	-445.4676424400102

Name	7: Id:1 Vel_NC (kp:600 Tn:5)
Record-Number	7
Axis-ID	1
Min Frequency [Hz]	1
Max Frequency [Hz]	247.5
Frequency Steps	100
Mode	Velocity NC (without oversampling)
Position Monitoring Window [mm]	50
Velocity Amplitude Scaling Mode	1/ 10 at 1000Hz
Velocity Base Amplitude [mm/s]	10
Velocity Signal Amplitude [mm/s]	20
Integral Time [s]	5
Proportional Gain	600
Check Drive Limitations	True
Dead Time [s]	0.008
Cycle Time [ms]	2
Oversampling	x1
Frequency	Process-Gain	Process-Phase	Open-Loop-Gain	Open-Loop-Phase	Close-Loop-Gain	Close-Loop-Phase
0.9765625	-36.872981562437786	-70.971067631859114	23.24283577872654	-62.01575979324047	-0.29117968990071053	-3.3703171086144761
1.953125	-44.257424234970671	-89.511662397257339	15.183198292172754	-92.280710575964122	-0.070896527130584072	-9.9369497533369557
2.9296875	-47.780657628147317	-89.19784364866554	11.649103177789463	-92.090909331617169	-0.20908091283643293	-14.782681413725658
3.90625	-50.297238820049756	-88.775235410685	9.1103325133009765	-91.963000744361239	-0.4089244410843913	-19.513411153022385
4.8828125	-52.212371973514507	-88.70344886506841	7.1877849615502694	-92.493123450843044	-0.61849228324194194	-23.997742306584996
5.859375	-53.779635622453711	-88.532896537433956	5.6061173869462833	-92.910879211166048	-0.86989658828992567	-28.284336638498417
6.8359375	-55.090493925671446	-88.413665770912274	4.2818642503176418	-93.439747096915355	-1.1387454764468357	-32.329931798836107
7.8125	-56.2249396967533	-88.318233358823932	3.1273270915365696	-94.014804174960119	-1.4270746880859564	-36.191816021829069
8.7890625	-57.219589251213876	-88.2341943559506	2.1091469603167852	-94.614313791518967	-1.7292080620175905	-39.845975168789096
9.765625	-58.100256090464555	-88.13923407414299	1.2036855358401486	-95.203507549794367	-2.0412529333910525	-43.268995980463934
10.7421875	-58.902436538482746	-88.021193202588734	0.36813926300562294	-95.742453293503075	-2.3727132626968923	-46.529246371779685
11.71875	-59.6171305919107	-87.971045393033165	-0.37862465947255552	-96.397964129709166	-2.6911528944183534	-49.595123199551587
12.6953125	-60.281297288814393	-87.972422910679967	-1.0865328525781628	-97.106501244182681	-3.0186790372900769	-52.599359961589123
13.671875	-60.885855564666258	-87.830717836665258	-1.7300973874064927	-97.600866572689256	-3.3576761406298634	-55.269604031457312
14.6484375	-61.441880697872264	-87.804504095732952	-2.3318769832377835	-98.261613970717519	-3.682617904558473	-57.897160522314472
15.625	-61.958478172712041	-87.661873702667378	-2.8933338232960519	-98.737397831819266	-4.0190795701315043	-60.255549750847429
16.6015625	-62.437175656072966	-87.641688125226835	-3.4244424907336009	-99.384993280200632	-4.339874386907244	-62.613597850916619
17.578125	-62.887243127607448	-87.565524665708679	-3.929141600629193	-99.9305783133934	-4.6672412007416826	-64.792531919597181
18.5546875	-63.28706558652577	-87.433248582906828	-4.3744371745440622	-100.42791523533121	-4.96800352203762	-66.710697019097381
19.53125	-63.679940632710043	-87.39173862956325	-4.8285992936558726	-101.00122224976893	-5.2820533474359523	-68.700022491818089
20.5078125	-64.048135284121315	-87.33190381930109	-5.2595395203155251	-101.53464100239606	-5.5922156571714519	-70.559275512055322
21.484375	-64.385195958740269	-87.211500664613951	-5.6549413332516316	-101.99007245763146	-5.8886434695807646	-72.216157725062772
22.4609375	-64.700151392889083	-87.126251841257073	-6.0319930147327732	-102.48539036288288	-6.1748361974537058	-73.827186661883715
23.4375	-65.007583799892842	-87.101593325987608	-6.4116722255281733	-103.0203046901435	-6.4681709301329331	-75.460188092110741
24.4140625	-65.287547548527471	-86.971171313664783	-6.756250134317396	-103.42064953756493	-6.7466616066285034	-76.84719321477499
25.390625	-65.547957190848436	-86.949885382322378	-7.0889852769311466	-103.96141431867798	-7.0106982676460605	-78.30622244330236
26.3671875	-65.795926660414324	-86.808797255323611	-7.4050085668030849	-104.31904360238929	-7.2766541579567132	-79.532514812086959
27.34375	-66.01922832678521	-86.748122417497072	-7.7002163715440011	-104.79618149115373	-7.5199289018203732	-80.79353521399733
28.3203125	-66.241545056996429	-86.691992882613334	-8.0006287079541583	-105.22756058724542	-7.7749066887299536	-82.010567411585114
29.296875	-66.437898921674034	-86.585421034944417	-8.2698483580919255	-105.61506965902544	-8.0065650507936272	-83.087740339872383
30.2734375	-66.621970208323276	-86.577455241400912	-8.5353382991199958	-106.11224868928646	-8.2311336320365154	-84.246930983396041
31.25	-66.800612786033781	-86.490270674512274	-8.7934845860412878	-106.47423147665671	-8.4593259156496821	-85.24501354265611
32.2265625	-66.9662635767273	-86.45189669184424	-9.0431301459256144	-106.88566257536596	-8.6788802847109583	-86.257421819322587
33.203125	-67.106878016661213	-86.368632877709217	-9.2630671783636327	-107.26877281958804	-8.8731074088106645	-87.159874720606112
34.1796875	-67.240304117991741	-86.388322871495177	-9.4855446403886141	-107.75056883411298	-9.0663619557009856	-88.15676107205897
35.15625	-67.369927014419261	-86.301071738043547	-9.69944026599408	-108.06808258776442	-9.2616302431739133	-88.962611255271469
36.1328125	-67.488184918076271	-86.28179437476166	-9.9078879408278553	-108.45490280138186	-9.4493487611932938	-89.8163177571322
37.109375	-67.586227141136263	-86.28134430640003	-10.097157611528	-108.8802871505717	-9.61736098930857	-90.6588954238493
38.0859375	-67.677008095397611	-86.290735330860244	-10.281722743517252	-109.29358025187626	-9.7825431148168835	-91.473171573304157
39.0625	-67.767088606778913	-86.314816875950257	-10.469079635264446	-109.6795625102215	-9.9530806847657054	-92.259800445741973
41.015625	-67.88833489498208	-86.344635975570867	-10.783683823439425	-110.48338565006797	-10.234748004857948	-93.725087435616018
41.9921875	-67.947776039627485	-86.374190099864421	-10.943881451221278	-110.83842804448658	-10.382027345896628	-94.409518254236431
42.96875	-67.980482312011674	-86.44247574329151	-11.080080792206434	-111.27667632019582	-10.501730899556723	-95.127798641448052
44.921875	-68.034806345172868	-86.623288190344269	-11.349298939846745	-112.10149177333831	-10.742351697123089	-96.49729733425923
45.8984375	-68.064717260134543	-86.811429888336136	-11.495702217882759	-112.53772510499576	-10.874876114952238	-97.224800487862055
47.8515625	-68.061801535977651	-87.234977795082727	-11.731402957645	-113.51940764412188	-11.078136198927744	-98.680024226948333
48.828125	-68.052758303132677	-87.398688228641049	-11.839447340342753	-113.91894242609419	-11.174250254959521	-99.292434975643388
50.78125	-67.987756066082341	-87.895386229874561	-12.024597385005674	-114.8932444987924	-11.328342255987549	-100.64226060455567
51.7578125	-67.950349101175576	-88.266479414930771	-12.121873998239995	-115.44001695541223	-11.408660710980513	-101.38739634232761
53.7109375	-67.8625425267656	-88.974056658251428	-12.301246490967426	-116.39962175463927	-11.560089200249937	-102.70882978450796
55.6640625	-67.737001053133952	-89.939161196050108	-12.46228188193782	-117.51104301355994	-11.687950847097575	-104.15897907760977
56.640625	-67.67030483076222	-90.572705202560826	-12.547753707584036	-118.13364833335977	-11.755301698742448	-104.96372042885884
58.59375	-67.5198389974819	-91.713595451541039	-12.690482600992699	-119.17516810152533	-11.86887626952743	-106.31001502141822
60.546875	-67.346378633753488	-92.97804590248596	-12.813655461105608	-120.19395351200022	-11.963690787679333	-107.60125819428941
62.5	-67.161400187834417	-94.23583579084324	-12.916652505870269	-121.05918186320675	-12.043447164578364	-108.69625607681414
64.453125	-66.88028713400756	-95.93411776364465	-12.960158254032264	-122.32050042950388	-12.045498788163844	-110.12997833299829
66.40625	-66.616570965058571	-97.836815764366321	-13.013746960505234	-123.49620926556048	-12.062250017907331	-111.49244551387999
68.359375	-66.3019047342325	-100.09177676492016	-13.03149177283289	-124.84774211087652	-12.034302789703569	-112.99884710325463
70.3125	-65.993607221010279	-102.91625027883538	-13.059218118111239	-126.38478109648554	-12.011456660822088	-114.73358004052085
72.265625	-65.658984622895773	-105.89521376754112	-13.049548935301519	-127.88544175409112	-11.949068813025935	-116.38274613779095
75.1953125	-65.193479780511865	-111.57408861095948	-13.046083111892131	-130.53399938869921	-11.855024017961393	-119.3405793159114
77.1484375	-64.938788362191872	-115.81653012257176	-13.045264036580413	-132.32415980847685	-11.794075244503176	-121.3613857481092
80.078125	-64.633044881388642	-122.9368420677314	-13.026406390660084	-135.21019705393425	-11.677547706095206	-124.62732963112306
82.03125	-64.543094891176793	-127.97436999744501	-13.028386242334511	-137.16290951515117	-11.616988036625639	-126.88128059122748
84.9609375	-64.506110275726314	-135.7930026754851	-12.999606367209298	-140.26550533387163	-11.486334929390816	-130.45736132112216
86.9140625	-64.582124974761129	-140.91371887666523	-12.980423182833839	-142.3665983945568	-11.400029242248497	-132.90732904090629
89.84375	-64.8020520149906	-148.44995215586925	-12.933996613653951	-145.74027878434228	-11.246328498641159	-136.86853245480597
92.7734375	-65.16446178380356	-155.22732105734977	-12.8997765929031	-149.16425354688079	-11.110821254701362	-140.96402869757151
95.703125	-65.566598781906208	-161.32227935772195	-12.839435551006847	-152.75821841020039	-10.94510351494579	-145.29854124722175
98.6328125	-66.0030476850129	-166.42199084541789	-12.783922723644917	-156.31964973933466	-10.793171802703634	-149.6627542753169
101.5625	-66.397803663680207	-170.8935793102653	-12.697117851535962	-160.0222190907545	-10.60703843653809	-154.23996947845833
105.46875	-66.8543855536479	-176.04618353971182	-12.557161094473425	-165.21171112090067	-10.338254040938912	-160.75915169368278
108.3984375	-67.111394228742881	-179.34126378044681	-12.425335117522199	-169.19938674022185	-10.11404043616799	-165.84649787324722
111.328125	-67.278034928931433	-182.15346900548971	-12.266751762890888	-173.16251568284906	-9.86809926276335	-170.97190152935559
115.234375	-67.337690015223345	-185.79634771682595	-11.991737642494369	-178.86418939904286	-9.477178399015294	-178.48275332751669
119.140625	-67.226037571161413	-189.46131627350567	-11.674728556514303	-185.08541092211641	-9.0665637431059434	-186.87394834542434
122.0703125	-67.04780488021909	-192.27199381280511	-11.441729783332029	-190.04758973433749	-8.7996361776743619	-193.6795639762824
125.9765625	-66.656585766659646	-196.70614044540517	-11.129457347844296	-197.45960407154323	-8.5120881948988245	-203.92521893805144
129.8828125	-66.197425261780424	-201.1995861147671	-10.939883948484486	-204.71953675681522	-8.4600569588897265	-213.80403486608429
133.7890625	-65.552925097020591	-206.66891725058039	-10.762438684992684	-212.31304911891044	-8.5025259240640878	-223.89933989153823
138.671875	-64.545063640980615	-215.15034015816482	-10.591679125424537	-221.74033787401774	-8.6968318263900919	-235.89909799272638
142.578125	-63.7051407297585	-224.6230862903694	-10.549653268836604	-229.62584350374257	-9.0225694118833282	-245.2666800937476
147.4609375	-62.460004056594158	-240.54536019993398	-10.320007484886229	-239.60931421865612	-9.2660181464646136	-256.87656560639914
151.3671875	-61.946930839418968	-257.353497428184	-10.211499317733491	-248.01138246557116	-9.5773290340044817	-265.94088244567212
156.25	-62.326451018470763	-280.73334704403743	-10.091249112485521	-259.28664679113604	-10.010500756337056	-277.36638933441282
161.1328125	-63.696441228841429	-300.56661543130866	-10.010774142646463	-270.98087607286243	-10.466216338302992	-288.41792505647311
166.015625	-65.494485943556782	-314.29368686061662	-10.12625338657584	-282.95657210100012	-11.049574289195572	-298.80536752628467
171.875	-67.536663137315742	-327.623580339815	-10.30295608637368	-300.14573892567364	-11.764219517133101	-313.04236426832989
176.7578125	-68.915358798048828	-335.37553323759084	-10.655242254012387	-314.03517402514893	-12.397793033099212	-323.96832747705895
182.6171875	-70.20355897686369	-343.15557627044603	-11.289098718470576	-330.51178014151492	-13.189364601788654	-336.701635262225
187.5	-70.978311007858167	-349.2734345441396	-11.932179663848284	-343.87317207158389	-13.83684171035538	-347.11051258840968
193.359375	-71.76307894779768	-356.26078385865048	-13.038212557235028	-358.33677122571004	-14.78541056167002	-358.63989673897674
200.1953125	-72.285590390845968	-364.57426745943303	-14.250720946503066	-372.79986014926874	-15.76025381336828	-370.73129865783557
206.0546875	-72.668924910641749	-374.62004984679504	-15.478640467499323	-386.07804516410505	-16.719260419159752	-382.40090185480159
211.9140625	-72.954220942055684	-384.86861035964063	-16.57034739231889	-397.00730749485882	-17.57083350837226	-392.44087179959934
218.75	-73.4780438809782	-398.448802363262	-17.875413789233974	-408.78778888534157	-18.611113836909748	-403.72361162600953
225.5859375	-74.289805523408063	-412.44389395987525	-19.127353676710683	-419.42892209757736	-19.637710865336722	-414.27871526792927
232.421875	-75.385212490063807	-425.20142795392894	-20.31104510658907	-428.83208926216463	-20.641214574168036	-423.86310658419768
240.234375	-76.445188765161816	-438.87181444833766	-21.220288782125223	-439.90232023973158	-21.382345273649133	-435.08575702466305
247.0703125	-77.331635096578751	-450.24000420964546	-21.870279176887514	-450.28737295771867	-21.894929501963535	-445.67589983411978

Name	8: Id:1 Vel_NC (kp:700 Tn:5)
Record-Number	8
Axis-ID	1
Min Frequency [Hz]	1
Max Frequency [Hz]	247.5
Frequency Steps	100
Mode	Velocity NC (without oversampling)
Position Monitoring Window [mm]	50
Velocity Amplitude Scaling Mode	1/ 10 at 1000Hz
Velocity Base Amplitude [mm/s]	10
Velocity Signal Amplitude [mm/s]	20
Integral Time [s]	5
Proportional Gain	700
Check Drive Limitations	True
Dead Time [s]	0.008
Cycle Time [ms]	2
Oversampling	x1
Frequency	Process-Gain	Process-Phase	Open-Loop-Gain	Open-Loop-Phase	Close-Loop-Gain	Close-Loop-Phase
0.9765625	-38.150589839656462	-71.100800570493249	23.34803427713485	-62.112867338516658	-0.28673086948111304	-3.3344044979208802
1.953125	-45.535194773563035	-89.390576724889485	15.279792851400995	-92.110712065270548	-0.07306414093521843	-9.8246105620693047
2.9296875	-49.054229986379745	-89.178022996840809	11.751420165034116	-92.086845345458826	-0.20356198080891089	-14.615221876227942
3.90625	-51.570505425908635	-88.807581925829567	9.2122724974695043	-92.045802730562784	-0.39480043101255224	-19.308275236398224
4.8828125	-53.484749992052265	-88.685965625167356	7.29158023736332	-92.507003883602692	-0.60237949378709643	-23.74153591363206
5.859375	-55.04970525258846	-88.548459923586677	5.7127263982820757	-92.9854622694294	-0.84363246182102314	-27.998802845113769
6.8359375	-56.364101361649624	-88.450195884519559	4.3822636576217686	-93.5522803307347	-1.1050315901751584	-32.04870983816518
7.8125	-57.496740213098263	-88.337446059916545	3.230458731774259	-94.110227956290871	-1.3876281524218406	-35.88126213508486
8.7890625	-58.495421243728643	-88.259119000515469	2.205460120550613	-94.722246310262861	-1.6851899277407345	-39.552277445968151
9.765625	-59.376083955292629	-88.1582307558489	1.2996848646185115	-95.309859867933071	-1.9920708115497758	-42.970639843877144
10.7421875	-60.170219930193149	-88.096206601585862	0.47409166470241393	-95.95212696628991	-2.3050138325667064	-46.241868572155319
11.71875	-60.893452127648068	-88.018182431744549	-0.28546945447364441	-96.56078741629517	-2.6287581949987708	-49.336210738796638
12.6953125	-61.5556357066769	-87.933259553884312	-0.98802844579597526	-97.149455054660123	-2.9590918925391345	-52.258679014291936
13.671875	-62.160833816372389	-87.873790620149592	-1.636279977409369	-97.772850109996469	-3.2858363857902084	-55.028075960228826
14.6484375	-62.717254950154881	-87.764456681546932	-2.2360200299499495	-98.316086527274038	-3.6157876017126234	-57.581251219654717
15.625	-63.230616483017606	-87.693816777342235	-2.796450004993885	-98.910748242488182	-3.9382909369830865	-60.023743706512349
16.6015625	-63.714220753534207	-87.608541149593179	-3.3326287500183387	-99.459852928840121	-4.2677788770089116	-62.340142018710317
17.578125	-64.152165653595	-87.514118055954569	-3.8195905378876898	-100.01057413593895	-4.5788205361269236	-64.468924314205879
18.5546875	-64.561507997859735	-87.466267860042024	-4.2835505136640224	-100.61593695040676	-4.8827267040998	-66.544264449754692
19.53125	-64.958366151737891	-87.354174166978808	-4.7406377153600516	-101.08484254131263	-5.205199207184215	-68.471586146922817
20.5078125	-65.320488371503728	-87.259978894882522	-5.1619295020791611	-101.5895829187768	-5.5077283041776255	-70.28428343610021
21.484375	-65.653179040439852	-87.1995324605619	-5.5553373370029044	-102.14554665640169	-5.7931974986493966	-72.028079407253756
22.4609375	-65.977172992684018	-87.138287287538319	-5.9472287783284008	-102.65682836746902	-6.0894496347215714	-73.7099673904435
23.4375	-66.276972988326165	-87.05755275782515	-6.3141101970197324	-103.13887511828904	-6.3740755422350572	-75.2671436410275
24.4140625	-66.555383712271308	-86.9517713530638	-6.6589891878339227	-103.58176398743609	-6.6486949939386388	-76.702396875756833
25.390625	-66.808081662514482	-86.958326717529744	-6.9842085180345865	-104.1856932973899	-6.9005504031014109	-78.2061925307027
26.3671875	-67.065435375588748	-86.836302140633322	-7.31498819566635	-104.54673310977734	-7.1789966840740433	-79.488105018316219
27.34375	-67.291950784619956	-86.806964067375759	-7.6175127272649554	-105.05940312526882	-7.4261544367342154	-80.811155089398369
28.3203125	-67.508785911089277	-86.726918779217655	-7.9103493136886662	-105.47793389528935	-7.6743396881107184	-82.004293312458174
29.296875	-67.718782621695539	-86.6612717536649	-8.2008304248975055	-105.88075830823233	-7.9248670948102156	-83.1600606283926
30.2734375	-67.901644135048116	-86.6363416686471	-8.4646396877423378	-106.36164542088414	-8.1485283702031222	-84.305898615370054
31.25	-68.0818294009394	-86.57417042222238	-8.727382773709369	-106.75148243174034	-8.379389669647578	-85.348791077484847
32.2265625	-68.236701013764957	-86.611839866671531	-8.9700757471921282	-107.2899202023731	-8.584899600631017	-86.474167493349853
33.203125	-68.3871157982689	-86.507557898191351	-9.2015840940184948	-107.61748075746503	-8.793590026938956	-87.356028671592227
34.1796875	-68.525113991079508	-86.500108769186681	-9.42864830355017	-108.0522066559687	-8.993922654158224	-88.322480919561883
35.15625	-68.661378455112185	-86.4988319265791	-9.6574653486386826	-108.4502276416912	-9.1998680845132359	-89.247038984216843
36.1328125	-68.776702676032428	-86.495574960500733	-9.8644980016645167	-108.86295268831407	-9.3850467951540431	-90.127509025793074
37.109375	-68.882838459657975	-86.567538705337768	-10.0692736554252	-109.34367225539825	-9.5660572806066817	-91.063632028867943
38.0859375	-68.98269779765441	-86.5587061285572	-10.263580717654863	-109.70360979982685	-9.74403917960039	-91.848189941866352
39.0625	-69.072202417134946	-86.610010396412989	-10.452886127051839	-110.11802174354941	-9.9155058672826542	-92.670264433646935
41.015625	-69.203137036838825	-86.7997762955551	-10.791089197541417	-111.05597047668773	-10.21563282877305	-94.325071318074407
41.9921875	-69.2697758838081	-86.843431123253566	-10.960427519076541	-111.39603008858707	-10.373478074992093	-95.013921568021857
42.96875	-69.309772463469173	-86.939688210020961	-11.106718747287534	-111.83295364733613	-10.50406854002561	-95.752017746762249
44.921875	-69.385485923796438	-87.1575104320225	-11.400809340991373	-112.6114040543834	-10.773387842742919	-97.122507906840525
45.8984375	-69.4046111982585	-87.33063711750529	-11.534887625778662	-113.05873950944908	-10.893163125919536	-97.83851283040643
47.8515625	-69.4272915920465	-87.784660710337477	-11.797455176530873	-113.97257381670143	-11.12815957717989	-99.272745714921058
48.828125	-69.430867937539517	-87.981456265199668	-11.919408644349046	-114.3564605688924	-11.239880667651999	-99.893143776829959
50.78125	-69.405688977167316	-88.522267520831051	-12.143024534227367	-115.23204008977457	-11.439222055431966	-101.20520740069286
51.7578125	-69.365176439008522	-88.995340482038387	-12.242963363593987	-115.8741520163875	-11.519104330678303	-102.0540580522399
53.7109375	-69.279168426848614	-89.78894077049	-12.426455871369033	-116.88817159666914	-11.673794361744875	-103.43759006284384
55.6640625	-69.197790403359264	-90.715239664406809	-12.618886038918472	-117.82073019085077	-11.842909167683853	-104.74676748474647
56.640625	-69.1566399940057	-91.216076667380776	-12.714548553816352	-118.25365322743741	-11.928765300088402	-105.3634028558085
58.59375	-69.029499399757611	-92.437212921215846	-12.875891440864056	-119.29495061115311	-12.063191478762276	-106.73407560563975
60.546875	-68.891017018911413	-93.577899954182655	-13.013162293300082	-120.12492829717775	-12.180807980243742	-107.839285369431
62.5	-68.731643943672069	-94.934299406500983	-13.135226755563581	-121.01323991758116	-12.281048510407972	-108.98308518265158
64.453125	-68.519196730832931	-96.263603980987938	-13.202247802548	-121.84738950573484	-12.324573364525545	-109.98583000170883
66.40625	-68.266404362534615	-98.18115884951564	-13.256825292910703	-123.04542783958121	-12.342735630610706	-111.36753452045663
68.359375	-68.007685754085912	-100.38887835693296	-13.3039393223455	-124.28796577990411	-12.35199792391189	-112.79229359798443
70.3125	-67.75695360253934	-102.84264839496825	-13.346766377429473	-125.51829531929985	-12.357697521383448	-114.203377964904
72.265625	-67.476938181691068	-105.98265396651026	-13.372996166877034	-127.11107315273397	-12.333833322558476	-115.9970625513686
75.1953125	-67.108335308979576	-110.82236975846706	-13.394247165388633	-129.21621090626809	-12.288640338377938	-118.36545246830873
77.1484375	-66.8876340271927	-114.61687183666545	-13.400530610388577	-130.80621488455023	-12.244448021832142	-120.15356663516275
80.078125	-66.650289494633654	-120.73619741634631	-13.407752354768057	-133.2058895870683	-12.176562937997682	-122.87068333798307
82.03125	-66.508859565004343	-125.34888937011065	-13.380857924928332	-135.07952188376873	-12.08764639401927	-124.96654405455234
84.9609375	-66.4536126621902	-132.24477056844628	-13.355317358919125	-137.79487381728558	-11.975504788661224	-128.05229879501888
86.9140625	-66.5049742438512	-136.71652069753404	-13.33961642143292	-139.58143159915224	-11.90412356018453	-130.1033666225326
89.84375	-66.660436704631508	-143.52391415098182	-13.29214302988818	-142.56616501504817	-11.762212355546788	-133.53791771710962
92.7734375	-66.9190573941521	-149.79654546053908	-13.234734049404659	-145.61680492162907	-11.609482366553344	-137.0839953515285
95.703125	-67.260022514029714	-155.47323390583472	-13.178012707473277	-148.79781947394503	-11.45751385371215	-140.83576190760104
98.6328125	-67.595750782922934	-160.39782139252526	-13.086410361315163	-152.00000984738406	-11.26675540515215	-144.62787963560856
101.5625	-67.9320762451935	-164.79763838609244	-12.982202173470172	-155.38911749451978	-11.060391109351631	-148.69554606936609
105.46875	-68.3261288167565	-169.75005899937932	-12.81559223497829	-160.03200274797391	-10.756534091771268	-154.35142788004097
108.3984375	-68.53487708618573	-172.8583810205391	-12.649123106362106	-163.55634721253318	-10.482459513622748	-158.69879632810722
111.328125	-68.676722491656662	-175.62382309804877	-12.461486547374424	-167.2100253149342	-10.185969853926577	-163.28087367716037
115.234375	-68.71681525418262	-178.8946895668322	-12.150441575893202	-172.25791185715855	-9.72210340918982	-169.73692453350898
119.140625	-68.617979772989742	-182.08222244687352	-11.811491464801714	-177.80079203898055	-9.2377486106532949	-177.04171662045249
122.0703125	-68.453658574255073	-184.30648274503591	-11.55594825936263	-182.0892541639067	-8.8920255267863819	-182.839677220391
125.9765625	-68.061439557811426	-187.49847471805782	-11.176788487950425	-188.27705245599009	-8.4170697915267549	-191.40836787065911
129.8828125	-67.566664521370171	-191.2954239332598	-10.8760157566293	-195.11561118309956	-8.1166068193138	-200.99467541895848
133.7890625	-66.916610920256474	-195.55130528228347	-10.619856993904154	-202.08983047295348	-7.9520909711023835	-210.74806129895669
138.671875	-65.856812810223886	-202.05398376298413	-10.345237004755818	-210.8507559647922	-7.908170324796755	-222.75757096648007
142.578125	-64.716386325115337	-208.68951846144282	-10.07586303906618	-217.76156336881996	-7.8762877120357988	-232.07869606050298
147.4609375	-63.166272905499319	-222.26183602451988	-9.83050931415907	-227.52278347781714	-8.0813195215886182	-244.43380137624132
151.3671875	-61.943472087617565	-237.81221758037339	-9.580518823299256	-235.4596940081401	-8.2363215375196646	-254.07000753658718
156.25	-61.318847320308137	-263.77702872396264	-9.2578919205609154	-246.01937058186155	-8.4937499588664647	-266.11837637221765
161.1328125	-62.394641454160492	-290.20457801188161	-8.9411453008633064	-257.77270242520422	-8.8369614235524576	-278.4641312416361
166.015625	-64.584321769322585	-309.19273108855589	-8.8146019760364283	-271.22238574104097	-9.4096616709255656	-291.00122633570118
171.875	-66.895599114076575	-324.08678467488051	-8.6207696980812862	-288.40534684089772	-9.99252128120725	-305.88157543427377
176.7578125	-68.541086320701226	-332.65200709625771	-8.7484779358764673	-304.07432147078868	-10.631183568306103	-318.17201771982809
182.6171875	-70.0366751622342	-340.8647087133636	-9.2174827620986548	-323.24139545666156	-11.455588356361304	-332.45096052814876
187.5	-70.91371369073191	-348.19504878191105	-9.7911115301102321	-340.58657617280414	-12.136141844824097	-345.30116019821
193.359375	-71.711576299574944	-354.82437518286929	-10.94825094340556	-356.65995396939076	-13.113780358730159	-357.3975684373554
200.1953125	-72.167791025549974	-363.42936405824588	-12.241828371860032	-373.31637312188587	-14.103266267432202	-370.71348726448485
206.0546875	-72.494096915220751	-374.07826891395888	-13.643609976796245	-388.12533191398069	-15.135454981621862	-383.39125374916966
211.9140625	-72.8179881422347	-384.98760385713945	-14.988055785953572	-399.61827830337751	-16.147660785556447	-393.9159448275405
218.75	-73.372404817922046	-398.6726029041248	-16.461343936735918	-410.87047744526478	-17.297363510764715	-404.79227601086404
225.5859375	-74.157232368626779	-413.58577914293579	-17.764534413070653	-421.71193589634493	-18.331041364179057	-415.58610255756355
232.421875	-75.45951372676393	-426.98849564985608	-19.141919185866826	-431.03247805720616	-19.491975063033426	-425.27795919258438
240.234375	-76.81944962655551	-439.91430472646732	-20.297817270371773	-441.01572044037158	-20.466134016801657	-435.64427626543147
247.0703125	-77.796880398468687	-450.83293872199846	-21.0075344601438	-450.87748118330649	-21.030068319943975	-445.78252100194089

Name	9: Id:1 Vel_NC (kp:40 Tn:5)
Record-Number	9
Axis-ID	1
Min Frequency [Hz]	1
Max Frequency [Hz]	247.5
Frequency Steps	100
Mode	Velocity NC (without oversampling)
Position Monitoring Window [mm]	50
Velocity Amplitude Scaling Mode	1/ 10 at 1000Hz
Velocity Base Amplitude [mm/s]	10
Velocity Signal Amplitude [mm/s]	20
Integral Time [s]	5
Proportional Gain	40
Check Drive Limitations	True
Dead Time [s]	0.008
Cycle Time [ms]	2
Oversampling	x1
Frequency	Process-Gain	Process-Phase	Open-Loop-Gain	Open-Loop-Phase	Close-Loop-Gain	Close-Loop-Phase
0.9765625	-16.884321137835443	-79.944884526280632	18.14606028142952	-79.384827087381922	-0.25687994348506832	-6.7841321816373021
1.953125	-25.623608182421872	-92.87824433664052	8.4000077302959468	-95.5190045629535	-0.29957179409951878	-21.444352767394676
2.9296875	-28.500939903048977	-91.780141530494546	5.6932578955616906	-94.276575931888118	-0.76326036801902475	-28.307391847549603
3.90625	-31.82724829409814	-86.955497946345844	2.1609798610326911	-88.188924788179222	-2.1939685647459779	-37.256945172548427
4.8828125	-33.289728795492266	-89.092124923711623	0.80483377957739322	-91.206882625739581	-2.5344496684212476	-42.896372414342409
5.859375	-35.255443181023907	-88.842971479821415	-1.2685393972202708	-91.074330365317309	-3.6093982201682757	-49.78490958251313
6.8359375	-36.348041838917709	-90.566627721348979	-2.325979399266374	-93.611136334097779	-4.0547999319716492	-54.874303172638342
7.8125	-37.842701345574575	-89.715953541958072	-3.9117120505547942	-92.717620885121661	-5.201646012027247	-59.431604514183341
8.7890625	-38.995792149714461	-90.696402823546592	-5.12248234255909	-94.169337249530813	-6.0102533961410733	-64.217546824971308
9.765625	-40.009529203518255	-89.593197614051761	-6.1658007484388762	-93.056946958101108	-6.9188440054648526	-66.298176918985774
10.7421875	-41.070532784607892	-86.846310781997346	-7.2700081600997537	-89.877901656352435	-8.023085241884111	-66.484038467414763
11.71875	-42.190250743347292	-86.205270157724755	-8.4797461484410732	-89.230907289634843	-9.0943734036270456	-68.685625445629015
12.6953125	-43.034939905481707	-79.302909520188976	-9.3207184620486156	-81.09925641794996	-10.19408151416564	-63.310029744401852
13.671875	-43.838771360343074	-73.093469619904141	-10.145877005627105	-73.836843597261065	-11.183310818627078	-58.467218527602974
14.6484375	-43.857533078607652	-62.636597789708212	-10.054722623136673	-61.373212714710405	-11.51555544950704	-47.891813617065175
15.625	-43.973652095825045	-58.351814270058625	-10.09158115261091	-56.313576758751942	-11.690331452225124	-43.80436986047313
16.6015625	-43.529132786573484	-55.234624028504108	-9.425835397696142	-52.4166374593856	-11.262061145182596	-39.900796442034896
17.578125	-43.370826355100959	-51.234309987447169	-9.12563760393936	-47.37825932682253	-11.155775027608533	-35.624748141980206
18.5546875	-43.017924129867907	-49.607647033726138	-8.53729598488215	-45.174957683357427	-10.758382469759757	-33.314077326962071
19.53125	-42.705053005368754	-48.581383993022229	-7.97320775516471	-43.74205363856958	-10.369905794616638	-31.647357574693341
20.5078125	-42.436164142819749	-49.656401909813674	-7.4115024231046975	-45.262793898084261	-9.9186177993512139	-32.157305929813965
21.484375	-41.931287448342061	-48.926538321219866	-6.5147552523152994	-44.148287617347975	-9.3045073681088191	-30.343181941085145
22.4609375	-41.453563357313584	-51.316100849915074	-5.5512191084212557	-47.866819328201409	-8.5324113973123445	-31.745137200311074
23.4375	-41.182709253546875	-54.4645140053252	-4.8794444061607729	-53.45953250465552	-7.8986664172401895	-34.57831475556879
24.4140625	-41.094463655847626	-58.200203641791319	-4.5423149833715266	-60.615406325078446	-7.404810449350804	-38.807715379639518
25.390625	-41.081000726213546	-61.510546401517608	-4.4020645051597587	-67.41743123361455	-7.0160700409385619	-43.1074761826758
26.3671875	-41.200379097873551	-64.683442071033625	-4.5655387857668517	-73.969245623156468	-6.808315857037945	-47.935956224312633
27.34375	-41.369202519612791	-66.705773796542118	-4.8289534149523412	-78.447234394087	-6.7564420119183684	-51.69846233408834
28.3203125	-41.484360383186377	-68.8417602952334	-5.0583054402790157	-83.13566585149475	-6.6585829645166772	-55.667168443291253
29.296875	-41.666204884477885	-70.656463353697788	-5.416237367009292	-86.990941460812181	-6.6989480031636344	-59.487658275246929
30.2734375	-41.863408920756449	-72.452035428952954	-5.8261269908925906	-90.587825079885818	-6.7985528744599169	-63.385096036023633
31.25	-42.028061803233555	-73.869362653562078	-6.1813700904096667	-93.545184508261059	-6.9009735570448534	-66.741130121042147
32.2265625	-42.144353713905282	-74.795145924798987	-6.4454762815384283	-95.819647572705748	-6.9768124509456166	-69.35988110874456
33.203125	-42.289505116914256	-76.053990650637743	-6.7933109460216077	-98.335743955697211	-7.1139281817530691	-72.473719987192339
34.1796875	-42.452964411815472	-77.32698683586284	-7.178623131658699	-100.65170965619808	-7.3058099598217554	-75.576980665343825
35.15625	-42.591907041786683	-78.171160923853975	-7.5016137881841747	-102.35525696691795	-7.4900132209392716	-77.999331353166767
36.1328125	-42.692311119972246	-79.37208356046682	-7.8137300653866779	-104.54342873754894	-7.6416888324935419	-80.8664506935071
37.109375	-42.786338558733917	-80.284530223213	-8.09918890650092	-106.26962506624605	-7.8044136633541727	-83.261127771390619
38.0859375	-42.89178775772011	-81.233628595129233	-8.4065596322609668	-107.88276858352093	-8.0018018220312648	-85.623721815537792
39.0625	-42.9283245191051	-81.954426264788225	-8.6164872301216029	-109.39189281743511	-8.1165474777464421	-87.644368992875
41.015625	-43.095968151333949	-84.014513354391653	-9.2097521107320368	-112.43400905252663	-8.5325153738969579	-92.185302282094227
41.9921875	-43.110972825097093	-84.858231978282319	-9.416835632346567	-113.86347708740661	-8.6634388584819622	-94.150962777677492
42.96875	-43.122278448766984	-85.686706120324644	-9.6212055846855762	-115.19728288177348	-8.8007332116161834	-96.0193776700756
44.921875	-43.168185828337087	-87.578574769245975	-10.07620896438867	-117.73808093588309	-9.1420798827705525	-99.742437005433828
45.8984375	-43.191010849119181	-88.539854096621724	-10.303150931329533	-118.88947035026683	-9.324187643458643	-101.47529208783685
47.8515625	-43.157728973620252	-90.525348432273418	-10.682783668907614	-121.28076461623318	-9.614220021969814	-104.86934071060735
48.828125	-43.153129390510557	-91.361064094844949	-10.867705730781651	-122.17083929254358	-9.7727902215274653	-106.2225385804847
50.78125	-43.081056395977306	-93.6415684678028	-11.221659639579425	-124.468272022555	-10.055467353809584	-109.45450340858453
51.7578125	-43.027601149865411	-95.093176392740375	-11.401663449220587	-125.80970301515883	-10.195578368419731	-111.2884164507894
53.7109375	-42.899527580765664	-97.294005178432826	-11.680000352804543	-127.74881267844526	-10.423788994734771	-113.97231032380765
55.6640625	-42.768578129234228	-100.09486759420059	-11.977879399763136	-129.87760933747202	-10.6731153546848	-116.89930972208762
56.640625	-42.749335457605007	-101.60352747716158	-12.158237136280135	-130.79165483755582	-10.842065488893693	-118.2416077851107
58.59375	-42.57337185401795	-104.55129446667925	-12.391431620125573	-132.75176314706198	-11.034521492041602	-120.85590663345781
60.546875	-42.324623091108336	-107.43223468776256	-12.543236152372261	-134.59214070656091	-11.142800218854266	-123.20538933944536
62.5	-42.058114686167521	-111.41808614423175	-12.710946349101967	-136.96702577504769	-11.255279784442964	-126.20318021056839
64.453125	-41.836559940998669	-115.98531656537448	-12.89464804663986	-139.37644591555619	-11.391070237604007	-129.27320594671559
66.40625	-41.692126128576348	-121.05531150678372	-13.098819868817252	-141.76382520422237	-11.55774489393368	-132.3489369927326
68.359375	-41.552256082461362	-126.53343359453918	-13.264682949194659	-144.24434036399205	-11.682712392808972	-135.48770893749645
70.3125	-41.5250503422355	-132.26827320859877	-13.448682557581792	-146.64053714909554	-11.837515493140211	-138.55019708304025
72.265625	-41.567826922430356	-138.38086453487639	-13.62271062419634	-149.17523802057627	-11.982969529555085	-141.76543858311777
75.1953125	-41.8693142416855	-147.27288406438797	-13.912252826976694	-152.76619142596482	-12.251398887648687	-146.35458290073203
77.1484375	-42.132891601969078	-153.12164379641666	-14.074805641962824	-155.26746927487858	-12.398561559784724	-149.50643516454511
80.078125	-42.679087335518943	-161.03556197149763	-14.325511525147693	-158.84739029248647	-12.640752057051913	-154.01757883618123
82.03125	-43.081307597686354	-165.66083653537615	-14.474843696402553	-161.12033707319162	-12.788368476484774	-156.86349416241879
84.9609375	-43.78259744534224	-172.41099704197018	-14.718308458698717	-164.957176911959	-13.036698998801272	-161.64024837706376
86.9140625	-44.23032303761002	-176.16448400981326	-14.85493681209077	-167.33707711276878	-13.179053480693499	-164.58153276401848
89.84375	-44.943911866406665	-181.23177971831228	-15.086249238586886	-171.04104580230771	-13.431443453644958	-169.13999520737758
92.7734375	-45.599408628440116	-185.62779667768564	-15.28738616065433	-174.76510451760151	-13.656650671557976	-173.67993634875535
95.703125	-46.21996702785809	-189.40549864441758	-15.490546901076662	-178.48029335381176	-13.893095303268442	-178.17335147190232
98.6328125	-46.767561186366621	-192.85928900053983	-15.66787737035482	-182.30204808159073	-14.106725800892647	-182.75564049662674
101.5625	-47.270848982238462	-196.13301978761626	-15.84791203326718	-186.3127228963927	-14.332219116239509	-187.52264951652407
105.46875	-47.850148999807736	-199.92098134209047	-16.088308256096383	-191.51714143071914	-14.644461426367672	-193.63692776752291
108.3984375	-48.171954681145806	-202.63440517318841	-16.221715641868862	-195.45710677332502	-14.831410362317019	-198.22689161687137
111.328125	-48.462984133506971	-205.36017382189732	-16.377233423873879	-199.53412128272777	-15.051857820372996	-202.92262420299946
115.234375	-48.743352396668172	-209.10425153764402	-16.559791184848827	-205.1185299999332	-15.327695003624884	-209.28713635985568
119.140625	-48.933516549068877	-213.08437680076833	-16.743647066617562	-210.87302076076747	-15.616582354388926	-215.74888150030392
122.0703125	-49.000832774128227	-216.25853938095412	-16.862489415556695	-215.24503440087136	-15.817771516100034	-220.60422651945697
125.9765625	-49.012434201093924	-220.88259305772684	-17.010184541411881	-221.1873485319523	-16.081884575284263	-227.12174186211058
129.8828125	-48.979179766363515	-226.01298438326177	-17.176567414064714	-227.19075455739519	-16.37278762829219	-233.58599236872357
133.7890625	-48.886749058376317	-231.92382557379477	-17.327532743427994	-233.39968044396466	-16.653778342975961	-240.1770626588758
138.671875	-48.764894707512177	-240.69705820851192	-17.526210544648947	-241.56323851906757	-17.025265126188557	-248.67757420603698
142.578125	-48.6791280364918	-248.79282890671095	-17.664382704880698	-248.34202777076459	-17.30479216126205	-255.62413739843413
147.4609375	-48.742767660035142	-259.77892688479119	-17.886890865231905	-256.84053079475996	-17.701424744044136	-264.12950758313247
151.3671875	-48.938457135707317	-269.39216622789627	-18.070064763288919	-264.04891909818411	-18.0251009874901	-271.22117145578846
156.25	-49.385462833281288	-281.20506498625696	-18.313256371419129	-273.00701044632012	-18.431016844220906	-279.87792943509004
161.1328125	-50.048121481827025	-292.44992192618975	-18.594974054322638	-282.16876904068346	-18.8618601374657	-288.56704771493065
166.015625	-50.605545858404682	-302.95625086187528	-18.676898802605937	-291.44662267077575	-19.0857724677888	-297.38199680628759
171.875	-51.84633709939628	-313.50821596966153	-19.346634308586044	-302.79713448722191	-19.871342192160149	-307.69120129168579
176.7578125	-52.65738323929218	-321.49036172194121	-19.757837891388181	-312.27194983782977	-20.360686528392982	-316.34258568084
182.6171875	-53.489667427772353	-330.44075705893852	-20.24556567181677	-323.84175244522407	-20.914141328463188	-326.8860338446097
187.5	-54.109771091001953	-337.5449737992202	-20.720555920287815	-333.5187196919411	-21.414409215634791	-335.69016486945736
193.359375	-54.632958504543367	-345.73009422985564	-21.219821600050757	-344.73408365547164	-21.920992540492847	-345.94344147750689
200.1953125	-55.07968427425655	-356.81843717838012	-21.841575588492013	-359.11628649000573	-22.517173525786262	-359.18242215052231
206.0546875	-55.405692417927014	-365.56857048386831	-22.445649466194428	-369.70155985795776	-23.069423899521276	-369.02344498106146
211.9140625	-55.626624839250368	-375.86804892152543	-23.006559317297594	-381.03039259706713	-23.564402593221413	-379.6662104481307
218.75	-55.852542646089688	-388.78634236128448	-23.620499786724672	-393.92395712092195	-24.088306920891611	-391.92639103142756
225.5859375	-56.067125035595154	-402.7697745727848	-24.129119484838224	-406.84061254897745	-24.49903757785561	-404.35000530915187
232.421875	-56.37730696386955	-417.32798227444982	-24.578176713401369	-419.78237110658927	-24.843122347719042	-416.9462946884131
240.234375	-56.95680219510983	-433.79683793609041	-25.119291480602641	-434.575847806443	-25.258532493872071	-431.55960592226506
247.0703125	-57.360077137949375	-447.36603703496047	-25.385666224319049	-447.4203808752423	-25.41913247794696	-444.35183003780469

Name	10: Id:1 Vel_NC (kp:30 Tn:5)
Record-Number	10
Axis-ID	1
Min Frequency [Hz]	1
Max Frequency [Hz]	247.5
Frequency Steps	100
Mode	Velocity NC (without oversampling)
Position Monitoring Window [mm]	50
Velocity Amplitude Scaling Mode	1/ 10 at 1000Hz
Velocity Base Amplitude [mm/s]	10
Velocity Signal Amplitude [mm/s]	20
Integral Time [s]	5
Proportional Gain	30
Check Drive Limitations	True
Dead Time [s]	0.008
Cycle Time [ms]	2
Oversampling	x1
Frequency	Process-Gain	Process-Phase	Open-Loop-Gain	Open-Loop-Phase	Close-Loop-Gain	Close-Loop-Phase
0.9765625	-14.079724058769976	-79.8761060072094	18.59075301020664	-79.419670087654708	-0.24085145805804856	-6.4567629796297838
1.953125	-24.516995121390959	-93.158255629880657	6.6832975321927659	-95.540593362015287	-0.5121486782808905	-25.76647911835612
2.9296875	-26.978669053972123	-94.518090707102729	4.4435796581820632	-97.423940719833581	-0.80813601129769108	-32.799394288076414
3.90625	-30.291799640668597	-88.11570686297415	0.96874839399108326	-89.503596043345851	-2.5901148006372376	-41.590715900212295
4.8828125	-31.674981336423684	-92.2715024709172	-0.3195613440894135	-94.918142065988746	-2.7840279450494316	-48.607357294607191
5.859375	-33.880546825675609	-91.803008695771965	-2.6709415583041975	-94.378297698592164	-4.219356365886556	-56.540579829836361
6.8359375	-34.965663910730029	-94.057857706178126	-3.7359993376955596	-97.444762632655156	-4.7207251339142431	-62.287640413098885
7.8125	-36.758864959968783	-89.899549888941152	-5.6378351127564885	-92.438791928949811	-6.5318152927033886	-64.339930806491211
8.7890625	-37.942993703753586	-86.624265635338986	-6.8439252408607665	-88.71421545478502	-7.7332100287004195	-64.482898189281372
9.765625	-39.246688802045604	-83.278232473882724	-8.2149384525815385	-84.881355128291	-9.0790247580432819	-64.3819433462311
10.7421875	-40.343299326377917	-81.44068169506258	-9.36218052761607	-82.89208117157979	-10.154143926973941	-64.936606072281549
11.71875	-41.723598116507354	-72.382447720545841	-10.840595001966173	-72.439924250558931	-11.829166129540305	-58.302980931379551
12.6953125	-41.857845137347731	-54.005900428240381	-10.966371565657093	-51.077830184890573	-12.536590521514741	-40.491470897994525
13.671875	-41.772858530113879	-39.97940873001248	-10.934039053986705	-34.589166964209277	-12.832391162328584	-27.144667199606619
14.6484375	-40.176590638776233	-39.9811715863155	-8.9182557730675036	-32.970552300247078	-11.296847488222708	-24.446455335911111
15.625	-39.955378823867861	-39.182482304280562	-8.5163525565388429	-31.500765747948385	-11.021577947970078	-23.053566148912516
16.6015625	-39.907570467615514	-41.462134882250808	-8.2391584813975935	-34.085746781458333	-10.771358325861769	-24.753193196637035
17.578125	-39.421023169632164	-39.55788257615373	-7.4975854579411836	-30.884187776821879	-10.289538767528914	-21.851412759879107
18.5546875	-39.12987634653043	-39.465974047453081	-6.9323796794557992	-30.192903929636437	-9.900922895442001	-20.93611749648726
19.53125	-38.734379514744816	-41.274381961833448	-6.1278655854289843	-31.979311380174646	-9.3121084734834234	-21.534905311993395
20.5078125	-37.933723587394383	-44.131202981144227	-4.6251401863160071	-34.899169166062038	-8.257189807014246	-22.124038774578587
21.484375	-37.625527214748082	-48.343676252493	-3.7320430565590623	-41.335329077916619	-7.5353268179157764	-25.231120628575617
22.4609375	-37.459322738613828	-52.822767078890223	-3.0697022947948351	-49.333665760883413	-6.887173796810389	-29.258838748294039
23.4375	-37.491233228909024	-57.376189624765018	-2.8347396600061381	-58.418327953011477	-6.4072084900680215	-34.3764597251398
24.4140625	-37.612786323806112	-61.345471259832038	-2.8853663286321329	-66.848172108574218	-6.063227479014655	-39.623400679114276
25.390625	-37.9078691686484	-64.003788442709308	-3.3166319499971619	-72.7089633595874	-6.03904435198173	-44.2590089686334
26.3671875	-38.185787758354842	-66.99593573914504	-3.8029207422291087	-78.952232151212556	-6.01433887269914	-49.540131182894967
27.34375	-38.402997874445937	-69.262373892167261	-4.2063064223912079	-83.846525191300643	-6.001048587164064	-53.962936864526561
28.3203125	-38.66614285272064	-71.3155925088584	-4.712935168004412	-88.022387330711908	-6.1052768406118538	-58.3622395642371
29.296875	-38.897740348838269	-72.174377877961021	-5.1070604318592716	-90.20292409724486	-6.2618111276716659	-61.105064162773424
30.2734375	-39.207411272712065	-73.912917821506028	-5.7029552954873663	-93.301064450045686	-6.5280912243793949	-65.212165572463533
31.25	-39.387848227625746	-75.413881115297244	-6.1013209322950317	-96.281065635910181	-6.6589349166237586	-68.778812903402979
32.2265625	-39.540727134183108	-76.448022348155646	-6.43681715255396	-98.5335925201681	-6.7939419635758105	-71.6394741043838
33.203125	-39.712976514720069	-77.238484298373066	-6.7891700914900976	-100.24839470663854	-6.986984716095094	-74.130718091288173
34.1796875	-39.816461418710638	-78.164181491263989	-7.0697186021615206	-102.29053559818605	-7.1030264429026255	-76.740466234658484
35.15625	-39.988236134122381	-79.22119439768062	-7.4598897350972564	-104.11342501076517	-7.34044313107924	-79.496486251544553
36.1328125	-40.118812807224934	-80.216687108452575	-7.796242454002849	-105.88952718161561	-7.54107331588264	-82.081675079663242
37.109375	-40.232101662894429	-80.879856069701574	-8.085533184181946	-107.2104868784328	-7.7334112217123119	-84.123123467755661
38.0859375	-40.342811020429124	-81.8582116336856	-8.403640924288867	-108.81652694196767	-7.9425613522464147	-86.524275900873533
39.0625	-40.421785497564137	-82.779088637647988	-8.6821334917146746	-110.36855316216644	-8.1232827998523476	-88.779001420654723
41.015625	-40.533081309090051	-84.417429178048934	-9.1762277880173588	-113.12016870123989	-8.4593671816681884	-92.799610525535044
41.9921875	-40.626584006764809	-85.197135627747443	-9.4620518335086423	-114.16606034776595	-8.693080199342976	-94.57152206745458
42.96875	-40.620922177987133	-86.099856728829536	-9.6549499159582233	-115.6316794204142	-8.8120692017711484	-96.551301266770253
44.921875	-40.696349621091073	-88.025995310791345	-10.140704563326759	-118.07384155055584	-9.1930243026528622	-100.24429736182952
45.8984375	-40.69945861912224	-88.715907257031532	-10.324834115626167	-119.03041049266346	-9.3402083837285126	-101.67374118754609
47.8515625	-40.64375798106542	-90.92487774613484	-10.701517801556093	-121.69473834472589	-9.6145400842687589	-105.35843667972625
48.828125	-40.645182789188219	-91.904400535695132	-10.902822781214102	-122.68147983993344	-9.7870800436715122	-106.85234620455029
50.78125	-40.596281719571607	-94.120567444862445	-11.269685829858114	-124.82449870276685	-10.092627684990623	-109.94189566242702
51.7578125	-40.528157219250822	-95.448065049935977	-11.427223490018367	-126.10240146278282	-10.211273716320399	-111.66268408325291
53.7109375	-40.457186586312893	-97.6480844807937	-11.7488948386228	-127.85597485500286	-10.496670984893516	-114.21701374137479
55.6640625	-40.308261380173576	-100.35077580475991	-12.023423827846676	-129.96139526773877	-10.721387834701696	-117.07232098619345
56.640625	-40.238077338733284	-101.89029374337315	-12.166921873216785	-131.03721220608421	-10.842536190884163	-118.53513696185252
58.59375	-40.087364645657082	-104.66790303302403	-12.407237031017415	-132.80268395083257	-11.050745400048967	-120.93925163552289
60.546875	-39.883785637803278	-107.90893852784946	-12.60827891269477	-134.78578466530362	-11.210951296966732	-123.52740022429623
62.5	-39.593493539281809	-111.80639799700913	-12.752078898184674	-137.15319469049876	-11.296860437342481	-126.47913969305596
64.453125	-39.307086481885953	-116.62937224300134	-12.901901824858486	-139.8454227601523	-11.384794228509067	-129.83261799714251
66.40625	-39.151947795658444	-121.86585633452439	-13.101767883035828	-142.33700161480891	-11.544327257686959	-133.02868992993015
68.359375	-39.047483427302225	-127.47789248272647	-13.288869751169326	-144.83554145030692	-11.695165782423331	-136.21828453490812
70.3125	-39.121094157427734	-132.80822346240851	-13.519716176350085	-146.87526430209419	-11.916171271812836	-138.90861724995921
72.265625	-39.188424487727914	-138.79036032806187	-13.703231579309552	-149.33590467859378	-12.07559183255329	-142.03980125785807
75.1953125	-39.458525648129864	-147.55390991653732	-13.969576344797614	-152.90708341929158	-12.317469506338965	-146.57480666552416
77.1484375	-39.7706041031608	-153.35587584102663	-14.162084009215157	-155.39524465750631	-12.501461165553806	-149.72994911066979
80.078125	-40.314890546727156	-161.01843481819768	-14.413748303509802	-158.85844916534327	-12.747218444090141	-154.08999997969613
82.03125	-40.724361538893277	-166.07261504418523	-14.566915788711018	-161.4481685804061	-12.895364592568264	-157.31407631840358
84.9609375	-41.409974764487956	-172.30044752496804	-14.80879841357112	-164.95559030154507	-13.146233568131002	-161.679935474116
86.9140625	-41.865017119068725	-176.36574762587691	-14.948721983554066	-167.58327176520095	-13.290415585127231	-164.91494717348556
89.84375	-42.553756903449113	-181.26035892647207	-15.168906279686247	-171.16137967085385	-13.530577011588186	-169.30696183530478
92.7734375	-43.224242700990622	-185.50815775066087	-15.389779694318168	-174.79411170640773	-13.779921383640941	-173.7301499523669
95.703125	-43.837533919083441	-189.58477435961532	-15.584463061211176	-178.75665923689348	-14.00560849916255	-178.50875895739139
98.6328125	-44.387397893625504	-192.83032491510133	-15.773298889797084	-182.40458643024789	-14.232898990588955	-182.87153898390068
101.5625	-44.8833126701322	-195.9320540111737	-15.954826638014909	-186.24423784097453	-14.459085634462387	-187.42373198782732
105.46875	-45.4552844498962	-199.86674109455618	-16.189013092824563	-191.56176902808028	-14.763465852237232	-193.6606931782089
108.3984375	-45.784237742962944	-202.60967164724462	-16.331200197856802	-195.52292524689028	-14.96017105578442	-198.26326620247261
111.328125	-46.062230428824584	-205.31423732737053	-16.475940361784229	-199.55395238256037	-15.16673621704205	-202.90114924971894
115.234375	-46.342630756183546	-209.08629688113382	-16.659377416764563	-205.14583380376163	-15.44240319123686	-209.26384378716494
119.140625	-46.545077148904021	-213.10341390431788	-16.855664022219777	-210.92094726013747	-15.744247301032033	-215.73223477610659
122.0703125	-46.608520869488359	-216.18201820970179	-16.97030951884129	-215.18030502726373	-15.937738885081	-220.45729742860513
125.9765625	-46.620234899900339	-220.86655239362904	-17.116253855721446	-221.16784105031471	-16.198882440639558	-227.02026906647404
129.8828125	-46.580120845491791	-226.11269624459138	-17.273854645818979	-227.27480598606797	-16.480335250436418	-233.59963570731253
133.7890625	-46.487880214643781	-232.01135271483935	-17.422340386028747	-233.46660415656089	-16.756762947070769	-240.16956817368651
138.671875	-46.380579512269648	-240.72647863956914	-17.630659881888739	-241.57988203069027	-17.135367321858251	-248.60526129968616
142.578125	-46.3151029882304	-248.83387101977885	-17.784142230597006	-248.38482383812448	-17.429436990494185	-255.56476743687023
147.4609375	-46.3788532782108	-259.71919270027882	-18.004886996748837	-256.82803344629332	-17.820753714012071	-264.01665949921846
151.3671875	-46.57326331702302	-269.01173576989652	-18.190987292484287	-263.78881463414342	-18.140833187554147	-270.86220824354677
156.25	-47.007184041780683	-280.74978494595427	-18.428689549118221	-272.70438553990437	-18.538753719525147	-279.49200204958845
161.1328125	-47.687227740480765	-291.97781838800819	-18.73359813044787	-281.88502938063328	-18.990918566480779	-288.19523826607593
166.015625	-48.229111893238617	-302.5798897079772	-18.806349144643953	-291.2404427840948	-19.205618447062633	-297.1024640901727
171.875	-49.4892202837942	-313.22948497954286	-19.501476325763782	-302.69017332110241	-20.015381457783313	-307.50935445966792
176.7578125	-50.258923923929459	-321.19543031289948	-19.874897914378437	-312.06741831204431	-20.467642646892973	-316.10119742731422
182.6171875	-51.057469511616887	-330.06254211160365	-20.32899344763176	-323.46859362569182	-20.988535906440436	-326.51374890402531
187.5	-51.681168567287415	-337.21062162062645	-20.806380983929774	-333.16767510308114	-21.491761013092294	-335.34630047508193
193.359375	-52.249415848071891	-345.72886280312781	-21.354575148547823	-344.74803917968603	-22.045383525128525	-345.93913455962604
200.1953125	-52.699206386154621	-356.69852649117064	-21.976261394231177	-358.94347461565371	-22.6418219681987	-359.02141532592606
206.0546875	-53.027404708379059	-365.27703735483556	-22.575644741925636	-369.31567595848242	-23.191088627039612	-368.67335232349473
211.9140625	-53.238120268325588	-375.72727397365236	-23.121868013174797	-380.81128268114213	-23.673282194223191	-379.47750942722178
218.75	-53.46719522502201	-388.68328817746391	-23.734545722068113	-393.75120406927209	-24.197198489810635	-391.78738997896085
225.5859375	-53.675647687961359	-402.71566260190843	-24.23430707904696	-406.73799745585563	-24.600411297361092	-404.28044798913044
232.421875	-53.988783234591907	-417.60717233309737	-24.687035237425341	-420.0235528065536	-24.946866599844949	-417.21432488145695
240.234375	-54.566711522667063	-433.63839660243866	-25.225126911073154	-434.41170606449271	-25.363825910387877	-431.43421005115266
247.0703125	-54.9738758377152	-447.32082672246952	-25.497353614141886	-447.37476888763263	-25.530600655627495	-444.34549237137537

Name	11: Id:1 Vel_NC (kp:20 Tn:5)
Record-Number	11
Axis-ID	1
Min Frequency [Hz]	1
Max Frequency [Hz]	247.5
Frequency Steps	100
Mode	Velocity NC (without oversampling)
Position Monitoring Window [mm]	50
Velocity Amplitude Scaling Mode	1/ 10 at 1000Hz
Velocity Base Amplitude [mm/s]	10
Velocity Signal Amplitude [mm/s]	20
Integral Time [s]	5
Proportional Gain	20
Check Drive Limitations	True
Dead Time [s]	0.008
Cycle Time [ms]	2
Oversampling	x1
Frequency	Process-Gain	Process-Phase	Open-Loop-Gain	Open-Loop-Phase	Close-Loop-Gain	Close-Loop-Phase
0.9765625	-12.480451319802562	-83.686027580179328	15.996577114352846	-84.897060220653785	-0.22570050452699647	-8.8514182910895585
1.953125	-22.8817811490855	-95.002520193240031	4.4423652847126709	-97.372306722417875	-0.81228261797353973	-32.791251192613039
2.9296875	-24.380186260509976	-99.904352209442777	3.267840822663822	-103.65037187509604	-0.59643914969831424	-38.520232108282094
3.90625	-28.720757237290215	-89.6258459994118	-1.359683607048773	-91.046955792530412	-3.6640297087239411	-50.071821021859591
4.8828125	-29.475802341998893	-98.1574653455524	-1.9666005132041837	-101.53256710933825	-3.1624345540641006	-58.626238303422845
5.859375	-31.882353264513839	-93.212820105647268	-4.49243162398354	-95.602002707979651	-5.423272830079279	-63.391132894627887
6.8359375	-33.18755692061891	-94.754073602330507	-5.81502099634932	-97.593987093771929	-6.333493850889198	-69.033986469084837
7.8125	-35.632610997482715	-93.790363825925638	-8.4618637206544332	-96.247399716325162	-8.7163196075013	-74.875766383069092
8.7890625	-37.508523521315155	-86.4106531948866	-10.4245201920222	-87.836428189631462	-10.891131700990304	-71.266245141382967
9.765625	-39.708034889514764	-74.478075975411869	-12.765476601736117	-74.522412391713942	-13.468276931290468	-62.726302856820425
10.7421875	-42.404552538165888	-23.945638499941076	-15.941068349113205	-20.353870445941268	-17.162153444292557	-17.589892213837842
11.71875	-37.192247472237355	-6.1547120596336953	-10.709525670711372	2.6373865045706677	-12.929287552616625	2.0423222945834336
12.6953125	-36.035774868433464	-14.137128066562354	-9.1833458044930865	-3.695715636659588	-11.76983382292725	-2.7430825243737087
13.671875	-35.683391303306465	-24.823979629248839	-8.3400058397401189	-14.382156946439819	-11.100505437547463	-10.414120871576033
14.6484375	-35.116991556794659	-25.520563629748722	-7.5200727024985348	-13.666348621672297	-10.518698709417526	-9.6303511885579223
15.625	-35.068854217541784	-28.043064314146292	-7.2098863858685247	-15.946173874458717	-10.281840926184472	-11.121625958112078
16.6015625	-34.75047596892324	-29.74579544975748	-6.5770631830962394	-16.870634203828359	-9.83532137313828	-11.503940652648586
17.578125	-33.949434685551175	-29.825921443513504	-5.3604010769846235	-14.680762678063665	-9.0428811163597533	-9.54714811280984
18.5546875	-33.172036211653953	-33.76178353110005	-3.8530451529576668	-17.392402034535028	-8.063447890055901	-10.607990188583564
19.53125	-32.488419913711212	-40.7216605692724	-2.0857863159575945	-25.359974444533862	-6.9146262369430334	-14.220027439843211
20.5078125	-32.478791406372288	-47.930315962831159	-1.2886513678203413	-37.461329710602413	-6.2188919001347305	-20.168888770912581
21.484375	-32.524706673182614	-54.395773480059205	-0.7663743891863819	-50.166870001317371	-5.5536907502142565	-26.2656534711276
22.4609375	-32.91158053138215	-58.640149600661275	-1.1435271475261235	-59.719387186427838	-5.3802067653226455	-32.02077915471034
23.4375	-33.326623185925278	-62.73078081817772	-1.736288320596048	-68.772363333671322	-5.2839028111620081	-38.286235289823516
24.4140625	-33.730793532883325	-65.844317939376225	-2.39504912397777	-75.58426921425162	-5.3043308016688515	-43.856514014259908
25.390625	-34.070826882689154	-67.814289268354628	-2.947694225954911	-80.1081477049736	-5.3829453265472917	-48.096749728046305
26.3671875	-34.42020584497314	-70.223235599546371	-3.5861184393207903	-85.073480876813562	-5.4938405125889638	-53.115419042198305
27.34375	-34.703502679439652	-71.77701868122692	-4.0893539499506053	-88.507626887035713	-5.619964605986941	-56.94535384941986
28.3203125	-35.009319706160824	-73.1053170472824	-4.6338285834699171	-91.291630226171534	-5.8316746457087465	-60.570185254442052
29.296875	-35.304378912985378	-74.3970151467609	-5.1721124691560938	-93.85392577983481	-6.0705650632026087	-64.117695198314578
30.2734375	-35.538498801829029	-75.943683832296941	-5.6519489879102043	-96.816627401422366	-6.2525397857913978	-67.909987297747136
31.25	-35.734167295400688	-76.543209213458184	-6.0081652539728205	-98.381387984633108	-6.4407909553449505	-70.262694726329912
32.2265625	-35.951992887622971	-77.68669506273919	-6.4513456516410264	-100.50311531685041	-6.6753190554531887	-73.378487904597065
33.203125	-36.146739095683031	-78.452945501763622	-6.835989098040379	-102.05609854942078	-6.9094187475405811	-75.86217455791386
34.1796875	-36.292429105144528	-79.48637743528127	-7.1852231627809946	-104.02992985439622	-7.0938803806957651	-78.644843386357465
35.15625	-36.4659968648697	-80.225163385614977	-7.5495297119880505	-105.39154516129791	-7.3415342339630785	-80.931550818161284
36.1328125	-36.556794081235616	-80.8762934192548	-7.8062651709903994	-106.86334047708023	-7.4889274696178578	-83.029973005459979
37.109375	-36.676959877183407	-82.0585973839521	-8.1524385434669338	-108.75745504261869	-7.701827028266532	-85.794975424428472
38.0859375	-36.794621898340623	-82.472133944685851	-8.4283144409371076	-109.638775423596	-7.9167526132706412	-87.394246815687609
39.0625	-36.902875016779831	-83.339305172842273	-8.73592510163737	-110.99462947779543	-8.1395515430475314	-89.540600659242415
41.015625	-37.015097245975035	-85.086679434838416	-9.240123191400464	-113.82616834004213	-8.4843328652079837	-93.679318607225682
41.9921875	-37.052021971744693	-85.721703846621466	-9.4530145159935621	-114.92034978596469	-8.6417570302216333	-95.32790932038759
42.96875	-37.130015917792321	-86.597411771728872	-9.7301191566322842	-116.02300545116576	-8.8691896237300547	-97.137394510960661
44.921875	-37.17449761375093	-88.380486668524142	-10.170802023564507	-118.41824681854648	-9.20721426999879	-100.67807909167018
45.8984375	-37.15382699375931	-89.287460674570227	-10.350276858708416	-119.65877912948554	-9.3356677008000126	-102.40285143104488
47.8515625	-37.1689502450491	-91.313967053859159	-10.775236623693285	-121.87952394448762	-9.6858738787100016	-105.71376221351237
48.828125	-37.145757204222193	-92.1021791894407	-10.938161405654458	-122.77825504634633	-9.8212100374559537	-107.03036679312505
50.78125	-37.064067383108679	-94.628465881773622	-11.29918819820743	-125.28367196865761	-10.104897131083332	-110.50779217872874
51.7578125	-37.038735431245854	-95.7337054172521	-11.474634826076681	-126.23285116340215	-10.258447292058472	-111.89742066329639
53.7109375	-36.967799744913094	-98.095946475887871	-11.805240901250206	-128.1102326995624	-10.549499605088519	-114.60333206280701
55.6640625	-36.850936738458529	-100.60580109339513	-12.088459465933234	-129.972493391143	-10.794585361416903	-117.19552887207513
56.640625	-36.793604932327341	-102.00580992385038	-12.23123496643937	-130.91362837960313	-10.920325585696911	-118.50119768920582
58.59375	-36.547718055149105	-104.97521790603123	-12.412257941154861	-133.0657764480022	-11.046921173449487	-121.24837176408016
60.546875	-36.328341252201071	-108.30531864666992	-12.606055078905689	-135.13463451035216	-11.196278408340625	-123.92621644850045
62.5	-36.1293269366529	-112.30758629068744	-12.813960725983261	-137.36689243478821	-11.361712160229695	-126.81632012140788
64.453125	-35.882206617960293	-116.779361353856	-12.97032597220927	-139.76675433698185	-11.467437336699657	-129.83343635814236
66.40625	-35.747669633829929	-122.12233973784537	-13.184711143122076	-142.31790234466553	-11.642736608082293	-133.11136486559133
68.359375	-35.639897719767482	-127.4531588931543	-13.358881167026622	-144.67521574946684	-11.782607174256094	-136.11081860523532
70.3125	-35.692299407300425	-133.40917739617717	-13.591070362253335	-147.15269165394389	-11.994194656590775	-139.31679106602948
72.265625	-35.756519440063492	-139.11116382762484	-13.764267304582646	-149.46656531641472	-12.145565800120428	-142.25732123992938
75.1953125	-36.067330465555344	-148.02614448156453	-14.055462242861157	-153.15349290886115	-12.4157226957708	-146.94562725676312
77.1484375	-36.353797885908079	-153.52178767053991	-14.229502427204526	-155.48563966159213	-12.581006825164014	-149.89156535789195
80.078125	-36.920206412059095	-161.19269289093552	-14.49682197575715	-158.99445287072331	-12.845376763298324	-154.30872902363137
82.03125	-37.305343708000137	-165.71747536338393	-14.639312840500656	-161.24460338313153	-12.985501391148656	-157.10990100054761
84.9609375	-37.984411682099221	-172.37472636245744	-14.875918154301964	-165.06612696741885	-13.226172849684621	-161.84383994890266
86.9140625	-38.463033276570009	-176.10754217275067	-15.040790113873868	-167.48311524683575	-13.402455422549176	-164.82808821587162
89.84375	-39.141028123366823	-180.93899700729085	-15.259400501163359	-171.01216676046229	-13.640560711907728	-169.15041919457454
92.7734375	-39.795801869998549	-185.67872522324404	-15.461299814473385	-175.02603575970241	-13.865159060609285	-174.01928626944334
95.703125	-40.389895639623823	-189.3967586863981	-15.651901458679474	-178.67642922601411	-14.086491478739944	-178.41498113497653
98.6328125	-40.9481066452036	-192.74488184988462	-15.848364007327138	-182.41730762262026	-14.322470783815698	-182.88191306614002
101.5625	-41.422537753256293	-195.96524717715349	-16.010106599461032	-186.3377111855491	-14.525046915300916	-187.52573521930839
105.46875	-42.0071929634204	-199.73992061368372	-16.262364904957845	-191.50808814300268	-14.849432194601937	-193.57680913745361
108.3984375	-42.3330584601846	-202.52934588965257	-16.402081020212272	-195.50094136324753	-15.042835833163615	-198.21155368588978
111.328125	-42.614374596420177	-205.33475648350219	-16.549600021829562	-199.623687608848	-15.252886939337241	-202.94917940509546
115.234375	-42.907270163113488	-209.10745711653874	-16.746816211891634	-205.20713069475335	-15.543420412100845	-209.28673476258029
119.140625	-43.093158483750891	-213.04856856314555	-16.927003501072733	-210.88303121259145	-15.824456024439865	-215.64471145596193
122.0703125	-43.163852422132237	-216.03228868284558	-17.048696749679387	-215.03807560741649	-16.023397672192086	-220.24467082710063
125.9765625	-43.192713233606689	-220.99838978244549	-17.210216791375498	-221.29590809092775	-16.304889245431852	-227.09191445927755
129.8828125	-43.161753710871622	-225.92951642351488	-17.373982393822335	-227.08333890230529	-16.585873788211259	-233.31208161216483
133.7890625	-43.081979978321229	-231.94633163538438	-17.53182094219812	-233.38688873650329	-16.872611596161565	-239.99379178787879
138.671875	-42.941116548224592	-240.61100690172896	-17.70560149809188	-241.46703264291557	-17.211905373502489	-248.42299896350966
142.578125	-42.90176952669691	-248.56196489747936	-17.881047721530127	-248.14776299618563	-17.52495832780799	-255.23700996054401
147.4609375	-42.961080843611015	-259.51521388484133	-18.097125706270461	-256.67992390168064	-17.911390568078293	-263.7891894760557
151.3671875	-43.119055154301094	-268.64136462898364	-18.254346342358264	-263.50127374169381	-18.198716523692074	-270.52350298492058
156.25	-43.584051236394636	-280.35167572907062	-18.523664433354313	-272.43250285660548	-18.627129453101571	-279.15252657190644
161.1328125	-44.230724414908664	-291.44010613930993	-18.806924311385607	-281.46056404717888	-19.054863964521875	-287.7339345376738
166.015625	-44.782293921012155	-302.22196697671541	-18.889316206776606	-290.98988249741876	-19.280788065595114	-296.81107298242506
171.875	-46.030299465471792	-312.81586754294847	-19.578538562895954	-302.34209293834044	-20.083625311248923	-307.14206691137866
176.7578125	-46.785420939045054	-320.90625123424911	-19.935071377214271	-311.80883039465084	-20.521155330737542	-315.8341094399878
182.6171875	-47.610744224609562	-329.82773784968754	-20.419104880962145	-323.26668629366162	-21.070475893193326	-326.29756693929664
187.5	-48.219258360535569	-336.97176382838211	-20.878963338374238	-332.92259188618249	-21.557507794205257	-335.10305363003812
193.359375	-48.772361215906436	-345.460179397325	-21.407674726278611	-344.44031743115255	-22.093524664463352	-345.64814614569354
200.1953125	-49.210670329397161	-356.77373419391131	-22.014856028773107	-359.0196263043523	-22.67758952055042	-359.09165260282805
206.0546875	-49.489355987152322	-365.34132774626841	-22.558445482040419	-369.39535181858076	-23.174941055939865	-368.74637794251237
211.9140625	-49.786033457494838	-375.43431444358265	-23.191886737597397	-380.456305373894	-23.740150254333336	-379.15436550864223
218.75	-49.936670607687645	-388.42491566547022	-23.722149991101546	-393.493231681207	-24.186720886920323	-391.54031974486855
225.5859375	-50.177042110857855	-402.55240432682223	-24.255485649158658	-406.56640672061144	-24.6217635129217	-404.12181944016294
232.421875	-50.470132258264528	-417.20851348755815	-24.687634387538054	-419.63516747379941	-24.950241431668367	-416.83808451368725
240.234375	-51.049125719766266	-433.68786978407758	-25.229366626700166	-434.45965120479627	-25.3676214011168	-431.4827627720889
247.0703125	-51.42163601138126	-447.24920649300776	-25.467164504555832	-447.30383603201756	-25.501137315435884	-444.26443186423131

Name	12: Id:1 Vel_NC (kp:10 Tn:5)
Record-Number	12
Axis-ID	1
Min Frequency [Hz]	1
Max Frequency [Hz]	247.5
Frequency Steps	100
Mode	Velocity NC (without oversampling)
Position Monitoring Window [mm]	50
Velocity Amplitude Scaling Mode	1/ 10 at 1000Hz
Velocity Base Amplitude [mm/s]	10
Velocity Signal Amplitude [mm/s]	20
Integral Time [s]	5
Proportional Gain	10
Check Drive Limitations	True
Dead Time [s]	0.008
Cycle Time [ms]	2
Oversampling	x1
Frequency	Process-Gain	Process-Phase	Open-Loop-Gain	Open-Loop-Phase	Close-Loop-Gain	Close-Loop-Phase
0.9765625	-9.4623544718539812	-113.12614880857647	11.921719819921034	-120.02558436771328	0.91201626087522958	-14.107603565648493
1.953125	-21.051197810543712	-98.928582132575428	-0.27891344300821574	-101.06430446596748	-2.2271210435188209	-51.649137806725207
2.9296875	-23.467969335526458	-120.2225006043864	-2.7499345596796605	-124.37824258239051	-1.2505888123244355	-78.763217183804116
3.90625	-27.518245747254973	-107.30578104227381	-6.83783488049214	-109.80231719757863	-6.3742841561957162	-82.951917096094888
4.8828125	-27.68513081335314	-76.499640712219815	-6.7633617793362957	-76.190065149087275	-8.316229058640527	-54.303069199237434
5.859375	-31.253331285698813	-99.786282154320546	-10.566499676525405	-101.68105649592897	-10.424385265179554	-84.5288152481791
6.8359375	-43.623590629512655	-69.216396922723433	-23.427245748043177	-69.2384404313185	-23.64873933861357	-65.7163506475147
7.8125	-46.644643721480364	0.24738353242701161	-26.613458181327086	1.0382488756087651	-27.009850988201933	0.991927099918763
8.7890625	-32.4176928585176	52.50183390894599	-13.003673653971955	56.625199255009449	-14.130669706661383	47.17824273078562
9.765625	-28.722613115888507	43.23313376604748	-9.5285898258823316	51.205374494722513	-11.374989245980716	39.060619741927404
10.7421875	-28.109772821001954	16.253788945824105	-8.31344663899994	27.903373492373387	-10.928832211807686	20.261525312996209
11.71875	-28.572503789817677	-4.2176812707216564	-8.0643217809414853	7.9736322437274012	-10.939782236008305	5.7174375059639084
12.6953125	-28.177279727121348	-6.58897551314547	-7.4846665589929442	7.1641590940451021	-10.53117430775939	5.0381069206211793
13.671875	-28.190830764385311	-11.330139048503773	-7.2053255826635629	3.1059971239595683	-10.347216715161212	2.1627030608540143
14.6484375	-27.160095608738668	-11.695451701301785	-5.946735879511972	5.9209502359140647	-9.4829136158284655	3.9368698152632238
15.625	-26.04145959281497	-11.321762602011312	-4.6096851602543252	10.49280673858267	-8.59371708831905	6.6103382433425031
16.6015625	-24.371344752471941	-18.735051448626979	-1.9651326756934704	9.4919611046430976	-7.0291705291393622	5.2817880033231441
17.578125	-23.905339213765117	-32.897225488418428	0.42422000143813671	-4.8590582311087651	-5.8032730631969915	-2.3701760881049942
18.5546875	-24.07993190417309	-45.389814136902743	2.0232208711504978	-25.191487966822081	-4.8590795221766179	-11.11170785725686
19.53125	-24.569576431053655	-53.51655398244273	2.2591587095906167	-43.484065196044078	-4.334814900104794	-18.789768891679511
20.5078125	-25.147846060778321	-58.804614753379738	1.6871021969151114	-57.006646497976845	-4.1076296753366952	-25.493907720397186
21.484375	-25.8399910223774	-63.104990227385208	0.57593634210701783	-67.724187394111212	-4.1251008259859381	-32.588143115160221
22.4609375	-26.503266608167404	-65.803782272792446	-0.554554121110091	-74.14437491732545	-4.3435408597998517	-38.453344584710543
23.4375	-26.797665442160131	-68.287630316460948	-1.0213344134268743	-80.330696263050839	-4.2209111593859827	-43.002931208673971
24.4140625	-27.299921656202255	-69.752082862438954	-1.8733496658061097	-83.7102443311439	-4.48891068345591	-47.351940442434923
25.390625	-27.752278973428663	-71.445906683019757	-2.6671148551987285	-87.299339750380625	-4.7365442480076014	-51.918014390278032
26.3671875	-28.186656982525825	-72.790073043025458	-3.4165542321087194	-90.029282919724125	-5.0441675440810352	-56.008815647694604
27.34375	-28.363418454389617	-74.244208928029948	-3.769312683991247	-93.59398429903105	-5.035795950818037	-59.612345725993066
28.3203125	-28.795097310058637	-75.202824224948344	-4.5034815818670388	-95.2385004279403	-5.4579741049190762	-63.149821204803494
29.296875	-29.062499241703296	-76.077755862981931	-4.9803727925639132	-97.1901138056283	-5.6865656688485275	-66.158089975331436
30.2734375	-29.266972915033897	-76.922346191826662	-5.3719563806485251	-99.188446964680736	-5.8571825970941171	-68.9925204334216
31.25	-29.490451972874816	-78.1290393855113	-5.8341412628276093	-101.48045099740808	-6.0774163678170421	-72.34987417881942
32.2265625	-29.72021112598518	-78.677731935238469	-6.250883585768273	-102.6841687981093	-6.3507328980884985	-74.6754870084871
33.203125	-29.918878464339386	-79.569301040559751	-6.6612309547363733	-104.35587160442238	-6.5973501235949836	-77.402315787471764
34.1796875	-30.072414358921918	-80.167917407868032	-6.9895063939644793	-105.70359564851299	-6.8027855998524647	-79.60697717521191
35.15625	-30.239597123917484	-80.93469327058439	-7.3555997246141551	-107.10215245019602	-7.0481761669709195	-81.978659021274808
36.1328125	-30.408565606219128	-81.692936493387549	-7.7248962492853153	-108.37210671058257	-7.3144583719945988	-84.239916898946944
37.109375	-30.516310420725105	-82.406491365243113	-8.0177772331570729	-109.7295766766014	-7.50974669425431	-86.370253625229509
38.0859375	-30.614100866449075	-83.260568567544667	-8.315188872755094	-111.18855387506058	-7.7097212568947251	-88.6187765368174
39.0625	-30.770173917427037	-84.027975495363066	-8.6717820921989759	-112.21305417539146	-8.0024444227417568	-90.592521280224233
41.015625	-30.904695740911666	-85.507485485577178	-9.18173431308983	-114.62567795245748	-8.3785938407257028	-94.354502973978811
41.9921875	-30.940936631644497	-86.285921281033978	-9.40881912082807	-115.85828749791268	-8.5433060558834235	-96.192997244024781
42.96875	-30.985797002055	-86.815280831571144	-9.6233111986366868	-116.71664516324648	-8.719513124114453	-97.609523720509586
44.921875	-31.027926068290924	-88.519134893178517	-10.060910384694353	-119.02021259212208	-9.0587635103024269	-101.07098548620951
45.8984375	-31.045494675049895	-89.446302506347436	-10.280925225201543	-120.12930331959446	-9.2372306913528863	-102.75527454674078
47.8515625	-31.035944075004956	-91.493249224003733	-10.689001970861661	-122.43483721152968	-9.5650991158444736	-106.13878698300668
48.828125	-31.023112212714253	-92.327180851010382	-10.866484779492051	-123.32682328685992	-9.7168369279397968	-107.48515581792783
50.78125	-30.984692335719604	-94.798050044258019	-11.262975904041966	-125.61699246832369	-10.049861651232302	-110.80791457843594
51.7578125	-30.966893979556904	-96.00568196623415	-11.452590988766907	-126.61726095804103	-10.217238465121291	-112.28485636315065
53.7109375	-30.847550018599907	-98.56298183881681	-11.759428620610262	-128.77264659291228	-10.47077515608418	-115.2673103921516
55.6640625	-30.773013620877805	-100.97992680257776	-12.069276820270861	-130.41388908208941	-10.755669044952377	-117.66325033415848
56.640625	-30.712610225379798	-102.69832663787363	-12.229339517444291	-131.58653466462673	-10.892722719505663	-119.26357944964687
58.59375	-30.526995127063181	-105.70517389616268	-12.453803907442435	-133.58370571196406	-11.075835960445264	-121.90754055011666
60.546875	-30.37705080551023	-108.67565890634302	-12.672908442620543	-135.23115154018441	-11.270070450148227	-124.13782726144706
62.5	-30.114806772271333	-112.93780555489292	-12.847393820124783	-137.77234674114172	-11.387348173709974	-127.33525611915071
64.453125	-29.90822003101842	-117.43864785110179	-13.027371220818742	-140.10803020894198	-11.523718961424763	-130.309852835415
66.40625	-29.780616416449412	-122.6362510337473	-13.236433723626801	-142.56090318408451	-11.69671565761664	-133.46264182882425
68.359375	-29.684821950582457	-127.92459104276726	-13.41328192424934	-144.885873203443	-11.841431128732356	-136.42422337030382
70.3125	-29.621297927794267	-133.6170223342516	-13.564679057386218	-147.33116170581229	-11.958321544283075	-139.50086626242182
72.265625	-29.735733195595046	-139.53651271054213	-13.771419570980331	-149.72989646633542	-12.148104761823188	-142.57929976846972
75.1953125	-30.122355421221094	-148.58154161355034	-14.1075635355141	-153.47512547077838	-12.47196125432554	-147.37624085691061
77.1484375	-30.404548806196338	-154.05219481172796	-14.276789080163885	-155.8150030226173	-12.632067632118071	-150.32423125791576
80.078125	-30.914545979553985	-161.46462783863512	-14.505628212066636	-159.17668205389131	-12.853275466011455	-154.53411285237445
82.03125	-31.377295340155648	-166.50048625641136	-14.695637287493522	-161.80938173049631	-13.04611918566599	-157.82306966735155
84.9609375	-32.043999073362727	-172.97330817328879	-14.924513345563614	-165.54005144040678	-13.28003433767	-162.43722642066393
86.9140625	-32.507435131138763	-176.68050594075271	-15.078724758346675	-167.9516783263611	-13.444317160610364	-165.40691094196592
89.84375	-33.167005532643046	-181.77448162499692	-15.278047629941	-171.69804363824079	-13.659105535639757	-169.9810470169335
92.7734375	-33.832823338391151	-185.98885594011526	-15.500747167119954	-175.33504036443142	-13.911582748256697	-174.39573181551631
95.703125	-34.425084678103183	-189.97908361891425	-15.68499791874196	-179.22975428947126	-14.12574808362354	-179.0782833535493
98.6328125	-35.023672827793632	-192.85582949634494	-15.930864677201154	-182.61788386453173	-14.421025367770227	-183.11533845780872
101.5625	-35.456687572706777	-196.14711147127545	-16.056163991353436	-186.5612991271253	-14.580495796646842	-187.78323477135189
105.46875	-36.042616688405225	-199.96926776514178	-16.311294776891277	-191.77939284048963	-14.90869324263536	-193.88182507172598
108.3984375	-36.333128450788109	-202.71407422051368	-16.418966977213159	-195.69879547402522	-15.064221398802628	-198.43641347065258
111.328125	-36.593001767777686	-205.34101140289158	-16.548669859044374	-199.6290420529298	-15.251863503605945	-202.95579883633442
115.234375	-36.946090547427119	-209.36349442799806	-16.804397418374968	-205.49392799445849	-15.612900011421008	-209.5840323985571
119.140625	-37.088175846849168	-213.00610577514027	-16.943134909922751	-210.84399052769015	-15.842149208004306	-215.59053141778713
122.0703125	-37.148547428539814	-215.95543752672765	-17.054246295440759	-214.9609697246153	-16.028424816376109	-220.15452509851829
125.9765625	-37.20374057928997	-220.60427404924241	-17.241365526530814	-220.90225293315203	-16.33263866192766	-226.63423072309644
129.8828125	-37.152497701719327	-226.20871531599346	-17.385864139798283	-227.353800342032	-16.603677724355876	-233.59705918852282
133.7890625	-37.091381437137919	-231.90615420878453	-17.560097191181395	-233.34428370775748	-16.902113369173414	-239.92502919886698
138.671875	-36.939836897325918	-240.66236470722191	-17.723362716011724	-241.51232757997954	-17.231444659373775	-248.45558232637251
142.578125	-36.916036501889522	-248.48564993317808	-17.912198646915087	-248.08124826110759	-17.555872253074579	-255.141869938935
147.4609375	-36.885496412422128	-259.2196683403177	-18.051003207143729	-256.4057760392094	-17.859350020565273	-263.54975957597009
151.3671875	-37.130253736575682	-268.66468257292956	-18.281777782561775	-263.53785516723042	-18.226797987684847	-270.5378147785658
156.25	-37.52934917268945	-279.99605666192679	-18.500070240034734	-272.08936756588582	-18.59794016072119	-278.83371891899435
161.1328125	-38.18699091759467	-291.22740646954082	-18.79089568643262	-281.24054438542277	-19.035829276463609	-287.5326010725517
166.015625	-38.765140890066419	-301.96940663660655	-18.900005067167228	-290.75050063206993	-19.287434777204112	-296.57652801696906
171.875	-39.963896122024344	-313.08997410869387	-19.523226244317186	-302.56744886271406	-20.034339875206932	-307.38271246655967
176.7578125	-40.785499508597766	-320.7698839696277	-19.961086415800956	-311.68394155845726	-20.544175067370631	-315.70637905017486
182.6171875	-41.614523134377251	-329.825546952678	-20.446845001570608	-323.28507329410053	-21.096315271728521	-326.30564168168473
187.5	-42.154451721706387	-336.57724313476325	-20.83259902252237	-332.44004106354754	-21.5120596478421	-334.66799720572931
193.359375	-42.769181861423391	-345.43978756788516	-21.4280592565638	-344.41882440805688	-22.112295632677643	-345.625669164189
200.1953125	-43.215321174671132	-356.008591113309	-22.0386806885412	-358.13707932548408	-22.69944074387482	-358.27358358806163
206.0546875	-43.507790517740631	-365.19076922937495	-22.599852096642795	-369.20769867720384	-23.213810406001176	-368.57441475579373
211.9140625	-43.751466754420008	-375.32544771827088	-23.175467491791977	-380.34871400124882	-23.725087872145174	-379.05108304930064
218.75	-43.834697224161168	-388.2720193480211	-23.637158012130634	-393.38601007717466	-24.106752267943584	-391.42060778444767
225.5859375	-44.180394254618918	-403.00356036277293	-24.283795237579511	-406.99954958803892	-24.646193884000475	-404.54444426775041
232.421875	-44.479725472589578	-416.8541725426465	-24.714776035729166	-419.28270974354007	-24.979061817684411	-416.50500758661292
240.234375	-45.0204977410949	-433.66490394070468	-25.221477005371618	-434.43782168630196	-25.360036198617131	-431.45864629382845
247.0703125	-45.412021053484835	-447.73137640794084	-25.478131421125951	-447.7822676419409	-25.508217825613588	-444.74425310261915
EOF
